replicate,framework,test_point,actual_latent,actual_observed,predicted,predicted_sd,residual
0,sklearn,0,-0.6630191620393133,-0.550283685875071,-0.20383998752713772,0.39087541182386076,0.4591791745121756
0,sklearn,1,0.37988574265512326,0.3896461419046673,0.6413419611210074,0.3011427721392886,0.2614562184658841
0,sklearn,2,-0.11558762177687198,-0.20964064332699364,0.26546671535404,0.36393714065534644,0.38105433713091197
0,sklearn,3,0.13134339123369843,0.07841616056370909,-0.2552347352124098,0.37868278581360915,-0.38657812644610823
0,sklearn,4,-0.6752874987918062,-0.6679599673332365,0.08996187320043836,0.36360620442437425,0.7652493719922445
0,sklearn,5,-0.5263465635952771,-0.5225942403613173,-0.7431370130713599,0.3644904716840966,-0.21679044947608284
0,sklearn,6,-1.3010296728696291,-1.3101167658322255,-1.0597545014792695,0.35697672538032493,0.2412751713903596
0,sklearn,7,0.6656797369107204,0.6625964855023019,0.6135706288159537,0.3715178832575096,-0.052109108094766654
0,sklearn,8,-0.030728346980866517,-0.05216585795137793,0.16555553692101732,0.3862992965367186,0.19628388390188384
0,sklearn,9,0.15574787836172765,0.01155000479772636,-0.07181251117575815,0.3574359598791718,-0.2275603895374858
0,sklearn,10,-0.1757879141860041,-0.22743898840208737,-0.5081359568446562,0.3604383626231949,-0.3323480426586521
0,sklearn,11,0.2791915801315735,0.3706539855302582,-0.16717611562832246,0.3662498760922045,-0.446367695759896
0,sklearn,12,0.36635695072374364,0.22952352096863188,0.49903855785233286,0.35764950620416286,0.13268160712858923
0,sklearn,13,-0.17695020068518924,-0.1959057518391171,0.19634241530593322,0.39525557215657225,0.37329261599112246
0,sklearn,14,0.49514134187092507,0.4131659489938407,0.40756848847896254,0.35079376591558264,-0.08757285339196252
0,sklearn,15,0.3959094676517145,0.40704451059152563,0.27701154584103715,0.33246272505276,-0.11889792181067732
0,sklearn,16,0.16825805497455648,0.12939473686787467,0.5123849633564372,0.3532268790386311,0.34412690838188076
0,sklearn,17,0.11090838312724477,0.2586477496247117,0.2669458170812451,0.3827844585369981,0.15603743395400033
0,sklearn,18,0.3686890830798314,0.41934739849885677,0.26181976968211895,0.2355314519962163,-0.10686931339771244
0,sklearn,19,-0.2107479988972513,-0.34192831547497243,-0.08316875872176777,0.3752496543846578,0.12757924017548353
0,sklearn,20,0.49682715694257723,0.5639499581039471,0.6983107103109645,0.3971415379902975,0.20148355336838725
0,sklearn,21,0.17011102008870785,0.09264583446250155,-0.15877489487188878,0.3676569298114979,-0.3288859149605966
0,sklearn,22,-0.26114947304560177,-0.31884911018335516,0.2961745207326052,0.38003178946417876,0.557323993778207
0,sklearn,23,-1.0734442514996676,-1.0420623494889554,-0.1601987334142856,0.38033900417049454,0.913245518085382
0,sklearn,24,-0.7454983346187581,-0.7946730765917717,-0.404692329603606,0.3743778808384898,0.3408060050151521
0,sklearn,25,0.35544398206246586,0.4447295636947614,0.07558023106553424,0.376728347302493,-0.2798637509969316
0,sklearn,26,-0.19108644585882428,-0.2685374520101638,0.053171224305216036,0.36549883391596416,0.24425767016404032
0,sklearn,27,-1.0839148099589424,-1.1458094652180788,0.0669812298937793,0.3932014023716082,1.1508960398527217
0,sklearn,28,0.24544673336801887,0.17980964401320798,0.474255044920336,0.4121589076267516,0.22880831155231712
0,sklearn,29,-0.5177928523919084,-0.5743567272274123,-0.5453287982478034,0.3926787417607734,-0.027535945855895028
0,sklearn,30,-0.7705700100720834,-0.6606508545173021,-0.42627173456354317,0.35204618021321643,0.3442982755085402
0,sklearn,31,-0.3328378619739045,-0.2699582326128742,-0.3771096579163973,0.36665053544894916,-0.04427179594249275
0,sklearn,32,-0.41030833202151223,-0.23931393662030512,-0.5966453162503385,0.3620042743050744,-0.18633698422882622
0,sklearn,33,-1.0129741665244514,-0.7862097461345259,-0.051484645795048856,0.4143599843159554,0.9614895207294025
0,sklearn,34,1.3871572930004332,1.2840855898071992,0.46338831267967917,0.373744527845402,-0.923768980320754
0,sklearn,35,-0.22644769260872732,-0.21940577987599844,-0.2894302681574228,0.3755445521547701,-0.06298257554869546
0,sklearn,36,0.08576826398706866,-0.03185176767727464,0.32318217385082315,0.4325661895238201,0.2374139098637545
0,sklearn,37,0.5372312918805727,0.459470699105746,0.4380605355927498,0.3586362239667619,-0.0991707562878229
0,sklearn,38,-0.09314631291685999,-0.15615456394242694,-0.3356380628052271,0.35382739798267365,-0.24249174988836714
0,sklearn,39,0.5861308719228242,0.4804153845089968,0.4984648285641855,0.3134661962443839,-0.0876660433586387
0,sklearn,40,-0.6284638751744682,-0.7336526024643096,-0.4039743112459382,0.3986090961833285,0.22448956392853003
0,sklearn,41,0.9108171203839158,0.8963886825318903,0.32337976859886197,0.357051282293437,-0.5874373517850539
0,sklearn,42,-0.6589564909368302,-0.7806283327754708,0.06294988173964677,0.4070521431195898,0.721906372676477
0,sklearn,43,-0.8328453368031838,-0.7486326408894206,-0.690997889508238,0.372862507595199,0.1418474472949458
0,sklearn,44,-0.7166607881077101,-0.8084361418494614,-0.6483783565848711,0.3608609703845197,0.06828243152283897
0,sklearn,45,-0.5752710261602259,-0.29431412915058663,-0.5079624946431176,0.36373654249526277,0.06730853151710825
0,sklearn,46,0.05580804079707474,0.01066959570063522,0.32079905575049894,0.35223775244853944,0.2649910149534242
0,sklearn,47,-0.6432208868556204,-0.6360191226639151,-0.6682108623803751,0.3615396355913685,-0.024989975524754682
0,sklearn,48,0.6179909590130389,0.48845684056643535,0.5508478306822191,0.33316386381773083,-0.06714312833081981
0,sklearn,49,-0.6325466990993271,-0.46193752328656323,-0.5102647956269943,0.37293490460370987,0.12228190347233281
0,sklearn,50,0.4146314570742012,0.5265815251544927,0.1429202776509939,0.31346839307969754,-0.27171117942320727
0,sklearn,51,0.5005227846186212,0.5302143716922325,0.20159047547888775,0.3948313424518624,-0.29893230913973345
0,sklearn,52,0.1525826081720733,0.01790235329411674,0.18420127055897773,0.38578213564304054,0.03161866238690442
0,sklearn,53,-0.019217963128391524,0.0018487246440705048,0.18758609272254212,0.3176950019428914,0.20680405585093364
0,sklearn,54,-0.7463676330604609,-0.8585107376621864,-0.5924470576735388,0.3480240094534515,0.15392057538692216
0,sklearn,55,0.06425400807997483,0.21048953442731091,0.2276092581946294,0.29047930420845725,0.16335525011465457
0,sklearn,56,0.24380106322740608,0.32472053641272336,0.24825173998404448,0.37908709135095353,0.004450676756638405
0,sklearn,57,-0.051572234422325836,-0.04202833057355222,-0.14481630131324152,0.35763005891082444,-0.09324406689091569
0,sklearn,58,-0.646290109063735,-0.8899276753884672,-0.07205640469802077,0.37880878591729106,0.5742337043657142
0,sklearn,59,0.17292567312494955,0.07458407525904648,-0.30215248483272195,0.36048489293153274,-0.4750781579576715
0,sklearn,60,-0.07272635244999195,-0.003950239290004709,0.20416263628483033,0.3886583835665421,0.27688898873482226
0,sklearn,61,0.23662976263130875,0.3579181318036243,0.2249100293266606,0.3696958581623255,-0.01171973330464815
0,sklearn,62,-0.6556015820527432,-0.54468460090353,-0.35058440509307776,0.37807630767694855,0.30501717695966546
0,sklearn,63,0.5204432582806882,0.3612419580565426,0.31462825657353166,0.34178942968129467,-0.2058150017071565
0,sklearn,64,0.8549016853942806,0.885056916075571,0.2010695398831137,0.4036497576360336,-0.6538321455111669
0,sklearn,65,1.0102834661847475,1.1118349878330405,0.3449656907628862,0.3557555214412643,-0.6653177754218613
0,sklearn,66,-0.2619130482393411,-0.4277466047975656,0.2817818609072349,0.41945839972436577,0.5436949091465759
0,sklearn,67,0.2652871257398932,0.26449667420256956,-0.29604091161468826,0.3633496279979097,-0.5613280373545815
0,sklearn,68,0.7213494579666266,0.7487336977974722,0.19721943519106544,0.4151104046264367,-0.5241300227755612
0,sklearn,69,-0.22951931052935726,-0.25959576901403075,0.38964011818378674,0.3985814461720144,0.619159428713144
0,sklearn,70,-0.018118813432918546,-0.20333499897303872,0.08589656462086825,0.36101964604935943,0.1040153780537868
0,sklearn,71,-0.4403295847601454,-0.47289939576751827,-0.6874655722333367,0.3804433140939596,-0.24713598747319132
0,sklearn,72,-0.422498221811714,-0.45522876483721636,-0.5382854998521118,0.356934733669845,-0.11578727804039785
0,sklearn,73,0.5349902868834083,0.5201830464286329,0.6481729514913668,0.3856885862046413,0.11318266460795845
0,sklearn,74,0.010094201439907247,-0.04625294110259971,0.3924887666782333,0.3823785254320388,0.38239456523832605
0,sklearn,75,0.17692962206912094,0.1326284067449742,-0.12817079321745872,0.3402194943307097,-0.30510041528657966
0,sklearn,76,-0.24838288898215471,-0.2523535172168525,-0.24281519639790528,0.37329066040138276,0.00556769258424944
0,sklearn,77,0.25223437629414214,0.2964798367911132,0.28309214517813075,0.2984041596878511,0.030857768883988612
0,sklearn,78,0.727684219196407,0.6972415429107403,0.11783898652725977,0.3965657755273592,-0.6098452326691473
0,sklearn,79,0.08223983584351025,0.04127494300671006,-0.017678662029530834,0.3881959003410926,-0.09991849787304108
0,sklearn,80,0.31623719004402634,0.32547259386947214,0.36076290848972103,0.37353079328174266,0.044525718445694695
0,sklearn,81,0.4663635725328695,0.2742719799433513,0.4327583252606386,0.3686069132674224,-0.033605247272230854
0,sklearn,82,-0.3072208496199669,-0.25951733689732104,-0.5523750443617645,0.362838622444469,-0.24515419474179767
0,sklearn,83,-0.42169560902513264,-0.4217519187374285,-0.33233689432729374,0.3625250195719773,0.0893587146978389
0,sklearn,84,1.1022232774137422,1.1061926300734983,0.9680373572576819,0.3695890212460628,-0.13418592015606023
0,sklearn,85,0.08437487252957275,0.18044830328901917,0.3284651228558575,0.32938442503954435,0.24409025032628473
0,sklearn,86,-0.47121250682405497,-0.6664940598288798,-0.250788769885701,0.3898789512448431,0.220423736938354
0,sklearn,87,0.19626678591702154,-0.0011166010688748451,-0.36581660090925716,0.3574188352264783,-0.5620833868262787
0,sklearn,88,-0.9497661351815422,-0.9223857506491903,-0.008890215400226165,0.38070899638968003,0.940875919781316
0,sklearn,89,-0.49775760478718184,-0.4984692903000334,-0.5663651148992654,0.3449569624042523,-0.0686075101120836
0,sklearn,90,-0.8082980195279883,-0.7912803252087951,-0.26652239755034124,0.3862452450119172,0.5417756219776471
0,sklearn,91,-0.02284348199086972,-0.06905618950811428,-0.6421233080134625,0.3910156288673599,-0.6192798260225928
0,sklearn,92,0.4889492996756321,0.5553846670996252,0.24162726718759453,0.4136424366316155,-0.24732203248803758
0,sklearn,93,-0.012966699448751284,0.08029718485036072,-0.009888583221004055,0.33877102186232083,0.0030781162277472296
0,sklearn,94,0.13577493447920025,0.18417316387435295,0.11851421370946191,0.41566346360125694,-0.017260720769738336
0,sklearn,95,-0.9591945929344581,-0.9852774387749164,0.10651755441440658,0.3529957402421611,1.0657121473488647
0,sklearn,96,0.04344670238808146,-0.16732223637335886,-0.10164023412294299,0.3590957787290106,-0.14508693651102444
0,sklearn,97,-0.010021026857376603,0.06690259394633621,0.2933389105008457,0.4272070156975603,0.3033599373582223
0,sklearn,98,0.027188082744753816,0.14936094936651312,0.19419792510345069,0.3326694650867107,0.16700984235869687
0,sklearn,99,-0.8010012688406556,-0.7365454276422576,-0.7216929169546322,0.30849866148035077,0.07930835188602336
0,sklearn,100,0.08056321711905191,-0.007401025617698745,-0.03326447201462868,0.404750032000187,-0.11382768913368059
0,sklearn,101,0.6257819076385521,0.6931613470053279,0.32158080611523676,0.3807873930854417,-0.30420110152331536
0,sklearn,102,-0.6364749720221571,-0.5504220012260126,-0.4687585259206388,0.3048203786520907,0.16771644610151826
0,sklearn,103,0.08060585084422997,0.23648747562413855,0.21328607276140943,0.39199607153894167,0.13268022191717946
0,sklearn,104,-0.24585087010931966,-0.3334618625321154,-0.3120815186234167,0.4012542779520133,-0.06623064851409705
0,sklearn,105,-0.22553078958885203,-0.24817624804326588,0.020469832860736226,0.37583654102873526,0.24600062244958826
0,sklearn,106,0.40130147156384677,0.47602867667819226,0.4427545083191773,0.3796918242978456,0.04145303675533052
0,sklearn,107,-0.20322017321724134,-0.19747916607342555,-0.5104520633973717,0.36213269407598175,-0.30723189018013036
0,sklearn,108,-1.132889310849519,-1.2446220710546465,-0.14321607552144222,0.4099947362549394,0.9896732353280768
0,sklearn,109,-0.24437447629317738,-0.20291284779050708,-0.36031893155152517,0.3743741213417611,-0.11594445525834779
0,sklearn,110,0.2316001355401717,0.28946629892168835,0.24918624308126436,0.335666938812774,0.01758610754109266
0,sklearn,111,-0.5760429623077598,-0.5672466726746596,-0.44634152984094566,0.3651132915255559,0.1297014324668141
0,sklearn,112,-0.0026310078906202905,0.019327484827374126,-0.15352415631590333,0.39615352492206724,-0.15089314842528304
0,sklearn,113,0.0762827392038879,0.05041214903531488,-0.26288193883936195,0.3696805797778946,-0.33916467804324985
0,sklearn,114,0.8203361253654846,0.9681640189370906,0.1766424938447253,0.37491675699900645,-0.6436936315207593
0,sklearn,115,0.03592136065698802,-0.05414785771427964,0.21122278068214406,0.4061647558653335,0.17530142002515603
0,sklearn,116,0.19840027222257134,0.13966819594619345,0.1889567676468813,0.35353892052484903,-0.009443504575690043
0,sklearn,117,0.20388372629604326,0.2049822776487958,0.5052239296792145,0.4036778371911851,0.30134020338317125
0,sklearn,118,-0.12450431356298784,-0.036608910792898575,-0.2520716261398315,0.35407913645145145,-0.12756731257684362
0,sklearn,119,0.2772007281950714,0.12746341118561774,-0.2637975276755027,0.34801056042127365,-0.5409982558705742
0,sklearn,120,-0.36241841905586186,-0.49344809403240575,-0.5295442426283881,0.361344551054228,-0.1671258235725262
0,sklearn,121,-0.11951701009550397,-0.32328986086897576,-0.03683091031600583,0.38535620572695145,0.08268609977949815
0,sklearn,122,0.49338839858844125,0.49665792111376833,0.5860866927178483,0.36816631716406334,0.09269829412940706
0,sklearn,123,-0.3565894859950979,-0.4684200677157523,-0.4706331905687673,0.35587126465680824,-0.11404370457366941
0,sklearn,124,0.7111246574810586,0.6726696464792669,0.13225584795051404,0.38063540464138546,-0.5788688095305445
0,sklearn,125,0.5077177733351615,0.5738555923243324,0.40967302588858523,0.3340502294189579,-0.09804474744657632
0,sklearn,126,-0.5886054625641939,-0.6527597346424785,-0.547887138719684,0.3707306870765236,0.04071832384450991
0,sklearn,127,-0.09194355463412246,-0.068815352359786,-0.23196107826528234,0.3781213933609283,-0.14001752363115988
0,sklearn,128,0.1523983732693615,0.1224645824941893,0.21979689164927585,0.3541513957668182,0.06739851837991434
0,sklearn,129,-0.4283418902000554,-0.3611304586904117,-0.20377254520902266,0.3781643988529597,0.22456934499103276
0,sklearn,130,0.5322754627922636,0.5797882695270644,0.431215801072073,0.41339553170776727,-0.10105966172019054
0,sklearn,131,-0.870500741220342,-0.9396941108378031,0.1343698516380627,0.37227593847745094,1.0048705928584047
0,sklearn,132,-0.4682586977124366,-0.4851238730524819,-0.7501061609784303,0.3533203816817384,-0.2818474632659937
0,sklearn,133,-1.0554527960781162,-0.9510784563060667,0.028437613444259213,0.4204794771562829,1.0838904095223754
0,sklearn,134,-1.695972002655394,-1.6566343156299843,-1.190985288488323,0.3603730174506186,0.504986714167071
0,sklearn,135,-0.17181157139614806,-0.3115077771712612,-0.421224519897339,0.36159487914443417,-0.24941294850119095
0,sklearn,136,-0.19123282935373165,-0.12567102323659338,0.06088099880004272,0.3750929382418534,0.25211382815377437
0,sklearn,137,1.3856430421006132,1.2771819798569894,0.3226161289709304,0.39547811167324415,-1.0630269131296828
0,sklearn,138,-0.6451585489390272,-0.5039072419429267,-0.4936051898895637,0.3598130156506622,0.15155335904946354
0,sklearn,139,0.39684836578070926,0.49925824976481176,0.19292066153245546,0.3828953108772985,-0.2039277042482538
0,sklearn,140,0.5525080222563628,0.5814965698482029,0.4094038672727631,0.37296281787774604,-0.14310415498359963
0,sklearn,141,0.29168858951720583,0.3074118738608252,-0.03060620083414145,0.43160043125010833,-0.3222947903513473
0,sklearn,142,0.5782259852177974,0.5573227596150554,0.14021302709050243,0.3703702659818914,-0.438012958127295
0,sklearn,143,-0.57951269266608,-0.5116602975260771,-0.640255622918894,0.3649251452343782,-0.060742930252814076
0,sklearn,144,0.43727077713701645,0.4001929601908103,0.2019824287247367,0.3820096589999914,-0.23528834841227975
0,sklearn,145,0.6926963752713575,0.7162533623353469,0.129786450959668,0.3872048840097384,-0.5629099243116895
0,sklearn,146,0.5847926323852382,0.6719860690371833,0.2290400235182002,0.41524450060608203,-0.35575260886703797
0,sklearn,147,-0.12910484578058873,-0.1852855001331477,-0.42231387758045225,0.3913533236303466,-0.2932090317998635
0,sklearn,148,-0.40685873580438947,-0.46847800980345894,-0.2624241439657311,0.37394661098458115,0.14443459183865837
0,sklearn,149,1.1008662700212126,0.9814297219487667,0.5043398466648097,0.3465360858329158,-0.5965264233564029
0,sklearn,150,0.076708373197522,-0.029738901415095234,-0.033005893280267706,0.3868850214721156,-0.1097142664777897
0,sklearn,151,-0.8954654841518996,-1.0783050152960498,-0.638314456908244,0.4068011111476519,0.2571510272436557
0,sklearn,152,-0.15908342484709842,-0.08610054594554546,-0.6138043929698513,0.36670063182112433,-0.4547209681227529
0,sklearn,153,-0.24236972115626448,-0.06147826694798739,-0.2779978819766855,0.3995803708503518,-0.03562816082042103
0,sklearn,154,1.2473784913947705,1.389911385741801,0.5135379955663044,0.3896423374705525,-0.7338404958284661
0,sklearn,155,0.07395582220906699,-0.08865262665358467,-0.08714942774710233,0.3793509979846078,-0.16110524995616932
0,sklearn,156,-0.6337172919142298,-0.5612318247586098,-0.2690658609856591,0.3499067019505916,0.36465143092857066
0,sklearn,157,-0.06538259915054379,0.07682803584181186,-0.24921576705008075,0.36862421505143633,-0.18383316789953696
0,sklearn,158,-0.3525802760153714,-0.3982612740892378,-0.38535906939603315,0.40717961239067363,-0.03277879338066175
0,sklearn,159,-0.3318323046027775,-0.32168756153777256,-0.04139371763313271,0.3636099448922422,0.2904385869696448
0,sklearn,160,-0.002627324581499415,-0.20341662966196647,-0.22983068518785288,0.3576032768653437,-0.22720336060635346
0,sklearn,161,-0.5218490680996499,-0.49517545130198576,-0.6264574776212841,0.3507138121733296,-0.1046084095216342
0,sklearn,162,-0.2892535006212274,-0.39560947356469917,-0.3918270186324193,0.3458144142561782,-0.10257351801119191
0,sklearn,163,-1.069628715899805,-1.0496652141086535,-0.0669178012464604,0.45234299437828446,1.0027109146533446
0,sklearn,164,-0.8074905048132912,-0.9636107970321792,0.0889954602213967,0.37778778966303733,0.8964859650346879
0,sklearn,165,0.45945024668834883,0.5137360691361084,0.7099538450866336,0.35231367085218,0.2505035983982848
0,sklearn,166,-0.7936348224460297,-0.6911835549033607,-0.619583079540158,0.36038870393133626,0.17405174290587166
0,sklearn,167,0.131343335843481,0.05302534967196425,-0.356192179811754,0.3638302112166856,-0.487535515655235
0,sklearn,168,-0.8660537123429185,-0.979745970483962,-0.6716864566081364,0.3409340776554483,0.19436725573478209
0,sklearn,169,-0.4537821946984829,-0.6693844989534811,-0.36496730864740523,0.3098216416012769,0.08881488605107768
0,sklearn,170,-0.04931900445693099,-0.0759603578644487,-0.16073666817195065,0.3657827755558063,-0.11141766371501965
0,sklearn,171,0.4077124514396237,0.3495530580114632,0.39031480253143336,0.3595032440550735,-0.017397648908190344
0,sklearn,172,1.009639273741243,0.8545373325064375,0.7005138478210178,0.3711005643124752,-0.3091254259202252
0,sklearn,173,-0.9975439016024867,-0.9522420259712696,-0.7464823776824314,0.37711248274677006,0.2510615239200553
0,sklearn,174,-0.18396733786246522,-0.22896437604893013,-0.2391751724420601,0.3184552248400721,-0.05520783457959488
0,sklearn,175,0.25458205661012345,0.1470084607456002,0.12599876715877123,0.40670663969706916,-0.12858328945135222
0,sklearn,176,-0.7718640107263122,-0.8273212512903568,-0.7780031489708805,0.3601753203340419,-0.006139138244568354
0,sklearn,177,0.4844937565832007,0.5916242104761623,0.5844044354667401,0.3955391905971203,0.09991067888353944
0,sklearn,178,0.5559884041291083,0.6162820985046306,0.21101384766275633,0.3774979558106402,-0.344974556466352
0,sklearn,179,-0.5442194230276493,-0.5572220291774982,-0.14677943419637174,0.4026898048723195,0.3974399888312775
0,sklearn,180,0.6784239920276923,0.7403344938741776,0.5184534383731623,0.35782225987761795,-0.15997055365453006
0,sklearn,181,-0.7120617885750643,-0.8281529842137382,-0.6315154121999598,0.3569944792969282,0.08054637637510453
0,sklearn,182,-1.1622856279915783,-1.1590486179188753,0.013845060633647766,0.37459466077864695,1.176130688625226
0,sklearn,183,-0.6895972377466555,-0.6748650046980085,-0.5441390621564586,0.39783616266419103,0.14545817559019691
0,sklearn,184,0.22558726600005735,0.17860361515018466,0.12268873210296283,0.44621668493641053,-0.10289853389709452
0,sklearn,185,-0.8430139264939133,-0.7994680928981714,-0.4445388381249513,0.3726683832371968,0.39847508836896195
0,sklearn,186,-0.05280792531962608,-0.13085127078407122,-0.11584543047809515,0.36474893628035415,-0.06303750515846906
0,sklearn,187,0.552260802423782,0.6032428732013937,0.4510245266283115,0.3700808299036455,-0.10123627579547045
0,sklearn,188,0.4279795157128127,0.48316539286594185,0.2654187507213468,0.38929883309861407,-0.16256076499146588
0,sklearn,189,0.44439165667326885,0.15267566860356224,0.3820312559323016,0.3559397813477685,-0.06236040074096727
0,sklearn,190,0.3234976023638034,0.4425281727148152,0.13105634070779315,0.3166534033180033,-0.19244126165601028
0,sklearn,191,-0.08598134235226518,-0.3907445988875406,0.2667673608008263,0.39273737049682667,0.3527487031530915
0,sklearn,192,-0.12342426872893464,-0.18502917128454716,-0.2014065144907775,0.35859800786937873,-0.07798224576184287
0,sklearn,193,-0.3236389724843288,-0.22110416905855332,-0.07577597504059685,0.3681834356783291,0.24786299744373197
0,sklearn,194,0.7135453707363741,0.6818166982111301,0.14613658312250832,0.43446855659388267,-0.5674087876138658
0,sklearn,195,-0.7883034859077569,-0.9349220841547111,-0.40679372674111125,0.35822165768196623,0.38150975916664565
0,sklearn,196,0.7619111131575528,0.6525374069858857,0.1953206203326614,0.3566086110240007,-0.5665904928248914
0,sklearn,197,-0.5469973803374664,-0.4443068057054044,-0.17978677512058505,0.35836796461593307,0.3672106052168813
0,sklearn,198,0.12087392665725866,-0.07127652639760518,0.25326259605356793,0.4438463449945898,0.13238866939630928
0,sklearn,199,1.1390922249297324,1.2519913350259342,0.3971814598437682,0.36618124501436305,-0.7419107650859642
0,sklearn,200,-0.7523045460041836,-0.7578147559084125,-0.2864483563683957,0.3646101164577045,0.4658561896357879
0,sklearn,201,-0.09875363589477304,-0.21799316893901638,-0.5067023609628301,0.363886784580973,-0.407948725068057
0,sklearn,202,-1.1206991213505033,-1.1790106285807724,-0.47108494787007693,0.36599146552994477,0.6496141734804264
0,sklearn,203,-0.3849482984371584,-0.4866707325473225,-0.5363218253691677,0.36766900400565394,-0.15137352693200934
0,sklearn,204,0.9130277697154975,0.9996502898013504,0.7062852411779375,0.3509712709855761,-0.20674252853756003
0,sklearn,205,-0.6511543867369805,-0.5779116057606967,-0.6567041697852156,0.36886564476029754,-0.0055497830482351684
0,sklearn,206,-0.43771209837475644,-0.6096282117623611,-0.5251288548447444,0.35783252543487215,-0.08741675646998792
0,sklearn,207,-0.39364602850885266,-0.4340052403607861,-0.5169003861482828,0.35415762977376647,-0.12325435763943016
0,sklearn,208,-0.029859774466005518,-0.11617834070043323,-0.4153270752329421,0.36775948773368883,-0.3854673007669366
0,sklearn,209,-0.034746902408761646,0.09460409443717539,0.5414493567010892,0.3668247041183977,0.5761962591098508
0,sklearn,210,-0.39759268507923473,-0.5326025968918768,-0.40643022496941406,0.3596838118655686,-0.008837539890179325
0,sklearn,211,0.29669570763916825,0.4571186181076696,0.4920184270686381,0.39994402548531155,0.19532271942946983
0,sklearn,212,-0.5656472876876053,-0.5689767616392991,-0.04581755994663528,0.37300186800494683,0.51982972774097
0,sklearn,213,0.13780172086288178,0.021608280224873017,-0.10347738519691774,0.3770861585330153,-0.24127910605979952
0,sklearn,214,0.44171291513501326,0.3739854967340855,0.29528311834747534,0.1990710886511151,-0.14642979678753792
0,sklearn,215,0.0021637871864830793,-0.07799809689036198,0.1961956251824557,0.39390764869028855,0.19403183799597262
0,sklearn,216,-0.33562057133299206,-0.46308241153454266,-0.4907972254339814,0.3632832244839632,-0.15517665410098935
0,sklearn,217,0.2669114205195813,0.27639410649261886,0.36634105454463173,0.3590769860902322,0.09942963402505045
0,sklearn,218,-0.27392142385663865,-0.39671297892582297,-0.15036758099427594,0.3960396873909576,0.1235538428623627
0,sklearn,219,0.2640341124549218,0.04599749158110292,0.19941827957294844,0.3076575515394074,-0.06461583288197337
0,sklearn,220,0.3639300541844847,0.3259624070996674,0.41927149589332213,0.3681776074435263,0.055341441708837424
0,sklearn,221,-0.3866306770748106,-0.5669162967165988,-0.5600172661437961,0.3670621664608491,-0.17338658906898552
0,sklearn,222,0.3500276803795723,0.27481159357282026,0.04737721232025294,0.32460928493008134,-0.3026504680593194
0,sklearn,223,0.47738310432079534,0.38647281546045975,0.4067080379105925,0.22888228616184253,-0.07067506641020282
0,sklearn,224,-0.5351009751722867,-0.6222225823748682,-0.40551616154586423,0.375239177903129,0.1295848136264225
0,sklearn,225,0.053863872830322915,0.2539601829893383,-0.3004090978270204,0.3919159547062763,-0.3542729706573433
0,sklearn,226,-0.6960302145079394,-0.6903890577909824,-0.15299190904065796,0.39484113443663765,0.5430383054672815
0,sklearn,227,-0.4535216344820463,-0.4289845335825131,-0.6058076736952316,0.3528376272471949,-0.1522860392131853
0,sklearn,228,-0.03842861425352771,-0.2160684438877572,-0.2559526608559999,0.34994564380706455,-0.21752404660247215
0,sklearn,229,-0.7260232575579671,-0.7914195709216594,-0.33689602259056617,0.38703796467084906,0.389127234967401
0,sklearn,230,0.10727710494830003,0.12880736794245123,-0.010397427477540688,0.36493504584793035,-0.11767453242584072
0,sklearn,231,-0.9349849576149861,-1.0374378489062868,-0.3077122414255795,0.37442860880802237,0.6272727161894066
0,sklearn,232,-1.0370023533349126,-0.9461960689831141,-0.08924782111671581,0.38095753364193946,0.9477545322181968
0,sklearn,233,0.5157458710816196,0.3954762124915166,0.7039100943478456,0.36364364741755667,0.18816422326622595
0,sklearn,234,-0.11356683883367832,-0.14220345242019589,0.3970793321453332,0.4346572499873533,0.5106461709790115
0,sklearn,235,0.24224336834546098,0.18363820434790512,-0.035677275116265506,0.3571276064709024,-0.2779206434617265
0,sklearn,236,0.10102304995523295,0.11745511589342456,-0.12639534303318545,0.362096864101167,-0.2274183929884184
0,sklearn,237,0.26515467474294574,0.20110566755740314,0.03388876586954126,0.355812962623539,-0.23126590887340448
0,sklearn,238,-0.1161894640681913,-0.14327882677528503,-0.04728589980688991,0.39067624284764324,0.0689035642613014
0,sklearn,239,0.34673122516704385,0.3231182159892453,0.1314262363518255,0.31541683034185397,-0.21530498881521837
0,sklearn,240,-0.1342714829916576,-0.2077102587307877,-0.0750717861013559,0.38170794599591173,0.05919969689030169
0,sklearn,241,-0.11670567510022423,-0.06819628825051297,-0.6224846614489525,0.38946285544229,-0.5057789863487283
0,sklearn,242,-0.019627521244240498,0.0042113162395020325,0.41654246471465406,0.3741673297316449,0.43616998595889456
0,sklearn,243,0.030901286037812947,0.022039891512496218,-0.21276151869163895,0.3746530318790482,-0.2436628047294519
0,sklearn,244,0.36899740788736185,0.325951574541166,-0.05570410993972974,0.37948072506839675,-0.4247015178270916
0,sklearn,245,0.07651641422731822,0.15617081727931792,0.3635423562637792,0.36600194766394234,0.2870259420364609
0,sklearn,246,0.8674001818485333,0.8438167574671152,0.7057201916169573,0.39107681427434776,-0.16167999023157598
0,sklearn,247,0.07105726442829366,0.04038753564569994,-0.4103930935254869,0.3648284681980515,-0.48145035795378055
0,sklearn,248,0.29636867339634126,0.30683767638515386,0.00500168342530527,0.37206288329016707,-0.291366989971036
0,sklearn,249,-0.2810729311815825,-0.1114142628844974,-0.5703216532384001,0.3770623196595486,-0.2892487220568176
0,sklearn,250,-0.8479425059768233,-0.9819781267789437,0.1780693492237151,0.38863261744809446,1.0260118552005384
0,sklearn,251,-0.0684791130816794,0.008506576223856074,0.5042132704385747,0.3805707671192187,0.5726923835202541
0,sklearn,252,0.01605433164281367,-0.17326278448099686,-0.012712513107352663,0.3783577024036141,-0.02876684475016633
0,sklearn,253,0.2784038582402455,0.3001311740631079,-0.1533584576046012,0.3819123087803837,-0.4317623158448467
0,sklearn,254,-0.26579092180866876,-0.10828263904779567,-0.10283093466068038,0.3853874544644216,0.16295998714798837
0,sklearn,255,0.6554979357294823,0.7043647881762131,0.5227084940923312,0.36165137622070825,-0.13278944163715112
0,sklearn,256,-0.21564123870013774,-0.19857873084615846,0.04408616920216435,0.35652785214395116,0.2597274079023021
0,sklearn,257,-0.5559963193406409,-0.6120412662209485,-0.5473339725728668,0.3706683442585489,0.00866234676777411
0,sklearn,258,-0.5535428284200279,-0.5504381083711725,-0.290175550737092,0.3693487360060217,0.2633672776829359
0,sklearn,259,-0.8845805171078438,-0.9097867986481795,0.18213207510716822,0.35211105972838,1.066712592215012
0,sklearn,260,0.4622495373362831,0.3836518765431476,0.31993334808126317,0.4172365338267707,-0.14231618925501993
0,sklearn,261,-0.7339958438646116,-0.7629834054120985,-0.458583741127744,0.3925083579068776,0.27541210273686756
0,sklearn,262,0.6941228343467792,0.7139609504094232,0.16774322365915495,0.432189680366866,-0.5263796106876243
0,sklearn,263,1.067512423614048,0.9907907167609841,0.32228011930343925,0.3739122003070296,-0.7452323043106088
0,sklearn,264,0.2769455311556709,0.19631734908720247,0.4420090341944296,0.4253841438642867,0.16506350303875872
0,sklearn,265,0.3109683795428066,0.17494403578358916,0.48572315694038837,0.33239213268609324,0.17475477739758177
0,sklearn,266,-0.5556721265903268,-0.5165996239814372,-0.13858579379177893,0.3499768680833798,0.4170863327985479
0,sklearn,267,-0.792872752993121,-0.738340426796415,-0.7821355019114713,0.3529670560387704,0.01073725108164969
0,sklearn,268,0.08357305913390611,0.10673910355755786,-0.016676015277860223,0.39739218336288296,-0.10024907441176634
0,sklearn,269,0.509429996924623,0.6059470461974896,0.27676882720508855,0.41749840490890483,-0.23266116971953443
0,sklearn,270,-0.8269826497928001,-0.8181958860847274,0.07787553610753672,0.3683273858261422,0.9048581859003368
0,sklearn,271,0.6442963998832838,0.6834974936198595,0.667942353553064,0.3518884231611791,0.023645953669780173
0,sklearn,272,0.14642412000584137,0.17680786256959766,-0.15084856219558507,0.30192792238648286,-0.29727268220142644
0,sklearn,273,0.10901111911355885,0.09985711717173806,-0.19966200498145437,0.32987294425243313,-0.30867312409501324
0,sklearn,274,-0.11280047267004589,-0.16588265548301062,0.550736706476485,0.36300413824431604,0.6635371791465309
0,sklearn,275,0.4944998086742399,0.715915070253431,0.5657727691467089,0.3523776027109575,0.071272960472469
0,sklearn,276,-0.025401720793565674,-0.07059681877891652,0.044166322033176275,0.38173629235126577,0.06956804282674195
0,sklearn,277,-0.536669552111177,-0.6032573232232206,-0.3843365216958201,0.35668219126338835,0.15233303041535684
0,sklearn,278,-0.7228894559005367,-0.679488473555526,-0.7002732816177035,0.37668835328990063,0.022616174282833135
0,sklearn,279,0.43124215924301,0.45642760077251054,0.2426437392095675,0.4312250180335832,-0.18859842003344252
0,sklearn,280,-0.08916239114908597,-0.22964154591011873,0.14348467908487272,0.3931060275609452,0.2326470702339587
0,sklearn,281,0.1255820655279392,0.23784989098431308,0.24463054588070365,0.3218155634331397,0.11904848035276444
0,sklearn,282,0.06241403989525618,0.05299458236017285,0.29673581800183024,0.3448150602625977,0.23432177810657406
0,sklearn,283,0.9087609801901297,0.7976678706685577,0.311781450126535,0.39114654951907163,-0.5969795300635947
0,sklearn,284,-1.1087950160028668,-0.9899166045674794,-0.521371439068969,0.37111005462870633,0.5874235769338978
0,sklearn,285,-0.4059128095276937,-0.34334525236807834,-0.3342302788476532,0.3657212020341463,0.07168253068004049
0,sklearn,286,0.26341641457768944,0.13696221538289802,0.18151406885588006,0.36490290983940227,-0.08190234572180938
0,sklearn,287,-0.03862391063396803,0.13909437339180442,-0.2746530142737962,0.39129551878251684,-0.23602910363982815
0,sklearn,288,-1.0573274003916935,-0.9914476635550742,-0.7593081885130561,0.35576509744093127,0.29801921187863734
0,sklearn,289,-0.76214080972597,-0.7631604212884746,-0.4007927933661839,0.41417282469694394,0.3613480163597861
0,sklearn,290,0.10076537583149806,0.259787256393676,-0.06723052663737938,0.35877286330050406,-0.16799590246887744
0,sklearn,291,-0.10065298493936492,-0.08472320655640087,0.32333757843599686,0.40700572273525026,0.4239905633753618
0,sklearn,292,-0.21389629130623855,-0.21670459881664175,-0.27037674380656185,0.3843608907026707,-0.0564804525003233
0,sklearn,293,-0.08674756970738637,-0.15277758130958527,0.10454925388997349,0.35736543796321146,0.19129682359735986
0,sklearn,294,-1.0935256174587447,-1.0353405735280368,-0.17092546769463723,0.40092608650477135,0.9226001497641074
0,sklearn,295,-0.367932119403805,-0.32027182267140697,-0.2953024297908886,0.39898094497525366,0.07262968961291638
0,sklearn,296,0.7780117063985506,0.7794797203875217,0.21383655570912818,0.3691573851405916,-0.5641751506894224
0,sklearn,297,-0.6198800287647301,-0.6988786641514905,-0.07569163878996576,0.38576440595398287,0.5441883899747644
0,sklearn,298,0.1396932412335592,0.15268622665016657,0.13718504107026774,0.3804413362383115,-0.002508200163291452
0,sklearn,299,-0.513893268036707,-0.5208731466129207,-0.37744170828613566,0.3566666071890544,0.13645155975057133
1,sklearn,0,-1.490240817442519,-1.4798439973136719,-1.054775522336346,0.3410535288459767,0.43546529510617304
1,sklearn,1,-0.1368579147438637,-0.15865509257180835,-0.16288351384112332,0.27532388485969833,-0.026025599097259627
1,sklearn,2,0.15707770050764233,-0.03099322873581231,0.2013075790811456,0.28614314056785206,0.04422987857350327
1,sklearn,3,-0.32539548993544787,-0.3309414401527587,-0.03775803116605658,0.3001012039123211,0.2876374587693913
1,sklearn,4,0.5070213061012621,0.6732940959192487,0.28064861724906365,0.28875871798436414,-0.2263726888521984
1,sklearn,5,0.6432910229216929,0.5221656009771797,0.40378664251571195,0.31219083299930256,-0.239504380405981
1,sklearn,6,0.18688923577568634,0.2415533844254118,-0.10368394158793492,0.3354427861221595,-0.29057317736362126
1,sklearn,7,-0.591484731232928,-0.5109719866112324,-0.8853070639670229,0.3604186595439105,-0.29382233273409486
1,sklearn,8,0.7123312417287542,0.6571956165478703,0.8278531298925316,0.3144557687029181,0.1155218881637774
1,sklearn,9,0.37373915793164253,0.4390657421052941,0.7159596609555923,0.4129861182198054,0.34222050302394974
1,sklearn,10,-0.40096044433213185,-0.19485915635206671,-0.39769243935202425,0.1954867680240265,0.003268004980107597
1,sklearn,11,0.13535186090967258,0.17857534731029173,0.030744049332737333,0.26783329404959905,-0.10460781157693524
1,sklearn,12,-0.5577220267403136,-0.5416864521534851,-0.5701212303881977,0.3800744147401869,-0.01239920364788416
1,sklearn,13,-0.20237981690859175,-0.19947812296555112,-0.21337035179445607,0.33680719909540485,-0.010990534885864323
1,sklearn,14,1.0100297659305637,1.1135700393633015,0.6441270925866647,0.3057026860633903,-0.36590267334389903
1,sklearn,15,-0.032522593109049036,0.012404572381724467,-0.10421094678838472,0.1869353322999663,-0.07168835367933568
1,sklearn,16,-0.5060287163396733,-0.4480417637228236,0.04002107318916259,0.2528574739012804,0.5460497895288359
1,sklearn,17,0.05847823315337908,-0.002758969333762719,-0.3608438919393109,0.18668742512627354,-0.41932212509268996
1,sklearn,18,0.053902243122611715,0.011451729406513435,0.29987314191185277,0.2691184031021714,0.24597089878924105
1,sklearn,19,-0.5264333681176496,-0.4368095616778568,-0.45689465930587403,0.34160366308763396,0.0695387088117756
1,sklearn,20,1.0630285949963691,1.2874161727963758,0.9768289616724104,0.28037745203101133,-0.08619963332395875
1,sklearn,21,-0.20739331819628304,-0.08158872336068618,-0.1948665179574487,0.2643447929117484,0.012526800238834346
1,sklearn,22,0.2787424406142207,0.3589940523305212,0.05739496667521138,0.2449116110411491,-0.22134747393900933
1,sklearn,23,0.646368281536758,0.568484095582892,0.7361042166451668,0.30009805485753793,0.08973593510840883
1,sklearn,24,-0.5370322793033417,-0.4799099824542178,-0.6199645434431176,0.3609715907210693,-0.08293226413977584
1,sklearn,25,-0.49767088964101147,-0.55490845874785,-0.22511430467302063,0.2849190048474524,0.27255658496799084
1,sklearn,26,-1.7623028333571675,-1.6329918147697775,-0.6961685738746795,0.49322484362535357,1.066134259482488
1,sklearn,27,-0.32628616880516415,-0.3727517569659946,-0.345512152950084,0.17252728064434297,-0.019225984144919828
1,sklearn,28,-1.6427621147462381,-1.8536006930890916,-1.0885085402408237,0.41358995166241025,0.5542535745054145
1,sklearn,29,-0.4507160292431112,-0.18987863236245317,-0.019814010199699084,0.34130184517159945,0.43090201904341213
1,sklearn,30,0.3893409463367649,0.43142192449525224,0.24695436826539918,0.32053262741933675,-0.14238657807136573
1,sklearn,31,-1.174545499876868,-1.19234731196866,-1.0245589691404753,0.42970928736510333,0.1499865307363928
1,sklearn,32,0.8017419063289488,0.8521012030135464,0.5416902208306169,0.2335475223035064,-0.2600516854983319
1,sklearn,33,0.7999267698821937,0.6335556264066338,0.4614729856536428,0.34904571880796686,-0.3384537842285509
1,sklearn,34,0.5774061845026122,0.5422636475697493,0.4335369923123622,0.29335701949883886,-0.14386919219024996
1,sklearn,35,0.08775693238988297,-0.007244521948203297,0.12702328772741112,0.2803555894101726,0.03926635533752815
1,sklearn,36,-0.004061754315706212,-0.09821163346106528,0.07153217175664395,0.2940195737322035,0.07559392607235016
1,sklearn,37,0.10614723779856025,0.02868464150810432,-0.010630597957657528,0.3281059743956645,-0.11677783575621778
1,sklearn,38,-1.7639719135773027,-1.6884190983628422,-1.0283554832360409,0.43331635210382496,0.7356164303412618
1,sklearn,39,-0.041482531207976514,-0.023370644769846335,-0.15484385802628253,0.21685712669677243,-0.11336132681830602
1,sklearn,40,0.015143375774569923,0.010809118459850709,0.18242380527055246,0.33789688867843365,0.16728042949598254
1,sklearn,41,-0.34861080574840403,-0.4120678893073764,-0.19618717969476407,0.3183956218678522,0.15242362605363996
1,sklearn,42,0.4361763752797765,0.390317790306116,0.23496906612105306,0.2254828262838769,-0.20120730915872342
1,sklearn,43,0.6596359855778996,0.6110339459097097,0.572586125564559,0.39655432564506593,-0.08704986001334059
1,sklearn,44,-0.9238253141171544,-0.891127871582068,-0.8497275137153295,0.2921582380881845,0.0740978004018249
1,sklearn,45,0.3135957318506074,0.3772646868944848,0.40411805385202726,0.31364593464302165,0.09052232200141985
1,sklearn,46,0.24149775341740265,0.24953471177922704,-0.09016910394673516,0.25406926785724293,-0.3316668573641378
1,sklearn,47,-0.3713129981910999,-0.3801137644012881,-0.3125644629157591,0.2794970849698122,0.058748535275340796
1,sklearn,48,0.7159950404733046,0.7982686569407527,0.6136812937785621,0.38066329822272726,-0.10231374669474258
1,sklearn,49,-0.035388390886491046,0.05820340366141185,-0.06047993784905259,0.287618909304255,-0.025091546962561544
1,sklearn,50,0.09848662507844091,0.06188807325977849,-0.23820185530016857,0.3057642002900496,-0.3366884803786095
1,sklearn,51,1.5885043201052937,1.5659615362675336,1.4752313509237638,0.31661037298142175,-0.11327296918152996
1,sklearn,52,-0.4743967760628199,-0.40035940619898985,-0.4145932948278066,0.2372540819128208,0.05980348123501328
1,sklearn,53,1.252169650813354,1.3954456399017219,1.1798470552269578,0.27619379699309904,-0.0723225955863962
1,sklearn,54,0.5628180645496974,0.6578419020129961,0.405503306570715,0.22914759448590225,-0.15731475797898242
1,sklearn,55,0.43447232442155626,0.4985321480251592,0.20887224559743345,0.315348539953118,-0.2256000788241228
1,sklearn,56,0.2391847685154187,0.2793708743609252,0.34228555483207757,0.32809390371398606,0.10310078631665887
1,sklearn,57,-0.07728314349539836,-0.18483760620978826,0.20401124045866226,0.31543871905193693,0.2812943839540606
1,sklearn,58,0.36342766111508745,0.2763424639720037,0.31511201737447436,0.15431720249793,-0.04831564374061309
1,sklearn,59,-0.06009503006438882,-0.03908813127588455,0.03747987415477638,0.16180877229764293,0.0975749042191652
1,sklearn,60,0.5236769238540357,0.49316163244530475,0.173833380703158,0.2186051885226496,-0.34984354315087773
1,sklearn,61,0.0764972248875514,0.1241339552633766,0.12995863800455254,0.30774407991033764,0.053461413117001144
1,sklearn,62,-0.5109553268972312,-0.46923170892779176,-0.36924543135232923,0.23226587602434026,0.141709895544902
1,sklearn,63,-1.1840658288645654,-1.0929987840694249,-0.8846902470160032,0.366311047502902,0.29937558184856217
1,sklearn,64,0.4176168788571261,0.32568364213813633,0.474788817400281,0.2935365087182833,0.05717193854315489
1,sklearn,65,0.2943258976784169,0.31643736860901756,0.5073842824031516,0.25388839696376764,0.2130583847247347
1,sklearn,66,-1.5564854840487325,-1.7187753130416026,-1.2640698183638008,0.3910530297221633,0.2924156656849317
1,sklearn,67,-1.5823360696538105,-1.6164316586073795,-1.1514228304720717,0.33060098618928235,0.43091323918173874
1,sklearn,68,1.1428439404375443,1.2441999497234066,1.264483142944485,0.2909155155506126,0.1216392025069406
1,sklearn,69,-0.19190995014455342,-0.28530133867724544,-0.052750715432818396,0.13115048770301083,0.13915923471173502
1,sklearn,70,0.8962659301720259,0.8791828936486941,0.5436947993211732,0.2936672390828443,-0.3525711308508528
1,sklearn,71,1.3956742275544074,1.2814327839586201,1.026158409404971,0.1416773762462085,-0.36951581814943646
1,sklearn,72,-0.018629848694413975,0.006372906142386527,0.36098646326833617,0.29793887801751356,0.37961631196275014
1,sklearn,73,-0.920332713305147,-0.71441229011961,-0.5066844671757078,0.37344218239268023,0.4136482461294392
1,sklearn,74,-0.05827692448001448,-0.18613501415555883,-0.09613535779572047,0.2507364313871987,-0.037858433315705986
1,sklearn,75,-0.8457040063392781,-0.8830160022257812,-0.014207744952804191,0.3330626645156054,0.8314962613864739
1,sklearn,76,0.5427007524543588,0.6069867280030907,0.48856353590753443,0.40098417478556075,-0.05413721654682435
1,sklearn,77,-0.4609943228260982,-0.35129100447558304,-0.22364985911862867,0.3345768334680065,0.23734446370746953
1,sklearn,78,0.20938140300827657,0.25271808361842685,0.26600544511074276,0.24557617051121908,0.05662404210246619
1,sklearn,79,0.5626350135042384,0.6487296667880641,0.5923668800918946,0.30799320217454806,0.029731866587656253
1,sklearn,80,-0.16708832480442126,-0.25144445747084787,0.003160822137818542,0.3239238349228741,0.1702491469422398
1,sklearn,81,0.17120430099631995,0.190095384888815,0.1375033756373547,0.2946452871672874,-0.03370092535896524
1,sklearn,82,0.8659202448255794,0.8411978778312813,0.8014080107796495,0.34416731851431814,-0.06451223404592987
1,sklearn,83,1.0275787599776462,0.9344882085729731,0.8215738962513939,0.22132018547107263,-0.20600486372625237
1,sklearn,84,0.3332193128033823,0.3210449494719551,0.5400066285560605,0.20613774203112578,0.20678731575267822
1,sklearn,85,-1.1887750240097215,-1.2663508292560979,-0.931884712547987,0.337214197932218,0.25689031146173447
1,sklearn,86,-0.8867433831224296,-0.9908933881200488,-0.5030394452123108,0.3486381274118968,0.3837039379101188
1,sklearn,87,-0.7035560643256809,-0.6856029873845867,-0.8079086065517487,0.2682891891999568,-0.10435254222606782
1,sklearn,88,-0.24237656265586133,-0.051389769965589804,-0.41180203606019283,0.16295711544664884,-0.1694254734043315
1,sklearn,89,0.22292811213301178,0.09323414611812372,0.31961247187783215,0.32738357924019207,0.09668435974482037
1,sklearn,90,0.25818894258869834,0.13938024854996006,0.11173173262992009,0.3216485389827321,-0.14645720995877826
1,sklearn,91,-0.9570960621927393,-0.9314899781527518,-0.9071134386942568,0.28040687642634576,0.04998262349848259
1,sklearn,92,-0.7764432909644732,-0.933850198642153,-0.6672775209962971,0.15155356129612937,0.10916576996817606
1,sklearn,93,0.39442360213067623,0.31672515888007124,0.0028059491405656445,0.2864685501351068,-0.3916176529901106
1,sklearn,94,0.03055256847918364,0.08115695904357223,-0.1490828682796561,0.32563450512953007,-0.17963543675883975
1,sklearn,95,-0.43724674786900075,-0.5005174621666645,-0.33839138727791607,0.1607612954082393,0.09885536059108468
1,sklearn,96,0.46496709724073315,0.4617882929344671,0.3624275643917443,0.26844182842082376,-0.10253953284898887
1,sklearn,97,-0.059364584120532526,0.10344309025091575,-0.005654152997617956,0.20590118425810375,0.05371043112291457
1,sklearn,98,-0.14860084347741648,-0.08863440771834377,0.29171235865688416,0.23897141370151043,0.44031320213430064
1,sklearn,99,-0.807629205876155,-0.9483188280500905,-0.46408912911783773,0.23821565690030932,0.3435400767583173
1,sklearn,100,0.32356943851854214,0.26311925110389844,0.5248803863400173,0.25218715437293016,0.20131094782147518
1,sklearn,101,-0.8990672173293505,-0.7254247261893904,-0.6807132028117469,0.22524566519071967,0.2183540145176036
1,sklearn,102,-1.3188476569649001,-1.3287365637714743,-0.8996686851379767,0.4691644814144189,0.41917897182692343
1,sklearn,103,-0.33587472125335444,-0.4693134795314917,-0.017767860120706302,0.3212097192771468,0.31810686113264813
1,sklearn,104,0.582306201410709,0.6321830942794604,0.6377718043450216,0.30248522458792854,0.055465602934312574
1,sklearn,105,-0.475844054121358,-0.4238473200113886,-0.3896619996405519,0.29611246004171493,0.08618205448080607
1,sklearn,106,-0.5606771580835733,-0.37645635426399526,-0.5348132830384156,0.4063071969631491,0.025863875045157747
1,sklearn,107,-0.2804026728365032,-0.23587904108433413,-0.2804700353596772,0.29604660357955387,-6.736252317396385e-05
1,sklearn,108,-0.15053315361203667,-0.06691661268349236,0.17549344881146922,0.3002712668659265,0.3260266024235059
1,sklearn,109,0.4885346188126618,0.6201129117046101,0.18675353106196013,0.3101252766060832,-0.30178108775070167
1,sklearn,110,0.732735811920266,0.5743700424603326,0.7963508180363377,0.22311934028534003,0.06361500611607163
1,sklearn,111,0.4613937512309678,0.44930999490140433,0.7832885100248408,0.3475482990551927,0.32189475879387297
1,sklearn,112,-1.2666485794904812,-1.2907434548567982,-1.2063370441904198,0.33779351123910445,0.06031153530006139
1,sklearn,113,0.01499999938947949,0.005223675416062246,-0.07784681454305797,0.34529683490176827,-0.09284681393253746
1,sklearn,114,0.008833151301658848,-0.009725780464145958,0.5426483886622577,0.32194080463849795,0.5338152373605989
1,sklearn,115,-0.07856601039755519,-0.1230001713558242,-0.0181637547358946,0.3326440329421166,0.06040225566166059
1,sklearn,116,-0.6226870191914031,-0.5312220529804909,-0.13835929197716368,0.2642768942507857,0.48432772721423945
1,sklearn,117,2.194072080139268,2.145427358753279,2.153454396506614,0.22136623940652017,-0.04061768363265372
1,sklearn,118,0.2856892129796277,0.4190284696305717,0.06664475287131744,0.27373975353303326,-0.21904446010831025
1,sklearn,119,0.8833087959645817,0.7857499558859068,0.9959478750702573,0.27128981681121384,0.11263907910567561
1,sklearn,120,-0.1880538339994955,-0.25012992195797734,-0.06518438295212192,0.16459265316612398,0.12286945104737357
1,sklearn,121,0.7130321725247115,0.4902185659863838,0.09078482134284371,0.3375866649900972,-0.6222473511818678
1,sklearn,122,0.3963513958982969,0.24447842600453631,-0.05705080279000896,0.30656663100050124,-0.45340219868830584
1,sklearn,123,1.2213324493632038,1.4127071975115841,1.2786102860333912,0.29390875981943465,0.057277836670187376
1,sklearn,124,0.7060407976842351,0.5837017875026366,0.35504800628144295,0.3436784952915507,-0.35099279140279216
1,sklearn,125,-0.7853099793369054,-0.7758750392347017,-0.9084920416528668,0.24705591911099242,-0.1231820623159614
1,sklearn,126,-1.1082170964295188,-1.0403500987489442,-0.908281329462099,0.3777376442901826,0.19993576696741977
1,sklearn,127,-0.8471330648052356,-0.8055369187353716,-0.8549227043905425,0.24698095670195896,-0.007789639585306873
1,sklearn,128,0.41568842360238195,0.5561077896998218,-0.03450112186298071,0.29619663585165595,-0.45018954546536266
1,sklearn,129,1.0179275315114276,1.255425325821788,1.0124221474982171,0.3542681851542393,-0.005505384013210435
1,sklearn,130,0.0870542270719345,0.06448285066013046,0.06339292652655537,0.29021750086606196,-0.023661300545379127
1,sklearn,131,-0.28366469548668266,-0.31459261880746964,-0.4761257187514083,0.45868054316247164,-0.19246102326472564
1,sklearn,132,-0.3007634000305919,-0.19564023145823448,-0.253537142954098,0.26010952639203094,0.04722625707649386
1,sklearn,133,0.22982864637349876,0.1628553372738476,0.16279663496636942,0.3504507196825027,-0.06703201140712933
1,sklearn,134,0.9586195339091088,0.7913656293481643,0.7056928744026436,0.23532494686284766,-0.2529266595064652
1,sklearn,135,0.6682338316652502,0.6994369900114972,0.9036881111091795,0.32634322421393147,0.23545427944392927
1,sklearn,136,0.5551985228535422,0.48716067366883076,0.6573669267063327,0.1612050059955439,0.10216840385279047
1,sklearn,137,1.0020687365482401,0.9539948853896927,0.8038410491717904,0.3256930488666512,-0.1982276873764497
1,sklearn,138,0.8740525590284843,0.8087502468855275,0.9169861138020607,0.3625200216595587,0.04293355477357641
1,sklearn,139,0.028244863043854485,0.001972090929869101,-0.053838130608752977,0.30890627588626535,-0.08208299365260746
1,sklearn,140,0.23399666293556412,0.2602800613034317,0.23560357769310158,0.34051989135904537,0.0016069147575374643
1,sklearn,141,-0.0909966618454407,-0.18574286994625028,-0.3246572003775583,0.2741540163156159,-0.2336605385321176
1,sklearn,142,0.11106724779616706,0.4123556758737644,0.040389722881915446,0.18013281455661526,-0.07067752491425161
1,sklearn,143,0.7808275426921409,0.5502220971212557,0.43120338300613525,0.2757032451335369,-0.3496241596860057
1,sklearn,144,-0.5537209665042784,-0.42108368076586433,0.30625506886911325,0.3018978395532236,0.8599760353733916
1,sklearn,145,0.6820030420905822,0.6506954533968182,0.3485720857138688,0.27395612573458344,-0.3334309563767134
1,sklearn,146,-0.22909539439247162,-0.3022923653272087,-0.06482727942728772,0.3579382552413073,0.1642681149651839
1,sklearn,147,0.9042132331864425,0.8801989708726324,0.7098460455005906,0.1634464911846697,-0.19436718768585193
1,sklearn,148,0.07704450397843715,0.17539657165489742,-0.28691661840212745,0.20917782661529968,-0.3639611223805646
1,sklearn,149,1.2101158065992716,1.170532796564023,1.038532354616109,0.3285137432693646,-0.17158345198316272
1,sklearn,150,-0.17344446462386234,-0.18695188965011456,-0.31898329979792095,0.23051007830605805,-0.1455388351740586
1,sklearn,151,-1.2135354588971201,-1.2387103838687261,-1.1797784522534833,0.33958174634707555,0.03375700664363679
1,sklearn,152,-0.8476857349826934,-0.9356282224372283,-0.6432331163943061,0.25679871053278613,0.20445261858838726
1,sklearn,153,0.00773685365836041,0.11771172960440038,0.5152348562252929,0.38464475096168393,0.5074980025669324
1,sklearn,154,0.2069374081727199,0.27207946011336676,-0.04547693654542684,0.2924012669422774,-0.2524143447181467
1,sklearn,155,0.546078956274173,0.5658053759641407,0.33707792859878083,0.44413927045292934,-0.2090010276753922
1,sklearn,156,-1.4924654980889476,-1.3909540741853008,-0.8717470087552179,0.3297430057179585,0.6207184893337296
1,sklearn,157,0.370277594585914,0.46337145584914924,0.24433536002412382,0.337712638425031,-0.1259422345617902
1,sklearn,158,-0.6319285995298877,-0.6018897476027988,-0.4719601570689065,0.19404956052440106,0.1599684424609812
1,sklearn,159,-1.1809918481930608,-1.2046226626079142,-0.8145523130912373,0.2639062817491979,0.3664395351018235
1,sklearn,160,0.8294779241096244,0.8280384605287129,0.620175423685545,0.27741772727210257,-0.20930250042407939
1,sklearn,161,-0.3070261579681356,-0.2523999293563856,-0.43200536371611875,0.35523664019672685,-0.12497920574798316
1,sklearn,162,0.6878002179084316,0.8076745459183329,0.5875371993672402,0.2872901757612626,-0.10026301854119135
1,sklearn,163,-0.5411208815845013,-0.5397092389981849,-0.42010452470753634,0.20221797134429897,0.12101635687696499
1,sklearn,164,0.4694645855509606,0.5415496089792009,0.049968394241179936,0.3075488319532176,-0.41949619130978066
1,sklearn,165,-0.3365697891045914,-0.27464729724473014,-0.2365374642906488,0.3533628440134896,0.10003232481394259
1,sklearn,166,0.3700726155003999,0.22052422011220527,0.05930432327596691,0.3559236721077951,-0.310768292224433
1,sklearn,167,0.8741845153041579,0.7428745093555402,0.44211371513062403,0.29546752673832594,-0.43207080017353383
1,sklearn,168,0.8896842650776626,1.0273772790024667,0.425690167535258,0.2932526173679693,-0.4639940975424046
1,sklearn,169,0.25083366738562535,0.21547909570375695,0.37944894641477944,0.29397239041614226,0.1286152790291541
1,sklearn,170,0.434127191078453,0.3438619487223223,0.6743697098567978,0.3070112553933161,0.2402425187783448
1,sklearn,171,0.9421641831590694,1.0895300175962195,0.7149978578572131,0.22642500158806408,-0.2271663253018562
1,sklearn,172,1.008743014538375,0.871273051248718,0.961727571893455,0.41319969824218716,-0.04701544264491986
1,sklearn,173,0.33034843642940825,0.4541474980505841,-0.22529255175354024,0.32901025086017494,-0.5556409881829485
1,sklearn,174,0.22468121267864194,0.292859460173928,-0.19014656186163137,0.2889809314191472,-0.4148277745402733
1,sklearn,175,0.18200992240822836,0.20964742504346653,0.03872799602720178,0.2849847161044952,-0.14328192638102658
1,sklearn,176,0.23927260917763504,0.14687753017880717,0.1991174399501645,0.30717393913264207,-0.04015516922747053
1,sklearn,177,0.5594095303015454,0.6354516097559774,0.559814382229824,0.2329873216388554,0.00040485192827866
1,sklearn,178,0.19827082557848064,0.1218937042200018,0.16490791097046298,0.2794536228595079,-0.03336291460801766
1,sklearn,179,-0.3648301843609575,-0.3106886927363289,-0.2533339496997229,0.3351635726423227,0.1114962346612346
1,sklearn,180,0.9473358859758033,0.9666997341151992,0.8647144438427006,0.18727704718106528,-0.08262144213310274
1,sklearn,181,-0.537745254396421,-0.5161779449362474,-0.5918919967856588,0.2811012316313012,-0.05414674238923789
1,sklearn,182,-0.003132604889711843,-0.09780698113732056,-0.14868840426897378,0.3705896142231347,-0.14555579937926194
1,sklearn,183,-0.6269305062426896,-0.7589065282416778,-0.2262361632269716,0.3987692158313677,0.40069434301571805
1,sklearn,184,0.5248745688417997,0.5000154537962611,0.10026465848939736,0.31119254288447434,-0.42460991035240236
1,sklearn,185,-0.7215287551699161,-0.6629304952035006,-0.621792260397001,0.23198742853212506,0.09973649477291513
1,sklearn,186,-0.6345200891982856,-0.6727554037703144,-0.5230515497611918,0.35360616390373956,0.11146853943709378
1,sklearn,187,-1.4816485532308583,-1.6297206909508948,-1.062699671506909,0.32146567362092543,0.4189488817239493
1,sklearn,188,0.09896565341793728,0.13941037008810636,0.17195483235293096,0.3098336649551017,0.07298917893499368
1,sklearn,189,-0.04107484760429053,-0.030567829067984244,-0.08886368123353705,0.28801768209111805,-0.04778883362924652
1,sklearn,190,-1.0950949459447927,-1.0887601305408425,-0.5628632456888916,0.39192092347362645,0.5322317002559012
1,sklearn,191,0.8103523096160571,0.8012536698903001,0.3347135888977846,0.33297279498350574,-0.4756387207182725
1,sklearn,192,-1.145503141511171,-1.2749609251787197,-0.6771613951145863,0.40399133301707246,0.46834174639658466
1,sklearn,193,-0.7914140046891649,-0.8629487027189893,-0.23892878663998474,0.3218917431034836,0.5524852180491802
1,sklearn,194,0.48026406286204976,0.46597812964208246,0.1293016697037075,0.2890001780251763,-0.35096239315834227
1,sklearn,195,0.07443671246647121,0.15116357533853547,0.16411810787659675,0.43694559267407934,0.08968139541012554
1,sklearn,196,-0.6277870505708634,-0.6040500074012657,-0.8056820786676155,0.29494489581895655,-0.17789502809675217
1,sklearn,197,0.38064347978101876,0.3980647124889348,0.38174835663124895,0.2752341476724283,0.0011048768502301964
1,sklearn,198,0.9352474021281447,1.1460980087426167,0.7062655033246124,0.40865092197062103,-0.22898189880353237
1,sklearn,199,0.2558995131580313,0.28534970320033404,0.24878348756433866,0.27648656563358737,-0.007116025593692621
1,sklearn,200,-0.05113020318774675,-0.1292601841756761,0.08769888572176399,0.3665792605200002,0.13882908890951073
1,sklearn,201,0.3516595257321178,0.3720292365635389,0.28121905180003637,0.2877167079854126,-0.07044047393208142
1,sklearn,202,0.21217648192448185,-0.050760808109013456,-0.16360048995967347,0.29060882096917307,-0.3757769718841553
1,sklearn,203,-1.183576221437452,-1.190202810793463,-0.6338882362871683,0.34388017186981934,0.5496879851502836
1,sklearn,204,-0.5021807823794597,-0.5226496385614054,-0.5165527636910241,0.3027144755502773,-0.014371981311564364
1,sklearn,205,0.07118141671762085,-0.0859700296886878,0.2646621289184097,0.3206907742112875,0.19348071220078883
1,sklearn,206,0.1014587905481551,-0.0534331506999807,-0.3507034457920746,0.21968894598583968,-0.4521622363402297
1,sklearn,207,-0.20568684614459237,-0.13262987645851135,-0.10222243737500314,0.3020041236019345,0.10346440876958923
1,sklearn,208,0.058035711012934976,0.028701436938919037,-0.08191508971978578,0.31946057413755397,-0.13995080073272076
1,sklearn,209,-1.2269729769448996,-1.2824269202682879,-0.7850027811888278,0.3898537012108451,0.44197019575607177
1,sklearn,210,-0.1108405965045292,-0.05363182001990669,-0.5057241580583849,0.29953727926593077,-0.3948835615538557
1,sklearn,211,0.28936616976334206,0.316786928539427,-0.08298309474324839,0.26911471273507104,-0.37234926450659045
1,sklearn,212,0.7084002142140665,0.7837190449652756,0.6328914125291334,0.3333911631986939,-0.07550880168493312
1,sklearn,213,-0.9020351570119655,-0.9608139582399737,-0.7540456199527341,0.5343712055277604,0.14798953705923135
1,sklearn,214,0.1741166527310325,0.18629236809618488,0.15453937422895336,0.18471974776023475,-0.019577278502079132
1,sklearn,215,0.372919961473434,0.5792901237315703,0.4165384997582109,0.24402086500486414,0.04361853828477691
1,sklearn,216,-0.2411515844828387,-0.20009436804987119,-0.12066033348059335,0.2102311080215287,0.12049125100224534
1,sklearn,217,-0.03652485380235937,-0.06853559232597134,0.09236185473705838,0.2940997861390023,0.12888670853941775
1,sklearn,218,-0.32587428196827206,-0.24667867597260018,-0.4339156783452509,0.35692642723932705,-0.10804139637697885
1,sklearn,219,-1.520258267061554,-1.4544937042162653,-1.1515351029825176,0.33508780207477534,0.3687231640790365
1,sklearn,220,-0.2829172237859008,-0.08965504941073102,0.009402439931843531,0.26522276962357194,0.2923196637177443
1,sklearn,221,-0.39697176627471725,-0.41579894384502436,-0.3239407046356746,0.2670245837254181,0.07303106163904266
1,sklearn,222,-0.7057027316831403,-0.6785516614056556,-0.7759435080147625,0.2968876703746531,-0.07024077633162218
1,sklearn,223,0.40239070590537546,0.49299055509410794,-0.04046660078225983,0.3745852172917988,-0.4428573066876353
1,sklearn,224,-1.0199199152150014,-0.975162717190503,-0.8711207238453866,0.2503609544421476,0.14879919136961473
1,sklearn,225,-0.9232386481601916,-0.9553477512505066,-0.8490944088748975,0.38519976595902783,0.07414423928529412
1,sklearn,226,-0.48330335633559934,-0.3544540254039291,-0.5005760595769893,0.2116094039408736,-0.01727270324138991
1,sklearn,227,-0.30908292819280636,-0.51525236285013,-0.5573748248365291,0.23919531242831793,-0.24829189664372275
1,sklearn,228,0.4489960388529209,0.4588882015235558,0.6285815919159692,0.18443695352172737,0.1795855530630483
1,sklearn,229,-0.20535250588318643,-0.1733833799337151,0.3747804878940162,0.30830800184167223,0.5801329937772026
1,sklearn,230,1.4993514607800091,1.3742343538800719,1.4375214626147894,0.28775214597136706,-0.061829998165219724
1,sklearn,231,-0.34503869370313367,-0.30205312192544265,-0.4713848615308578,0.33379045675044455,-0.12634616782772412
1,sklearn,232,-0.25227029898078634,-0.2841657232301715,-0.02038374528299869,0.24261384879751716,0.23188655369778766
1,sklearn,233,-0.005641665350557101,-0.07979443748763196,0.10668637515323809,0.20088052116126112,0.11232804050379519
1,sklearn,234,-0.2923334930711142,-0.33281672865136197,0.09880651106472982,0.3268683458226628,0.39114000413584404
1,sklearn,235,-1.1945297675755127,-1.0180438238842973,-0.5908491899603145,0.3871706053378772,0.6036805776151981
1,sklearn,236,0.3353722278198884,0.3888710991826291,-0.1051304248411995,0.36296672095361354,-0.4405026526610879
1,sklearn,237,-0.917659215280528,-1.1290236618780054,-0.69835842015911,0.34663748268197286,0.21930079512141798
1,sklearn,238,-0.7221828995921342,-0.6798086366677901,-0.45327672244420114,0.18962389330185037,0.2689061771479331
1,sklearn,239,-0.00377262118295818,0.004723110592652964,-0.19375331500964066,0.232882864084779,-0.18998069382668248
1,sklearn,240,-0.504709058620032,-0.5574117566408985,0.17651610763879688,0.3255369378857536,0.6812251662588289
1,sklearn,241,1.1851924043302344,1.1689335015319275,1.0338240752621388,0.4062128858287912,-0.1513683290680956
1,sklearn,242,0.5184955557545663,0.42436135581203754,0.5241430490650103,0.19327088671365164,0.005647493310444007
1,sklearn,243,1.1829642408253556,1.222425820778564,1.1294385795068749,0.25912846450731464,-0.05352566131848069
1,sklearn,244,0.5473115286595892,0.4904693346223632,0.15697348204898276,0.2623056149087648,-0.39033804661060645
1,sklearn,245,0.28165204298892443,0.25251679112824527,-0.14031960027059753,0.36456557127583356,-0.42197164325952197
1,sklearn,246,-0.13864087925359259,-0.24206511782250353,-0.05728898341114075,0.2803936884872111,0.08135189584245184
1,sklearn,247,-0.13271100545923067,0.015334013782187017,-0.1268554632049188,0.3522154057847657,0.0058555422543118685
1,sklearn,248,1.0356849212597241,0.7932376736738158,1.0932860075118427,0.2646371477054566,0.05760108625211857
1,sklearn,249,1.090788678937638,1.057787130853564,0.7175762061175703,0.33893054205857265,-0.37321247282006764
1,sklearn,250,-0.23552097572064068,-0.5425964354893301,-0.20945738849184536,0.33405015644260017,0.026063587228795315
1,sklearn,251,-1.1053886001565014,-1.0826022660804404,-0.8510346957161836,0.3203612545899015,0.2543539044403178
1,sklearn,252,-0.07034411066773583,-0.180967327066254,0.018761765975732203,0.2250250469905135,0.08910587664346803
1,sklearn,253,0.31798844653113745,0.3563084326760185,0.17092532870518085,0.30058449973225726,-0.1470631178259566
1,sklearn,254,-0.4260458275803037,-0.5012953544876565,-0.24329304634823856,0.32187284088225177,0.18275278123206512
1,sklearn,255,-0.6547166067044581,-0.466219319972907,-0.38295374342336785,0.1564979438115686,0.27176286328109023
1,sklearn,256,-0.47330160886858585,-0.3156001676518983,-0.4341644496812762,0.24961362568495601,0.039137159187309645
1,sklearn,257,-0.3800458466942384,-0.45824349933725084,-0.3118540237263083,0.3025263134045753,0.06819182296793008
1,sklearn,258,-1.1038028580653187,-0.9787538515799438,-0.6891812028670508,0.3519544259840014,0.414621655198268
1,sklearn,259,-1.1667964629544618,-1.1072524059369062,-0.9117457329351897,0.4662740602771235,0.25505073001927214
1,sklearn,260,0.4514166699268135,0.47739227740290646,0.3191839592129426,0.17329079412532178,-0.13223271071387088
1,sklearn,261,-0.4197339653105111,-0.510741517639657,-0.5859220455991476,0.33965496636146414,-0.16618808028863652
1,sklearn,262,-1.4788083255362732,-1.506861399342594,-1.2333850888781122,0.38601204318999316,0.24542323665816101
1,sklearn,263,0.8045057028831764,0.8404944641963099,0.9288293455670136,0.3165662849573174,0.12432364268383722
1,sklearn,264,-0.4901300406504582,-0.36876264322347335,0.10460840701601093,0.3493034615072778,0.5947384476664691
1,sklearn,265,-0.7213724191473656,-0.8117869527928474,-0.31130783407415663,0.3540350201303182,0.410064585073209
1,sklearn,266,-0.8450762340359046,-0.8238734006540244,-0.9018793541288694,0.22398535548936377,-0.05680312009296484
1,sklearn,267,-1.813677274494128,-1.9546190961996115,-1.096215922763605,0.38655730682120426,0.7174613517305231
1,sklearn,268,-0.43389674513237375,-0.3522315021921737,-0.388207524899137,0.26544030243854594,0.04568922023323674
1,sklearn,269,0.9948011751836164,1.0443205881815922,0.9765963379444571,0.15654115401279672,-0.018204837239159333
1,sklearn,270,0.11989875371180642,0.15429416490537123,0.02145119799357076,0.29962555947418446,-0.09844755571823566
1,sklearn,271,-0.31786542051859806,-0.2835637458660978,0.028662209960874208,0.17851521210400617,0.34652763047947227
1,sklearn,272,-0.15300955125826285,-0.2079644453999243,-0.08654170810286743,0.33919362713439183,0.06646784315539542
1,sklearn,273,0.779610336521265,0.8331534728334937,0.6320190303906656,0.3163741857274067,-0.14759130613059934
1,sklearn,274,0.894423007424209,0.9279115815553073,0.6441401035869738,0.4334423165439226,-0.25028290383723517
1,sklearn,275,0.488151848226115,0.4418500969315606,0.23343293978396318,0.41159971041434773,-0.25471890844215184
1,sklearn,276,-1.0713447854098654,-1.132812183768554,-0.8239144831083713,0.3483277878018685,0.2474303023014941
1,sklearn,277,-0.3520402013910158,-0.2453152279469381,-0.387657696283215,0.1271107604026587,-0.03561749489219923
1,sklearn,278,0.36544306116161585,0.31227618295160425,0.16246147698662838,0.31969061033715734,-0.20298158417498746
1,sklearn,279,-0.10020438808760884,-0.03982599785100853,-0.10145790839791147,0.18714950597458263,-0.001253520310302625
1,sklearn,280,-0.8877092549120319,-0.9553969678774779,-0.6217065399659631,0.35331223878399914,0.26600271494606875
1,sklearn,281,-0.6717196844005768,-0.7339536031123831,-0.31181619690053,0.3375943701464636,0.35990348750004686
1,sklearn,282,0.31332848105374644,0.3799199286150119,0.5164979783481396,0.2141133368969861,0.20316949729439315
1,sklearn,283,-0.017065536395248437,0.1763320004728728,0.2287143922225212,0.29326688813749513,0.24577992861776965
1,sklearn,284,-1.029547208137548,-1.0069913999100581,-0.7107430310237959,0.39860496395148864,0.3188041771137522
1,sklearn,285,-0.46447786673579716,-0.4645152295682707,-0.32693446008733673,0.38102177760725653,0.13754340664846043
1,sklearn,286,-0.6475505502372294,-0.5778321679726378,-0.5530236401898385,0.38559135115466325,0.09452691004739089
1,sklearn,287,-0.9071785540981662,-0.989609694072111,-0.44624962715643335,0.21209445385928286,0.4609289269417328
1,sklearn,288,-0.2943420472823975,-0.2751110426078464,-0.12650271403250457,0.3144631677430687,0.16783933324989292
1,sklearn,289,-1.7969702097084899,-1.8456378864968797,-1.190797206447595,0.37477426743085185,0.606173003260895
1,sklearn,290,-0.9766554506955132,-1.1224891400381936,-0.7329833742229468,0.3811118246954472,0.2436720764725664
1,sklearn,291,0.042936779011497395,0.21193933475858667,-0.0618126114711437,0.31588337433927005,-0.10474939048264109
1,sklearn,292,-1.2013306649846145,-1.2345093927273405,-1.0870631677724205,0.31336931587887995,0.11426749721219398
1,sklearn,293,0.008223348564857902,-0.05954249178974279,0.2096558647148985,0.327796927668891,0.2014325161500406
1,sklearn,294,0.6600512526159609,0.6216215678316512,0.5689140488046931,0.27730339807026133,-0.09113720381126778
1,sklearn,295,-0.20352494207709018,-0.30079796787801155,-0.18219960500303678,0.3265672690714533,0.021325337074053402
1,sklearn,296,0.0022818211167014713,-0.028183345258313505,0.2978344488061033,0.23136989526853385,0.2955526276894018
1,sklearn,297,-0.5384951249270485,-0.8139761627812268,-0.5814653471518767,0.3713762545564123,-0.04297022222482816
1,sklearn,298,-0.23088856434510502,-0.20311416167608748,-0.07706133807528204,0.15340850950478432,0.15382722626982298
1,sklearn,299,-1.527692520385441,-1.6946099180686074,-0.7880549828303636,0.44402189696313743,0.7396375375550774
2,sklearn,0,-0.8477143076061271,-0.8906052046780983,-0.8326465584501297,0.15484863865388254,0.0150677491559974
2,sklearn,1,-0.2165165416027354,-0.269147838914398,-0.4008066358202593,0.32155409877213886,-0.18429009421752393
2,sklearn,2,-0.013704293762507952,-0.05370462467366378,0.06618114849606638,0.35174174731138813,0.07988544225857433
2,sklearn,3,0.008159816503301387,0.037489978629023354,0.07452632978677443,0.24382501474299859,0.06636651328347304
2,sklearn,4,1.7329376286376146,1.6095949324081222,0.6904650866032154,0.35048676187393035,-1.0424725420343992
2,sklearn,5,0.7762134095888479,0.7640191472723877,0.5293334782999568,0.3454151805831982,-0.24687993128889107
2,sklearn,6,-0.08609952451869532,0.010953534344651752,-0.22006313931688526,0.22066802317695117,-0.13396361479818994
2,sklearn,7,0.058558371056508185,0.13467982241351623,-0.10324637239198253,0.2610328230659773,-0.16180474344849072
2,sklearn,8,1.1450137781493344,1.0370046374872062,0.7880204215692168,0.24214817418160967,-0.35699335658011755
2,sklearn,9,1.027565059938598,0.9447955622783465,0.654556245936452,0.4490130312310883,-0.3730088140021459
2,sklearn,10,-0.276574050666634,-0.42543976106248255,-0.6019651555899559,0.24892001295374427,-0.3253911049233219
2,sklearn,11,-0.2029664485285328,-0.34741155553982384,-0.04951689413382043,0.3215506148277391,0.15344955439471236
2,sklearn,12,0.41572475418028426,0.4974836864836286,0.3502129935165813,0.3638440033387571,-0.06551176066370296
2,sklearn,13,0.468256962226897,0.5591959115357812,0.008580650723759575,0.27370572637207463,-0.4596763115031374
2,sklearn,14,0.2201489828140491,0.09467421141516319,0.2898350974831212,0.2239208270046873,0.0696861146690721
2,sklearn,15,0.9704261007274495,1.1575291212036567,0.5349579260278716,0.3409520759437629,-0.4354681746995779
2,sklearn,16,2.0175162636115247,2.150978122258891,1.5772029478799539,0.29123435897764766,-0.44031331573157084
2,sklearn,17,0.6514459632173214,0.7095561885778512,0.35929171404262217,0.32419003350467934,-0.29215424917469923
2,sklearn,18,-0.8968169349776332,-0.9400156277021641,-1.0504464094963506,0.2177409554161514,-0.15362947451871745
2,sklearn,19,-0.26398597521054756,-0.31692132825375696,-0.31950504379709077,0.17411581223156175,-0.05551906858654321
2,sklearn,20,-0.8685062238512503,-0.7878926079411954,-0.5931367975907387,0.33717612001546204,0.27536942626051164
2,sklearn,21,0.578578826888982,0.632134946098148,-0.04447137222728781,0.2835993410330515,-0.6230501991162698
2,sklearn,22,-0.6545245947933583,-0.8022270077317171,-0.7190476385241067,0.3320952018330182,-0.06452304373074835
2,sklearn,23,-0.810064087666642,-0.7870760554200328,-0.8371441541476448,0.2770241559506386,-0.027080066481002807
2,sklearn,24,-0.7882588713186565,-0.7674809163054961,-0.967100373217253,0.1813465683537181,-0.1788415018985965
2,sklearn,25,0.9477595360630336,1.0864386868610765,0.622068129393579,0.39041012810612097,-0.3256914066694546
2,sklearn,26,1.013637640712357,0.9285006530122824,0.13724667936193402,0.3112955424782621,-0.876390961350423
2,sklearn,27,-0.15365168905148413,-0.18716601094923302,-0.33289371218241426,0.39018875066586306,-0.17924202313093013
2,sklearn,28,0.5754228594839333,0.5568781678971384,0.38453901597404627,0.32429382184033273,-0.19088384350988707
2,sklearn,29,-0.6654967078731054,-0.6846196344226589,-0.6913191071735083,0.3535214858448744,-0.025822399300402865
2,sklearn,30,0.5107541598265943,0.45068260652193326,0.5093392630172113,0.20084866962461576,-0.0014148968093830039
2,sklearn,31,0.0659692294440481,0.200834013341662,-0.1479059598467387,0.3240101127543462,-0.2138751892907868
2,sklearn,32,0.7367489525504736,0.6494243844228569,0.6487196256960026,0.3790291456419099,-0.08802932685447096
2,sklearn,33,1.4497778089016062,1.3971639484856655,1.7448990613163726,0.3315384337435125,0.2951212524147664
2,sklearn,34,1.7843153616534617,1.686727803245496,1.158587119339563,0.3043004188772632,-0.6257282423138988
2,sklearn,35,0.1324800906744662,0.10424825251605088,0.3352418503577246,0.34612734757601954,0.20276175968325838
2,sklearn,36,1.0933052204928793,1.1973505760771888,0.6784799229977809,0.3410419386148462,-0.41482529749509833
2,sklearn,37,0.3908151359481221,0.40868897197143916,-0.1380433945187356,0.2731804620639678,-0.5288585304668577
2,sklearn,38,-0.6806775337790056,-0.6065540073861035,-0.7572219493862598,0.22730849420874472,-0.07654441560725411
2,sklearn,39,-0.09069435737501702,-0.03213963141032319,-0.23506461929471678,0.23030132429221728,-0.14437026191969976
2,sklearn,40,0.5961903003876512,0.57790410111362,1.2959634268064315,0.4715868381967006,0.6997731264187803
2,sklearn,41,-0.5800806035251235,-0.7609238712512023,-0.5765742531327116,0.3309479459674487,0.003506350392411872
2,sklearn,42,1.854733329861243,1.8741878150099265,1.4606115863691778,0.2692190722581377,-0.3941217434920652
2,sklearn,43,0.10231236417660206,0.09817930122821734,0.24501889219165873,0.3548469822184568,0.14270652801505668
2,sklearn,44,0.33341142508895316,0.30821487490702076,0.4588243878059848,0.21094890471618521,0.12541296271703162
2,sklearn,45,-0.2475452958527834,-0.2936351172273709,-0.5259128741314196,0.2807753163099857,-0.27836757827863623
2,sklearn,46,-0.13648249874718862,-0.15929158938782384,-0.3507368228104646,0.33343709601416427,-0.21425432406327596
2,sklearn,47,-0.624982047692746,-0.6965843066523822,-0.4207936890344808,0.1827159183097971,0.20418835865826523
2,sklearn,48,0.41319655892555873,0.33342465157381523,0.19191142728519273,0.2724975126849773,-0.221285131640366
2,sklearn,49,-0.1028295751695418,-0.16728736397832775,-0.1961844297434987,0.24176970012109542,-0.0933548545739569
2,sklearn,50,0.029719572640634212,0.05114932901433075,0.9712293153196567,0.40576466235976305,0.9415097426790225
2,sklearn,51,-0.4116077978652885,-0.24188327039097707,-0.46717324222688816,0.2901181515844677,-0.05556544436159966
2,sklearn,52,-0.14010004922011518,-0.0780138343301208,-0.1658031100081172,0.19515530926241612,-0.025703060788002025
2,sklearn,53,-0.9231480030837426,-1.1128059469134874,-1.0305688674658073,0.1993901308508069,-0.10742086438206477
2,sklearn,54,-0.5744554251418553,-0.559807169206535,-0.37733145918593847,0.28483277784413363,0.19712396595591686
2,sklearn,55,0.07414658673222368,0.12680703666181714,-0.2813743532045585,0.4026530661980794,-0.3555209399367822
2,sklearn,56,0.7510515339654554,0.8357148304251523,0.6862441845353668,0.2421871166341033,-0.06480734943008859
2,sklearn,57,-0.2873570647493444,-0.34388015052590337,-0.14327944835455808,0.2593300704665466,0.14407761639478633
2,sklearn,58,-0.614136278724009,-0.7691322520096193,-0.4828103695374244,0.2878438441800622,0.1313259091865846
2,sklearn,59,1.287405052832196,1.3722943967172267,1.5369406495127054,0.38792752526727553,0.2495355966805093
2,sklearn,60,-0.028428643092481387,-0.07187419077296073,-0.13986773106910988,0.27603057272659276,-0.11143908797662849
2,sklearn,61,-0.32211226486086997,-0.13525485985682884,-0.4407064492143782,0.4159249346712937,-0.11859418435350821
2,sklearn,62,-0.06403694228700277,-0.17814543192650747,-0.18299369506633223,0.2790349320652025,-0.11895675277932946
2,sklearn,63,0.9695347188082231,1.1701092884269253,0.5841162408567357,0.36867019498497045,-0.3854184779514873
2,sklearn,64,0.5917624820398367,0.4742470455813811,0.7287164456363366,0.17474580079533789,0.13695396359649992
2,sklearn,65,-0.5851382222927641,-0.3888825675199291,-0.6815628882394531,0.3145161869584395,-0.09642466594668897
2,sklearn,66,0.13194023294827412,0.1568596335088282,-0.24053860865285204,0.24324279467605317,-0.37247884160112615
2,sklearn,67,-0.10323982023542155,-0.0015363307849638186,-0.2837755254914932,0.19783604266147134,-0.18053570525607165
2,sklearn,68,1.058077416264641,1.1228856333476436,0.8007253972626076,0.28661005882348706,-0.2573520190020333
2,sklearn,69,0.033184972477447325,0.15009550109180403,0.28674728522030835,0.24379497038146286,0.253562312742861
2,sklearn,70,0.023225750725294134,0.06498795344319165,0.004291243227311448,0.24575100018866616,-0.018934507497982686
2,sklearn,71,0.11691226197779793,0.2107354582651803,0.28045571902361033,0.2460068435488002,0.1635434570458124
2,sklearn,72,0.10378519789438655,-0.0005978030611522855,0.08013573330002943,0.23459657082024202,-0.023649464594357114
2,sklearn,73,0.11094467923198678,0.11219407660697253,0.17471887517381357,0.2945904788308543,0.06377419594182679
2,sklearn,74,0.9304720741515959,0.8160345314789672,0.6540578873244698,0.2256484158054742,-0.27641418682712615
2,sklearn,75,0.19672284920989772,0.20067702567304346,-0.16453224171148806,0.21177052028412383,-0.36125509092138575
2,sklearn,76,-0.8874394439856292,-0.8544402155526942,-0.9287030720011131,0.20200916758925538,-0.04126362801548389
2,sklearn,77,-0.8171572321379299,-0.8165634840793452,-0.6680584888808125,0.23691127002710496,0.14909874325711736
2,sklearn,78,0.6197613945604918,0.7383730636605184,0.2645339789428931,0.22408568239471024,-0.35522741561759874
2,sklearn,79,1.0150199417178756,1.1098026675822825,0.07694706720187927,0.32692797736026524,-0.9380728745159963
2,sklearn,80,-0.013353898858319196,0.060866581226191416,-0.01932409945733138,0.28748837440947445,-0.005970200599012182
2,sklearn,81,1.0910199932017088,1.1986124653203405,1.3172135587215523,0.2494893644761155,0.2261935655198435
2,sklearn,82,-0.2350544665006027,-0.0750737616536176,-0.5284723699332767,0.29279724619728936,-0.29341790343267404
2,sklearn,83,-0.038054850100375764,-0.10535404367431687,0.9149531301318312,0.4150690470519059,0.953007980232207
2,sklearn,84,-0.12578015632028705,-0.15147292205091345,-0.1468765707180162,0.19731495879387714,-0.021096414397729135
2,sklearn,85,0.5597216705744594,0.5761542522744295,0.014000066813005141,0.26792238208786967,-0.5457216037614543
2,sklearn,86,-0.08054954361697203,-0.16652332500229,-0.28809069256952946,0.41991360619053114,-0.20754114895255743
2,sklearn,87,-0.00043130677007463536,-0.04030686893148256,-0.13618739025272575,0.36865965085801394,-0.1357560834826511
2,sklearn,88,0.9619046632785884,0.8167381519526141,1.2497513522426638,0.4550351931617812,0.2878466889640754
2,sklearn,89,0.6945033509136678,0.5828720616784608,1.3101800966839505,0.49551088411341765,0.6156767457702828
2,sklearn,90,0.5002269933040578,0.6441252244042364,0.2816816812010634,0.22974876786146217,-0.21854531210299444
2,sklearn,91,-1.1667900532917477,-1.1848884442953134,-0.9303455793039674,0.22329224108230872,0.23644447398778023
2,sklearn,92,-0.9602677865378706,-1.1444609773960202,-1.038044260186421,0.1962761921243812,-0.07777647364855045
2,sklearn,93,-0.5815176408279202,-0.551017164983956,-0.7291468349296624,0.3178845139905708,-0.14762919410174213
2,sklearn,94,1.064688401866356,1.0312698248271024,1.1743741988580059,0.22346456047883323,0.10968579699164982
2,sklearn,95,-1.1345851100298048,-1.3242919688649768,-1.171107445848393,0.19570999085672702,-0.036522335818588214
2,sklearn,96,0.269446557137614,0.19593276511555946,-0.0544085808314172,0.3192961076431526,-0.3238551379690312
2,sklearn,97,0.872246807911237,0.8458235752309019,1.3552305611597841,0.4171043034732359,0.48298375324854714
2,sklearn,98,-0.10944693021914159,-0.08436319183622067,-0.18016696925839426,0.24840487791626034,-0.07072003903925267
2,sklearn,99,1.8360375943949108,1.778543740406794,1.8539651596212545,0.31900186989962087,0.017927565226343756
2,sklearn,100,1.1363918343665658,1.2513479263307254,0.9309996365465509,0.2537863388828959,-0.20539219782001483
2,sklearn,101,0.2880623271293693,0.26705209839039656,0.14427153590951214,0.32238500560722816,-0.14379079121985716
2,sklearn,102,1.1002947847021756,1.337285085912002,0.565794854669303,0.4264443688175666,-0.5344999300328726
2,sklearn,103,-0.001571268992803354,0.09886148804043582,0.013350007289639976,0.3065285225272862,0.01492127628244333
2,sklearn,104,-0.6592686345255775,-0.5063892778553654,-0.7962426848301156,0.2620694297664282,-0.13697405030453813
2,sklearn,105,0.25736375903180353,0.3915255870577754,-0.014723231165928219,0.3078240789870422,-0.27208699019773175
2,sklearn,106,0.9077413732712029,0.789713420069652,0.03688897941625591,0.353042869929248,-0.870852393854947
2,sklearn,107,1.3850953219689737,1.517726743010277,0.8916960939164267,0.3431590320680083,-0.493399228052547
2,sklearn,108,-0.8960695095480898,-0.6260511087019542,-0.9716614292092141,0.20703476847925986,-0.07559191966112422
2,sklearn,109,0.36414398419452365,0.544578819418515,0.5395494232980171,0.4133884292204314,0.1754054391034935
2,sklearn,110,-0.9931773077712089,-0.9514740773161147,-1.0650838583567976,0.22881014093874905,-0.0719065505855887
2,sklearn,111,-0.012121573886870463,-0.11011340322126267,-0.2896885060105041,0.25961801600270484,-0.27756693212363365
2,sklearn,112,0.5691117411430763,0.6886913561543895,0.10498699191436511,0.379648242933698,-0.46412474922871116
2,sklearn,113,0.060042696151221264,0.01910121414546042,0.47186922113431695,0.2537082415760911,0.4118265249830957
2,sklearn,114,-0.39223847991400085,-0.3597879614454903,-0.3071896075906264,0.2527305538513663,0.08504887232337444
2,sklearn,115,1.0436298285175385,1.1410214734799817,0.5612216782686148,0.349281598336248,-0.4824081502489237
2,sklearn,116,-0.7512842638860877,-0.6291158904358947,-0.8584697737365214,0.19912630671900894,-0.10718550985043374
2,sklearn,117,-0.4001174635766379,-0.4760527120408259,-0.2867902342549664,0.26943864738915363,0.1133272293216715
2,sklearn,118,-0.530009864153464,-0.42755072358014146,-0.4531058752862034,0.18962511301053064,0.07690398886726058
2,sklearn,119,-0.20178483794420826,-0.14328970370193006,0.09774455807081917,0.21759368551121086,0.2995293960150274
2,sklearn,120,0.9190901732577179,0.8974882030708656,0.7894380988309924,0.2648554425303028,-0.12965207442672555
2,sklearn,121,-0.6862326039833148,-0.7116426971041043,-0.8012141341217998,0.3103434358356348,-0.114981530138485
2,sklearn,122,-0.32557995827376107,-0.28072258137466277,-0.5090968384523955,0.3843078247176042,-0.18351688017863443
2,sklearn,123,1.6347171823742814,1.8118359046121886,0.7852311422222522,0.2861984448425522,-0.8494860401520292
2,sklearn,124,0.32516651430195853,0.29307333243799116,0.3540346846744842,0.23429618548492212,0.028868170372525648
2,sklearn,125,-0.007870200032132624,0.08913595809017993,-0.309880965110231,0.37157190708865195,-0.3020107650780984
2,sklearn,126,0.23831188452103272,0.1615344840945935,0.03713639124372836,0.26896878963647075,-0.20117549327730436
2,sklearn,127,-0.5529621215429712,-0.599960159800971,-0.7094274070715652,0.22794279903041725,-0.15646528552859396
2,sklearn,128,-0.20351985490722269,-0.20171368304933163,-0.22671671708267027,0.16348288994773247,-0.023196862175447586
2,sklearn,129,-0.27356700067302986,-0.2804904682822501,-0.08047662260490362,0.2370121528209704,0.19309037806812623
2,sklearn,130,0.4049558937002963,0.3958643969503038,0.23755260627299712,0.2646190114190959,-0.16740328742729915
2,sklearn,131,0.3252483219461371,0.2543771513785191,0.5699974691943446,0.24939812921902416,0.24474914724820745
2,sklearn,132,-0.8896406997009288,-0.9480311117210635,-0.7889945021889604,0.332651433033817,0.10064619751196846
2,sklearn,133,1.0181879045017446,0.9797577105767135,0.7361633037999553,0.20088055730953608,-0.28202460070178925
2,sklearn,134,-0.0656119513974791,0.003640117816007829,0.17143666961070037,0.22623072711429607,0.23704862100817947
2,sklearn,135,-0.9143430536691438,-0.8760692634630838,-0.7239126545394736,0.18790872683165524,0.1904303991296702
2,sklearn,136,0.794159046068394,0.8748063377700355,0.42853175001400556,0.22617612220026587,-0.3656272960543885
2,sklearn,137,-0.42783876542649396,-0.31050159381628245,-0.470500961877915,0.37345238932292996,-0.04266219645142105
2,sklearn,138,-0.08737722710752671,-0.09116157136889516,0.20725921600235298,0.25384763350874806,0.2946364431098797
2,sklearn,139,-0.11771195875922302,-0.18011900572250616,1.018579548717863,0.4369484880895599,1.136291507477086
2,sklearn,140,-0.059843039938443005,-0.13072208225826637,-0.051995100942640704,0.37520558774517837,0.0078479389958023
2,sklearn,141,-0.0029833090207737056,0.16192884584636583,-0.10429878554666772,0.28377962271853435,-0.10131547652589401
2,sklearn,142,1.7050378223655616,1.795916396626372,1.593356624654863,0.2903528586013875,-0.11168119771069862
2,sklearn,143,1.4540568675231962,1.609006228859796,1.3506753790660566,0.2535699380373669,-0.10338148845713957
2,sklearn,144,-0.28493941686926083,-0.16566587672109312,-0.058517469704549185,0.21887995419791145,0.22642194716471165
2,sklearn,145,-0.42574889703505464,-0.4360247442642908,-0.24171838644768107,0.19063181482595995,0.18403051058737357
2,sklearn,146,0.029414552967900243,0.08448594776439106,-0.16087966129812292,0.33350004453507304,-0.19029421426602317
2,sklearn,147,-0.5553514349311877,-0.5387277715334786,-0.6532527944634747,0.22981164732693224,-0.09790135953228707
2,sklearn,148,-0.7948148648300846,-0.5705412386404525,-0.677044214065329,0.34844666062481183,0.11777065076475557
2,sklearn,149,0.38500105370410814,0.446443653154564,0.3436313568474567,0.384073269130858,-0.04136969685665143
2,sklearn,150,0.06267107434669228,0.2255741324948467,-0.07807290374818443,0.272296205360623,-0.1407439780948767
2,sklearn,151,1.190483292844779,1.2076332943870198,0.8110250774388835,0.3602967594131693,-0.3794582154058955
2,sklearn,152,-0.8642621703828288,-0.7277754470647224,-0.9831700250405238,0.2563885425169615,-0.11890785465769493
2,sklearn,153,-0.4834968106109728,-0.4520041127214607,-0.5066132174501208,0.33110537908402077,-0.02311640683914795
2,sklearn,154,0.26007084261775437,0.20404042954505744,0.15726778496069915,0.1949225788217511,-0.10280305765705522
2,sklearn,155,-0.28465766816123017,-0.14697668986411816,0.1540134259307684,0.3319862531070655,0.43867109409199856
2,sklearn,156,0.4420388327808907,0.37863818171609304,0.37670899935400515,0.22366725447451363,-0.06532983342688553
2,sklearn,157,0.3061892482799779,0.2848967048234875,0.654393067106045,0.24456849532211244,0.34820381882606705
2,sklearn,158,-0.31924888112109906,-0.23531772129655978,0.07949299297630219,0.38654919313294495,0.39874187409740125
2,sklearn,159,0.8774481735461067,0.9240773413979448,0.6437285483972697,0.19521510146725704,-0.23371962514883704
2,sklearn,160,-0.1379229175208442,-0.17200810301722164,0.2296576715007248,0.2723490840240774,0.367580589021569
2,sklearn,161,-0.9033277024331519,-0.8912817483774861,-1.0671941270036962,0.23280946423439314,-0.16386642457054434
2,sklearn,162,-0.02551599461235482,0.11353376080645958,-0.294721262083236,0.27110663102942356,-0.2692052674708812
2,sklearn,163,-0.12671401814988562,-0.19038817487164789,-0.3483006425134394,0.3426986276012421,-0.22158662436355378
2,sklearn,164,0.8865613899287074,0.6388134789104883,0.5474854788383103,0.2801290047377102,-0.33907591109039703
2,sklearn,165,0.322891137359713,0.43387798742021233,-0.2849382735225081,0.2220187276929853,-0.6078294108822211
2,sklearn,166,0.2160283909454356,0.17051594905486925,-0.27028270384187003,0.2927693219590717,-0.4863110947873056
2,sklearn,167,-0.8428080070587483,-0.8680463168611028,-0.9229556600203419,0.220399956622835,-0.08014765296159365
2,sklearn,168,-0.3720986341054877,-0.2895910416260181,-0.6935526559125629,0.2814665951342852,-0.32145402180707516
2,sklearn,169,-0.2633981664287714,-0.30261761595577613,-0.6336242675036328,0.3405012850478041,-0.37022610107486137
2,sklearn,170,-0.0682757526354748,-0.08580965742562462,-0.17815920646597938,0.2728679972045554,-0.10988345383050457
2,sklearn,171,-0.1931408192935894,-0.07533092114141515,-0.47865790662967633,0.30436265891758285,-0.28551708733608694
2,sklearn,172,-0.5322123292385231,-0.46318916427555484,-0.6890987664679677,0.27686302176822314,-0.15688643722944462
2,sklearn,173,0.5859800129160244,0.5850800600041487,0.4121456205207692,0.33070284195139227,-0.17383439239525522
2,sklearn,174,-0.756328483623503,-0.8348163607147716,-0.6565294161531448,0.2245085663383742,0.09979906747035827
2,sklearn,175,0.1647448489496539,0.0730218241540127,0.508001652511104,0.46855313246216224,0.34325680356145005
2,sklearn,176,0.8312848240805971,0.9273348393305305,0.484115124699263,0.30686495880770964,-0.34716969938133413
2,sklearn,177,1.36063827125467,1.4219696589463855,1.1992315994833973,0.3738283804513898,-0.16140667177127277
2,sklearn,178,-0.15000181559493686,-0.24149285634046447,0.12119372950443141,0.4176590757669171,0.2711955450993683
2,sklearn,179,-0.12906080957992494,-0.10064243005118413,-0.3955374772650124,0.29242343345750743,-0.2664766676850875
2,sklearn,180,-1.174872803547533,-1.3818196730726624,-1.0827703834741147,0.21418867877738665,0.0921024200734184
2,sklearn,181,-0.4098750979683822,-0.34079276881673304,-0.6480360121708686,0.33572270667751697,-0.23816091420248642
2,sklearn,182,0.8189274350780372,0.8496408020101365,1.092515300543078,0.2390095218697078,0.2735878654650409
2,sklearn,183,0.5785307484200557,0.5075428961252823,0.6161803066433298,0.37408735888257344,0.03764955822327409
2,sklearn,184,1.2052999276609737,1.3195372615832193,0.8821144837494601,0.29596337363449876,-0.3231854439115136
2,sklearn,185,0.4619612536710627,0.5010341974883211,1.2772893756690582,0.4111904901475704,0.8153281219979955
2,sklearn,186,1.790110696886296,1.7579537330270454,1.7283346567349236,0.36756121822707194,-0.0617760401513725
2,sklearn,187,0.34500557298663226,0.3117166023567562,0.24778660021526688,0.24256265379799946,-0.09721897277136538
2,sklearn,188,-1.026332016466076,-1.0549886453380948,-0.7717061600476454,0.20917596563165688,0.2546258564184307
2,sklearn,189,-0.7082542025770512,-0.6254786134729347,-0.6720163334439393,0.27704261990389595,0.03623786913311189
2,sklearn,190,1.3672068206953802,1.4295292805273838,1.4822272674416013,0.2777904390919007,0.11502044674622103
2,sklearn,191,0.5846070482791518,0.5405215815673682,0.11783942927262459,0.27757175520300525,-0.4667676190065272
2,sklearn,192,-0.8350993252053643,-0.9571697574515092,-1.0031167259183462,0.20751785688031704,-0.16801740071298188
2,sklearn,193,-0.3426502087062056,-0.3654721243557581,-0.10161806561579523,0.2795383693995351,0.24103214309041038
2,sklearn,194,1.3293693265349527,1.365617792232641,0.936806417324207,0.22923361001574008,-0.39256290921074566
2,sklearn,195,0.14011759990683578,0.057226464308164124,0.2444391767869245,0.3245452627831352,0.10432157688008872
2,sklearn,196,1.4958066039440379,1.416620573270309,0.8050626702798547,0.31980991796736424,-0.6907439336641832
2,sklearn,197,-0.6247946907302488,-0.6432125912690966,-0.5771715273200106,0.31075645151893444,0.0476231634102382
2,sklearn,198,0.12205590716408588,0.15138265387069777,-0.09412054815496829,0.17765272241938618,-0.21617645531905416
2,sklearn,199,0.5534040214864424,0.6154934190150265,0.7370288174340405,0.38031957503543207,0.18362479594759806
2,sklearn,200,-0.28556484339708244,-0.179703867244146,-0.042794012397130654,0.2030585411249553,0.24277083099995178
2,sklearn,201,1.2703040579158205,1.085810992777357,1.0366551667308972,0.2833414646864905,-0.23364889118492327
2,sklearn,202,1.0373108070812498,1.1377825605613148,0.8665166313564154,0.3408746836372505,-0.17079417572483435
2,sklearn,203,0.9467623397760924,0.981443249891781,0.1692231200550971,0.29798979604481246,-0.7775392197209953
2,sklearn,204,-0.043863079952777384,-0.10089882464053924,0.23477122256234662,0.3478446265613861,0.278634302515124
2,sklearn,205,0.3408530723554396,0.4208625413400948,0.3023145292685374,0.2492187419811088,-0.03853854308690219
2,sklearn,206,-0.200092467355506,-0.4058152235198541,-0.27751046879639274,0.2460112220906033,-0.07741800144088673
2,sklearn,207,1.072385206911092,0.8835804879949625,0.6508826162817498,0.3903349083647619,-0.42150259062934214
2,sklearn,208,0.43475116972668315,0.6285562128093011,0.3944727587507342,0.3814508399874814,-0.040278410975948975
2,sklearn,209,0.39024063396379205,0.2549194912925598,1.179769403631223,0.36897010660599944,0.7895287696674309
2,sklearn,210,0.9071261856851127,0.9256477464367047,0.3923662835704067,0.30197858800490174,-0.514759902114706
2,sklearn,211,0.8175448119233091,0.7028823464883944,0.6013047931800455,0.2837389781358476,-0.2162400187432636
2,sklearn,212,0.22023267632165022,0.16894061776702932,-0.031058856535468582,0.2545059596693929,-0.2512915328571188
2,sklearn,213,0.5632935437091943,0.4556885371134634,-0.1282054335637275,0.29905151993146506,-0.6914989772729218
2,sklearn,214,0.23192944908049917,0.3284278767412919,0.18179483301284982,0.26145473746485937,-0.05013461606764935
2,sklearn,215,0.1443394740947081,-0.06242972621895809,-0.08855351811008116,0.26849519619595924,-0.23289299220478926
2,sklearn,216,-0.9477824005435457,-0.954903777149204,-1.0293286216573998,0.1941151039060651,-0.08154622111385412
2,sklearn,217,0.039824001079751925,-0.06809673018988,-0.0940933235828103,0.32149713568766075,-0.13391732466256223
2,sklearn,218,0.08242768169004433,-0.029996229047241307,-0.2829039034112091,0.2353818926753966,-0.3653315851012534
2,sklearn,219,0.5970660308169489,0.6713757103996568,0.25219294514708834,0.371058058356767,-0.3448730856698605
2,sklearn,220,1.167893763320573,1.0693867416129976,0.7260409097040839,0.3640806360221836,-0.4418528536164892
2,sklearn,221,-0.7111513029767682,-0.7291794098014447,-0.6555082415645699,0.32761404778705294,0.055643061412198325
2,sklearn,222,1.3652516506960648,1.4059322657310254,0.9410763549727479,0.3354205349442255,-0.4241752957233169
2,sklearn,223,1.1335876773271147,1.1352379126688432,1.285949292327195,0.22514730677447792,0.15236161500008016
2,sklearn,224,1.790850558232369,1.8500489703711522,1.776449863238514,0.37138693816567525,-0.014400694993855101
2,sklearn,225,0.25348836353338544,0.3537161714925386,0.341555691742065,0.2874937002066074,0.08806732820867957
2,sklearn,226,0.19668179892890642,0.21667454041866366,-0.20321615905261892,0.3142546615331847,-0.39989795798152533
2,sklearn,227,0.3426891264726386,0.3050884326091655,0.31277435798033437,0.35876416900787717,-0.029914768492304233
2,sklearn,228,-0.010137768835153105,-0.021575859216706565,-0.048178669567525034,0.21828092397207735,-0.03804090073237193
2,sklearn,229,0.30352949699059867,0.2563385088937313,0.15624642456136373,0.19114912833638886,-0.14728307242923494
2,sklearn,230,0.383173052867822,0.4752352610732947,-0.23841670541773485,0.30441228508539897,-0.6215897582855568
2,sklearn,231,-0.9967064065631117,-1.0724426630283703,-0.8859662994172552,0.17052954752705166,0.11074010714585647
2,sklearn,232,-0.6386048711107319,-0.6090029282750393,-0.7706651460019165,0.31035994990981713,-0.13206027489118455
2,sklearn,233,-0.1858164091667725,-0.12503903232065527,0.2444431311078672,0.2729932666063272,0.4302595402746397
2,sklearn,234,-0.9606022217946715,-1.0362841650975192,-1.0209093093127342,0.18919773620651106,-0.060307087518062685
2,sklearn,235,0.4429261117061301,0.2837079107165428,0.6558937299530101,0.3889775214734651,0.21296761824687999
2,sklearn,236,0.10456913347335048,0.1840681116913222,0.07567096564283204,0.2274089707506389,-0.028898167830518434
2,sklearn,237,-1.3140997207584963,-1.3091647620748559,-1.1760325268922793,0.28335840665387985,0.13806719386621702
2,sklearn,238,-0.2893249694550042,-0.3040059716624988,-0.004337557990426788,0.24623591628188482,0.2849874114645774
2,sklearn,239,-0.8599951158247527,-0.8664804782688615,-0.6362718151741893,0.33657270974564085,0.22372330065056345
2,sklearn,240,0.11145551196604059,0.12443942959014141,-0.1062593998432515,0.26865838937867914,-0.2177149118092921
2,sklearn,241,0.8473761766188561,0.8815472674296669,0.6986654770985727,0.31754784403274094,-0.14871069952028337
2,sklearn,242,0.3002615965081715,0.28533189648069435,0.020250435123564614,0.3877946795172484,-0.2800111613846069
2,sklearn,243,-1.0103152720258401,-1.0780704907753216,-0.8749767498423084,0.20939255239745277,0.1353385221835317
2,sklearn,244,-0.3763407293505071,-0.33076336108706406,-0.18719089429249447,0.3367865465063682,0.18914983505801264
2,sklearn,245,-0.3365453904861473,-0.27070106132057425,-0.25578209365594207,0.16769251278628014,0.08076329683020522
2,sklearn,246,1.6644998438991618,1.595539662533059,0.5612902854169755,0.33524237681106694,-1.1032095584821864
2,sklearn,247,1.7751094824607319,1.5779045715726487,1.721153259156651,0.38837468647166284,-0.0539562233040809
2,sklearn,248,0.8404817465392169,0.9401036238226034,0.12689553589342273,0.29059548539426594,-0.7135862106457942
2,sklearn,249,1.8762152424400953,1.9588480146223328,1.8067320286441304,0.32269487679472086,-0.0694832137959649
2,sklearn,250,1.0176644719343089,1.0910222449821254,0.8872614488410546,0.3312884334704557,-0.13040302309325424
2,sklearn,251,-0.21714106038330677,-0.26549020978922105,-0.15145795608126944,0.18771556448821963,0.06568310430203733
2,sklearn,252,1.323164364192989,1.435944589885135,1.0485442722710463,0.17819066036060474,-0.2746200919219428
2,sklearn,253,0.9349019426409131,0.9762083456284957,0.8661098981712935,0.3665159260415603,-0.06879204446961962
2,sklearn,254,-0.4401371194261985,-0.47455913937424077,0.017011914473056056,0.27210881799302467,0.45714903389925454
2,sklearn,255,-0.39049897279374923,-0.46724957536105477,-0.22005003870266604,0.2408328388386794,0.1704489340910832
2,sklearn,256,0.6571663834157685,0.8211053860563261,1.1200439052634596,0.35219114460756257,0.46287752184769115
2,sklearn,257,0.27634191543954023,0.29101994621641347,0.4921644620854009,0.36079730520090864,0.21582254664586065
2,sklearn,258,0.6199197556867109,0.6162497871641162,0.634166989755161,0.15775380880926132,0.014247234068450076
2,sklearn,259,-0.34534259013639856,-0.442470897114428,-0.3882110830885632,0.3139080893013682,-0.04286849295216466
2,sklearn,260,-0.0122606041330251,0.060698467216817986,-0.17406750014823213,0.34714347300650034,-0.16180689601520704
2,sklearn,261,1.2372571435224604,1.2141346925402754,0.0992389211610778,0.35072919628276394,-1.1380182223613826
2,sklearn,262,-0.08257773824343634,0.08967485420227567,-0.04546605477183441,0.3316353089954349,0.03711168347160193
2,sklearn,263,1.1820710828476324,1.197269381266891,1.040584275204508,0.22591689964066694,-0.14148680764312438
2,sklearn,264,0.7900447860646389,0.8389581711775161,0.24600697264398486,0.26987247136445275,-0.544037813420654
2,sklearn,265,-0.12830351438419763,-0.2131282120784542,-0.11264215144677703,0.18079298556879805,0.015661362937420598
2,sklearn,266,0.714997608987701,0.5927797738741005,0.08909849458436314,0.29801420619770763,-0.6258991144033379
2,sklearn,267,1.7741691948634002,1.6788546094143237,1.2656385844410236,0.27209009329085393,-0.5085306104223766
2,sklearn,268,0.6896587984819723,0.6362009735042362,0.3195972907344924,0.29064411430081954,-0.3700615077474799
2,sklearn,269,-0.10374030368508869,-0.2382906051612785,-0.05298782412919678,0.34968493700170133,0.050752479555891905
2,sklearn,270,0.492146130924022,0.3796104150470362,0.5638514449147558,0.23148692342317193,0.07170531399073382
2,sklearn,271,-0.7351427446634017,-0.8702970725063127,-0.5656531583952131,0.3245303199015168,0.16948958626818855
2,sklearn,272,0.44962729491406084,0.4869474915950752,0.32321728161905017,0.17702682376146237,-0.12641001329501067
2,sklearn,273,-0.0974573122724918,-0.02087914992271038,-0.11352849491728545,0.18107081851851348,-0.016071182644793652
2,sklearn,274,0.9552143975622938,0.8727322320285024,0.7495149204386955,0.3246142948089294,-0.20569947712359826
2,sklearn,275,-0.33371230105445837,-0.18992359326845654,-0.09709804196483773,0.2965869582834414,0.23661425908962064
2,sklearn,276,1.0986421893807834,1.1373532687210002,0.26577614921521775,0.33587963208525917,-0.8328660401655656
2,sklearn,277,0.10330325114111599,0.1063523939449182,0.23413008339013786,0.38480600640630896,0.13082683224902186
2,sklearn,278,0.964541340741859,0.9885960912149265,0.4666959837897888,0.3227917930417498,-0.4978453569520702
2,sklearn,279,-0.6179721962669728,-0.44621142686466414,-0.7097889881492092,0.21870005324790867,-0.09181679188223646
2,sklearn,280,-1.1232441203411552,-1.0575759891365712,-1.1560115030848852,0.2111697192146095,-0.032767382743730034
2,sklearn,281,1.1342389001267354,1.243907518598646,0.7261023313521784,0.3185904532430152,-0.40813656877455706
2,sklearn,282,-0.0888753178415563,0.2110960570500445,-0.3975367023801928,0.3097688758576777,-0.30866138453863645
2,sklearn,283,0.8786795740614746,0.8528275196091833,0.9537114997417557,0.4040662780206331,0.07503192568028116
2,sklearn,284,2.007466536756569,1.9851765503425067,1.6265877316959987,0.26786146333427524,-0.38087880506057026
2,sklearn,285,-0.25927413839988045,-0.21449145233225617,-0.3398975140694356,0.26209376877052754,-0.08062337566955513
2,sklearn,286,-0.42541317854110416,-0.5233242486700621,-0.693080501605051,0.19594514948699635,-0.2676673230639468
2,sklearn,287,-0.14568066534762966,-0.21254188677047198,-0.019414045441935812,0.23860103727189597,0.12626661990569385
2,sklearn,288,1.4229241152407748,1.3390110961546773,0.462637623989421,0.28833166489878737,-0.9602864912513538
2,sklearn,289,-0.27198500910929324,-0.09541751894730013,-0.08603945354700748,0.23412522824936627,0.18594555556228576
2,sklearn,290,1.9248704983600076,1.9756843988024926,1.5431361869374545,0.23971926333510524,-0.3817343114225531
2,sklearn,291,0.19622824272814712,0.15084448116067736,0.11283344136291751,0.18259283306474205,-0.08339480136522961
2,sklearn,292,-0.4292012526661617,-0.5146724324261264,-0.5786199726415724,0.293676875322472,-0.14941871997541067
2,sklearn,293,-1.0135677820578026,-0.94476347887861,-0.8532254479777492,0.2007598906180016,0.16034233408005338
2,sklearn,294,1.0698964274396237,1.1629645573835563,0.48584876212441985,0.31571569293014345,-0.5840476653152038
2,sklearn,295,0.9087699717466424,0.8691757382621217,0.6115532133061894,0.32182486404025534,-0.29721675844045303
2,sklearn,296,-0.31650103102169036,-0.22355767711138824,-0.4342953165534347,0.3296350945942777,-0.11779428553174431
2,sklearn,297,-0.2678540581118641,-0.3290841830619168,-0.2866052884815482,0.3492014492255355,-0.018751230369684124
2,sklearn,298,-0.597256662209124,-0.4773953573786869,-0.3384354894446693,0.2577047696184589,0.2588211727644547
2,sklearn,299,-0.2742345572873347,-0.2224885625606263,-0.1843122168662612,0.29951384833857325,0.0899223404210735
3,sklearn,0,1.4406904926290356,1.579232488961787,1.4727411861336215,0.2525273483050961,0.03205069350458589
3,sklearn,1,0.5865408693285629,0.6188212672748996,0.43957583860400007,0.35260706733723907,-0.1469650307245628
3,sklearn,2,0.7270728917205869,0.6808883685349092,0.8532297237701023,0.2869240054592553,0.12615683204951544
3,sklearn,3,0.5918512449461529,0.717840844540288,0.7152522937951709,0.270601410341677,0.12340104884901792
3,sklearn,4,0.9118598392384374,1.0001697301508525,1.1022646710184247,0.18923292350012902,0.19040483177998735
3,sklearn,5,-0.0011284391033774543,-0.16417299724594048,0.16274041308815868,0.18986774367797982,0.16386885219153613
3,sklearn,6,1.7075812642205062,1.7159382331791282,1.7458995686645693,0.26139631617603126,0.038318304444063145
3,sklearn,7,0.607564386264987,0.662168369060301,0.6464534300223228,0.23879677345644784,0.03888904375733582
3,sklearn,8,1.7925131902516336,1.7244596597134887,1.8939602918139329,0.22425944452913685,0.1014471015622993
3,sklearn,9,0.7209664618554816,0.7019153307070408,0.9510741970340675,0.21844657311817878,0.23010773517858585
3,sklearn,10,0.15748093524987816,0.09291058375047347,1.3222284646144828,0.28691027831442223,1.1647475293646048
3,sklearn,11,-0.5949287124613878,-0.6401515237958494,0.0481696250145518,0.33110092976766925,0.6430983374759396
3,sklearn,12,1.1392340599261777,1.0406065719747555,1.1833142499956715,0.2487390133076618,0.04408019006949382
3,sklearn,13,-0.24038024817759548,-0.22753287622116017,0.04230685361064701,0.23436092974106218,0.2826871017882425
3,sklearn,14,0.17520166460782205,0.06103028515810516,-0.05266686699257761,0.22644337140469978,-0.22786853160039966
3,sklearn,15,0.902820787567964,0.8334234093991144,0.8602395628393751,0.26894884533792257,-0.04258122472858894
3,sklearn,16,0.707192601121359,0.6834715054367727,1.1807428759040342,0.3193284787247988,0.4735502747826752
3,sklearn,17,0.1500810084563364,0.17992906454742874,0.13458085784122886,0.35430649848297024,-0.015500150615107539
3,sklearn,18,1.8979804581338386,1.9104086369890145,1.8024405967873527,0.23856395842424197,-0.09553986134648595
3,sklearn,19,0.27746606520610334,0.38744587675367836,0.7045204915386059,0.2796208306665199,0.4270544263325025
3,sklearn,20,-0.28557036330838065,-0.34520434763775876,0.1443261860897067,0.2947611516534391,0.42989654939808736
3,sklearn,21,0.5953318844769375,0.7160026541659701,0.4894417815221743,0.32189480990211095,-0.1058901029547632
3,sklearn,22,-0.1571535660589236,-0.4048621314645988,-0.13915546153925007,0.2361258415530403,0.01799810451967354
3,sklearn,23,1.4892726969373928,1.6205448345787157,1.3113912380507742,0.24091229566998165,-0.17788145888661866
3,sklearn,24,1.8940871304906834,1.9051156663414628,2.08137190906708,0.3259143166178552,0.1872847785763967
3,sklearn,25,-0.6738704308677366,-0.7665530788303333,-0.055124508815019624,0.314727833223174,0.618745922052717
3,sklearn,26,0.5739559477328714,0.5499763113732877,0.41404128636821724,0.39158975725317857,-0.15991466136465415
3,sklearn,27,0.2296952437230822,0.19134793149067986,0.38242438591415606,0.17548936609437232,0.15272914219107386
3,sklearn,28,2.4044359747194766,2.3714211460507135,1.9728155928803588,0.24717412961253898,-0.4316203818391178
3,sklearn,29,0.060892859320363826,0.23413137229672137,-0.2146720214753124,0.2287979367761409,-0.2755648807956762
3,sklearn,30,1.0397065402528771,1.0606458126713314,1.0185952801756137,0.32777174047709967,-0.021111260077263383
3,sklearn,31,-0.3543267231720197,-0.44221805135142894,0.8392542421927409,0.31802193362497577,1.1935809653647607
3,sklearn,32,0.27738083041752415,0.30650687458919157,0.33397540433381323,0.23999802683698943,0.05659457391628908
3,sklearn,33,0.20541995361189025,0.31155651801103745,0.4743050853072752,0.22935031746245232,0.26888513169538497
3,sklearn,34,0.7603669258934818,0.7161474205883326,1.2531901324780108,0.2898680239916873,0.49282320658452905
3,sklearn,35,0.14947561233111772,0.18484538566426267,0.28731784026641094,0.24269021323901568,0.13784222793529322
3,sklearn,36,0.5544839353276212,0.5586112799632333,0.8570560171755588,0.26739672469730447,0.3025720818479376
3,sklearn,37,-0.12689608633849514,-0.038996732892308233,-0.08771128167243347,0.1886867402642458,0.03918480466606167
3,sklearn,38,2.57519085081463,2.608274553453263,2.4411380899985033,0.2848323739508599,-0.1340527608161266
3,sklearn,39,0.23701837188394248,0.14733573907047542,-0.1907845348657986,0.25031784660604545,-0.4278029067497411
3,sklearn,40,0.32195684708435823,0.4777212390036387,0.23462244537852683,0.1834103105677476,-0.0873344017058314
3,sklearn,41,1.1457822347846471,1.2047090877344149,0.934966507092664,0.22184459478139865,-0.2108157276919831
3,sklearn,42,0.780781444493956,0.8260243577883932,0.6456947227056347,0.24990642912276165,-0.13508672178832137
3,sklearn,43,0.5625050584670644,0.599591631403002,0.2697787501691664,0.271420074902068,-0.29272630829789803
3,sklearn,44,1.0985707996277347,1.1345492936946016,1.1666105372289106,0.3537092393705102,0.06803973760117588
3,sklearn,45,1.9073617888087941,1.9690163016738191,1.9031132972226494,0.24237389292734055,-0.004248491586144709
3,sklearn,46,-0.15538868317540244,-0.19475888100459748,0.16857035434514955,0.2570987878657422,0.323959037520552
3,sklearn,47,-0.2624182696927223,-0.40791917963010216,0.4959456244113589,0.24070568657737276,0.7583638941040812
3,sklearn,48,-0.0005112771905961822,0.013544364025209726,0.29109854255583656,0.32952128684204396,0.29160981974643274
3,sklearn,49,-0.4552298036896229,-0.5726854377044057,-0.06660312263456092,0.21585277224076357,0.388626681055062
3,sklearn,50,0.11805244571363119,0.26740692397840427,0.12607261255838154,0.22922730348713674,0.008020166844750348
3,sklearn,51,0.1983551889064572,0.08078092579757612,0.30655623742611837,0.24269747747853782,0.10820104851966117
3,sklearn,52,2.720504714887216,2.8222593972459213,2.461127580480536,0.2524209258636991,-0.2593771344066802
3,sklearn,53,0.12925847545132985,0.16513349864690208,-0.043875757472605414,0.1823795348174562,-0.17313423292393526
3,sklearn,54,0.013666551377152447,0.052575839865862055,-0.048628146219108714,0.2845490796359785,-0.06229469759626116
3,sklearn,55,0.9005494957872392,0.8301135642121051,0.6917089475981726,0.27023208165677515,-0.2088405481890666
3,sklearn,56,0.17866314348967516,0.16918255590698336,-0.07785694127260712,0.19035652223333255,-0.2565200847622823
3,sklearn,57,1.4110593659603183,1.255778556259326,1.156364383773166,0.2802726109601008,-0.25469498218715225
3,sklearn,58,0.012868788649361793,-0.03640183961283784,0.004064257914489389,0.185388905363395,-0.008804530734872404
3,sklearn,59,-0.2373074528529463,-0.2412859340942089,-0.10866869190260786,0.21420055039778893,0.12863876095033844
3,sklearn,60,-0.160996801277619,-0.17791849187330472,-0.16676483768246797,0.28509948236268734,-0.005768036404848964
3,sklearn,61,0.24053769455046015,0.1250943231187149,0.22687216001582655,0.26321673936899453,-0.013665534534633594
3,sklearn,62,1.4707984452506662,1.6067078392108098,1.2203796355096515,0.20234350210660548,-0.2504188097410147
3,sklearn,63,-0.33017966365125756,-0.4652725474866952,-0.11705872841617193,0.22656203934336852,0.21312093523508563
3,sklearn,64,0.8611414288256294,0.8680222502887326,0.866465954091062,0.35175830275482933,0.005324525265432589
3,sklearn,65,-0.4809744646700739,-0.4281757317801286,0.13296665025464627,0.33429515378281166,0.6139411149247201
3,sklearn,66,0.36586247248063086,0.364383459851838,0.3931438804180125,0.29553416613074257,0.027281407937381652
3,sklearn,67,-0.09266456233596132,-0.2731606911472707,-0.41055875394620145,0.17935666963271132,-0.31789419161024013
3,sklearn,68,0.35174785438784784,0.10840764749975071,0.15837123967421363,0.20118386031766716,-0.1933766147136342
3,sklearn,69,-0.6258766643073971,-0.7456146130178203,-0.10135567734810991,0.32860502573136063,0.5245209869592872
3,sklearn,70,0.9719278775401992,1.0110799344423285,0.6243651193546498,0.22562720322420798,-0.3475627581855494
3,sklearn,71,0.2871374784379144,0.15046828922058986,-0.036289324691409774,0.2749635062425495,-0.32342680312932415
3,sklearn,72,0.6847038280459569,0.8018094402941792,0.5691780818203185,0.23455071997487859,-0.11552574622563838
3,sklearn,73,0.22599266033616494,-0.13002877221137343,0.02886518777936331,0.2909893817140221,-0.19712747255680163
3,sklearn,74,1.6298980494779798,1.5643453672226155,1.605629930547991,0.267346824074859,-0.024268118929988702
3,sklearn,75,0.2650079110331451,0.437736125223546,0.786974005542664,0.3366396356659509,0.5219660945095188
3,sklearn,76,0.9399521028257832,0.8222129099397767,0.8755728822934685,0.2541900447477185,-0.06437922053231471
3,sklearn,77,1.0795252591165336,1.085012161074387,1.0667661771289723,0.4408749482584572,-0.012759081987561371
3,sklearn,78,-0.7483256954432749,-0.7529185374877185,0.2899585249815928,0.3436772317345745,1.0382842204248677
3,sklearn,79,0.23349989934343357,0.1960498642094866,1.1261896268469123,0.3372222381484762,0.8926897275034786
3,sklearn,80,1.3999065526870136,1.2021021572185866,1.559292062342962,0.29655382437352185,0.15938550965594844
3,sklearn,81,1.3515374387012624,1.4059152117196798,1.3894470420696727,0.22649111059282995,0.037909603368410316
3,sklearn,82,-0.5950456725396218,-0.6491866906961328,-0.39196012924974255,0.2766810994156129,0.20308554328987927
3,sklearn,83,2.382808170545203,2.3498263247474904,2.472135044109315,0.20046016405356615,0.08932687356411195
3,sklearn,84,0.28786244733445476,0.34516102596385795,0.6891299710221723,0.37266020818327716,0.40126752368771756
3,sklearn,85,1.657611430266215,1.6788144717305915,1.4812125652933972,0.2844504146358978,-0.17639886497281787
3,sklearn,86,1.3608328444614632,1.4094407429931164,1.232088726175533,0.2562363178502689,-0.12874411828593013
3,sklearn,87,0.03369072641728876,-0.004015363568100755,0.6140931486625512,0.3170513056390458,0.5804024222452624
3,sklearn,88,1.0960417978393324,0.9738854381992689,1.0900468092383893,0.41413642832142034,-0.005994988600943163
3,sklearn,89,0.17625183473856743,0.22512191960184755,0.9231016016045004,0.3324561102457728,0.746849766865933
3,sklearn,90,-0.23702208482709808,-0.34869560444766906,0.12165648224977943,0.22249394424552327,0.3586785670768775
3,sklearn,91,0.9270351955339895,0.8337175784709289,1.014253394782184,0.294443382910007,0.0872181992481944
3,sklearn,92,0.07290954112182857,0.09470166828071674,-0.09428743119978122,0.19019454348292122,-0.1671969723216098
3,sklearn,93,-0.449902488098624,-0.35954571326823803,0.487730941719672,0.2726880015950803,0.937633429818296
3,sklearn,94,2.071847220437641,2.2697193382740015,2.0297035669108396,0.24461644553633724,-0.04214365352680138
3,sklearn,95,-0.384044888706538,-0.5755119219629066,-0.1753794822271928,0.306951341653356,0.20866540647934523
3,sklearn,96,0.8429704801482433,0.9662476213188628,0.7012202149273037,0.31087667651644163,-0.1417502652209396
3,sklearn,97,0.14869497006264887,0.134248119205341,-0.11885503589081736,0.2147516059910819,-0.26755000595346623
3,sklearn,98,-0.6843776298778486,-0.7131998976118412,0.23658467070477585,0.35445898294428907,0.9209623005826244
3,sklearn,99,-0.6071045127355211,-0.6452128683449609,-0.32112660514152225,0.21001702530179633,0.2859779075939989
3,sklearn,100,0.8868933371498009,0.8780291397693574,1.0643783971564655,0.2291909572053428,0.17748506000666464
3,sklearn,101,-0.6866681200460203,-0.6404386585388923,-0.18764204578001298,0.24624647876322095,0.4990260742660073
3,sklearn,102,-0.5646901436118681,-0.4879960657637048,-0.42620313028213275,0.20963736585506673,0.13848701332973534
3,sklearn,103,1.959337972902142,2.0122652814769015,2.0039505955331016,0.24805735980947816,0.04461262263095955
3,sklearn,104,1.814945791332656,1.8046892525792837,1.947829705006761,0.21494470436774557,0.1328839136741049
3,sklearn,105,0.38701849656479076,0.4550072105415728,0.981939471767248,0.32080011714112655,0.5949209752024573
3,sklearn,106,0.032125236814468744,0.0074995489132313395,-0.24872022413156358,0.19646718373896818,-0.28084546094603235
3,sklearn,107,-0.009033793192784592,0.32883402453683913,0.13590491767865132,0.2267263605483607,0.1449387108714359
3,sklearn,108,0.25300079501889483,0.3625236182068298,0.16270238201988363,0.16100120315130237,-0.0902984129990112
3,sklearn,109,-0.5263083031638287,-0.44642928668461523,-0.1879522673579892,0.3405269371019023,0.3383560358058395
3,sklearn,110,1.7792759932784894,1.8853972391358986,1.8413077245487628,0.29478619572863457,0.062031731270273394
3,sklearn,111,-0.22757066799040748,-0.28895509799273467,-0.13689160167876224,0.22709984848334772,0.09067906631164524
3,sklearn,112,1.0079536671357807,1.056580090005691,1.241704452242427,0.2670279692662246,0.23375078510664626
3,sklearn,113,-0.882405976677402,-0.835917176812217,-0.1856381138952976,0.24394573473309278,0.6967678627821043
3,sklearn,114,0.3793223512218118,0.4684790193076511,0.5758779302252783,0.25457842715724704,0.19655557900346654
3,sklearn,115,0.3380326638605327,0.313636966966054,0.4953424962016264,0.21339271563024892,0.1573098323410937
3,sklearn,116,0.6621855814887649,0.5757625834715157,0.8669712831869099,0.2535274941097008,0.20478570169814492
3,sklearn,117,2.532391852844254,2.556545041133553,2.3301391200819275,0.23284139226555056,-0.20225273276232647
3,sklearn,118,0.11997044306644827,0.10051149126810162,0.2814614425253481,0.2665063281102134,0.16149099945889983
3,sklearn,119,1.4512351543610897,1.3879736702402683,1.232354136039902,0.26690802853755974,-0.21888101832118778
3,sklearn,120,1.2251547093588613,1.3455966539406181,0.9066490770326929,0.23623193229042672,-0.31850563232616835
3,sklearn,121,0.7790716978306257,0.9209742836520391,0.9576223363948522,0.24880654880588055,0.17855063856422648
3,sklearn,122,-0.10446120464490813,-0.08273372716407773,-0.4308792217105051,0.23609461230283368,-0.3264180170655969
3,sklearn,123,0.47445780290729783,0.4630177500227568,0.5575801335297399,0.24869126818772652,0.08312233062244206
3,sklearn,124,0.2906069681698953,0.2978435978375502,0.24827297663885162,0.20454062363446707,-0.04233399153104367
3,sklearn,125,0.4456593672532387,0.5204510901414996,0.6467566989280513,0.2795347860858659,0.20109733167481264
3,sklearn,126,-0.28475136181044075,-0.331810887853914,-0.004725690038949182,0.29350194864497714,0.28002567177149157
3,sklearn,127,-0.6075542463915168,-0.594872528728672,-0.031989359204761314,0.3204740573861387,0.5755648871867555
3,sklearn,128,0.06724549669027247,-0.11146124045319733,0.0452117058224637,0.21234273422906375,-0.022033790867808767
3,sklearn,129,-0.42184872059597495,-0.4825089730673008,-0.14130636033829092,0.21495757569299234,0.28054236025768403
3,sklearn,130,2.3223093815590117,2.2193097969679485,2.296714030383619,0.1555521755939256,-0.0255953511753928
3,sklearn,131,0.03422720286186634,0.018962361860407465,0.18881663726637044,0.24286754646877234,0.1545894344045041
3,sklearn,132,-0.3378159924183637,-0.3449204421603272,-0.16137932744862127,0.30279877021844376,0.17643666496974242
3,sklearn,133,1.2142117759228834,1.0550665025088142,1.5297683704263925,0.259330336927405,0.31555659450350904
3,sklearn,134,0.1933182624108033,0.07948538239149491,1.3626565263835388,0.2681731215312515,1.1693382639727354
3,sklearn,135,2.3391180291191103,2.410862640784851,2.23560649975715,0.1738015531354308,-0.10351152936196018
3,sklearn,136,0.06770860423768865,0.15944025699378245,0.824165957683622,0.23829053305795564,0.7564573534459333
3,sklearn,137,-0.1266349989302126,-0.1909055929306405,-0.06488421125559185,0.19026766039083604,0.06175078767462075
3,sklearn,138,0.019702796725685492,0.08666040932223922,-0.030513790965049026,0.18524195852060069,-0.05021658769073452
3,sklearn,139,0.5820391041156796,0.5653720491198216,1.2462123968054186,0.2899688743628719,0.664173292689739
3,sklearn,140,1.3406593387878802,1.344250934891709,1.030489811538768,0.2957130215708973,-0.3101695272491123
3,sklearn,141,1.2238842489738855,1.2306355284016637,1.4718799591385263,0.29483069053314337,0.24799571016464084
3,sklearn,142,2.4182006953372808,2.5582813784701792,2.6579358939751394,0.19584673960983467,0.23973519863785864
3,sklearn,143,0.15204296756590296,0.16544301825844696,-0.21196415129979584,0.2879723078316361,-0.3640071188656988
3,sklearn,144,0.5232609681856869,0.5397889843838741,1.2202708837611667,0.26154663870675826,0.6970099155754798
3,sklearn,145,1.085765319042769,1.0982843763907595,1.310351824146327,0.266578466079594,0.22458650510355804
3,sklearn,146,-0.09342731041707455,-0.09842223140534583,0.9867503122385521,0.31111667338648386,1.0801776226556268
3,sklearn,147,0.6252695716908881,0.7109527844889669,0.6430337178499492,0.3000469356880826,0.01776414615906108
3,sklearn,148,1.0713331912514927,0.9567083688307483,1.14333793320084,0.3111821762508299,0.07200474194934725
3,sklearn,149,0.39396993753105697,0.6139329432590732,0.5821069371565528,0.26685217741756584,0.18813699962549585
3,sklearn,150,1.2178583995091499,1.1556601941081763,0.9119898384952876,0.2404474480576376,-0.3058685610138623
3,sklearn,151,0.07943941902631266,0.14582020966026876,0.09951637153509907,0.22144320556198627,0.02007695250878641
3,sklearn,152,0.6370033240999071,0.755038454104181,0.8834838637462195,0.355368838424333,0.24648053964631234
3,sklearn,153,0.8743228926969802,0.923786384223743,1.0262434849039046,0.20917039146652205,0.15192059220692444
3,sklearn,154,0.020412386107502373,-0.22647607028796227,-0.029772419531038707,0.1540956001166003,-0.05018480563854108
3,sklearn,155,0.7197671943145613,0.690951315375231,1.0990065644157703,0.23270075295431877,0.379239370101209
3,sklearn,156,2.052177945329054,2.039711213296904,1.9256037230911218,0.2408209640097542,-0.12657422223793224
3,sklearn,157,1.7102933375349527,1.7751936724722504,1.6804686811503906,0.28051538518150787,-0.02982465638456211
3,sklearn,158,0.47856300677305796,0.5367414169950958,0.2041279513274077,0.2756002713961466,-0.2744350554456503
3,sklearn,159,-0.6758112392656408,-0.5899618742168311,-0.09358229117230721,0.3271772716207396,0.5822289480933336
3,sklearn,160,0.8100410400239132,0.8279608581746539,1.076766133715541,0.2551562305606475,0.2667250936916278
3,sklearn,161,-0.7167566840252364,-0.6029557183030559,0.2570492093914929,0.3104662948084141,0.9738058934167293
3,sklearn,162,0.3948645254211498,0.4069786253655364,0.5408607239333598,0.3217384653026429,0.14599619851221002
3,sklearn,163,1.2118316782640852,1.3046607500576317,1.1329052675203304,0.19928079199927692,-0.07892641074375484
3,sklearn,164,1.2215956247016342,1.310014924176848,1.450273380114048,0.19969374030272224,0.22867775541241375
3,sklearn,165,0.5847074546202208,0.6001286110830946,0.42133677475510467,0.3958197164530941,-0.1633706798651161
3,sklearn,166,-0.6241131396744964,-0.501742769778694,-0.32002403681605784,0.2902105769969233,0.3040891028584386
3,sklearn,167,0.2895811768665658,0.36665286928114554,0.47868909919257874,0.23853892646631814,0.18910792232601292
3,sklearn,168,0.8295327098201326,0.8425089967416919,1.1643143230833601,0.22506721826617354,0.33478161326322753
3,sklearn,169,1.8241168430866064,1.768423140006969,1.58712728594098,0.2822594883573299,-0.23698955714562642
3,sklearn,170,0.14917782921861972,0.1710855476166474,0.0433600524609048,0.31020454409383075,-0.10581777675771492
3,sklearn,171,0.5195776671290113,0.5807677723399017,0.8363574934869717,0.2521214291920271,0.3167798263579604
3,sklearn,172,0.9099211924680841,0.7881611428527813,1.1673326786065772,0.28098121145070576,0.2574114861384931
3,sklearn,173,0.12893451855585672,0.041229492740921456,-0.06710881213505004,0.24873912299052425,-0.19604333069090676
3,sklearn,174,-0.5655271491389171,-0.5457955499587105,-0.4235474339969727,0.3140752012236323,0.1419797151419444
3,sklearn,175,1.2531658459807438,1.1854337769848533,1.5405908657207306,0.2419663918971454,0.2874250197399868
3,sklearn,176,0.1606723896263313,0.26865206228729127,0.12209595692037567,0.24774369979894206,-0.03857643270595562
3,sklearn,177,0.6031240610145668,0.7354460744397759,1.2219675947727602,0.2715793811376017,0.6188435337581933
3,sklearn,178,0.07461043219506705,0.07507670180547829,0.8989440471867205,0.32596404504494886,0.8243336149916535
3,sklearn,179,1.3507043746731995,1.3220374973759668,1.3470891735890014,0.2807500733017753,-0.0036152010841981053
3,sklearn,180,0.2553431009430581,0.10302935855900797,0.08462156054856607,0.2451699730842765,-0.17072154039449206
3,sklearn,181,0.49392665175255956,0.36868258324146835,0.6267255976765007,0.29653546243270534,0.13279894592394115
3,sklearn,182,0.8584257217006946,0.9445443772926753,0.9060459025791516,0.1897904257679063,0.047620180878456986
3,sklearn,183,1.2733406896201571,1.3185362904967333,1.1755031990507057,0.32249124054883865,-0.09783749056945146
3,sklearn,184,0.373776845518582,0.5521117500384836,0.9964388707067826,0.2987997235525954,0.6226620251882007
3,sklearn,185,0.23521561886564163,0.2552791031670953,1.1918748363659049,0.33206176057134384,0.9566592175002633
3,sklearn,186,1.156372067905337,1.260276301090017,1.0937586148452496,0.3930048782536829,-0.06261345306008748
3,sklearn,187,0.3139265262472325,0.4272346171584497,0.6534473196249877,0.2276984541615653,0.3395207933777552
3,sklearn,188,0.45481335466071104,0.461598236531906,0.9792238764364072,0.3570109728332283,0.5244105217756961
3,sklearn,189,-0.841095713655438,-0.7082329758898726,-0.14517976210740358,0.31101067208402133,0.6959159515480344
3,sklearn,190,0.547179900293437,0.31927635337180543,0.7430190150077571,0.22282578319790558,0.19583911471432014
3,sklearn,191,1.2989584384815829,1.0593521566928776,1.492790085282767,0.22707925019148037,0.19383164680118403
3,sklearn,192,0.5691099570890007,0.7179055016120864,0.41438934128698435,0.23557888128900642,-0.15472061580201635
3,sklearn,193,-0.5396480130424527,-0.6447892902707788,-0.13436240984761127,0.28811599346460204,0.4052856031948414
3,sklearn,194,-0.12569694362001121,0.037066243415090516,-0.22090276713696255,0.18368114713280562,-0.09520582351695134
3,sklearn,195,-0.05374532566825127,0.10724891663831387,0.4737967508910863,0.35141749529858896,0.5275420765593376
3,sklearn,196,0.16851983465502207,0.1275670738690631,-0.005524535755014881,0.25977605991487485,-0.17404437041003695
3,sklearn,197,0.5991065528596875,0.4507756809555029,0.39112504248915414,0.2820462049663939,-0.20798151037053336
3,sklearn,198,0.8742387228258637,0.8999887204125832,1.118644857696296,0.2530642659550097,0.24440613487043228
3,sklearn,199,1.5167236750166555,1.6615862488423505,1.2757762469745408,0.3549418150939242,-0.24094742804211466
3,sklearn,200,0.24192848270501605,0.22292544857898136,0.5303687619609008,0.2053018544190504,0.2884402792558847
3,sklearn,201,0.14448033409907624,0.337465994967132,0.21846705474060002,0.26476029609935653,0.07398672064152378
3,sklearn,202,-0.1878727771955482,-0.1839030673407385,0.3912002239558543,0.37781355052618987,0.5790730011514025
3,sklearn,203,0.8144990338245106,0.8317027234309392,1.1355215837187984,0.2593607943728622,0.3210225498942878
3,sklearn,204,1.0291796602051986,0.9460026609156399,1.2156996485331852,0.28910338184817785,0.18651998832798666
3,sklearn,205,0.7887863876636445,0.6798869837341172,0.5795941337900601,0.23330581424610544,-0.20919225387358442
3,sklearn,206,-0.05886669573730499,-0.10584942108225862,0.18999768532983907,0.23549983905687633,0.24886438106714406
3,sklearn,207,-0.6471615248779277,-0.6488430793812053,-0.3676789656131696,0.34704204305917746,0.27948255926475807
3,sklearn,208,0.8929539757757826,0.9537666894692052,1.022287610090359,0.3756024864002621,0.12933363431457645
3,sklearn,209,0.28641182327413717,0.11593533377953541,0.1754466214685415,0.22988499926364628,-0.11096520180559566
3,sklearn,210,0.20375885820059056,0.387105268156149,0.31358321221762964,0.2618952838605942,0.10982435401703908
3,sklearn,211,0.5223708548943315,0.48119471262036106,1.2363951920154967,0.3115586736823116,0.7140243371211652
3,sklearn,212,0.7937037152232326,0.769705813553055,0.4791319277811823,0.2932187711244597,-0.3145717874420503
3,sklearn,213,1.6067973014956105,1.674099100763553,1.5133699554516227,0.2441548308742478,-0.09342734604398784
3,sklearn,214,-0.24023909745698388,-0.39180248981809307,-8.291656772740907e-06,0.23313863919263958,0.24023080580021114
3,sklearn,215,1.0423370729812973,1.0165337584639262,1.2506320152563077,0.3482374199037184,0.20829494227501044
3,sklearn,216,0.35858265156431923,0.3727786101017431,0.9101459907316585,0.37438920261396985,0.5515633391673392
3,sklearn,217,1.4526708506583996,1.3430113356734792,1.2816953736525782,0.20963551009771111,-0.17097547700582139
3,sklearn,218,1.0916062927393542,1.299252343177339,1.2709903314204638,0.30235126796641626,0.17938403868110964
3,sklearn,219,0.8920112465410354,0.8310198698360703,1.1212947889919,0.31549907771477853,0.22928354245086469
3,sklearn,220,-0.6923929035936461,-0.7534406218416916,0.010926017268797494,0.31345781353061597,0.7033189208624436
3,sklearn,221,0.6190207210246985,0.637452987394311,1.0286460369216641,0.2498500594973633,0.4096253158969656
3,sklearn,222,0.44036332471650586,0.47219583638725776,1.0587658664306439,0.2391062478664775,0.618402541714138
3,sklearn,223,1.2545774095156976,1.2025116118331804,1.200160131761283,0.28084648850279875,-0.05441727775441452
3,sklearn,224,0.8891491244757666,0.9518046091953907,1.1803544057620599,0.34592303919292317,0.2912052812862933
3,sklearn,225,1.2190289462414206,1.2258261006819267,1.1671739114885042,0.290355382146804,-0.05185503475291631
3,sklearn,226,0.013155667994791578,0.011550750598113347,-0.008856637325227013,0.20559960757393864,-0.02201230532001859
3,sklearn,227,0.7678493958170289,0.8260741898582137,1.0429637625440087,0.25812699955916274,0.27511436672697975
3,sklearn,228,1.1547507359129643,1.2455791400539096,1.1986330013948638,0.25985073906909884,0.04388226548189955
3,sklearn,229,0.998587696161275,0.8906466836311117,1.1283715842716653,0.3038271392676354,0.12978388811039032
3,sklearn,230,0.7319258319846601,0.8159259878611513,0.8633667021404072,0.22835062625242575,0.13144087015574712
3,sklearn,231,1.3303162063893845,1.4870030541320647,1.2856558106115408,0.16020698726351892,-0.04466039577784375
3,sklearn,232,-0.43761647992198544,-0.23304575592657006,0.13809787381944716,0.3140958428274749,0.5757143537414326
3,sklearn,233,0.9508357446801184,1.0247395802207877,1.0004411110757658,0.27661357544281273,0.04960536639564739
3,sklearn,234,0.5311283871951125,0.3577572855361946,0.5055592309453054,0.2481919931360826,-0.025569156249807046
3,sklearn,235,-0.02375770885152878,-0.1306890505993471,0.9111112976998967,0.34579871238246174,0.9348690065514256
3,sklearn,236,1.1989103512485588,1.2410905435723232,1.321813886824767,0.278675148385662,0.12290353557620826
3,sklearn,237,0.18374604733006922,0.11944561280898315,-0.18859724939627398,0.22722819516195258,-0.3723432967263432
3,sklearn,238,1.242137059944002,1.237127461084229,1.3523241588364847,0.27615031823142017,0.11018709889248268
3,sklearn,239,1.396979573228652,1.3389172494316055,1.3711360374853783,0.17229781888355952,-0.025843535743273804
3,sklearn,240,0.7245023813681,0.7766728160223773,0.9850386207468311,0.2904924353067492,0.26053623937873116
3,sklearn,241,0.7478712045245373,0.8449345551211691,0.49330008091412836,0.39304217164274285,-0.2545711236104089
3,sklearn,242,1.0127804075864457,1.0432691412799722,1.364216421554726,0.26596040005917737,0.3514360139682804
3,sklearn,243,2.1834383116006437,2.2608648334111954,2.226369403137234,0.3178833519567294,0.04293109153659014
3,sklearn,244,2.2627910087623917,2.2416882007786274,2.5358189515416782,0.2080197335211905,0.27302794277928655
3,sklearn,245,1.0335179205998144,1.113647911494392,1.1355929419073796,0.18932607478808497,0.10207502130756518
3,sklearn,246,-0.23450444989900188,-0.35289440436409164,-0.10805892502268222,0.17525696233818575,0.12644552487631966
3,sklearn,247,1.369302181206108,1.2713800259708727,1.0877824702988192,0.238537031596744,-0.28151971090728867
3,sklearn,248,0.18994509907915894,0.21196801488030095,0.17712244595963966,0.3609073382099836,-0.012822653119519273
3,sklearn,249,-0.12520326434254397,-0.012044761153618022,-0.17273238002903923,0.25159203257046814,-0.04752911568649526
3,sklearn,250,-0.7882649383014917,-0.8138357782735304,-0.21176854346462193,0.3360511390087411,0.5764963948368698
3,sklearn,251,0.2178422875313346,0.23854991780704785,0.22140949352820272,0.18865465742788448,0.003567205996868106
3,sklearn,252,0.37387613604653236,0.36173985676477705,-0.035576980527704194,0.26564820397858097,-0.40945311657423655
3,sklearn,253,1.1948597161463572,1.2108903901454335,1.411853572177126,0.306682314826629,0.2169938560307687
3,sklearn,254,1.4617535964794373,1.455790474243026,1.1855842539103385,0.2905543749797548,-0.27616934256909875
3,sklearn,255,1.2822140536946187,1.30933810234435,1.0082646097540149,0.2883004555081886,-0.27394944394060383
3,sklearn,256,0.0763957314407353,-0.03506604222330095,1.1903216825942593,0.30255413961062305,1.113925951153524
3,sklearn,257,0.5925670744961338,0.739349910133243,0.44085830082804733,0.21077555635778433,-0.15170877366808644
3,sklearn,258,1.8990555524018713,1.793329566971501,2.0224779948063656,0.3235558217421732,0.12342244240449429
3,sklearn,259,1.3024991612215508,1.315240740789744,1.5966229275928114,0.2457030866238999,0.2941237663712606
3,sklearn,260,0.4638115548524486,0.38883804409022665,0.9436058662149698,0.4480391050046617,0.47979431136252115
3,sklearn,261,0.8542767399710647,1.0058022323146245,1.0167661202124698,0.25836221683074556,0.16248938024140513
3,sklearn,262,-0.3565614720526852,-0.4586437709650608,0.753123527812896,0.3310806306508664,1.1096849998655811
3,sklearn,263,2.5409764902388234,2.478910472602296,2.4246553445292705,0.2799782719849654,-0.11632114570955299
3,sklearn,264,0.5505226009934958,0.37374462886790266,0.9429028353615543,0.21802940441638813,0.39238023436805847
3,sklearn,265,1.1654786341109804,1.11143202354848,1.336769003031204,0.24524630531971192,0.17129036892022365
3,sklearn,266,-0.20600811387776666,-0.13552650487653595,-0.11364346554417892,0.20380870646021534,0.09236464833358773
3,sklearn,267,-0.659680068287117,-0.6036969307760711,0.03773066022733218,0.26582902209986536,0.6974107285144492
3,sklearn,268,0.7161667944004955,0.691208856747084,0.5144281239712853,0.2605961480877463,-0.20173867042921012
3,sklearn,269,0.28372285947520826,0.35271904043163965,0.2812620288648269,0.23882329420500245,-0.0024608306103813815
3,sklearn,270,1.5948502153058841,1.6609320648567314,1.9357246923934994,0.27347125709439707,0.3408744770876153
3,sklearn,271,-0.6596430634252564,-0.6151422823366547,-0.37868279054792353,0.2836602346474311,0.28096027287733283
3,sklearn,272,-0.39497835758689537,-0.13231881623260183,-0.14664428118911133,0.30727405738521274,0.24833407639778404
3,sklearn,273,0.899953488772998,0.89202408062035,0.7958247365579147,0.30067170928948955,-0.10412875221508322
3,sklearn,274,-0.1928539027196341,-0.21125742713346965,-0.18992481548523443,0.206926141812074,0.0029290872343996632
3,sklearn,275,0.24035430602160832,0.17711819155584674,-0.3612719999047691,0.28853166605283465,-0.6016263059263774
3,sklearn,276,2.5427074527041507,2.672276995570317,2.496032970587649,0.22079289078990283,-0.046674482116501714
3,sklearn,277,1.1460768960090404,0.9748205293538261,1.3869854485582351,0.17294746090097596,0.24090855254919474
3,sklearn,278,2.93406793829962,2.927546779980685,2.737213318206429,0.26212089775646963,-0.1968546200931911
3,sklearn,279,0.8755623190846497,0.8861263485111313,1.1777219910868446,0.263857414765122,0.30215967200219496
3,sklearn,280,0.9753493003244248,0.8250189735459363,1.0023423922496697,0.27402221766678064,0.026993091925244905
3,sklearn,281,1.9921468511159512,1.9947515832549232,2.091902142570934,0.3143870032513108,0.09975529145498263
3,sklearn,282,0.7387623013595694,0.4595161810104954,0.7896529369913416,0.2709670234984434,0.05089063563177221
3,sklearn,283,0.5455880032720224,0.5197801035831824,1.1301082276762955,0.3139184390053215,0.5845202244042731
3,sklearn,284,2.599102986418519,2.5151757753023043,2.8958379038813504,0.22227661111193395,0.2967349174628313
3,sklearn,285,0.1475319840675255,0.21422769095074373,0.08841943947259878,0.2046898717416213,-0.05911254459492671
3,sklearn,286,1.2023984873062825,1.1760072458620314,1.1711834820548788,0.17592697295178628,-0.03121500525140375
3,sklearn,287,-0.2788632821521799,-0.2471747141533399,-0.2650366496625409,0.2638568048388962,0.013826632489639001
3,sklearn,288,-0.2968185011258215,-0.2685770159133009,-0.14307998672393651,0.20157734202990987,0.15373851440188496
3,sklearn,289,0.7546269815273574,0.9925479032336517,0.414931205601043,0.21941685557674562,-0.3396957759263144
3,sklearn,290,1.141787057618523,1.1175167093653384,1.217539440921307,0.31833702218058924,0.075752383302784
3,sklearn,291,1.2653493775268796,1.2765444959915593,1.1038832288954747,0.3661410369757792,-0.16146614863140485
3,sklearn,292,-0.42269019383870143,-0.45998049463262375,0.0800673498868143,0.3065459183508848,0.5027575437255157
3,sklearn,293,-0.2030954794956362,-0.17286232292593268,-0.36568364376579865,0.21882914756799343,-0.16258816427016246
3,sklearn,294,2.163054618640293,2.271199221753171,1.754949823396899,0.28545518089877253,-0.40810479524339405
3,sklearn,295,1.3226898151229651,1.3473576359823511,1.0702079515281469,0.40353678174887647,-0.2524818635948183
3,sklearn,296,-0.282789565408905,-0.25989663899420595,-0.13647271985720977,0.23037469656884232,0.14631684555169522
3,sklearn,297,1.509645403723088,1.6020920239884335,1.5461323019833202,0.25556613517985377,0.036486898260232214
3,sklearn,298,-0.14704693046779427,-0.0746969658653243,-0.04691975845425844,0.2219324683345652,0.10012717201353583
3,sklearn,299,-0.7206039488820013,-0.8475822913372927,0.35398896259386703,0.32007429433868834,1.0745929114758683
4,sklearn,0,-0.34424047661338353,-0.43861305219585256,-0.3233487637231658,0.15115596768897513,0.02089171289021774
4,sklearn,1,0.10947117873161555,-0.027832757114926415,0.41482823741707264,0.31493257331203445,0.3053570586854571
4,sklearn,2,-0.10842705293314417,-0.12396395599802408,0.32862652081474586,0.5322470753875024,0.43705357374789
4,sklearn,3,1.0679130089378908,1.133876678395587,0.4723296446284273,0.49626035441591493,-0.5955833643094635
4,sklearn,4,-0.902888420978524,-0.7327354811749792,-0.5513543061043773,0.34992204781597114,0.35153411487414665
4,sklearn,5,-1.041719716669242,-0.986710293709711,-0.7667573799463661,0.3355424190029533,0.27496233672287596
4,sklearn,6,-0.5683475512452834,-0.46139763944684925,-0.6258804440467021,0.28861299505774207,-0.05753289280141871
4,sklearn,7,-1.1321091825794787,-0.974495884850913,-0.8316042946719389,0.20130460143561907,0.3005048879075398
4,sklearn,8,0.4570840298455139,0.5689886448601207,0.6750127514346858,0.2993599261094699,0.21792872158917187
4,sklearn,9,0.5003954941938472,0.48064650153959826,0.3272882907943142,0.3281400672961276,-0.173107203399533
4,sklearn,10,-0.6824837868830761,-0.635905588855967,-0.17120665750321074,0.2951188605627133,0.5112771293798654
4,sklearn,11,-0.5350898775818024,-0.5936669786566728,-0.5587651286412747,0.1357946388217956,-0.023675251059472324
4,sklearn,12,-0.5412045153256627,-0.6167958324774054,-0.268272303774058,0.2676657325097087,0.27293221155160474
4,sklearn,13,0.2886921066567185,0.05889090280984027,0.35631559633633714,0.37232590338239985,0.06762348967961862
4,sklearn,14,-1.0686681579175799,-1.055959822568743,-1.347247216819735,0.33693757829657345,-0.27857905890215506
4,sklearn,15,-1.480886610764525,-1.4374041727836802,-1.369310769857611,0.3901451962887099,0.11157584090691408
4,sklearn,16,-1.2777501395204736,-1.209483098046119,-0.9807202467945135,0.3097587605005259,0.29702989272596003
4,sklearn,17,-1.1425332593510342,-1.0827922696199135,-1.2530649386998132,0.23184974236419326,-0.11053167934877894
4,sklearn,18,-0.6981958609325614,-0.81618048190468,0.240699631001843,0.3587894618990564,0.9388954919344044
4,sklearn,19,-0.009179273799997667,-0.046937901215107075,-0.3701282167848099,0.4308793847299897,-0.3609489429848122
4,sklearn,20,0.07117044831581912,0.07245518934005712,0.33687714875508945,0.2852330128829957,0.26570670043927036
4,sklearn,21,-1.9629229422000316,-1.9259237481553244,-1.5895228920199571,0.17988849427327874,0.3734000501800745
4,sklearn,22,0.19788711708136308,0.18531346818255842,0.279462518309213,0.2584558762166811,0.0815754012278499
4,sklearn,23,-1.815585339461651,-1.8652828454482782,-1.920421220488528,0.2544428681116681,-0.10483588102687702
4,sklearn,24,-1.1282002181763027,-1.1115753779343447,-1.4215598412809793,0.4014652330013591,-0.29335962310467667
4,sklearn,25,-0.23528403751587823,-0.22862118713477597,0.12629644953540087,0.32595813390377243,0.3615804870512791
4,sklearn,26,-0.9982874299023989,-1.0522246826881736,-0.9440630846226643,0.28798068679631844,0.05422434527973463
4,sklearn,27,0.7084358889864322,0.810122317974795,0.5055416704344626,0.26205004381855634,-0.20289421855196954
4,sklearn,28,-0.5406573745986174,-0.5788012616067555,-0.4385747559886859,0.3053450709749322,0.10208261860993151
4,sklearn,29,-0.5469107732484195,-0.623005011539139,-0.5744112620420143,0.18637677282525378,-0.02750048879359479
4,sklearn,30,-0.25089797376702855,-0.13914267155830473,0.1514078672706063,0.3044951049699429,0.40230584103763484
4,sklearn,31,-1.4873935744529185,-1.626396694164404,-1.838105685869663,0.35537743600382865,-0.3507121114167444
4,sklearn,32,-0.43660539080088634,-0.34856324091657453,-0.37332900169576355,0.1891957750897008,0.06327638910512279
4,sklearn,33,-0.8671239695493286,-0.8392324822682409,-0.34411241826189887,0.35228895033940416,0.5230115512874297
4,sklearn,34,0.1296437788226224,0.01534643776258629,0.34164915843252786,0.415477690520807,0.21200537960990545
4,sklearn,35,-0.576960481701724,-0.5865777889970946,-0.5819880556868071,0.26292872953592805,-0.005027573985083134
4,sklearn,36,-0.051087922881800835,0.031659461930366936,-0.14044895360904164,0.29232565284799067,-0.0893610307272408
4,sklearn,37,-1.236754191035591,-1.3577487647148814,-1.06796655916723,0.3147588433871298,0.168787631868361
4,sklearn,38,-1.0029006352030667,-1.1062400830847292,-1.154641423993846,0.31478871791406826,-0.15174078879077935
4,sklearn,39,-0.4157106359645537,-0.458726942995721,-0.42592416093809327,0.27632177721799184,-0.010213524973539556
4,sklearn,40,-0.6867455100844296,-0.7366945620499524,-0.46643674253440714,0.3190115385948154,0.2203087675500225
4,sklearn,41,0.11621331923297781,0.11946981655866656,0.19912276070268042,0.39107474437563977,0.08290944146970261
4,sklearn,42,-1.0262118468118249,-0.9485964595618752,-0.8036401700303593,0.34497129114912833,0.2225716767814656
4,sklearn,43,-0.17905242495459073,-0.1416563178141683,0.6508980650643821,0.3138234648727539,0.8299504900189728
4,sklearn,44,0.02789282164582202,0.0013370855857922567,0.4260439181380491,0.4661248096079504,0.3981510964922271
4,sklearn,45,-1.567942073206138,-1.5614034378308987,-1.7027218362728647,0.32203056581981043,-0.13477976306672668
4,sklearn,46,-1.0114228702102446,-1.118854417557132,-1.8816858842376423,0.4117255014070285,-0.8702630140273977
4,sklearn,47,0.24423593949305483,0.16941319590076864,-0.20328800193139251,0.33614680701467253,-0.44752394142444735
4,sklearn,48,0.9319638329219744,1.0278554225446166,0.9398051048039022,0.33033461985667756,0.007841271881927847
4,sklearn,49,-0.1756566678403873,-0.22957800087314795,-0.1920197215601025,0.4709430501261044,-0.016363053719715193
4,sklearn,50,-1.0582816807062367,-1.1084142849114156,-0.9409202786275443,0.2944456233235079,0.11736140207869239
4,sklearn,51,-2.0587630361458347,-1.9924606632899882,-2.3349255257134223,0.33449487535999417,-0.2761624895675876
4,sklearn,52,-1.217110401457156,-1.0685625481784242,-1.4328786070789388,0.3058906787599612,-0.21576820562178267
4,sklearn,53,-0.37442395200326006,-0.4212128422892766,-0.30423853322391636,0.13629052937744476,0.0701854187793437
4,sklearn,54,-0.18796591700480747,-0.26166793291804763,-0.2808780421628274,0.4190803640683649,-0.09291212515801994
4,sklearn,55,0.09179582249141471,0.18732452582595532,0.6405086121160597,0.28333466523749684,0.548712789624645
4,sklearn,56,-2.503490058942822,-2.4658330084251174,-2.454131442418877,0.2625607355978668,0.04935861652394502
4,sklearn,57,-1.2812340368484074,-1.3941667170629115,-0.9855176685342517,0.315409090201774,0.2957163683141557
4,sklearn,58,-0.5750251330693114,-0.5264045712158706,-0.8241083533233233,0.31928015974019786,-0.24908322025401197
4,sklearn,59,-0.5019529720862582,-0.38730020052559677,-0.42256476113944963,0.2902389361534043,0.07938821094680859
4,sklearn,60,-1.1675696803794748,-1.295998728757498,-1.2607640352649607,0.3016423045972638,-0.09319435488548589
4,sklearn,61,-1.4984702282754245,-1.565026087460389,-1.5587694535421681,0.3144554324030154,-0.060299225266743584
4,sklearn,62,-1.1900913141397353,-1.3027509790221197,-2.0063192196538555,0.35351383331277436,-0.8162279055141202
4,sklearn,63,0.8430940909969344,0.9900450481647511,0.9612940151253113,0.11103459403209683,0.11819992412837688
4,sklearn,64,-0.5971109298883635,-0.43574074536053065,-0.16849847142910068,0.2960678080152739,0.42861245845926277
4,sklearn,65,-0.11471878914258568,-0.22431468994048182,0.3186074532262708,0.351057354162239,0.43332624236885653
4,sklearn,66,-1.3759553271649776,-1.5147585595639494,-1.7950239932331975,0.2566769265084424,-0.4190686660682199
4,sklearn,67,-0.9815891465790941,-1.0483180017918232,-0.7791056227438444,0.15598531180668546,0.2024835238352497
4,sklearn,68,-0.42619485088351794,-0.4168611521309822,0.15500903538148414,0.3385136103182375,0.5812038862650021
4,sklearn,69,-1.4233966530669058,-1.4029005090931423,-2.153408470556739,0.3544184180606397,-0.7300118174898333
4,sklearn,70,-1.229567885025707,-1.2372244122237757,-0.9995278897329989,0.34866110955184104,0.23003999529270813
4,sklearn,71,0.05623835385105613,0.16481483425313684,0.5030219681175296,0.28588622933547686,0.4467836142664735
4,sklearn,72,-1.4461769932697777,-1.5069411595536,-2.0437211129942003,0.4033895691968464,-0.5975441197244227
4,sklearn,73,0.8476639434158434,0.9660961299921006,0.3948927073950479,0.46635555786278643,-0.4527712360207955
4,sklearn,74,-0.8601802667825945,-0.9230952426421067,-0.7405116671858742,0.2790269881955172,0.11966859959672027
4,sklearn,75,-1.570039451423474,-1.5318440746207955,-1.8591245681820805,0.2787046499682224,-0.2890851167586066
4,sklearn,76,-0.25945124180118,-0.1699063322515383,-0.1573807212804912,0.3412684058580122,0.10207052052068882
4,sklearn,77,-0.5341580733681551,-0.5485818129856095,0.00784426339633626,0.2640808142975329,0.5420023367644914
4,sklearn,78,-1.2441695570427305,-1.0249265088953792,-1.6892413094245438,0.3716642489506597,-0.4450717523818133
4,sklearn,79,-0.984580243769843,-0.9991877645250234,-0.763801197875793,0.2652541762262639,0.22077904589404995
4,sklearn,80,-0.4802565098410535,-0.44500837662534964,-1.21556828985395,0.3395489490803838,-0.7353117800128964
4,sklearn,81,-0.9458366910338324,-0.9123683563246192,-0.898129579690492,0.29384252725996257,0.04770711134334038
4,sklearn,82,-2.2598698673010977,-2.2959234286984693,-2.504011565690938,0.24364917309461548,-0.24414169838984012
4,sklearn,83,-0.03796815993809555,-0.07439518180564239,-0.38141571337408564,0.29065575870481664,-0.3434475534359901
4,sklearn,84,-0.48406802977206276,-0.5606265652534276,0.25209899958336557,0.39631779789375643,0.7361670293554283
4,sklearn,85,-1.6915582644590943,-1.5093938273384437,-1.243960042286231,0.28367319875262503,0.4475982221728634
4,sklearn,86,-0.7708552663319831,-0.8041393630823493,-0.6651618887873951,0.32554905485386215,0.10569337754458796
4,sklearn,87,-0.8499752892607726,-0.9077944413279391,-0.5556815226323781,0.2319836162198183,0.29429376662839446
4,sklearn,88,-1.007058006726308,-0.9712841622344078,-1.130275504105274,0.2793699713500574,-0.12321749737896615
4,sklearn,89,-0.7989910837355096,-0.7672516439302167,-0.6806367711138623,0.4004431000596523,0.1183543126216473
4,sklearn,90,0.07588747619983877,0.13722614161544183,-0.11445971501182939,0.2759087911958026,-0.19034719121166815
4,sklearn,91,-1.0759727413020577,-0.910175919427474,-1.5046563729702847,0.24533774297735228,-0.428683631668227
4,sklearn,92,-1.2835108702643576,-1.2542286954557895,-1.3856395657892762,0.34359202177490433,-0.10212869552491854
4,sklearn,93,0.6294758919773226,0.5426969677419126,0.42351652922153527,0.3040678952410572,-0.2059593627557873
4,sklearn,94,-0.38255433266620664,-0.34577947453937824,0.4271082858697106,0.45282092578573213,0.8096626185359173
4,sklearn,95,-2.0538869080043303,-2.0844324681162614,-1.9272742627947803,0.4485179311320309,0.12661264520954996
4,sklearn,96,-0.49385349630765446,-0.5741587309017743,-0.692867862863892,0.25676739846088376,-0.19901436655623755
4,sklearn,97,-1.2183060056218384,-1.3453353026599162,-1.1724251063275197,0.2744457758312218,0.04588089929431871
4,sklearn,98,-0.21153534920033282,-0.15311580734471675,-0.9985171965620161,0.3219101360696073,-0.7869818473616833
4,sklearn,99,-1.7184996995574149,-1.6039862949605237,-1.2937931491776364,0.2813055706746016,0.42470655037977845
4,sklearn,100,-1.2645973973106228,-1.1616385020620765,-0.8981297600224867,0.5119253052917497,0.36646763728813614
4,sklearn,101,0.13602630365027124,0.20720706632121527,0.406344688760937,0.42411041732081195,0.27031838511066575
4,sklearn,102,-0.7250096346797339,-0.7326107950082895,-0.3214967438392389,0.2720391981060341,0.403512890840495
4,sklearn,103,-1.1413060519945808,-1.2264956404769687,-1.7341279295045862,0.3812103029426389,-0.5928218775100054
4,sklearn,104,-0.3892707301100094,-0.4441538192288649,-0.5958225481915935,0.24731006696948488,-0.20655181808158413
4,sklearn,105,-0.2860990419370309,-0.16113822399664868,-0.19452603155757942,0.19999246118120378,0.09157301037945148
4,sklearn,106,-1.243332004418147,-1.1902294641623823,-1.3671231878280548,0.303344213536639,-0.12379118340990769
4,sklearn,107,-0.6002476445389839,-0.6780905101271371,-0.49758351094683206,0.12399109245125896,0.10266413359215187
4,sklearn,108,0.24519891386841597,0.44336155698199786,0.7864109424439274,0.3054680008888984,0.5412120285755114
4,sklearn,109,-2.358301138754923,-2.335938338964659,-2.4340017237891534,0.23976164034495026,-0.07570058503423027
4,sklearn,110,-1.0741327415885282,-0.9792888574410854,-1.1569944657200129,0.25676442354339474,-0.08286172413148463
4,sklearn,111,-0.7108556981749712,-0.8439371584721478,-0.45221795992240743,0.3002708195436879,0.25863773825256375
4,sklearn,112,-2.3248629010952087,-2.4228292235069646,-2.0807826267065828,0.27819743551435544,0.2440802743886259
4,sklearn,113,-1.0374435215308628,-0.9597157569729575,-1.0046878388516092,0.27049369439474036,0.03275568267925366
4,sklearn,114,0.7241200895679688,0.6479598380114264,0.8476275950021677,0.320646061612707,0.12350750543419886
4,sklearn,115,-0.6966838106243609,-0.7936755217228372,-0.6174466436395907,0.27593015034349566,0.07923716698477024
4,sklearn,116,-0.6034806045103034,-0.7339482143226803,-0.7100720080814167,0.21138514410738762,-0.1065914035711133
4,sklearn,117,-0.3019907887879563,-0.37796678976150083,0.17797987912223157,0.28576579007871905,0.4799706679101879
4,sklearn,118,-0.8455675517678721,-0.7896637574414404,-1.3437056695295055,0.28075861673585367,-0.4981381177616334
4,sklearn,119,-1.3420360062418133,-1.2960621498362357,-1.8349577766225895,0.38926462995236566,-0.4929217703807762
4,sklearn,120,-0.019490632277471817,0.000801468733933261,0.04958156833778027,0.2589515684128202,0.06907220061525209
4,sklearn,121,-0.9670236520355495,-1.0157902670624475,-0.7614815746689061,0.3141251593775307,0.20554207736664343
4,sklearn,122,-0.4393125051461456,-0.5618751370876177,-0.3144218589428647,0.15756161404157235,0.12489064620328094
4,sklearn,123,0.10132571594249207,0.19838237819254478,0.3257102651239947,0.3126233462301861,0.22438454918150263
4,sklearn,124,-0.3115710432957565,-0.352679605582559,0.017396073156774605,0.2516951848870338,0.3289671164525311
4,sklearn,125,-0.05530947956819121,-0.040202325134428896,0.14524617856597466,0.3112290824291249,0.20055565813416587
4,sklearn,126,-0.9914047566552702,-0.9461375259858306,-0.6249931929775929,0.2943081678885078,0.36641156367767724
4,sklearn,127,-0.856068159452402,-0.9937820094152463,-1.626023792802112,0.3074290340046434,-0.76995563334971
4,sklearn,128,-1.3269564935658584,-1.4131465338550095,-1.3385043340633622,0.23305935747716713,-0.011547840497503792
4,sklearn,129,-0.8614077055278555,-0.8293348466808979,-1.8005553007246693,0.44481915695968843,-0.9391475951968138
4,sklearn,130,-2.1186453826602074,-2.1976338129815813,-2.2214745172353414,0.2527763711968201,-0.10282913457513398
4,sklearn,131,-1.3206746992170688,-1.3736224118815639,-1.0568790546472915,0.3117036581011242,0.26379564456977733
4,sklearn,132,0.47161714689651235,0.4654299289452616,0.23243057850562465,0.3216892536900582,-0.2391865683908877
4,sklearn,133,-1.2576442859879058,-1.3326497907917843,-1.3412273923225335,0.3762414656980544,-0.08358310633462773
4,sklearn,134,-0.817635836945175,-0.8062407682714887,-0.3427920335829997,0.32290251006955445,0.47484380336217535
4,sklearn,135,-1.142701354655383,-1.078924637503723,-0.9165777600638307,0.23209361453914912,0.2261235945915523
4,sklearn,136,0.32252045184216027,0.3647904244108627,0.10117565317883859,0.2993547929916777,-0.22134479866332168
4,sklearn,137,-1.00442085727491,-1.0606648913173984,-1.135126177973973,0.2845719844868334,-0.13070532069906293
4,sklearn,138,-1.0011095650348119,-1.03365428089994,-0.6578708017096382,0.27743514608405817,0.34323876332517367
4,sklearn,139,-0.8076259659501406,-0.8867966018448793,-0.5888658027663372,0.327259248153511,0.21876016318380342
4,sklearn,140,-1.3277717464687937,-1.3241146676923061,-1.7222947944193514,0.3068009947036835,-0.3945230479505577
4,sklearn,141,-1.309232643877405,-1.353624580813318,-1.6439201275801558,0.3883135349457066,-0.3346874837027509
4,sklearn,142,-0.12382511763272971,-0.13118659317960085,0.07406856216101687,0.27898846429011065,0.19789367979374659
4,sklearn,143,-1.50761659770004,-1.3549423375147052,-2.1149838361558952,0.4082712581443249,-0.6073672384558553
4,sklearn,144,-1.0936877829290885,-1.1453120331782307,-1.2812968549521466,0.28378541689640707,-0.1876090720230581
4,sklearn,145,-1.1047733047660842,-1.2097387361486152,-1.440617334282674,0.2462677962878249,-0.33584402951658987
4,sklearn,146,-1.227368292539734,-1.2128799680596873,-0.9594190650325451,0.2529754954382217,0.26794922750718886
4,sklearn,147,0.37466667092092065,0.38449540980416874,0.6711962203644095,0.31814746758301443,0.29652954944348886
4,sklearn,148,-0.6319354635637202,-0.5575302197890999,-0.304689455756332,0.4273427372185759,0.3272460078073882
4,sklearn,149,-0.6219825813987134,-0.6239622268708997,-0.49702029775891,0.29103593384491894,0.12496228363980344
4,sklearn,150,-0.9976907674480536,-1.020392209755814,-1.6837681285273032,0.3488661190450972,-0.6860773610792495
4,sklearn,151,-0.6976221957320865,-0.7063432426132101,-0.41019510749435106,0.2635749525284944,0.28742708823773544
4,sklearn,152,-0.5684360705583587,-0.43514302669661287,-0.257898149550873,0.31144957163929365,0.3105379210074857
4,sklearn,153,-0.9115160029745886,-0.9093985526993832,-0.8627802101664557,0.3273797634301479,0.048735792808132894
4,sklearn,154,-0.6489548410973616,-0.5698596355559451,-0.657466331653648,0.3976978629496384,-0.008511490556286416
4,sklearn,155,-0.8065470326744857,-0.8731422509530209,-0.9190443008675118,0.30421162089912385,-0.11249726819302608
4,sklearn,156,-2.2662144251220284,-2.159044408266668,-1.5129790301485482,0.316197657752272,0.7532353949734802
4,sklearn,157,-1.4327466124945112,-1.4502581894336828,-1.4217124940183794,0.32702013925379547,0.011034118476131782
4,sklearn,158,0.6862330563241898,0.7094301923491598,0.2769037277756663,0.31566264944721734,-0.40932932854852355
4,sklearn,159,-0.9392992892024136,-0.9204631147531638,-1.882508899508478,0.4200226526423038,-0.9432096103060644
4,sklearn,160,-0.33712019312087926,-0.4105670792157332,-0.5562667706795548,0.3571962180979644,-0.2191465775586755
4,sklearn,161,0.007834926614225274,-0.007039359451911137,-0.27141233645033225,0.2817892232950019,-0.2792472630645575
4,sklearn,162,-1.055985278717746,-1.017427487400338,-1.2165733750901175,0.32130157250799934,-0.1605880963723716
4,sklearn,163,0.04369446647162255,0.08276938016859946,-0.03644422019172033,0.40500384286445323,-0.08013868666334288
4,sklearn,164,-1.8454687385276887,-1.901281161141878,-1.9745453519332017,0.20463881096557493,-0.12907661340551302
4,sklearn,165,-0.4452788674762584,-0.42413596264990683,-0.1472308794669992,0.5563654347030458,0.2980479880092592
4,sklearn,166,-0.6446617805762853,-0.5215899261344592,-0.36130660820074034,0.27866476972574206,0.283355172375545
4,sklearn,167,-0.6623286602828462,-0.8054307884015853,-0.7063564986755075,0.3617220473724558,-0.044027838392661334
4,sklearn,168,-0.7600962749037367,-0.8061608396622464,-1.8108744645660497,0.3966362022223532,-1.0507781896623132
4,sklearn,169,-1.398588729661784,-1.4197043643708516,-1.5572648136401437,0.304625758798493,-0.15867608397835964
4,sklearn,170,0.6300145689660142,0.5050751849432653,0.8485163558912472,0.30895401240492165,0.21850178692523303
4,sklearn,171,-2.1258741275574713,-2.1917762630983004,-2.1216289191839843,0.33447619217686403,0.004245208373486964
4,sklearn,172,-1.3324942046499906,-1.3739560180296613,-1.6559702208639528,0.2920359269861552,-0.32347601621396227
4,sklearn,173,-0.4804619156454545,-0.4412636641144701,-0.391985444371695,0.19805531062429924,0.08847647127375946
4,sklearn,174,-0.6868020936662108,-0.7636522156372357,-1.5381615518901377,0.3243553760866835,-0.8513594582239269
4,sklearn,175,0.31911883014857273,0.30130144836715256,0.20873919948916253,0.4625542488474473,-0.1103796306594102
4,sklearn,176,-1.3946688088753647,-1.5707908765969907,-1.494445939226079,0.23860501158449207,-0.09977713035071423
4,sklearn,177,-2.1918988043441496,-2.3224177806643147,-2.0127690076757023,0.3930543250294535,0.1791297966684473
4,sklearn,178,-1.6809073646184427,-1.7732390731289753,-2.32569901944146,0.3593368722448949,-0.6447916548230175
4,sklearn,179,-1.4768903583260782,-1.5511178674551316,-1.5008142849224608,0.3072270527412902,-0.02392392659638265
4,sklearn,180,-1.0475714204527629,-1.1409643967772571,-1.0561573086900076,0.3261357990287545,-0.00858588823724471
4,sklearn,181,-0.8678194826836393,-0.8343685285963667,-0.8135066618749498,0.27587953565325324,0.05431282080868949
4,sklearn,182,-0.5362092663789726,-0.685069729477874,-0.40943905937284164,0.2640665514517489,0.12677020700613095
4,sklearn,183,0.20462043284168877,0.2983246045492487,0.14559993213985578,0.33919149892056544,-0.059020500701832984
4,sklearn,184,-0.36010524791315524,-0.35283599917038655,-0.047390366689137764,0.27491705559413654,0.31271488122401747
4,sklearn,185,-1.004456476244624,-1.1558617389298478,-1.6414097226687074,0.28201775668961615,-0.6369532464240835
4,sklearn,186,0.8914557782946128,1.0463710882532875,0.4737603441703957,0.41117307031652645,-0.41769543412421706
4,sklearn,187,-1.2950359098102628,-1.346619135041482,-1.7846953727627692,0.37787403266372166,-0.4896594629525064
4,sklearn,188,0.5459936622066324,0.528855475670766,1.0520262047248305,0.325121491793479,0.5060325425181982
4,sklearn,189,-0.17834157903395537,-0.22472545762160157,0.021053581971170132,0.249006779208448,0.1993951610051255
4,sklearn,190,0.36714676937744256,0.48101086933921433,0.5887949602965836,0.3078563738466805,0.22164819091914106
4,sklearn,191,-2.3207076628400256,-2.2291708107113744,-2.0515639170096236,0.2204709452255664,0.269143745830402
4,sklearn,192,-1.2329208315295244,-1.2624972325586377,-1.4754305319790042,0.31297131609948303,-0.24250970044947984
4,sklearn,193,-1.8911065409751444,-1.8584842109882165,-1.9023600289758544,0.2814779832117622,-0.011253488000710021
4,sklearn,194,0.15366631998951208,0.20729919711340478,0.332046907778377,0.3221687639827127,0.1783805877888649
4,sklearn,195,-0.33038821880881053,-0.32845684801337294,0.0527878506212236,0.4538868322875406,0.3831760694300341
4,sklearn,196,-1.9782760809811253,-1.9890517696939258,-2.2922247614128963,0.33502671187441735,-0.31394868043177104
4,sklearn,197,-1.5638648816753644,-1.5629117864893305,-1.2676004940531413,0.33443731605503363,0.29626438762222307
4,sklearn,198,-2.194220409995529,-2.195815766272009,-2.1312705444763616,0.39249267138133564,0.06294986551916759
4,sklearn,199,-2.074142807437618,-2.19139690873195,-2.2594896062341583,0.3321382194265316,-0.18534679879654048
4,sklearn,200,-0.8186597223328127,-0.8332537262617773,-0.4631849127640013,0.3219095375592949,0.3554748095688114
4,sklearn,201,-1.199234259452633,-1.3738948586440636,-1.0738223374384877,0.3175536923686738,0.12541192201414542
4,sklearn,202,-2.0135177226993526,-1.958281762190196,-1.7404091569853097,0.14870346565712483,0.27310856571404285
4,sklearn,203,-1.283957117107052,-1.309393094589606,-1.6403608742730444,0.2751634446270995,-0.3564037571659924
4,sklearn,204,0.10777478362425524,0.13601860553910944,-0.4317611158694188,0.400434492616563,-0.5395358994936741
4,sklearn,205,-1.311310047069673,-1.3794083128328913,-1.88527191690347,0.3914091915836299,-0.5739618698337969
4,sklearn,206,-0.06770400817907984,-0.222377331292802,0.4178384962373478,0.3147454803051787,0.48554250441642766
4,sklearn,207,-0.5784537655012554,-0.4710016765918479,-0.4104371347694027,0.20188130918016642,0.1680166307318527
4,sklearn,208,-1.4847451745540057,-1.571996249877687,-1.5284939043859485,0.24137268530479328,-0.04374872983194278
4,sklearn,209,0.30136435742493994,0.4923077214886967,-0.05582495778905461,0.4583620430022308,-0.35718931521399455
4,sklearn,210,-1.0139838408410409,-0.8479743980447828,-0.8281140723863292,0.27783276194514767,0.1858697684547117
4,sklearn,211,-1.2350530577485586,-1.016259645297682,-1.4543379480480887,0.31644761184166914,-0.21928489029953013
4,sklearn,212,-2.3620511678972713,-2.457291500753691,-1.6551861721043464,0.37341201326682283,0.7068649957929249
4,sklearn,213,-0.2444355481589997,-0.21040753207581223,0.08694717924604589,0.28146874719419507,0.3313827274050456
4,sklearn,214,-0.449320515158504,-0.43730132139680594,-0.33405050368208133,0.1972535364153034,0.11527001147642268
4,sklearn,215,0.9769924681266635,1.02388226436196,1.252154604593457,0.3759128251615045,0.27516213646679355
4,sklearn,216,-1.3231178534579753,-1.2290164874996092,-1.6896316900140151,0.32689221804307317,-0.36651383655603986
4,sklearn,217,-1.006787674353174,-0.8424390003073894,-0.8723823008096563,0.275567522110498,0.13440537354351778
4,sklearn,218,-1.981773422347979,-2.0101353177042274,-1.7383964668312846,0.4088938602926976,0.24337695551669447
4,sklearn,219,-1.0535614041117662,-1.2127974728905904,-0.9184720599986314,0.3835267660919322,0.1350893441131349
4,sklearn,220,-0.5399470384144539,-0.6732395087627673,0.3552871366717856,0.36854152471334056,0.8952341750862395
4,sklearn,221,-0.6256790916645121,-0.7342193032494342,-0.36308009009395903,0.25052412794863455,0.26259900157055305
4,sklearn,222,-1.0824793772385042,-1.034158727636973,-1.5443038504868376,0.3251319731784746,-0.4618244732483334
4,sklearn,223,-0.44974786494159796,-0.40803086383514064,-0.5353972054195069,0.19468342095052465,-0.0856493404779089
4,sklearn,224,-1.5154566001334022,-1.3695906726460225,-1.4453282393154634,0.22068466447983318,0.07012836081793883
4,sklearn,225,-1.2627932810321418,-1.32587906575005,-1.7327454733766388,0.3189595000016023,-0.4699521923444969
4,sklearn,226,0.254336681148953,0.23110524958908782,-0.10203787663144492,0.3392042606566653,-0.35637455778039795
4,sklearn,227,0.18025716843669892,0.2875833694399482,0.4793392784806496,0.287238668796597,0.2990821100439507
4,sklearn,228,-0.424504805589372,-0.406019559191802,-0.16838210369691886,0.28261921290722875,0.2561227018924531
4,sklearn,229,-1.6393396629276271,-1.5478526756945576,-1.6791384989530904,0.22384904329266633,-0.0397988360254633
4,sklearn,230,-2.1595063520697955,-2.0270310913399485,-2.0416930568359053,0.16223269345555497,0.11781329523389017
4,sklearn,231,-0.4139807978520378,-0.5547810129124988,-0.35523086878286847,0.32416066966234297,0.058749929069169315
4,sklearn,232,0.2182433508536186,0.31155740527136366,0.05002428601019204,0.27616841827579586,-0.16821906484342655
4,sklearn,233,-0.252039915658593,-0.24199052386552417,-0.25642823975108797,0.23443513076075814,-0.004388324092494955
4,sklearn,234,-1.116326175723969,-1.209439938742906,-1.7836859029971244,0.3781132635980522,-0.6673597272731553
4,sklearn,235,-1.484678182292136,-1.6261540164273767,-2.0356353645364536,0.40734674251093966,-0.5509571822443176
4,sklearn,236,-2.1149960520937077,-2.1806872114560463,-2.385954101715365,0.2541918921567936,-0.27095804962165726
4,sklearn,237,-1.0133859773362117,-1.0474785475383017,-0.8218661723804086,0.29608353278103927,0.19151980495580312
4,sklearn,238,-2.6103364343274684,-2.6300868153203854,-2.492247679831026,0.2973437992199306,0.1180887544964424
4,sklearn,239,-1.66717151060184,-1.5975535171658444,-1.1442291516147272,0.3571764826612205,0.5229423589871129
4,sklearn,240,0.03245225590660103,0.0608878431616451,0.2997736824720292,0.3012473850204504,0.2673214265654281
4,sklearn,241,0.17637994469010404,0.22637291939299087,-0.051224969424129796,0.2648212154016443,-0.22760491411423384
4,sklearn,242,-1.242621547261739,-1.219192092473928,-1.205135049675242,0.319578444505187,0.037486497586497025
4,sklearn,243,-0.7765960976193906,-0.8077152335200561,-0.46505759156677584,0.21919940319529768,0.3115385060526148
4,sklearn,244,-0.542144195149936,-0.5790481100219277,-0.4768348355159375,0.21052008370295955,0.06530935963399842
4,sklearn,245,-1.6045366123051672,-1.6955970554362687,-1.3888271438882924,0.3076076278901676,0.21570946841687477
4,sklearn,246,-0.19602551655609268,-0.13070588711639658,0.6159328394281207,0.4673068150431959,0.8119583559842134
4,sklearn,247,-0.18999426806270553,-0.08394712946057077,-0.1106890942424581,0.22560008555675165,0.07930517382024743
4,sklearn,248,-1.3553181642308259,-1.4114601367895687,-1.654528525909157,0.3351452728014365,-0.29921036167833126
4,sklearn,249,-1.0443855505707302,-1.0386552137807286,-0.8037103578630393,0.29802583463540266,0.2406751927076909
4,sklearn,250,0.6096355668944898,0.6374347735745992,0.12045826109216584,0.5463306048781202,-0.489177305802324
4,sklearn,251,0.39386237668428425,0.20521461388031975,0.4091100356044457,0.3295387067108558,0.015247658920161444
4,sklearn,252,-0.44340369367893895,-0.502517103490822,0.06934475892128766,0.3999084731019819,0.5127484526002266
4,sklearn,253,-2.2294157200544555,-2.546631682929517,-2.072615772008671,0.30241685112953404,0.15679994804578445
4,sklearn,254,-0.9518698863952497,-0.9270729690338692,-0.5986402388666239,0.2607854820581778,0.35322964752862585
4,sklearn,255,-1.8416375483265015,-1.7653579719200787,-1.8637678080738507,0.21565517292481545,-0.022130259747349168
4,sklearn,256,-0.35083525031145707,-0.3087444067104356,0.10129142417426173,0.3649900171333496,0.4521266744857188
4,sklearn,257,-1.294546902659602,-1.322500981605987,-1.1152276141622544,0.2802326653391432,0.17931928849734757
4,sklearn,258,-2.187033667735132,-2.188880678645238,-2.022814362907683,0.31856234275402473,0.16421930482744918
4,sklearn,259,0.0006841704834979478,0.019041485868160405,-0.2986932444683994,0.2724829777775982,-0.29937741495189735
4,sklearn,260,0.7916198222892966,0.8085354776759823,0.7611902293625192,0.31698404179698525,-0.030429592926777382
4,sklearn,261,-0.19829158220910117,-0.17367327842586727,-0.1736403023275379,0.27968300549153924,0.024651279881563265
4,sklearn,262,-0.7216214194180594,-0.7874471915875636,-0.4980424044065792,0.2484074135747096,0.22357901501148014
4,sklearn,263,-0.6670448738879496,-0.6439334690846661,-0.7100804134610019,0.340550165439574,-0.043035539573052284
4,sklearn,264,1.2662117934742891,1.2456494179081607,1.0149353869023887,0.30809356305373514,-0.2512764065719004
4,sklearn,265,-1.503812358323016,-1.435387306647665,-1.3218130023406207,0.20095976030793022,0.18199935598239536
4,sklearn,266,-0.9437034610979527,-0.9206039335568035,-0.881546992613707,0.2744557814786016,0.06215646848424572
4,sklearn,267,0.2500399020203693,0.10077382667169124,0.5049290306885137,0.33446738718872543,0.2548891286681444
4,sklearn,268,0.4988953030370236,0.6273678265878191,0.7985916677938167,0.34429188202176175,0.2996963647567931
4,sklearn,269,-1.0344605207239241,-0.9752972107685222,-0.6520660646287402,0.3040700949502764,0.38239445609518397
4,sklearn,270,-1.3227969574611433,-1.4320189974820947,-1.6698019942042492,0.35321393981608146,-0.3470050367431059
4,sklearn,271,-0.42288122017950397,-0.26981815111242696,-0.08638151932372029,0.3035283432947987,0.3364997008557837
4,sklearn,272,0.4051121611145165,0.3452857587027756,0.7151191586164316,0.3657741150760442,0.3100069975019151
4,sklearn,273,-0.9617819737462994,-1.0478649829021733,-1.1797788313367654,0.30527469883942465,-0.21799685759046605
4,sklearn,274,-0.05091890290020734,-0.08313644071205806,0.11273162260982517,0.28325591231763325,0.1636505255100325
4,sklearn,275,-1.3638303427493113,-1.2573720212403725,-1.8156895150520196,0.3119394572382218,-0.45185917230270833
4,sklearn,276,-1.8792435773095804,-1.857411122269362,-2.1098309908300266,0.45253746269706124,-0.2305874135204462
4,sklearn,277,0.2944727350798956,0.19182569950397715,0.6138299936092402,0.3058596006503266,0.3193572585293446
4,sklearn,278,-1.2552667577298737,-1.2164359788756423,-1.5364553493578406,0.34873240006646783,-0.28118859162796683
4,sklearn,279,-1.6719118706955305,-1.599820847026419,-1.778785211483676,0.29039767601244393,-0.10687334078814548
4,sklearn,280,-2.0854088303796128,-2.1754692629409944,-1.8986251409930297,0.28486905040261884,0.18678368938658307
4,sklearn,281,-1.1761194098595726,-1.1612824100701415,-1.0901037838217373,0.20924194393931392,0.0860156260378353
4,sklearn,282,-0.8138943863876735,-0.8785732287306636,-0.44492675745890686,0.5683960876350729,0.36896762892876667
4,sklearn,283,0.09024077236219685,0.14945446181301728,-0.035000000730354586,0.2829348837989002,-0.12524077309255144
4,sklearn,284,-0.7094652635287497,-0.7769548487529974,-0.17523915648638777,0.2700973602805968,0.534226107042362
4,sklearn,285,-1.040058884595338,-1.294479121989446,-0.26948014746622206,0.35765986590592175,0.770578737129116
4,sklearn,286,-1.2031610709064926,-1.1984512971789236,-1.906366440506373,0.367863328271996,-0.7032053695998803
4,sklearn,287,-1.1500111602576975,-1.2172494723648044,-1.4960039572158284,0.49116809673942213,-0.3459927969581309
4,sklearn,288,0.14796578803643284,0.05917965607361837,0.04656113387732752,0.40899081949486127,-0.10140465415910532
4,sklearn,289,0.7958142338015067,0.8172960799631384,0.446355993153956,0.24976790212838385,-0.3494582406475507
4,sklearn,290,0.2997668339222468,0.22178823809214687,-0.16528545002197248,0.39015591990665427,-0.46505228394421927
4,sklearn,291,-0.46959521866984605,-0.334589352261542,-1.1356345380993922,0.29877300367769344,-0.6660393194295462
4,sklearn,292,-2.4426439919750513,-2.522554779169124,-2.2392080640724146,0.36183648313801803,0.20343592790263676
4,sklearn,293,-2.5223691067677723,-2.444884641237866,-2.3593429248992663,0.350997776560824,0.16302618186850593
4,sklearn,294,-1.1256096800658715,-1.1122060582281648,-1.9670627095229332,0.37307606626003004,-0.8414530294570617
4,sklearn,295,-0.5886052406788717,-0.5040274789672631,-0.5452394424088256,0.3386892515514976,0.04336579827004605
4,sklearn,296,-1.3580553941709301,-1.348536111756825,-1.390984731710132,0.33448862281105,-0.03292933753920191
4,sklearn,297,0.6386969163964595,0.5117977103178555,0.5282163893978087,0.38130280504101294,-0.11048052699865085
4,sklearn,298,0.046793753172811425,0.09490225976453187,-0.29603531053825094,0.22968009388404856,-0.34282906371106237
4,sklearn,299,-0.8000594257497666,-0.7470399605951284,-0.6488846566629007,0.16634216633216092,0.1511747690868659
5,sklearn,0,-0.030646517217922165,0.18591404437488965,0.10329326578730758,0.3226430713679975,0.13393978300522974
5,sklearn,1,-0.23014821252622547,-0.28867994510951306,0.0280589077541471,0.3512373430045413,0.25820712028037257
5,sklearn,2,-0.48023530347205334,-0.5264901550803675,-0.2978935549909778,0.2961754582424158,0.18234174848107554
5,sklearn,3,0.3138956223209181,0.37192632710829754,-0.03634501937667345,0.37074440168249617,-0.35024064169759156
5,sklearn,4,0.7622094685256278,0.7529181271193137,0.6780801693137128,0.26122713689654475,-0.08412929921191492
5,sklearn,5,-0.4556940180642773,-0.4615774061486973,-0.048102180569436825,0.3718515627159812,0.40759183749484046
5,sklearn,6,-0.6638146096162969,-0.7772065109459203,-0.19882651570361887,0.2978585318608605,0.46498809391267804
5,sklearn,7,1.768546038090156,1.638572096008117,1.7685656216011338,0.337227065551961,1.9583510977749796e-05
5,sklearn,8,1.7746950969456323,1.712529930028033,1.5173801501719169,0.2784950498617276,-0.25731494677371547
5,sklearn,9,-0.558160494849932,-0.44391617401006406,-0.6449219764376597,0.22601953747722853,-0.08676148158772767
5,sklearn,10,-0.49319699311374277,-0.6335910864769533,-0.6385413957926982,0.34143620202405717,-0.14534440267895543
5,sklearn,11,-1.1298869133243175,-1.0667628427217237,-0.8617266282386922,0.31205851658721945,0.2681602850856253
5,sklearn,12,-0.659072694149365,-0.6434405775044251,-0.7676539630929788,0.23529028393167284,-0.10858126894361386
5,sklearn,13,-0.0383210941709935,-0.017064935764380867,0.04526539182879219,0.2597109559072931,0.08358648599978569
5,sklearn,14,-0.34510282237645723,-0.2940819198100311,-0.18689563048748603,0.2062419805556019,0.1582071918889712
5,sklearn,15,-0.5988336502145016,-0.8573544197091183,-0.5196873062830889,0.20057676907842795,0.07914634393141273
5,sklearn,16,0.37268951153753405,0.4237485663267919,0.15569736647989352,0.301332304187663,-0.21699214505764053
5,sklearn,17,1.5923223780707962,1.5559977283086353,1.3063701905080052,0.26424677763962917,-0.28595218756279106
5,sklearn,18,-0.3503465164450781,-0.23630890835020713,-0.14321001676740863,0.2095891468011676,0.20713649967766945
5,sklearn,19,-0.7413201617118552,-0.6498968405917027,-0.7519814908693991,0.3712181513489288,-0.01066132915754392
5,sklearn,20,-0.6351112332203239,-0.5656255044139965,-0.35996101959615245,0.30315287171457606,0.27515021362417147
5,sklearn,21,-0.8818132109006362,-0.8329525938480712,-0.5813901045980963,0.2653949654808471,0.30042310630254
5,sklearn,22,-0.54905705680301,-0.5893692120530512,-0.7059748820480678,0.31038347890371376,-0.15691782524505782
5,sklearn,23,-0.5942068794825632,-0.5023974667242946,-0.5999145985988559,0.172800163967611,-0.005707719116292642
5,sklearn,24,-0.188816066320805,-0.18146274229734097,-0.3973462467323259,0.20873358573091683,-0.20853018041152088
5,sklearn,25,-0.6087134624949773,-0.694969669755019,-0.28469607229014215,0.3439470685705925,0.3240173902048351
5,sklearn,26,-0.6242662528414326,-0.7337965963879532,-0.34005759461943086,0.3305981851954834,0.2842086582220017
5,sklearn,27,1.6678108753858718,1.7098275380004495,1.7129572350414861,0.2955680285761484,0.04514635965561431
5,sklearn,28,-0.5562759264471989,-0.6178375548063711,-0.26886060039422155,0.27560018611253134,0.28741532605297737
5,sklearn,29,-0.9250911823108661,-1.03908368632645,-0.38620964056574003,0.29050214881729974,0.538881541745126
5,sklearn,30,0.22699271285853695,0.19963277856611095,-0.08258652255857513,0.35720929842603893,-0.3095792354171121
5,sklearn,31,0.2376519946706271,0.1636570964000959,0.2026756190953094,0.34629334312877325,-0.034976375575317686
5,sklearn,32,-0.8051809328381693,-0.7302190537634943,-0.6564355333692689,0.2746535416600484,0.14874539946890042
5,sklearn,33,-0.14260422188066701,-0.3295411090163802,-0.1030178186182944,0.3909942844917452,0.039586403262372616
5,sklearn,34,-0.11390781857615664,-0.13293592264096948,0.014209326028419511,0.36607632085763914,0.12811714460457616
5,sklearn,35,-0.2613060157655076,-0.18415775851961763,-0.19510758188898158,0.3091142731245096,0.06619843387652602
5,sklearn,36,-0.19951628258099416,-0.08258466461927988,0.030527342544967695,0.23246090943865744,0.23004362512596185
5,sklearn,37,-0.14859995400034953,-0.3285001912303732,-0.6927709645603404,0.30898831425752304,-0.5441710105599908
5,sklearn,38,-0.4267273626918811,-0.5740095753637888,-0.5538958223448542,0.2617167115439591,-0.12716845965297313
5,sklearn,39,1.2673758177660264,1.2115974817849535,1.4528899706185534,0.3987896336748308,0.18551415285252704
5,sklearn,40,-0.24429014266469606,-0.22860271591259632,-0.06830611067001158,0.3185528195135947,0.1759840319946845
5,sklearn,41,-0.13381978721200877,-0.24678435349315803,0.022636924458023344,0.37949102775095583,0.1564567116700321
5,sklearn,42,-0.13856686756149267,-0.1326568876902078,-0.23322013631150895,0.31249689548620746,-0.09465326875001628
5,sklearn,43,-0.2523780207288451,-0.056820079564710135,-0.37523579558466835,0.2080994309021864,-0.12285777485582328
5,sklearn,44,-0.6373603014275397,-0.6949564327726878,-0.3327200682129323,0.2442934292288557,0.3046402332146074
5,sklearn,45,-0.4637748124473756,-0.31776706946249256,-0.5366528155506352,0.23764353308413463,-0.07287800310325954
5,sklearn,46,-0.38988548924142236,-0.4177345608144918,-0.391724452009921,0.35855156443567154,-0.0018389627684986531
5,sklearn,47,-0.2986197231738579,-0.29556765753648484,-0.01512936380122909,0.33437814481698025,0.2834903593726288
5,sklearn,48,-0.717903695591336,-0.7199391350763034,-0.3153834439291554,0.36073339513245256,0.40252025166218064
5,sklearn,49,-0.7428292064874689,-0.6897229279213283,-0.5323556269653977,0.20878007425680953,0.21047357952207113
5,sklearn,50,1.3041659599434132,1.4361497924461888,1.2070635990945497,0.26543257729398584,-0.09710236084886348
5,sklearn,51,-0.13003638101496084,0.0006899206541768066,-0.41242833538293766,0.3392512347869367,-0.2823919543679768
5,sklearn,52,1.2034919244331137,1.2845453087433567,0.9926517884954578,0.28745710816793235,-0.21084013593765594
5,sklearn,53,-0.033091235515234435,-0.21491771993304157,0.07010964756803517,0.3210347707984216,0.1032008830832696
5,sklearn,54,-0.7549645759902934,-0.6402730206109943,-0.3606776505078795,0.24823444204404177,0.39428692548241395
5,sklearn,55,-0.8412563749231257,-0.7812365429022748,-0.580972070476296,0.33265872886609554,0.2602843044468297
5,sklearn,56,0.37969608222283613,0.45662287458766415,0.21083850962575923,0.3124539923894225,-0.1688575725970769
5,sklearn,57,-0.7864155133175625,-0.7446444899282434,-0.42115748181694634,0.2637788463897883,0.3652580315006162
5,sklearn,58,-0.5260457196488654,-0.637540656694658,-0.31194739697583884,0.2879748151445868,0.21409832267302653
5,sklearn,59,1.8753474046144611,1.9153408310552276,1.4897349132355124,0.17448115439308243,-0.3856124913789487
5,sklearn,60,-0.06973743921894549,-0.10977755541949602,0.01781694677772805,0.35275687619772056,0.08755438599667353
5,sklearn,61,1.5791882757719535,1.5206227689473024,1.6106911078536683,0.34012020406327337,0.03150283208171478
5,sklearn,62,-0.19394035580845537,-0.29663756605597313,0.3281675054364328,0.3035797629226039,0.5221078612448882
5,sklearn,63,-0.5287070262840508,-0.35932390270853354,-0.36468346211100844,0.34340606229812615,0.1640235641730423
5,sklearn,64,-0.14143393756228195,-0.13183218945896194,0.09060887875513401,0.34373752568502774,0.23204281631741597
5,sklearn,65,-0.7099293771562142,-0.6125864964476956,-0.5924034291272715,0.315068633228249,0.11752594802894267
5,sklearn,66,-0.03373922068209223,-0.05462219264845692,-0.610568319372387,0.32484158999258,-0.5768290986902948
5,sklearn,67,1.1714101022424939,1.0373635537001842,0.9632452092533814,0.2443543274932528,-0.20816489298911245
5,sklearn,68,-0.5717993069722641,-0.48612322595920454,-0.4026288934201929,0.2236352325948844,0.16917041355207119
5,sklearn,69,-0.9689058821868478,-0.9090979373421427,-1.089079786478699,0.4886727568636617,-0.12017390429185115
5,sklearn,70,0.3828222222363476,0.4277872094422328,0.5104571079527602,0.3366844647297914,0.12763488571641263
5,sklearn,71,-0.5213615239113527,-0.4740840468508114,-0.7508599875116477,0.34384943063896883,-0.22949846360029502
5,sklearn,72,-0.6683329503852367,-0.7084096676973564,-0.631607845782348,0.1662802480784979,0.03672510460288869
5,sklearn,73,0.13682083970042064,0.437117686565414,0.20670789365432185,0.36451486465040817,0.06988705395390121
5,sklearn,74,1.1139378618613751,0.9842252098717503,1.5730259730223786,0.4442922862167436,0.45908811116100345
5,sklearn,75,-0.2569317663217573,-0.3665563927998087,-0.5992283997994541,0.20851382207789212,-0.3422966334776968
5,sklearn,76,1.0532533033991274,1.0988414806612907,0.9360682767626507,0.22443532044072026,-0.11718502663647667
5,sklearn,77,-0.5938332948480278,-0.7605046290329677,-0.3496225984907415,0.2974915191634201,0.24421069635728632
5,sklearn,78,-1.0972630971062638,-1.1103473856404402,-0.9753474194238443,0.1986694455917826,0.12191567768241951
5,sklearn,79,-0.6644204481550549,-0.6752798080082079,-0.43891573982087095,0.2566994425260835,0.2255047083341839
5,sklearn,80,0.30930433076481073,0.2139160383155882,0.23781565490827283,0.2319863179558334,-0.0714886758565379
5,sklearn,81,0.2506723227356964,0.4216562736154779,-0.3077536518020292,0.3779227173277167,-0.5584259745377256
5,sklearn,82,-0.49093344275774714,-0.5149661659260856,-0.4735110760118566,0.3420694064130767,0.01742236674589054
5,sklearn,83,-1.3967682372030605,-1.2068512322532738,-1.0521617652894282,0.3351357160954228,0.34460647191363236
5,sklearn,84,-0.671049871041437,-0.5172748460452968,-0.38929767322103537,0.2082420867740563,0.2817521978204016
5,sklearn,85,1.4621213185937882,1.5305389638967808,1.8021062170204516,0.37466794251219,0.33998489842666335
5,sklearn,86,-0.3173579300656666,-0.38570637891918014,-0.4668250462369983,0.23305864829385908,-0.14946711617133168
5,sklearn,87,1.1325604945741747,1.0065280708791562,1.7281422453482271,0.37896367054322916,0.5955817507740524
5,sklearn,88,-0.23442138159308176,-0.30931453849113066,-0.22332521471828493,0.23171070395403964,0.011096166874796837
5,sklearn,89,-0.6337631580186905,-0.6809058722190042,-0.43088966892156577,0.275710642626144,0.20287348909712477
5,sklearn,90,0.5433258564105002,0.41950644999363124,0.9550534243064135,0.33108032206475146,0.41172756789591325
5,sklearn,91,-0.6661815952137667,-0.736927030198976,-0.6841575846735886,0.2768931411894183,-0.017975989459821817
5,sklearn,92,2.0502897695307882,2.055136202546105,2.0869036374587964,0.29322127720338587,0.03661386792800814
5,sklearn,93,-0.6643964996357811,-0.6588055432879479,-0.358822061744382,0.17743219865591955,0.30557443789139904
5,sklearn,94,-0.5675683839492662,-0.613937507441227,-0.35235583423905226,0.21239821280135046,0.21521254971021397
5,sklearn,95,1.9683736008731185,2.000966428152334,2.0402255453326,0.35219186909219286,0.0718519444594814
5,sklearn,96,0.4053333978710516,0.335638850120276,-0.1635797291565897,0.32316909595182586,-0.5689131270276413
5,sklearn,97,1.390496877217581,1.2266548406681155,1.5090314646734235,0.21677938627873408,0.11853458745584255
5,sklearn,98,-0.08097572924829682,-0.19099140552291538,-0.4511346795621307,0.2843008330582195,-0.3701589503138339
5,sklearn,99,-0.9237642837586189,-0.9451751516652523,-0.9454071974408116,0.21084662442514807,-0.021642913682192733
5,sklearn,100,-0.5494839614004308,-0.6513933727313916,-0.5764251882968079,0.3397987368680713,-0.026941226896377124
5,sklearn,101,-0.5067763164783721,-0.6964662852429588,-0.3303600783357261,0.3396000516869312,0.17641623814264595
5,sklearn,102,-0.24907665370533746,-0.3428769343187866,-0.17011118752607146,0.31347386125898885,0.078965466179266
5,sklearn,103,0.15021663722180617,0.10427798495001825,0.1367351014287177,0.3771835637399126,-0.013481535793088473
5,sklearn,104,-0.7871730039479463,-0.8379996824756548,-0.6573240966397957,0.2600476909593092,0.12984890730815057
5,sklearn,105,-0.3993409429081072,-0.28838732099941056,-0.6011272620475587,0.19404682817002142,-0.20178631913945155
5,sklearn,106,-1.0290311634017302,-0.991776499220039,-0.4509024646019615,0.389132531104276,0.5781286987997687
5,sklearn,107,0.862893689803465,1.0601525006190604,0.6584874744157023,0.3323382184293801,-0.2044062153877627
5,sklearn,108,0.2407284044351578,0.27715299600987736,-0.020654029085052983,0.2817913798981667,-0.2613824335202108
5,sklearn,109,0.4759967111740886,0.4552251386392764,0.24396958973599325,0.40163810489545054,-0.23202712143809534
5,sklearn,110,0.885419639946756,1.0119243547470973,1.3420129122711053,0.2992578435439545,0.4565932723243493
5,sklearn,111,-0.04671763038091126,0.1627145117845029,-0.32320684225322793,0.3192123097317199,-0.2764892118723167
5,sklearn,112,-0.7158247294757369,-0.88515140298526,-0.6851659533019419,0.1820956911329489,0.030658776173795088
5,sklearn,113,0.6809208154841204,0.5196735613154,0.25579020699591837,0.36047380036556637,-0.42513060848820206
5,sklearn,114,-0.11351281574419436,-0.056940321040423986,0.03662409399984057,0.27399270660288666,0.15013690974403493
5,sklearn,115,-0.42563436246591,-0.4739042881786526,-0.26492145978090775,0.2243483178561494,0.16071290268500227
5,sklearn,116,0.3548747948950268,0.23471095576754059,0.45071572862461196,0.24781874851789412,0.09584093372958513
5,sklearn,117,0.615553013770319,0.6761594809803396,0.45275122961868064,0.35712650244802513,-0.16280178415163837
5,sklearn,118,1.979275070233786,1.8938570933743462,1.8924550180840498,0.4752660153032489,-0.0868200521497362
5,sklearn,119,-0.46279485667129766,-0.2960936498875018,-0.3565970091138251,0.3389258394334089,0.10619784755747258
5,sklearn,120,-0.476505805657174,-0.5677854608186621,-0.2467348005832477,0.2933666623074499,0.22977100507392628
5,sklearn,121,1.1739674591879212,1.1404914418300025,0.5799876076653661,0.37838159719814446,-0.5939798515225552
5,sklearn,122,-0.2006534682000339,-0.13547674755589445,-0.5246330074875214,0.3370548476052092,-0.32397953928748746
5,sklearn,123,-0.9218541923434925,-0.9430130026439633,-0.6452059591590746,0.2488014915465963,0.2766482331844179
5,sklearn,124,0.505577632360501,0.4528947588861492,0.8965033808865215,0.243283722073923,0.39092574852602047
5,sklearn,125,-0.3451807345195479,-0.3498792402904898,-0.2628840479515997,0.3609138049159936,0.0822966865679482
5,sklearn,126,0.7043389841496895,0.7653288193480889,0.4913864527477081,0.21347239886302768,-0.21295253140198145
5,sklearn,127,-0.632024706563095,-0.621546673097081,-0.45756243021135745,0.26142424684544285,0.1744622763517375
5,sklearn,128,-0.609969978613568,-0.6756163298701087,-0.27568253377302376,0.37679977371808293,0.3342874448405443
5,sklearn,129,0.5764150001624622,0.5241722886542814,0.7320255754846414,0.1700281063486664,0.15561057532217926
5,sklearn,130,-0.8822593449336686,-0.8215824677280619,-0.5762890905094089,0.3283885831383282,0.30597025442425974
5,sklearn,131,-1.0270864627486473,-1.1021331431768933,-0.5453591378416238,0.3437842956623253,0.4817273249070235
5,sklearn,132,0.3875787685924757,0.3299951128749136,0.40816851982143376,0.3261852943960096,0.020589751228958064
5,sklearn,133,-0.14798022756483054,-0.14723122744669342,-0.2619496086908484,0.23854538252965463,-0.11396938112601784
5,sklearn,134,2.2559028356144237,2.338733441768044,2.1242375649973653,0.28185974832753624,-0.13166527061705846
5,sklearn,135,-0.4539780321870036,-0.30181497137665103,-0.27330426050895795,0.3386879930035047,0.18067377167804566
5,sklearn,136,-0.6909204262057242,-0.6795568850461489,-0.32941260328164823,0.28437997527719344,0.361507822924076
5,sklearn,137,0.11757023771360633,0.09259842079424763,0.16645131978057748,0.3374388978495627,0.04888108206697114
5,sklearn,138,-0.9240194365637042,-0.8557898019101219,-0.8623439121720828,0.3227401432656324,0.061675524391621384
5,sklearn,139,1.4056924362681098,1.573648579614214,1.7334049956302326,0.4933285331978998,0.32771255936212285
5,sklearn,140,-0.9864930363385245,-1.0808906859554757,-0.8042514169870909,0.320020286865528,0.18224161935143357
5,sklearn,141,0.10088155189547154,0.04639605217608125,-0.21227858463612925,0.45260356107998717,-0.3131601365316008
5,sklearn,142,1.9931181873755512,2.063296582365326,2.0276336845069096,0.36052199056175444,0.034515497131358375
5,sklearn,143,1.4120252464371497,1.3778660576040207,1.7422272205464147,0.3277371399102732,0.330201974109265
5,sklearn,144,-0.1748405470465625,-0.3877940620585813,0.0036634618715130074,0.2670385442557175,0.1785040089180755
5,sklearn,145,1.2226784401505228,1.1049939048699084,1.0224253305074171,0.28147981500527514,-0.20025310964310572
5,sklearn,146,-0.4945010123506743,-0.46326097376186803,-0.3023874759087146,0.3483891132977983,0.19211353644195966
5,sklearn,147,-0.7989800855502753,-0.6945372401671525,-0.33282777902725513,0.3765009133133102,0.4661523065230202
5,sklearn,148,-0.5571136333841589,-0.5784298967752821,-0.21875104141228796,0.3409379587057736,0.3383625919718709
5,sklearn,149,0.002165114226818393,-0.19452575348044368,0.0371775436849866,0.2630375265965635,0.03501242945816821
5,sklearn,150,-0.6111466591820733,-0.6578843406794653,-0.4800736115985522,0.24208736967433178,0.13107304758352112
5,sklearn,151,-0.6427547190796263,-0.6268630816143946,-0.5330722983440346,0.2620257923739151,0.10968242073559176
5,sklearn,152,-0.17269701795197268,-0.22300399509618943,-0.5196476668440706,0.3440208043267026,-0.3469506488920979
5,sklearn,153,-0.39690458058385014,-0.4531911063686815,-0.6329994355372719,0.2666503962977013,-0.23609485495342175
5,sklearn,154,-0.5246041139151553,-0.4768156901443446,-0.34909822415134784,0.3040075090431569,0.17550588976380743
5,sklearn,155,-0.7021293028636915,-0.6155466657232334,-0.40922809932999193,0.27345863468415343,0.29290120353369953
5,sklearn,156,1.8270076942021856,1.7785396673847822,1.364672977160577,0.23215441154299307,-0.46233471704160856
5,sklearn,157,0.6193829630023313,0.6596727960150104,0.8698037911237151,0.30217679873949793,0.2504208281213838
5,sklearn,158,-0.5183635080196882,-0.45897313923168753,-0.4215714548006897,0.23302462032605317,0.09679205321899853
5,sklearn,159,1.4406805653071522,1.5267963352407932,1.309948750807301,0.2827827034607542,-0.13073181449985105
5,sklearn,160,-0.5116048804788378,-0.5053910496109374,-0.16700388446691505,0.3329216874604187,0.34460099601192273
5,sklearn,161,-0.4012234591682054,-0.35414610545260805,-0.11165045988182953,0.3219264603019512,0.28957299928637587
5,sklearn,162,-0.9348138462635128,-0.8508568592976433,-0.32319733231853576,0.30570252413240406,0.6116165139449771
5,sklearn,163,0.8385636361165367,0.958041035786885,0.9465112863038705,0.26921838787444985,0.10794765018733377
5,sklearn,164,0.6536721990210681,0.6153355936087508,0.6994771045141981,0.3217807528975077,0.04580490549312999
5,sklearn,165,-0.2634782454473984,-0.07795021618810549,-0.5732663070927444,0.26227764870696013,-0.309788061645346
5,sklearn,166,-0.8979785872806045,-0.8682046194870602,-0.9704870725039179,0.19561545139868664,-0.07250848522331332
5,sklearn,167,-0.12780964534046513,0.053138978195275355,-0.6391085256033726,0.36080874272778585,-0.5112988802629075
5,sklearn,168,-0.6755898976331435,-0.8530958279660308,-0.24671388788483206,0.28334242314483143,0.4288760097483114
5,sklearn,169,0.7946728219428894,0.9251686383416488,0.7215358857218135,0.28723549825554867,-0.07313693622107587
5,sklearn,170,0.34357598146373747,0.2790781243175856,0.33426352678927174,0.4064740818520171,-0.009312454674465731
5,sklearn,171,-0.17719275949415328,-0.19480414225657372,-0.14661885541556607,0.31541740637806664,0.030573904078587205
5,sklearn,172,2.1078398677601644,2.0997102259849165,2.0868077630447246,0.31833875264493455,-0.021032104715439814
5,sklearn,173,0.34341233326084336,0.3282112037185002,0.4338462278018369,0.2694287339132345,0.09043389454099354
5,sklearn,174,1.8267937238531955,2.0842667736505156,1.9086887606723657,0.3401218392446539,0.08189503681917021
5,sklearn,175,-0.04448219495773009,0.03130473777461096,0.36706343352020454,0.3621259767275456,0.41154562847793463
5,sklearn,176,0.03701104326586979,0.002320895129573057,-0.18570528703332023,0.3063572511971219,-0.22271633029919002
5,sklearn,177,-0.28834997847782695,-0.08724725415917498,-0.7403514922610679,0.3318744928497222,-0.45200151378324094
5,sklearn,178,-0.2759533531181453,-0.1596246025546152,-0.17074021591284705,0.32824391694305144,0.10521313720529823
5,sklearn,179,1.1840298073613478,1.0984414116833283,1.0909389652367736,0.314858237451491,-0.09309084212457419
5,sklearn,180,0.19733001739915437,0.003540368516279563,0.12487933199054524,0.32637599021130637,-0.07245068540860913
5,sklearn,181,-0.11547366235211812,0.005067478655375518,0.2114956596723374,0.3447386159020419,0.3269693220244555
5,sklearn,182,-0.5293729425805926,-0.6152825947118827,-0.5018990743534051,0.17653461655790395,0.02747386822718756
5,sklearn,183,-0.18759210113384805,-0.14975281225864834,-0.590715788157345,0.2625599437387623,-0.403123687023497
5,sklearn,184,1.5140778866851148,1.6354642589558137,1.5621021330626128,0.29626908558199827,0.048024246377498025
5,sklearn,185,0.8935793233350935,0.9441724809565384,0.8724743015330532,0.3376777041209696,-0.021105021802040325
5,sklearn,186,2.2365209969072724,2.227443772351233,2.0783566072758646,0.2772714458099522,-0.15816438963140778
5,sklearn,187,-0.6940062096170144,-0.5665696473549097,-0.43830655217054115,0.26303811149490747,0.25569965744647327
5,sklearn,188,-0.19468244350108033,-0.30977205816583364,-0.35871163232379644,0.27829348671453036,-0.1640291888227161
5,sklearn,189,-0.37794373030342504,-0.16507746939465048,-0.779016075957248,0.23973000158447808,-0.40107234565382294
5,sklearn,190,0.6036543763024088,0.6711363314783947,0.24854400634890617,0.3403940368934987,-0.35511036995350265
5,sklearn,191,-0.7483597816696965,-0.8514600975963316,-0.5716525187084631,0.23742429452036373,0.1767072629612334
5,sklearn,192,0.43655843544088113,0.5687605116783533,0.8583901092628494,0.24806260400048244,0.4218316738219683
5,sklearn,193,0.013893409472630736,0.11891894432799968,-0.3129348480171039,0.27426836761623136,-0.32682825748973465
5,sklearn,194,0.6681604501653318,0.5956209224541965,1.314729833878486,0.2963799229734468,0.6465693837131543
5,sklearn,195,1.216610933468085,1.3153303377586885,0.6044105076649302,0.3971534946675894,-0.6122004258031548
5,sklearn,196,0.4761248831209002,0.4498890201511825,0.870750512781278,0.2922674651928673,0.39462562966037784
5,sklearn,197,-0.007036080634560626,0.05484694176232655,-0.15382890484707623,0.3440457731976608,-0.1467928242125156
5,sklearn,198,-0.47298828217095223,-0.5007661543411089,-0.41683264055135716,0.3408214701617518,0.056155641619595076
5,sklearn,199,-0.6633040054427523,-0.8134631314451911,-0.09309462304110383,0.30913607978849833,0.5702093824016484
5,sklearn,200,-0.4511158722285311,-0.5075255022997273,-0.3562665393036131,0.17831342832422756,0.09484933292491804
5,sklearn,201,-1.2399749849893038,-1.2547096339955783,-0.41680363686660193,0.3146726626742593,0.8231713481227019
5,sklearn,202,-0.7724555857297766,-0.9241258385150938,-0.9372938231747501,0.29350913802164924,-0.1648382374449735
5,sklearn,203,0.3441750417432651,0.39123732279547413,0.12604600906461627,0.2233973345820037,-0.2181290326786488
5,sklearn,204,0.5163925882305082,0.5655476711701427,0.43583857031612894,0.35109128337965,-0.08055401791437922
5,sklearn,205,-0.19919850725089117,-0.07685218780916174,-0.01033969198785556,0.31368907234540955,0.1888588152630356
5,sklearn,206,0.20332614996554224,0.33826646918086556,0.21584984509517824,0.3503898532006552,0.012523695129635998
5,sklearn,207,1.4671983818391428,1.4840465888406034,1.8199956819106227,0.33937338141316337,0.3527973000714799
5,sklearn,208,-0.7143799646073822,-0.7916730150697777,-0.5130887556384351,0.21199284169344298,0.20129120896894703
5,sklearn,209,-0.2076825095985555,-0.2342413442607845,-0.16299565822722784,0.2820717558347876,0.04468685137132766
5,sklearn,210,0.479937813664172,0.29800956996066175,0.6446366159570296,0.31088627033437766,0.1646988022928576
5,sklearn,211,1.24245113333791,1.328688226158103,0.7397725930004242,0.37317912541722764,-0.5026785403374858
5,sklearn,212,-0.706233103604422,-0.8189534040437465,-0.28344153680713724,0.18120450237988187,0.4227915667972848
5,sklearn,213,-0.12517906236595877,-0.055948871107046036,-0.43544514611633467,0.336700533896628,-0.3102660837503759
5,sklearn,214,0.4485339578164656,0.4315381769478073,0.1467820865065601,0.3639667180101893,-0.3017518713099055
5,sklearn,215,-0.001427416653591529,0.059351975603334106,0.03598670650491442,0.3366416991809186,0.03741412315850595
5,sklearn,216,1.245004455639836,1.372649629124229,1.3726523316192374,0.45101972458917045,0.1276478759794013
5,sklearn,217,-0.09282978777373946,-0.20633547932934254,-0.5542476003889742,0.4171420807310293,-0.4614178126152348
5,sklearn,218,-0.604178567467937,-0.6111918870990433,-0.4621160671660913,0.2564062500817548,0.14206250030184564
5,sklearn,219,-0.9821681340733968,-0.989543418271891,-0.7365426776051045,0.24524238666703724,0.24562545646829226
5,sklearn,220,-1.287493092459931,-1.3916225661906023,-0.6495307175950646,0.25513243365508786,0.6379623748648664
5,sklearn,221,0.949358491570025,1.0692299287529201,1.6194477784991932,0.32098079812453983,0.6700892869291681
5,sklearn,222,-0.4968009119575062,-0.48616407976513776,-0.5263754930000779,0.21099572593523924,-0.029574581042571713
5,sklearn,223,0.8222476146806318,0.8376498879128287,0.44339668007774513,0.3652752726347452,-0.37885093460288666
5,sklearn,224,-0.37690640891396554,-0.3399332868341821,-0.18062068739590842,0.33775158842863034,0.19628572151805712
5,sklearn,225,-0.07215409328872972,-0.24533493889883468,0.07586179764027001,0.2552243809123587,0.14801589092899975
5,sklearn,226,0.2833573693177944,0.6406517146773592,0.32554688168482393,0.2816014744104221,0.0421895123670295
5,sklearn,227,-0.47132286080796965,-0.5707479814013922,-0.1972742358569839,0.33931800821563624,0.27404862495098575
5,sklearn,228,1.225270849037565,1.1617553207480489,1.3254272668456508,0.40494033125392886,0.10015641780808582
5,sklearn,229,-0.6930809492105701,-0.8595337269390532,-0.47641148911802844,0.17149843423200603,0.21666946009254162
5,sklearn,230,0.36008321712226155,0.5080408668059808,0.47561590046342417,0.38251191793353856,0.11553268334116262
5,sklearn,231,0.12330093285144988,-0.07242808865319447,-0.28551621023485296,0.3495900811445789,-0.40881714308630285
5,sklearn,232,0.7745852425359041,0.7754252613537104,1.2363566018373504,0.29703131478124895,0.4617713593014463
5,sklearn,233,1.1428443691725356,1.031744547487526,1.297855593920751,0.1527748731290584,0.15501122474821538
5,sklearn,234,0.6572008547583086,0.558815428345466,0.8535830054499858,0.30364334338626736,0.1963821506916772
5,sklearn,235,-0.5762429192380433,-0.42510515343838795,-0.6621969254191846,0.23284515954321097,-0.08595400618114135
5,sklearn,236,-0.003925095283721813,-0.04536394393499989,-0.06217558465980488,0.25705486084603485,-0.05825048937608307
5,sklearn,237,0.014488119658297771,-0.07729893022769749,-0.39776277629542456,0.4067107094852841,-0.41225089595372233
5,sklearn,238,0.7741027275803305,0.83634390735716,1.3253029341134024,0.3518698233434194,0.5512002065330719
5,sklearn,239,0.29273464541968897,0.3293950884837951,0.7351222386387057,0.28521364607738503,0.4423875932190168
5,sklearn,240,0.3687946766735436,0.4813521448655429,0.5238791125420583,0.3294072164857184,0.15508443586851473
5,sklearn,241,-0.04726022890704254,-0.0537893018319029,0.1317818356910756,0.24851248968034537,0.17904206459811814
5,sklearn,242,0.204208747948755,0.23729546269435506,0.40016102440228707,0.3441897664801391,0.19595227645353208
5,sklearn,243,1.8033850529232769,1.6954501286330876,1.9345379777476737,0.3066803551553176,0.13115292482439678
5,sklearn,244,-0.9073544153465105,-0.9703523284452525,-0.6399005188875329,0.2820964875620566,0.26745389645897766
5,sklearn,245,1.3113052243042096,1.1442066739410488,1.5406221977566723,0.26094404509081626,0.2293169734524627
5,sklearn,246,0.6964155186319928,0.7225373372444607,0.5910633950974802,0.3746520405147859,-0.10535212353451262
5,sklearn,247,-0.6081711281045198,-0.6043529777273575,-0.5131887429347834,0.14288451537791724,0.09498238516973634
5,sklearn,248,0.16999273068589665,0.2531270738828679,0.37328381527063215,0.3683787106818335,0.2032910845847355
5,sklearn,249,1.6339498951959472,1.6616817160856487,1.1655690099583147,0.2494020750927582,-0.46838088523763255
5,sklearn,250,0.0817119343540118,0.04871906073977322,-0.07068705269310449,0.2686319228687462,-0.1523989870471163
5,sklearn,251,-0.08666905552988727,-0.10149249102463401,-0.5193328567955291,0.41486743209020244,-0.43266380126564186
5,sklearn,252,0.42471837578770893,0.32288364375092726,0.38104100391053386,0.3473971371359552,-0.043677371877175075
5,sklearn,253,-0.2548372516319549,-0.3576976647052209,-0.005267965645700201,0.37730581297088056,0.24956928598625472
5,sklearn,254,0.9554707636186012,0.8577490736286097,0.5884986940999575,0.37865844879412885,-0.3669720695186437
5,sklearn,255,-0.6720830052797795,-0.7430613996867116,-0.36529002232964025,0.24662282985339817,0.30679298295013924
5,sklearn,256,-1.092810768712487,-1.3083733318625386,-0.5310101301377799,0.3270046200257774,0.5618006385747072
5,sklearn,257,-0.34743507450238403,-0.17830030422730653,-0.1725461282151528,0.29800185468198553,0.17488894628723123
5,sklearn,258,-0.47353246197800813,-0.32363746206881894,-0.5587064872561083,0.31610003105445544,-0.08517402527810014
5,sklearn,259,0.4054484517971203,0.5847526019675133,0.08838274184760486,0.39262850860728066,-0.31706570994951544
5,sklearn,260,-0.4807926941809786,-0.49009274109850187,-0.6104073481762757,0.1924865613251905,-0.12961465399529715
5,sklearn,261,0.46691133837330595,0.6104023017798625,0.2535124629292298,0.39046829944779754,-0.21339887544407615
5,sklearn,262,-0.3141353438380155,-0.43883489336744685,0.011648970648625578,0.26737160886028866,0.3257843144866411
5,sklearn,263,0.260919957433835,0.18197002431435616,0.096365849972603,0.3165558560187591,-0.164554107461232
5,sklearn,264,0.1753256630012901,0.028052231411989925,-0.04397090109738144,0.30714911067410344,-0.21929656409867154
5,sklearn,265,-0.3493244103141393,-0.439715990978396,-0.2584937632224662,0.2440177011458223,0.0908306470916731
5,sklearn,266,0.4074394954563454,0.4280693857926565,0.5027047572312586,0.2703965846175441,0.09526526177491323
5,sklearn,267,0.31431452499860624,0.14948402996936028,0.20469759312858038,0.42760087799425167,-0.10961693187002586
5,sklearn,268,1.1362505144819064,1.2811111411338068,0.7872992278143549,0.2676360460515639,-0.3489512866675515
5,sklearn,269,-0.6717410626354323,-0.7654559267759091,-0.547231683068695,0.31507321212199235,0.12450937956673735
5,sklearn,270,0.7358283195558258,0.7764842001366481,0.5022779182906376,0.38003797624969266,-0.23355040126518822
5,sklearn,271,-0.26133346432389404,-0.20825840414892374,-0.38185152263525524,0.2745328536628414,-0.1205180583113612
5,sklearn,272,1.129970566038807,1.2533296363108972,1.653068024297669,0.32818552910515103,0.5230974582588619
5,sklearn,273,0.526813226709392,0.6114222040798853,0.5473601143936797,0.34039791492483784,0.020546887684287696
5,sklearn,274,-0.2838589518015967,-0.5233745574492517,-0.1690196144042737,0.32238932842664403,0.114839337397323
5,sklearn,275,-0.6041772359180775,-0.5811337447547213,-0.6179001932231527,0.2955361271040078,-0.013722957305075223
5,sklearn,276,0.17171609700063026,0.1833054243980246,0.28524863849723303,0.27761896393516217,0.11353254149660277
5,sklearn,277,1.1436650423744825,0.884733692945054,1.6319161109538562,0.3019588232039016,0.4882510685793737
5,sklearn,278,-0.9084412385394611,-0.9158514260470522,-0.5305326691726595,0.23805059060915665,0.3779085693668016
5,sklearn,279,-0.18011263562684598,-0.2218277494359265,-0.2405791178575729,0.31303822785893276,-0.060466482230726926
5,sklearn,280,0.4244622539946685,0.387246923944784,0.29993313105744335,0.367406527965522,-0.12452912293722518
5,sklearn,281,-0.5801218854385076,-0.5535096254553379,-0.5500551267751632,0.2505205930049003,0.030066758663344406
5,sklearn,282,-0.1531477531941039,-0.2980589478686687,-0.219429222279917,0.23856987274237149,-0.06628146908581312
5,sklearn,283,-0.3162045456846895,-0.3233946041709815,-0.3999761904304897,0.18510595788261486,-0.08377164474580023
5,sklearn,284,-0.829932398267565,-0.7620202230587766,-0.9005526394694172,0.2517683226644765,-0.07062024120185217
5,sklearn,285,0.19622294156327794,0.10564699070598844,0.20011053527087697,0.28598987669514997,0.0038875937075990297
5,sklearn,286,-0.2297201677694204,-0.3059460248730085,-0.07899378373202026,0.31067827175985446,0.15072638403740013
5,sklearn,287,0.2828176366959457,0.45823404591131045,0.4927675543815049,0.29485553089724104,0.2099499176855592
5,sklearn,288,-0.5393342807649069,-0.6450966722744683,-0.020417832024678617,0.345219113544564,0.5189164487402282
5,sklearn,289,0.1486532480964224,0.09777753430246411,0.12999481600734342,0.34895489907418703,-0.018658432089078997
5,sklearn,290,-0.367994529593859,-0.4340833897698256,-0.3272857202491153,0.2296927557283786,0.04070880934474369
5,sklearn,291,0.04516992695236616,0.032168865215521744,-0.021845579112687474,0.22329730545009974,-0.06701550606505363
5,sklearn,292,-0.4209805550610626,-0.3712612685475324,-0.47731237889974487,0.2583600413469897,-0.05633182383868229
5,sklearn,293,-0.11286336096757815,-0.047694365211745984,-0.12567297697485813,0.23549067616015623,-0.012809616007279978
5,sklearn,294,0.17626960082538923,-0.017748292145223776,-0.05084259867411589,0.3456037576281094,-0.22711219949950512
5,sklearn,295,-1.2354218372095325,-1.1075251514217679,-1.0442728752728563,0.26875444122519276,0.1911489619366762
5,sklearn,296,-0.5039379065196842,-0.6721937709503221,-0.47944420423337597,0.2863709285875794,0.024493702286308205
5,sklearn,297,-1.0950301285630877,-1.2218070480230359,-0.37336781915545636,0.33830619004383344,0.7216623094076313
5,sklearn,298,-0.18351047213226684,-0.3795420333035106,-0.048560117269701664,0.2934417087472116,0.13495035486256518
5,sklearn,299,1.023917958479605,1.007863197779192,0.8632031276134811,0.2693694814339621,-0.16071483086612393
6,sklearn,0,1.5429844693875656,1.5221794149968173,0.940613751239753,0.3457059239739041,-0.6023707181478126
6,sklearn,1,-0.5392656277848924,-0.6056728054138781,-0.5626144025091038,0.25254808636575615,-0.023348774724211374
6,sklearn,2,1.126574713614083,1.1043182954344868,0.9674337424545223,0.30397141012023854,-0.1591409711595606
6,sklearn,3,-0.05340083616990802,-0.08671870165436513,0.07702351228000248,0.256953587289023,0.1304243484499105
6,sklearn,4,0.1960947615344011,0.2636714118095279,-0.15652727082811424,0.303315999429427,-0.3526220323625153
6,sklearn,5,-0.3216591565176813,-0.4104946244785427,0.08086408632189102,0.3571344124726526,0.4025232428395723
6,sklearn,6,-1.3859438062106173,-1.4310243820864175,-1.2022367479109957,0.35284734696782655,0.18370705829962164
6,sklearn,7,-0.21277182554188678,-0.35061907324070085,-0.23063167931610185,0.31269499159367137,-0.017859853774215062
6,sklearn,8,-0.5329023378255495,-0.3983538765985525,0.3485650360913399,0.36989913915923534,0.8814673739168895
6,sklearn,9,0.4397948490962444,0.5345926059848609,0.32036532758391223,0.3386017469067884,-0.11942952151233216
6,sklearn,10,-0.1609401173164116,-0.13466924442444111,-0.019216525021592323,0.2784549070430546,0.1417235922948193
6,sklearn,11,-0.639413868043414,-0.6567989907907215,0.23080823988314203,0.36314290654536935,0.8702221079265561
6,sklearn,12,-0.2026655550091049,-0.2587086239829521,-0.07505428087652133,0.3409520576040143,0.12761127413258358
6,sklearn,13,0.5496720786095133,0.41945348172586283,0.4810565573387706,0.1867099808660473,-0.06861552127074266
6,sklearn,14,-0.049014724455780076,-0.16905293916101188,-0.10902043463847999,0.3513852589870312,-0.060005710182699915
6,sklearn,15,-0.09472359688985288,-0.2301290773048321,-0.11961081913975713,0.3085362431658114,-0.02488722224990425
6,sklearn,16,-0.5916205277828215,-0.46823624083731774,-0.26561039074906034,0.24022531068434028,0.32601013703376114
6,sklearn,17,-0.2520570636948743,-0.33806200916232254,-0.3638549370299131,0.3800144640822638,-0.11179787333503882
6,sklearn,18,-0.5027302192174041,-0.49699139795299474,-0.654798593885153,0.20098184802911037,-0.15206837466774892
6,sklearn,19,0.11160501587518684,0.16041131369651207,0.28770918473393614,0.2517438214401305,0.1761041688587493
6,sklearn,20,-0.05689838187330726,0.15020591668987032,0.3103708699106813,0.3545847165630097,0.36726925178398856
6,sklearn,21,0.0876617474940249,-0.015212575465245723,0.421009244216229,0.35301154889338865,0.3333474967222041
6,sklearn,22,-0.6135914919501241,-0.6809215614140487,-0.9219856484119011,0.24416313466446427,-0.30839415646177704
6,sklearn,23,0.28265873866246655,0.19560896084668047,0.3273159431342054,0.23327020907224078,0.044657204471738876
6,sklearn,24,-0.08625167416742645,-0.0023990350133153704,-0.2580080428298408,0.31876534487529645,-0.17175636866241434
6,sklearn,25,-0.5123639753143252,-0.41638760973140726,-0.40888444336369645,0.30871492073866136,0.10347953195062876
6,sklearn,26,0.685060270659436,0.45419481362968583,0.07311232446067906,0.3167064636614273,-0.6119479461987569
6,sklearn,27,-0.2731785617208832,-0.2801443757742181,-0.16542188218246556,0.2749274346504575,0.10775667953841761
6,sklearn,28,0.8651936991321036,0.7779900014937241,0.875030317364044,0.25816471578916445,0.009836618231940375
6,sklearn,29,-0.6385686130483202,-0.6394536395334366,0.33425181678914906,0.39009411472694977,0.9728204298374693
6,sklearn,30,-0.04042363296634485,-0.19188426118894805,-0.17977895137709798,0.3069646257755712,-0.13935531841075313
6,sklearn,31,1.233748807860552,1.2632423172485694,0.7587153447011299,0.2818566095190608,-0.4750334631594222
6,sklearn,32,0.19161029742948618,0.12467805468286519,0.3187000807744369,0.22160668537659473,0.12708978334495072
6,sklearn,33,1.0683642460497251,0.8864783782677169,0.41633841290595175,0.3466517099411935,-0.6520258331437734
6,sklearn,34,-0.05102858024918562,-0.004715386675663603,0.19393769637962555,0.21843375729252162,0.24496627662881115
6,sklearn,35,1.1682619777287686,1.2468001231091375,0.47335473739790324,0.3173878947293318,-0.6949072403308654
6,sklearn,36,-0.12486457413328195,-0.10517940397490268,0.09787962257893867,0.35603772630212693,0.22274419671222062
6,sklearn,37,-0.2544494620709956,-0.31439396308388706,-0.6698793195081474,0.25009938696213774,-0.4154298574371518
6,sklearn,38,-0.6237944779549314,-0.6938997194108385,-0.36807570555149605,0.3755315241071846,0.2557187724034353
6,sklearn,39,0.4673641985649334,0.5257564896052129,0.337040852164626,0.35859217749040395,-0.1303233464003074
6,sklearn,40,-0.37982250444388455,-0.354106158164237,-0.370722179960703,0.18198633167390635,0.009100324483181543
6,sklearn,41,1.177941776507946,1.0679682923666682,1.1407336106594266,0.24199669942904825,-0.03720816584851949
6,sklearn,42,0.4692690480471693,0.6201811460780757,-0.33104288383823144,0.3243052958509162,-0.8003119318854007
6,sklearn,43,-0.15720941374437603,-0.20773121711116782,0.030690729143849182,0.33697030157792385,0.1879001428882252
6,sklearn,44,-0.18901512060136255,-0.15987858378120545,-0.2772981357408151,0.3664580830079131,-0.08828301513945253
6,sklearn,45,-0.06717878297798367,-0.09312124685693231,-0.013008592209097891,0.3408055214266957,0.05417019076888578
6,sklearn,46,0.2573104622990007,0.2546257698547565,0.3425890546304662,0.2785406916602605,0.08527859233146551
6,sklearn,47,-0.1473494193956727,-0.11656497331175919,-0.22003850466989539,0.36764668569205217,-0.07268908527422269
6,sklearn,48,0.9399041942899026,0.8502663615901074,0.6681767682194204,0.338031719548551,-0.27172742607048217
6,sklearn,49,0.7517566151820133,0.6756519922398864,0.6522885582092299,0.33400147325325474,-0.09946805697278338
6,sklearn,50,0.6328560738661876,0.6182239341786561,0.4897261343191819,0.34020286217127194,-0.1431299395470057
6,sklearn,51,-0.01874147360483929,-0.07931271949898966,-0.3590837301231953,0.27883813504533245,-0.340342256518356
6,sklearn,52,-0.6513902936564108,-0.7795623066850002,-0.5800735374320563,0.26363447884162794,0.07131675622435452
6,sklearn,53,0.0001260463923864752,-0.15232875094132645,0.11464285577412725,0.402577873084647,0.11451680938174078
6,sklearn,54,-0.9700211679875813,-0.8415971841383437,-0.3099330912738294,0.3850676958301141,0.6600880767137519
6,sklearn,55,0.6760455633873982,0.6878213507940628,0.47396388176492343,0.3345773539243347,-0.20208168162247475
6,sklearn,56,-0.7194981650383161,-0.8645730101196802,-0.35546641698519243,0.4395764614900089,0.36403174805312366
6,sklearn,57,0.6247622688401058,0.5027445547424376,0.6185396436823111,0.31728405917242697,-0.006222625157794703
6,sklearn,58,-1.231134293188692,-1.2323770145622233,-1.0987078698821338,0.31212799987986073,0.13242642330655818
6,sklearn,59,0.4573039361458108,0.3596829427678536,0.6912115556325061,0.3082993242968402,0.23390761948669536
6,sklearn,60,1.0560555346550786,0.9388349260666902,0.7904407925995063,0.3329544198763394,-0.26561474205557234
6,sklearn,61,-0.40807478387002083,-0.3916776329720099,-0.09267514833310875,0.2593855420070695,0.3153996355369121
6,sklearn,62,-1.3947224423091371,-1.3960625737583645,-1.2347975313220578,0.24507765831647038,0.15992491098707928
6,sklearn,63,0.8414976911026814,1.0307818933507067,0.5681587866583264,0.30893697413166715,-0.27333890444435494
6,sklearn,64,-0.17285244753247106,-0.19421731387631982,-0.2414970288077254,0.3726643470266841,-0.06864458127525433
6,sklearn,65,-0.219665786677043,-0.21099176538655184,-0.37079935726211954,0.38606193600864425,-0.15113357058507654
6,sklearn,66,0.8380288345819443,0.8107379762731841,0.32625791191496334,0.3146033855861445,-0.511770922666981
6,sklearn,67,-0.7683551719707964,-1.0904836714221111,-0.23016765761877434,0.37972402562122803,0.5381875143520221
6,sklearn,68,-0.05764185024390946,0.02070582909544795,-0.024746105329913615,0.32292985165673926,0.03289574491399584
6,sklearn,69,1.2177921656774529,1.4119423954865193,0.6170177125973981,0.34536037803652064,-0.6007744530800547
6,sklearn,70,-0.18494839415031145,-0.09119726514984391,-0.584298777426139,0.30118973877092137,-0.39935038327582756
6,sklearn,71,-1.0552282375319284,-1.0969464310741643,-1.1168406173426382,0.270217923532191,-0.06161237981070977
6,sklearn,72,-0.6226293239972964,-0.428384717024365,-0.5419837787912285,0.23408713896984218,0.08064554520606793
6,sklearn,73,0.8278227104121788,0.8980107034360438,0.6684316558965508,0.3393086699396014,-0.15939105451562796
6,sklearn,74,0.17504295417464852,0.21077954194534979,-0.28562508796501396,0.3724128285553501,-0.4606680421396625
6,sklearn,75,-0.7316535866063206,-0.6093736194616245,-1.0959800600882907,0.29736853885853176,-0.3643264734819701
6,sklearn,76,0.06547806955348853,0.00019636833147566868,-0.24698551408088987,0.3622950179523996,-0.31246358363437843
6,sklearn,77,0.8044483340561533,0.654530040586848,0.3586850363204901,0.323226707858498,-0.44576329773566326
6,sklearn,78,1.2322707313305572,1.2780589337371655,0.9899221599825629,0.3146513338148799,-0.24234857134799426
6,sklearn,79,0.4717265631303965,0.5800046566389836,0.290795140619986,0.3401861639914265,-0.1809314225104105
6,sklearn,80,0.3108070349285324,0.39740672740584804,-0.061755839234608034,0.28147914984847155,-0.37256287416314043
6,sklearn,81,0.4042612065228768,0.15237050552220666,0.4820992236910775,0.2203595380797761,0.07783801716820071
6,sklearn,82,0.3380050422460337,0.34459791434793025,0.19833110056344805,0.20611123312354873,-0.13967394168258568
6,sklearn,83,0.9360779311766456,0.881109782431277,0.453191640276847,0.3375205196368024,-0.4828862908997986
6,sklearn,84,0.02298805839455026,-0.004702982262615146,-0.28054745625050304,0.374629498098727,-0.3035355146450533
6,sklearn,85,-0.2808896718264378,-0.23834211414319553,0.04411296525126018,0.3385372129902472,0.325002637077698
6,sklearn,86,0.815918180253176,0.829161984783532,0.2518624620100186,0.27724196030175174,-0.5640557182431574
6,sklearn,87,0.2871043334234995,0.1678020308248792,0.3211500105302285,0.16699670375462305,0.03404567710672901
6,sklearn,88,-1.0076436045556434,-0.987729018766915,-0.9655161817894826,0.3183655001192144,0.04212742276616077
6,sklearn,89,1.0517700948106017,1.1632271481738095,0.96114168329274,0.31584806902443724,-0.09062841151786172
6,sklearn,90,-0.03722692808963701,0.10560906165284903,0.18459826414488623,0.28377261770950357,0.22182519223452324
6,sklearn,91,-0.5173523848539158,-0.573170682598009,-0.45312550489317704,0.23169586577611254,0.06422687996073873
6,sklearn,92,-0.336986417452106,-0.3135248090890604,-0.44622588062726054,0.14981988028721566,-0.10923946317515454
6,sklearn,93,1.0087828597819282,0.9539209088887393,0.5089579114099148,0.32658113618375134,-0.4998249483720134
6,sklearn,94,-0.1274579850226356,-0.2363008548731706,-0.1904149281936638,0.2683899376319589,-0.06295694317102818
6,sklearn,95,-1.0057964532269297,-0.9917020942410413,-1.092174316395842,0.3298674041219883,-0.08637786316891227
6,sklearn,96,-0.5303544620199847,-0.674030774519115,-0.28487332290592704,0.2114812464006715,0.24548113911405767
6,sklearn,97,0.2962589016046148,0.3270307283290803,0.29303484331061713,0.208214564513635,-0.003224058293997689
6,sklearn,98,-1.042112088160894,-1.1546329891485378,-0.6664997796065777,0.3083697490742003,0.3756123085543164
6,sklearn,99,0.9327218616167786,0.8228131820129875,0.8754568187079701,0.3239168937470125,-0.05726504290880852
6,sklearn,100,0.03703658758052775,0.08484093498210368,0.15524688743422876,0.32465430969746917,0.11821029985370102
6,sklearn,101,0.1314609241324329,-0.052869841901441506,0.04817027177246258,0.2557052496270586,-0.08329065235997032
6,sklearn,102,0.11825216369909791,0.12657091937110806,-0.2735377341869274,0.32191743359962915,-0.3917898978860253
6,sklearn,103,0.6146828750440219,0.7070490928385176,-0.11057436753946781,0.30751495832830206,-0.7252572425834897
6,sklearn,104,0.07845479041250403,0.053048884188871784,-0.0677425232087448,0.25025683149477723,-0.14619731362124883
6,sklearn,105,-0.4212403271076497,-0.3480108982541429,-0.5747243990972213,0.3898971288500145,-0.1534840719895716
6,sklearn,106,-0.07464825668071175,-0.03696354675819311,0.05254769662554082,0.20422211604195434,0.12719595330625255
6,sklearn,107,0.2686128391545519,0.30561644132385324,0.5378005710208693,0.3086627923629178,0.2691877318663174
6,sklearn,108,0.13045193981851316,0.2664747963026082,0.09117216039887865,0.3559664204680817,-0.03927977941963451
6,sklearn,109,-0.2928859970711747,-0.24458465916186486,0.025248233724796343,0.32456142958597484,0.31813423079597103
6,sklearn,110,0.4147423155946792,0.4053880945654015,0.2986744022107479,0.3461885291045742,-0.1160679133839313
6,sklearn,111,-0.581568081455377,-0.6209027744299168,-0.1703462517912162,0.25132000519496833,0.41122182966416077
6,sklearn,112,-0.2833769198705617,-0.30011153489496184,-0.45728988512391855,0.3116133875588178,-0.17391296525335687
6,sklearn,113,0.7011566938451655,0.786567138025601,0.8855575035122488,0.28007775424960285,0.18440080966708328
6,sklearn,114,0.1359530011904343,0.020454141231548872,0.2811601358391138,0.2741680817671773,0.14520713464867951
6,sklearn,115,0.8786087718637604,0.9369753641255968,0.5207004916866745,0.30753103870065623,-0.35790828017708587
6,sklearn,116,-0.19333326154822988,-0.3042607541817984,-0.08540560186093193,0.33913265455641367,0.10792765968729795
6,sklearn,117,0.39350974381870896,0.36037061288540695,0.3790968410882185,0.2087325763671447,-0.014412902730490451
6,sklearn,118,-0.03582533989116701,0.07394053644966862,0.023488532560262954,0.27515763061217413,0.059313872451429966
6,sklearn,119,-0.970752830962418,-0.9768225829437874,-0.7493834456615376,0.2542448760341731,0.22136938530088046
6,sklearn,120,0.28266631155464744,0.06139699348380184,-0.14995463186002667,0.281994169239823,-0.4326209434146741
6,sklearn,121,0.8592882583171122,0.8934315629938361,0.3514844999529909,0.3258569659697864,-0.5078037583641213
6,sklearn,122,-0.7844104818291124,-0.8633592538194379,-0.22282533607915966,0.3310373207064188,0.5615851457499528
6,sklearn,123,1.0170874860897674,1.109341412315015,1.0122342698340894,0.30864382127746437,-0.004853216255678028
6,sklearn,124,0.3485600574673068,0.48893750921929446,0.35178909987829,0.31491545837147517,0.003229042410983207
6,sklearn,125,-0.0823905059768619,-0.25569971520365176,-0.24307796173724805,0.30983508309736274,-0.16068745576038615
6,sklearn,126,-0.6673885764747485,-0.779800959236931,-0.8420172084245122,0.3514818927505437,-0.17462863194976375
6,sklearn,127,-0.21034236467904177,-0.08252395718114083,-0.23792054930688344,0.34382945882637084,-0.027578184627841673
6,sklearn,128,-1.0133308750387964,-1.1211686802819012,-1.3069098942110844,0.2941751569274907,-0.293579019172288
6,sklearn,129,0.019455095049633553,0.044203755780353765,0.1251238045500559,0.24723098317331085,0.10566870950042234
6,sklearn,130,0.22370790390062928,0.10379566994665167,-0.19300559983684917,0.2559271079103334,-0.41671350373747845
6,sklearn,131,0.3273001994227929,0.39234060863445924,0.3573861012853683,0.24729095528373854,0.03008590186257537
6,sklearn,132,0.14332099424402456,0.1289693143474367,-0.2780538653665712,0.43864756946263905,-0.42137485961059573
6,sklearn,133,1.3383722228496473,1.4758055750042889,1.2261950552272753,0.23186656610422665,-0.11217716762237195
6,sklearn,134,1.2522036874381195,1.2595422815567514,0.7269790291337701,0.3061096303928211,-0.5252246583043494
6,sklearn,135,0.6896853384254094,0.7007301586291782,0.40265746087926124,0.3124936830887624,-0.2870278775461481
6,sklearn,136,1.0199026677058198,0.9858207403421234,0.4470573677789953,0.34998389907261546,-0.5728452999268245
6,sklearn,137,-0.271849716096665,-0.21285952516847198,-0.5757557813138954,0.19863319506112506,-0.3039060652172304
6,sklearn,138,1.1202298683324927,1.1293458691346394,0.8777297352244162,0.25864735855043813,-0.2425001331080765
6,sklearn,139,0.12062136416217577,0.13352767067853316,0.01710055772751673,0.33909860853152185,-0.10352080643465904
6,sklearn,140,0.6295280873512585,0.6152844802854945,0.42357656229156904,0.18496991261952275,-0.2059515250596895
6,sklearn,141,-0.4291193420517129,-0.4483652974708316,-0.4357747005382464,0.297350235425218,-0.00665535848653348
6,sklearn,142,0.0895270063794867,0.11431175578572104,-0.2484228481477715,0.2796770863642141,-0.3379498545272582
6,sklearn,143,0.8494255805747442,0.7887228046501696,0.4541262111438522,0.33328775912883396,-0.39529936943089194
6,sklearn,144,0.01182212903600223,-0.06479159037848825,0.17781141151885826,0.3460017381719085,0.16598928248285605
6,sklearn,145,-0.02316054037023449,-0.11328112863456356,0.3263719867586351,0.3577811953963138,0.3495325271288696
6,sklearn,146,-0.7595417719923365,-0.5669650758054863,-0.9160414280868288,0.37261463516179577,-0.15649965609449223
6,sklearn,147,-0.1630119163769694,-0.08930333884597522,-0.3510511081006279,0.2673311846112967,-0.1880391917236585
6,sklearn,148,-0.7831006672458711,-0.7145779658534832,-0.815559832194458,0.4065779125263879,-0.032459164948586916
6,sklearn,149,0.5946075544677406,0.5071407851454357,0.39058894075937584,0.3156547925982525,-0.20401861370836477
6,sklearn,150,-0.8641799512637199,-0.706584824377144,-1.0852852603838072,0.2681699606773402,-0.2211053091200873
6,sklearn,151,0.1604889109701042,0.16291226247440307,-0.1671248173071631,0.30723741932093374,-0.3276137282772673
6,sklearn,152,0.49676793733130564,0.6336579706675068,0.348564456045116,0.39085777056938187,-0.14820348128618965
6,sklearn,153,-0.34448180790460486,-0.45875540728261477,-0.3938819919408365,0.33420855841168584,-0.04940018403623164
6,sklearn,154,0.048419305516978706,-0.08627472802154909,0.07248057270690267,0.31054117808670634,0.024061267189923963
6,sklearn,155,0.19342181962449212,0.2986856647057826,0.22145415134099622,0.30302040107207595,0.0280323317165041
6,sklearn,156,-0.11457289272738225,-0.005861562427889502,-0.0898173990010348,0.438253881074364,0.024755493726347444
6,sklearn,157,-0.030193189747381943,-0.25615641754395835,-0.45894836734556876,0.30706059708102157,-0.4287551775981868
6,sklearn,158,0.26255237667416953,0.34472445303571725,-0.4004660326207299,0.2938181459755569,-0.6630184092948994
6,sklearn,159,-0.07773556986805782,-0.09448318514723064,0.25941892082992135,0.21366258739139352,0.3371544906979792
6,sklearn,160,-1.3402218726908963,-1.3436414957493605,-1.483102585565319,0.24194187540959658,-0.14288071287442272
6,sklearn,161,0.798544131727484,0.893224424355448,0.6292671857982035,0.34232061130600233,-0.16927694592928044
6,sklearn,162,0.12080565624099524,0.06115654145275136,-0.12143220783423381,0.30423852331922197,-0.24223786407522904
6,sklearn,163,-0.15832155289366207,-0.1313046868454961,0.10545990070739863,0.31937816030556543,0.2637814536010607
6,sklearn,164,0.42254406695714464,0.3880721296710867,-0.19058926527938336,0.27005492284023414,-0.613133332236528
6,sklearn,165,0.08571347027190981,0.027236542357250197,0.150840398225085,0.33736291729196427,0.06512692795317518
6,sklearn,166,-1.2983750394599811,-1.364708350107182,-1.607597773962433,0.25791647939439866,-0.30922273450245186
6,sklearn,167,0.5026623534354351,0.6377877593492627,0.37916367618914615,0.34506352411156416,-0.12349867724628893
6,sklearn,168,0.9260632388899406,0.8883066193581307,0.8872920019438353,0.3119431017530674,-0.03877123694610529
6,sklearn,169,0.9437579495360894,0.9526092404782237,0.7308710379844507,0.31684133561847583,-0.21288691155163864
6,sklearn,170,0.14433911513390835,0.21494384491362073,0.4776682024681228,0.30772999803068307,0.33332908733421446
6,sklearn,171,-0.05708039645177648,-0.1418742736588885,-0.5307018849409726,0.30950840861731044,-0.4736214884891961
6,sklearn,172,1.030879300725978,1.0953159739197262,0.5066317879207789,0.32595151123115346,-0.5242475128051991
6,sklearn,173,-0.2167261880593177,-0.2508126717472195,-0.150517854262588,0.15210295635533916,0.06620833379672969
6,sklearn,174,-0.2801199352302065,-0.3787895328217514,-0.836174415042858,0.2621585140090039,-0.5560544798126515
6,sklearn,175,-0.9095564047573099,-0.9088231133757942,-1.1076204946026995,0.25057377120495483,-0.1980640898453896
6,sklearn,176,-0.2512742059109065,-0.2517083300593046,-0.3016864798106935,0.3378499023038691,-0.05041227389978703
6,sklearn,177,0.639550747425621,0.6010786379508732,0.4074572976742974,0.3141784747646001,-0.23209344975132362
6,sklearn,178,0.13738202930375648,0.17005086824695445,0.15749434234292647,0.22423066744117512,0.020112313039169993
6,sklearn,179,-0.3052311200784681,-0.21070876065245495,-0.23791362572414676,0.35097644566951464,0.06731749435432133
6,sklearn,180,0.41951141092195954,0.403076333739027,0.25433605877428045,0.3372487998507625,-0.1651753521476791
6,sklearn,181,0.13905411727015984,0.0631232656865632,0.1828224858948435,0.2860890453732803,0.04376836862468367
6,sklearn,182,-1.0600123023899015,-0.9611419549144743,-0.9717181084513795,0.28370843485635144,0.088294193938522
6,sklearn,183,-0.5377420108727777,-0.593586473503233,-0.22544089666236555,0.24542307695171436,0.3123011142104122
6,sklearn,184,0.35549162197566253,0.6340934511993106,-0.4755779313452362,0.2969384627360032,-0.8310695533208987
6,sklearn,185,-0.01908647175575215,-0.004402114023845096,0.13120857168226596,0.349125550020785,0.1502950434380181
6,sklearn,186,-0.3306186554191166,-0.2247924797005478,-0.072424763632573,0.3135925708463162,0.2581938917865436
6,sklearn,187,0.4269179448375091,0.34760401666442514,0.27052375643141735,0.2961043198761841,-0.15639418840609176
6,sklearn,188,-0.16308539315586806,-0.2093056673728539,0.2105658658489094,0.35163008398147516,0.37365125900477747
6,sklearn,189,-0.27169443651207414,-0.47169657325381775,-0.5768700178880608,0.20820848326966088,-0.30517558137598666
6,sklearn,190,0.9062387622637339,1.0116738763653237,0.9085939893436321,0.3141258624282614,0.0023552270798982144
6,sklearn,191,0.594826430734207,0.736044465320036,0.3834611282300737,0.32847072342790584,-0.21136530250413332
6,sklearn,192,0.5054895505261215,0.6806374280127893,0.3343896856495219,0.2897531230330653,-0.17109986487659967
6,sklearn,193,0.6100030834675396,0.6404939725809866,0.5338983897827867,0.2921685345684931,-0.07610469368475292
6,sklearn,194,1.1522082936393216,1.204179266135033,1.0520722773378721,0.20791780770218152,-0.10013601630144953
6,sklearn,195,0.1764220062219694,0.07172430858837286,-0.7755014447018198,0.32566942217123096,-0.9519234509237893
6,sklearn,196,0.4607544790690855,0.42993701428422804,-0.16275290530439035,0.2766201424327452,-0.6235073843734759
6,sklearn,197,-0.23284637758488536,-0.3283999829011568,-0.267639967731244,0.3661730596340773,-0.03479359014635863
6,sklearn,198,0.3306087169943753,0.2748005586566846,0.34084005125657857,0.30669850975758545,0.010231334262203295
6,sklearn,199,0.24316967058098693,0.19869317649845453,0.1340337102654603,0.35975012989899147,-0.10913596031552664
6,sklearn,200,0.8861161157703433,0.8223365480897339,1.1145160278841664,0.25293661596964884,0.22839991211382304
6,sklearn,201,-0.14925955364150145,-0.11830776614313962,-0.0544517347158302,0.33629013841673117,0.09480781892567125
6,sklearn,202,0.5367664401911663,0.4927552195984479,0.4770499176798604,0.2959831557591346,-0.05971652251130588
6,sklearn,203,-0.1986415861102629,-0.16657938599155245,-0.2981555839797787,0.14947395599181196,-0.09951399786951581
6,sklearn,204,-0.32604394206543463,-0.3504915465865884,0.01967542062394978,0.25591565582019554,0.3457193626893844
6,sklearn,205,0.775171782828595,0.9171329172692254,0.42200246509905215,0.3250941609981995,-0.35316931772954285
6,sklearn,206,0.9067029217548599,0.9212045220576411,0.11230025074262429,0.31377132158144677,-0.7944026710122356
6,sklearn,207,0.347072621581404,0.3055360471787878,-0.48356136002632,0.3001684755195054,-0.830633981607724
6,sklearn,208,1.6564264321712363,1.7639371478256853,0.8929739420298324,0.3535984455932539,-0.7634524901414039
6,sklearn,209,1.6096227222375301,1.7099508938150327,0.9232802352940763,0.3208587644893466,-0.6863424869434538
6,sklearn,210,0.4221921956688587,0.4737797135498859,0.10724336009421975,0.31230475902116994,-0.31494883557463893
6,sklearn,211,-0.3994859965573463,-0.48633606638562543,-0.8890071724763096,0.2727572335694959,-0.48952117591896327
6,sklearn,212,0.7197958079778517,0.8472262585406931,-0.011579561390627102,0.3018709471320531,-0.7313753693684788
6,sklearn,213,-0.06327665559649426,-0.023501229619911024,0.0512762454522413,0.28835822222893576,0.11455290104873556
6,sklearn,214,0.04408609979623168,0.12093398798504551,0.19267159423479097,0.3950814739946369,0.14858549443855928
6,sklearn,215,-0.7123218043540649,-0.6516683412358494,-0.7510986282834251,0.13944444281595358,-0.038776823929360216
6,sklearn,216,-0.5228720132708637,-0.5189888786434877,-0.40941302189044837,0.32467126830830145,0.11345899138041537
6,sklearn,217,0.14683411448521708,0.060980390492482106,-0.2245006355098973,0.32980139561850497,-0.3713347499951144
6,sklearn,218,0.12449983854385246,0.20190470144198708,-0.014479166706209412,0.30740126070516693,-0.13897900525006188
6,sklearn,219,-0.09077424025168304,-0.28019201270131644,-0.04538824013093956,0.22660838222964014,0.04538600012074348
6,sklearn,220,0.6902366571029888,0.7559868332513417,0.3545955676833318,0.3216844031039639,-0.335641089419657
6,sklearn,221,-0.30391710355770435,-0.4365322033132554,-0.28760699513074606,0.3268303612950142,0.016310108426958292
6,sklearn,222,0.41170411264725415,0.4295638268278038,0.2811627247780014,0.3256581931744887,-0.13054138786925273
6,sklearn,223,-0.18296482455953647,-0.22647266631304622,0.06310806309606365,0.4536893328521829,0.24607288765560012
6,sklearn,224,-0.8226694689207599,-0.8623289849651041,-0.5547064008151252,0.29813943198123655,0.26796306810563464
6,sklearn,225,0.1251897232446322,0.2932638295039021,-0.22788622698372984,0.23485511523691155,-0.353075950228362
6,sklearn,226,0.04595065746376514,0.17522537931288384,0.2433289498167468,0.3192569850452355,0.19737829235298165
6,sklearn,227,0.20990262944686824,0.29936805441688213,0.12402979414385662,0.32918943002069,-0.08587283530301162
6,sklearn,228,-0.21242474733738764,0.15696421668198496,-0.2800615786023375,0.4082284190157572,-0.06763683126494985
6,sklearn,229,-0.03828952660963543,-0.13939174341100993,-0.11620214439461041,0.26798459648998973,-0.07791261778497498
6,sklearn,230,0.29910242537162357,0.3550218372624525,0.6274870761759983,0.42589759311767567,0.32838465080437473
6,sklearn,231,-0.291483799960688,-0.3307453455059433,-0.20611821386631135,0.20455617582743524,0.08536558609437667
6,sklearn,232,0.504796982016595,0.414564042965597,0.3766143917228306,0.33224571101379,-0.12818259029376433
6,sklearn,233,-0.2383304206200738,-0.1598763145984679,-0.768084115118708,0.3355214864299768,-0.5297536944986342
6,sklearn,234,-0.8125758043001889,-0.89838450662568,-0.5304281454626641,0.3713508256861881,0.2821476588375248
6,sklearn,235,0.09742096113993445,0.2771549057873537,-0.21469821569327485,0.29463454633451,-0.31211917683320933
6,sklearn,236,-0.2582265005877773,-0.25184433217424423,-0.3781294523321739,0.32807141307439674,-0.11990295174439658
6,sklearn,237,0.0850086845267446,0.26284730787566485,0.08949233329107553,0.3335177545172724,0.004483648764330939
6,sklearn,238,0.12487620668770297,0.22247615175601834,0.046852377021913805,0.31991747360223244,-0.07802382966578916
6,sklearn,239,0.12547574686287877,0.020765146820058145,-0.27347386428242615,0.34681159740545514,-0.3989496111453049
6,sklearn,240,-0.1759756658133842,-0.22631294276848504,-0.06561202849184689,0.3549868518018977,0.11036363732153731
6,sklearn,241,0.2312819965188338,0.31725866454802987,0.43602679971416225,0.2951619220007219,0.20474480319532845
6,sklearn,242,-0.010355667033875388,0.1253455050615572,0.1940038496538068,0.30310443708161444,0.20435951668768218
6,sklearn,243,0.9927137166279397,1.1392029338413459,0.969530044417374,0.24514480960045623,-0.02318367221056572
6,sklearn,244,0.5424151963563593,0.3702629970532121,0.531725763006933,0.2327313297192219,-0.010689433349426292
6,sklearn,245,0.16161368412410843,0.059381984756462086,-0.3390487196941224,0.27456550615977204,-0.5006624038182308
6,sklearn,246,-0.6221282843371861,-0.5970005077838875,-1.0110008371834658,0.2127830000884842,-0.38887255284627964
6,sklearn,247,-0.2817292501539491,-0.2633641394382318,-0.9411566798946884,0.2638004885743618,-0.6594274297407393
6,sklearn,248,-0.2642769951255354,-0.3687653907561245,-0.3711600873697223,0.24917435720249087,-0.1068830922441869
6,sklearn,249,0.4040217884131786,0.2966095933714672,0.5138390934958079,0.2590520468976885,0.10981730508262932
6,sklearn,250,-0.3822126968403765,-0.44443874914875164,0.08058255225684441,0.3379820575795533,0.4627952490972209
6,sklearn,251,0.8638268610889341,0.7917193948314475,1.066222833335484,0.2508274185725075,0.20239597224654982
6,sklearn,252,0.7817752381645161,0.8669576659799273,0.1976952887235367,0.28601299974700717,-0.5840799494409794
6,sklearn,253,0.5484393691566258,0.4953648234063337,0.40461527513358386,0.2534098118398505,-0.14382409402304197
6,sklearn,254,0.9080835644954995,0.8540556256479813,0.9245283490690581,0.325272928496819,0.01644478457355858
6,sklearn,255,0.23390798754918363,0.24924661987865127,0.3789397020646561,0.23912738729180794,0.14503171451547248
6,sklearn,256,-0.012942027434770909,0.06233882129890128,0.2823969854936663,0.36201417369849537,0.29533901292843723
6,sklearn,257,-0.41527862990707515,-0.20262198738899898,-0.5732824119356699,0.3910336008584254,-0.15800378202859472
6,sklearn,258,0.21139189778086953,0.23533266924281723,-0.00094790472454509,0.26779190543677445,-0.21233980250541462
6,sklearn,259,0.01253001153560565,0.05021766463982696,-0.4431575205869638,0.3120472747239666,-0.4556875321225694
6,sklearn,260,1.0456611641931624,0.9634724607325675,0.9090998559428792,0.28728143972021464,-0.13656130825028312
6,sklearn,261,0.2345312805414786,0.28382156332980313,0.024893092318475585,0.2529445044680206,-0.209638188223003
6,sklearn,262,-0.13553556845268624,-0.052933383476683124,0.1924847667978855,0.28865029543534393,0.3280203352505717
6,sklearn,263,-0.8313943463065632,-0.768774101078042,-0.3617451843377725,0.3633982448753369,0.4696491619687907
6,sklearn,264,0.111182362879436,0.0727548567920058,0.19954591978297542,0.21529641857455278,0.08836355690353942
6,sklearn,265,0.20797732019578485,0.2079861183574124,-0.27132338883169416,0.33733200227313537,-0.479300709027479
6,sklearn,266,0.5481283966743282,0.5456233720432767,0.39740076192671414,0.30149546185115705,-0.15072763474761408
6,sklearn,267,-0.251859970969102,-0.2284369602374933,-0.22569865006908607,0.17223369109452774,0.02616132090001594
6,sklearn,268,-1.2719270730420063,-1.4783100682835262,-1.2883258304034526,0.28974732701870276,-0.01639875736144636
6,sklearn,269,0.5113238991219348,0.4894874276593652,0.4439548140372678,0.26805805039879355,-0.06736908508466699
6,sklearn,270,-0.7079613417324659,-0.8575745456197215,-0.24042307647830663,0.19975343292177886,0.4675382652541593
6,sklearn,271,1.4660167555916002,1.3736455259995786,0.9350576919933182,0.2454851893926114,-0.5309590635982819
6,sklearn,272,-0.10740713448940394,0.023714926531428662,0.2551446359362762,0.33441239359308605,0.3625517704256801
6,sklearn,273,0.2718462604856305,0.298984369925739,0.4819926223023443,0.3520867933300824,0.2101463618167138
6,sklearn,274,-0.15668940195226586,-0.1240814824831013,0.09737308581588344,0.2684928715900098,0.2540624877681493
6,sklearn,275,0.8031994191752081,0.9138370971480996,-0.2655268441519194,0.3135267624154357,-1.0687262633271275
6,sklearn,276,0.08867044424078091,0.056693699475139,0.17874947217989767,0.3952563063633219,0.09007902793911676
6,sklearn,277,1.3497526807341806,1.37729970533895,0.9227505411043595,0.28504118925967353,-0.42700213962982114
6,sklearn,278,0.7301394170394173,0.6177287889464999,0.1996380728314564,0.24789251845122373,-0.5305013442079609
6,sklearn,279,1.1841997527938286,1.0096745067694846,0.5566783378474585,0.361622673472799,-0.6275214149463701
6,sklearn,280,0.1812819270525055,0.3139956005103023,0.2563764173854757,0.22363860916107486,0.07509449033297017
6,sklearn,281,0.4745892410721015,0.3457164073373141,0.36834963845423085,0.29491090276839804,-0.10623960261787063
6,sklearn,282,0.5627597659443339,0.4832651840656498,0.48792320796098787,0.29818847947487687,-0.07483655798334599
6,sklearn,283,0.1531757873812313,0.06744040776945705,0.031665822521135034,0.2529661724662867,-0.12150996486009627
6,sklearn,284,0.3120908817317832,0.18376682760136182,0.2147471156676597,0.2268956466871051,-0.09734376606412348
6,sklearn,285,0.9904295747974767,0.9619356599856518,0.6973512785141169,0.35431415628779694,-0.2930782962833598
6,sklearn,286,1.132776356989533,1.3227221814026517,0.7638690447301921,0.26942413833678336,-0.3689073122593409
6,sklearn,287,0.10400554304503984,0.15329271391706625,-0.033128832191159585,0.35786051648440104,-0.13713437523619942
6,sklearn,288,0.27327125554812687,0.3927577910910417,0.3141514816553015,0.3439336213161961,0.04088022610717462
6,sklearn,289,0.18471346532698368,0.3440058302753036,0.46707573909957556,0.3241361169296159,0.2823622737725919
6,sklearn,290,0.4564457972674332,0.46285321226971915,0.4871277479810403,0.3233390222574191,0.03068195071360713
6,sklearn,291,0.6634400943555785,0.7183049039746907,0.7502464352068245,0.3303373794468425,0.08680634085124606
6,sklearn,292,0.6311541562466909,0.6471359059487681,0.5101158931391758,0.28693140438962755,-0.12103826310751509
6,sklearn,293,-0.20747886616382055,-0.161377410180208,-0.04278187959748703,0.3098086253908976,0.16469698656633353
6,sklearn,294,0.3854522243324943,0.4223092529781114,-0.12701615673341848,0.2862650649256024,-0.5124683810659127
6,sklearn,295,-1.2378390828986987,-1.273036818733486,-1.190468117483428,0.31303035075947355,0.04737096541527075
6,sklearn,296,-0.22774095394075564,-0.28876847155549284,-0.3509023582137649,0.2816213985148549,-0.12316140427300928
6,sklearn,297,-0.2268911461913906,-0.15696382315550172,-0.1626673535594776,0.3119037641652194,0.06422379263191302
6,sklearn,298,-1.05151279673172,-1.0301287571141273,-1.2545640989647353,0.2911309566481362,-0.20305130223301537
6,sklearn,299,-0.45159017757438835,-0.40333812063708924,-0.7905370734262176,0.3007957850456704,-0.33894689585182924
7,sklearn,0,0.07597515844374914,0.19088511658628043,0.1854743909858403,0.2839340295274361,0.10949923254209115
7,sklearn,1,2.0155817265945113,1.7910911425447948,2.2411330848672204,0.19697656753136272,0.2255513582727091
7,sklearn,2,1.141888821566801,1.102724955120443,0.9363333120604693,0.28765872906321033,-0.20555550950633172
7,sklearn,3,0.06896517743219951,-0.1034407189641974,0.228710474091117,0.32139366132887864,0.15974529665891748
7,sklearn,4,1.5340406214678768,1.5544252171427557,1.874788123399569,0.3965322477773884,0.3407475019316921
7,sklearn,5,-0.47958973977753055,-0.535795664458755,-0.20179782069788033,0.2828435685771242,0.27779191907965023
7,sklearn,6,0.9890640917269262,0.940537990499512,0.5727314653425104,0.3711344285776025,-0.4163326263844158
7,sklearn,7,2.107410453526773,1.9380885888345203,2.137165578429513,0.31195962708447905,0.02975512490274035
7,sklearn,8,0.9928375728399013,1.059769416538017,1.6830022093150507,0.30758332698676943,0.6901646364751495
7,sklearn,9,-0.5061379538045949,-0.6052035672512895,-0.332283020932282,0.3610257770651243,0.1738549328723129
7,sklearn,10,-0.29633713506881,-0.2785368011437468,0.2788951632482757,0.34255631055351915,0.5752322983170857
7,sklearn,11,0.018398332265482154,0.007242782026012383,0.44415060211963286,0.29539696478987454,0.4257522698541507
7,sklearn,12,0.3583793914627776,0.32861669266915094,0.8010516507918481,0.3113262759106034,0.44267225932907056
7,sklearn,13,1.9636117476077346,1.9830450263723096,2.2595869375043955,0.33831388190318556,0.29597518989666094
7,sklearn,14,1.6338947699932447,1.777722260238514,1.4952885166169265,0.27492046951914917,-0.13860625337631816
7,sklearn,15,2.3610581754409523,2.327030010640449,2.023243045532374,0.35987289246436216,-0.3378151299085781
7,sklearn,16,1.7452769653235747,1.6900507175774417,2.1020419026430672,0.3531186615359328,0.35676493731949255
7,sklearn,17,1.884871816231966,2.0211392892709505,1.739775465872687,0.24806268687290367,-0.14509635035927904
7,sklearn,18,0.42163834061194344,0.40818117426850326,0.26360306332282235,0.2962126985730221,-0.1580352772891211
7,sklearn,19,0.2730314538863199,0.19700057456222822,0.3262297007956825,0.27268543370102344,0.05319824690936259
7,sklearn,20,0.28175008369039434,0.3734433645454457,0.3987855492027128,0.29738551481662806,0.11703546551231847
7,sklearn,21,-0.7093543766699874,-0.9070336104244042,-0.6731613871807371,0.42698611917263074,0.036192989489250205
7,sklearn,22,1.8403118201116289,1.8231132572213824,1.5825700419605297,0.2922827524814703,-0.2577417781510991
7,sklearn,23,-0.5154367578723648,-0.6168669413970351,-0.20497080822286406,0.27736003105873547,0.3104659496495007
7,sklearn,24,0.650876273280623,0.6273096381971873,0.5162316096579822,0.2886839856274422,-0.13464466362264083
7,sklearn,25,0.7840886243356342,0.6821037335209826,1.2830820686076194,0.3407829670178048,0.4989934442719852
7,sklearn,26,-0.3111605457285955,-0.3153473456381084,-0.2597341113745477,0.34128520875481644,0.051426434354047756
7,sklearn,27,0.4991922745763434,0.6002359623438669,0.9236643605893553,0.380991828791466,0.4244720860130119
7,sklearn,28,1.5772646219117186,1.5765391734830834,1.8375719023498425,0.3383152019855514,0.2603072804381239
7,sklearn,29,0.7184626184094104,0.6809380143465452,0.7057708394998201,0.210777572695668,-0.012691778909590279
7,sklearn,30,0.31030663483180865,0.15094464469157828,0.793265667234226,0.2886621601265267,0.48295903240241733
7,sklearn,31,0.9203177541958533,0.8281286507786525,0.9770197042835838,0.28016817441347835,0.05670195008773049
7,sklearn,32,0.32845020182721646,0.5247240823662773,0.8756183945066347,0.3020104657551225,0.5471681926794183
7,sklearn,33,0.10458986600107595,0.07164341779074689,0.6404237621013973,0.3053437008823582,0.5358338961003213
7,sklearn,34,1.828013679616853,1.7833086945082275,2.2047968068121584,0.3671052383645258,0.3767831271953055
7,sklearn,35,1.150226874292068,1.2039878712032026,1.6856421586064858,0.4118287450245783,0.5354152843144178
7,sklearn,36,1.6120392743886631,1.6221202657628266,1.6242419552595588,0.40668075036158796,0.01220268087089571
7,sklearn,37,0.8230977426074636,0.806160470583696,0.8869403099606337,0.26471017889981596,0.06384256735317007
7,sklearn,38,0.05996246609531142,0.2193848285247968,0.6007063731029789,0.3325985196062283,0.5407439070076675
7,sklearn,39,0.04406571996259806,-0.02525019703797937,0.42699985545517816,0.32258550591234053,0.3829341354925801
7,sklearn,40,1.683589589409957,1.5909819512035457,1.9071762300836177,0.3306800215413866,0.22358664067366063
7,sklearn,41,1.0031064072830524,0.9257223743800387,1.4589274770013754,0.3073947116558162,0.4558210697183229
7,sklearn,42,-0.13357008850490376,-0.1521738324497208,0.0832005661795403,0.3734821776131459,0.21677065468444406
7,sklearn,43,0.4954328064047484,0.5179126614565551,1.1262466649392406,0.28445282773293007,0.6308138585344922
7,sklearn,44,2.380215048185367,2.275753065768101,2.4030185729485893,0.2657609569932617,0.022803524763222338
7,sklearn,45,0.8787781877615013,1.1050631054242908,0.7466380788543656,0.2982376043044611,-0.13214010890713568
7,sklearn,46,1.1876996028897833,1.0620810348448424,1.6900359641321767,0.391068967655801,0.5023363612423934
7,sklearn,47,-0.04637728982251976,-0.0078672482899384,0.15457652604443783,0.36829324767010096,0.2009538158669576
7,sklearn,48,0.11540658150889871,-0.08738936392265928,0.006165505458461951,0.31122181911463337,-0.10924107605043676
7,sklearn,49,1.378181405849674,1.471569346974302,1.3883570746228235,0.3016578260517205,0.010175668773149571
7,sklearn,50,-0.18583488292237776,-0.2109692131734324,-0.22856906612312144,0.2940985837882673,-0.04273418320074368
7,sklearn,51,1.2467246769880376,1.3811644286431972,1.7816968839971543,0.3104476606180312,0.5349722070091167
7,sklearn,52,1.4250712359586388,1.592440540636717,2.2379841779548713,0.29713725320373285,0.8129129419962324
7,sklearn,53,1.7282261593737596,1.68362763167259,1.6793808957980856,0.30862888442036385,-0.04884526357567398
7,sklearn,54,2.216234517563767,2.2913630677701184,1.981980697645512,0.2360413093859687,-0.2342538199182549
7,sklearn,55,1.5221040183229222,1.420462345937462,1.449907061597921,0.288222543874649,-0.07219695672500115
7,sklearn,56,0.18065213892529802,0.32793420737074475,0.2845206554958457,0.3138824264829376,0.10386851657054769
7,sklearn,57,-0.1616975856830129,-0.17987647358633527,-0.2638325256375045,0.3551076457735835,-0.10213493995449158
7,sklearn,58,-0.24489407693957996,-0.15547349823466064,-0.09376206209689286,0.32925289325568236,0.1511320148426871
7,sklearn,59,0.2980846068242881,0.19496353471485123,0.7939584179226316,0.268484443534413,0.49587381109834344
7,sklearn,60,1.866507280672776,1.8932880709098343,1.6144308673185552,0.2893413838976981,-0.2520764133542208
7,sklearn,61,1.684817082556897,1.6060694174673678,2.049177994420303,0.33904911745138355,0.3643609118634057
7,sklearn,62,-0.8978526475729647,-0.7617467099465673,-0.17888334336003453,0.38237776811034024,0.7189693042129301
7,sklearn,63,0.5694587684646264,0.4866765422572119,0.4702889041919729,0.3422607064263424,-0.09916986427265351
7,sklearn,64,1.1327814180591351,0.9013930370179263,1.3048349097102268,0.275254141492254,0.17205349165109163
7,sklearn,65,-0.4862475773011821,-0.6532694623565354,0.640257938414539,0.5779029110512335,1.126505515715721
7,sklearn,66,1.7689270727440067,1.722915762640117,1.839972939189575,0.24315346750041453,0.0710458664455682
7,sklearn,67,1.052252667851597,1.0512468497940528,1.6705977880903475,0.30076234767731136,0.6183451202387504
7,sklearn,68,2.119207894613658,1.9501504050394984,2.312691639372083,0.234530521981851,0.19348374475842478
7,sklearn,69,1.433028373487311,1.505177711853525,1.3155003373621739,0.2791947108136152,-0.11752803612513718
7,sklearn,70,-0.38749025518294383,-0.4038551382130634,-0.41278950443399687,0.3371363850170286,-0.025299249251053035
7,sklearn,71,2.138058010801922,2.039583746967957,2.3848961154548287,0.2880677009790844,0.24683810465290668
7,sklearn,72,1.078084918377581,1.1103543403429912,0.8855543443442331,0.2714190142270556,-0.19253057403334783
7,sklearn,73,1.1396621216610128,1.4197337902032359,1.245704764322661,0.39684709526144796,0.10604264266164831
7,sklearn,74,-0.1410308729282519,-0.24320421765873051,0.052040135613521166,0.3247329903569417,0.19307100854177306
7,sklearn,75,0.034750616723458305,0.15074704255619806,0.22180974695366062,0.31152048794235826,0.18705913023020232
7,sklearn,76,-0.4678509379832814,-0.5007922138564871,-0.35572629263496935,0.30853163606176626,0.11212464534831207
7,sklearn,77,-0.282324169599671,-0.34673073826897294,0.11734362864595127,0.32234696438728744,0.39966779824562226
7,sklearn,78,-0.18017618857363116,-0.2884761534673146,-0.2972613445992076,0.27681701129148534,-0.11708515602557645
7,sklearn,79,0.5061150142246944,0.5946495515438655,0.6268417562729258,0.2702851110965645,0.12072674204823142
7,sklearn,80,-0.248721222103512,-0.27795094027240835,-0.20239227333699183,0.23777981304215276,0.04632894876652016
7,sklearn,81,2.4618291358436197,2.4126441586651532,2.1162909012737607,0.3562314349574511,-0.345538234569859
7,sklearn,82,1.4865501094199143,1.4639059231785012,1.406489821533679,0.4054158735988338,-0.08006028788623532
7,sklearn,83,-0.17790018886519582,-0.06531415474510126,-0.22815162875502448,0.3360090265889128,-0.050251439889828664
7,sklearn,84,1.0251252590471884,1.1644860907918506,1.731976310665246,0.310447730114828,0.7068510516180575
7,sklearn,85,1.7817625575140343,1.9888355837731913,1.8502077772137504,0.2626258034901432,0.06844521969971606
7,sklearn,86,1.6855656499936684,1.746136926624424,1.5839055603427354,0.3657263306606996,-0.10166008965093298
7,sklearn,87,0.8735956006226736,0.8785841083057576,1.3786913612228622,0.31788653982456827,0.5050957606001886
7,sklearn,88,-0.3522755577184307,-0.3990685596085054,-0.15744899849227156,0.25502764961804086,0.19482655922615916
7,sklearn,89,1.0564310853239038,1.220799621770515,1.0457071286076536,0.2320357395567518,-0.01072395671625026
7,sklearn,90,0.4810274132790284,0.47655534399956645,0.9411946293901616,0.35902446134310395,0.4601672161111332
7,sklearn,91,0.6918304576699864,0.6471967067658956,1.0623849353782049,0.28397160239959807,0.3705544777082185
7,sklearn,92,-0.15248413208194764,-0.2415586300563942,0.1593864171583168,0.3151504181458814,0.31187054924026447
7,sklearn,93,0.3692358955826115,0.38243547083958257,0.6147767075845785,0.25538011426427637,0.24554081200196698
7,sklearn,94,0.37151702827944233,0.38597555262577815,0.7175577002110884,0.40658529971164,0.3460406719316461
7,sklearn,95,1.1088462326801876,1.0483205546578738,1.2420943429399705,0.2651117616056571,0.1332481102597829
7,sklearn,96,1.4994159983397906,1.6072911233988403,1.680625102370226,0.32783964887406336,0.18120910403043555
7,sklearn,97,1.134410229532272,1.3435112176404682,1.4111000958268876,0.2847266919402587,0.27668986629461556
7,sklearn,98,2.046257399054706,1.9834266174980604,1.8709816097961953,0.49190035886126576,-0.17527578925851062
7,sklearn,99,0.8166255659223902,0.8980927634492638,0.9331143561224104,0.2636263252242837,0.11648879020002023
7,sklearn,100,0.062014670231681,0.06880894843117973,0.5229245450418034,0.3153836756927835,0.4609098748101224
7,sklearn,101,0.3796653383940474,0.35466077278730473,0.7149426170908235,0.34870363060444803,0.3352772786967761
7,sklearn,102,-0.1846342882559157,-0.4068377319817714,-0.11589546590506394,0.18118360821027063,0.06873882235085177
7,sklearn,103,1.6708444071277564,1.5192639652641227,2.0321461120880855,0.24087983526403972,0.3613017049603291
7,sklearn,104,1.8771706469658618,1.860437885144276,2.2661005434343933,0.33724222716818697,0.3889298964685315
7,sklearn,105,-0.25818408771418455,-0.044814214120765195,-0.20032221109475445,0.338854742742201,0.0578618766194301
7,sklearn,106,1.9484652765700632,1.9389848968041956,1.7929234729784604,0.3166478968283251,-0.15554180359160275
7,sklearn,107,-0.31081193583918865,-0.22355172751059504,0.13473322557599854,0.32112547126674984,0.4455451614151872
7,sklearn,108,1.679918676197407,1.595728130031449,1.383393605071388,0.3403924829093771,-0.296525071126019
7,sklearn,109,0.8530926355699018,0.8414610694922924,1.1137614713301334,0.3921418691075246,0.2606688357602316
7,sklearn,110,0.47624071420101904,0.3991412974183447,0.8574527474188169,0.3850711505835839,0.3812120332177979
7,sklearn,111,1.9360831700743026,2.055369293797344,1.8902324839664981,0.2673214791773759,-0.04585068610780452
7,sklearn,112,0.6644114982395898,0.5907798891275455,0.9846773760979963,0.3395298345867403,0.32026587785840654
7,sklearn,113,-0.22580837847648516,-0.3179226941131919,0.33069896412085775,0.2960253302342319,0.5565073425973429
7,sklearn,114,0.24462882038827094,0.2642759820428527,0.05594231985178144,0.30457054395364325,-0.1886865005364895
7,sklearn,115,-0.6768695909927009,-0.5219605068674915,-0.8572483643032731,0.28047510880440635,-0.18037877331057217
7,sklearn,116,-0.13328398571626052,-0.06607564764579672,0.568010874849425,0.33723959613488147,0.7012948605656856
7,sklearn,117,1.08510032125525,1.2539248161565362,1.4028795172854531,0.2866571315029764,0.3177791960302032
7,sklearn,118,-0.1931591969271621,-0.16391641778983693,0.08106319317152533,0.28410941421587577,0.27422239009868743
7,sklearn,119,1.79733023053271,1.914742887075122,2.070291029816442,0.3776497234200659,0.27296079928373196
7,sklearn,120,0.6441525174024747,0.6466186479478888,0.8195751946789454,0.3078839084755601,0.17542267727647065
7,sklearn,121,1.653258036580832,1.6631319066121446,1.3663165878588472,0.3484738484528441,-0.2869414487219848
7,sklearn,122,-0.31185069134945437,-0.0816614160052529,0.18424075588638722,0.3489771593184944,0.4960914472358416
7,sklearn,123,1.271363465665189,1.2583946901030796,0.9860649372667067,0.3519172636884325,-0.28529852839848235
7,sklearn,124,0.49713280751031996,0.3727625582254067,0.9172203928836646,0.2734209474596203,0.4200875853733447
7,sklearn,125,1.9441415090581524,1.9562524989237675,1.346836136031289,0.3716422992325407,-0.5973053730268634
7,sklearn,126,1.2502159347945083,1.2786065905456168,1.480917963935867,0.3342115304734377,0.23070202914135862
7,sklearn,127,0.050018513739431364,0.09833567270986361,0.0047934951230867995,0.30179019737132795,-0.045225018616344564
7,sklearn,128,1.6233965346581618,1.6859345829003007,2.0620575802398706,0.28302321080733445,0.4386610455817088
7,sklearn,129,0.20506643701859867,0.44979184545209017,0.5374205757400041,0.2829018958635086,0.33235413872140546
7,sklearn,130,-0.35055551098813603,-0.22282957641959425,-0.3300835220117948,0.34880683651044603,0.020471988976341227
7,sklearn,131,-0.009149360702077641,-0.23938493470337244,0.27176518497733504,0.2141426720725121,0.28091454567941265
7,sklearn,132,0.04216023201010699,0.2275788430842206,0.21429733166450537,0.35722447005725755,0.17213709965439838
7,sklearn,133,1.4714739583197478,1.333672602207223,1.6825131658057035,0.2547370529365321,0.21103920748595573
7,sklearn,134,1.5618030753648795,1.3572063066578128,2.013072279437435,0.25055700439728756,0.45126920407255566
7,sklearn,135,-0.11930065864052375,-0.11590437283960692,0.01848391294173446,0.38067760471240536,0.1377845715822582
7,sklearn,136,1.4009757122382314,1.532254061141016,1.1802613872199341,0.23770998406388114,-0.22071432501829724
7,sklearn,137,1.2233943368454487,1.2975992945429444,1.3298936675193582,0.4090733514456451,0.10649933067390949
7,sklearn,138,0.5671819153547889,0.5085613881385471,0.954433439320912,0.30023526811794243,0.38725152396612306
7,sklearn,139,1.336116878673029,1.3359153752783126,1.2086707938733063,0.26755658887755385,-0.12744608479972275
7,sklearn,140,0.1871601992983349,0.19740686646304273,0.7846355424186111,0.3002061109967411,0.5974753431202762
7,sklearn,141,0.5455974548872381,0.4127189805450602,0.47537099365075797,0.343143078021849,-0.07022646123648013
7,sklearn,142,-0.09787651368606864,0.0009888478279504592,0.39638736035196587,0.2637250844326312,0.4942638740380345
7,sklearn,143,-0.06326178844832991,0.08096469721693225,0.4991797291046929,0.2844033516551455,0.5624415175530229
7,sklearn,144,1.3784105969168903,1.3244233701531165,1.4803512542578083,0.24258637734958474,0.10194065734091806
7,sklearn,145,1.7613893257943505,1.7091670801650196,1.51987355140251,0.3024701329941647,-0.24151577439184058
7,sklearn,146,0.24850186488097675,0.2164412061948927,0.24877086087616984,0.21501772045758516,0.0002689959951930887
7,sklearn,147,1.355777000322791,1.4374246447955594,1.8777579367578696,0.30613674296313564,0.5219809364350787
7,sklearn,148,1.603968116475697,1.4842454512795706,2.0857249496903565,0.2785774818338534,0.48175683321465956
7,sklearn,149,2.2851532509272166,2.3765708057986235,2.1878096431965313,0.25624334302590096,-0.09734360773068529
7,sklearn,150,-0.14339953858409493,-0.22436775900028316,-0.01979436620888375,0.269250758723841,0.12360517237521118
7,sklearn,151,1.7763129325401261,1.7109974132069288,2.240485199164669,0.30023003263046927,0.4641722666245427
7,sklearn,152,0.33986783985352287,0.41299972049971667,0.8706268404814712,0.41889164163821113,0.5307590006279483
7,sklearn,153,1.2717715443923614,1.356862209632407,0.8802771005160626,0.27854503458595237,-0.39149444387629884
7,sklearn,154,-0.04005430330721042,0.03174943124679484,0.49076563119246686,0.3385213238507293,0.5308199344996772
7,sklearn,155,1.2679784862377514,1.2185785396794797,1.4069246818343233,0.34650064596282915,0.13894619559657184
7,sklearn,156,-0.369874258976652,-0.46956772614511233,0.36211956845420357,0.4915603558702563,0.7319938274308555
7,sklearn,157,1.89107026175941,1.5960458922078697,2.353176340810454,0.33491229562720043,0.46210607905104406
7,sklearn,158,0.6802162379075735,0.7654222240571282,0.6689312677397261,0.15354642664692747,-0.011284970167847352
7,sklearn,159,1.0610973995885093,1.1588203398277417,1.252197481945739,0.21134783411424998,0.19110008235722975
7,sklearn,160,0.7413573629351742,0.6413550652385778,0.8644312734618804,0.2304272996092657,0.12307391052670624
7,sklearn,161,1.3783736118433807,1.3346460533995343,1.2329775274335582,0.32644670787787716,-0.14539608440982255
7,sklearn,162,1.504475927074483,1.4437645265969254,1.8411057095427572,0.322111935814689,0.33662978246827424
7,sklearn,163,0.2576463764475162,0.4178633349186627,0.7010991227799455,0.2805909348929489,0.44345274633242926
7,sklearn,164,1.3726301379364754,1.2919502481707337,1.8582816273555682,0.27266569256311307,0.48565148941909286
7,sklearn,165,-0.4170077433367531,-0.496226636562483,0.05493634018849036,0.4887008883598044,0.4719440835252435
7,sklearn,166,-0.04597779391572546,-0.016656287756038755,0.011418805384092678,0.26046488993288547,0.057396599299818135
7,sklearn,167,0.30142487006985025,0.3011189175401582,0.1935068412513461,0.3125847686794119,-0.10791802881850415
7,sklearn,168,1.0303642013070777,1.1251676842322937,1.2451937718957797,0.2553546441805094,0.214829570588702
7,sklearn,169,0.20833856038793175,0.13674869339393156,0.8988082728367521,0.47967663375165287,0.6904697124488204
7,sklearn,170,0.044916954695123745,-0.10338729729549426,0.42500248436136623,0.2305074755704728,0.3800855296662425
7,sklearn,171,0.3356963583935309,0.3931169514065337,0.41982648350837426,0.3074268295847547,0.08413012511484336
7,sklearn,172,0.03520859998870496,-0.12668535043209228,-0.1975039030303103,0.24230323342774931,-0.23271250301901525
7,sklearn,173,0.8247126430238272,0.6561408700851863,0.48670786122150655,0.42369659172078855,-0.33800478180232063
7,sklearn,174,1.2374790907973319,1.108011223918689,1.7952631088968474,0.32974354238804343,0.5577840180995155
7,sklearn,175,0.9157921016519225,1.07621665600329,0.8122549454093839,0.27570821386614963,-0.10353715624253856
7,sklearn,176,-0.005114561032601828,0.08193550526541421,-0.0760803563810839,0.29061306204649096,-0.07096579534848207
7,sklearn,177,0.3833279205266691,0.41568087916786384,0.4516897818477297,0.2762414447812634,0.06836186132106059
7,sklearn,178,-0.09000136892479405,-0.2615458516637343,0.2829679537616254,0.3222839406180003,0.37296932268641947
7,sklearn,179,1.7129712508771113,1.6803253078363882,1.3674012857620852,0.3035060509713656,-0.34556996511502613
7,sklearn,180,-0.6482477479305807,-0.739074203359932,-0.41345941359614535,0.5035633424612307,0.23478833433443536
7,sklearn,181,1.8307342731596676,1.9429387681165902,2.099338443652912,0.22471448341702197,0.2686041704932445
7,sklearn,182,0.5297110240004228,0.4210261223141518,0.47211573038947474,0.24700174752702442,-0.05759529361094806
7,sklearn,183,0.605543023688808,0.8207276003395126,0.6589252947313913,0.3479085781423434,0.05338227104258331
7,sklearn,184,1.997944155840257,2.0203361481974285,1.1860551564949957,0.3242382366217377,-0.8118889993452614
7,sklearn,185,0.5494910781582957,0.5797750190888892,0.6655687060268001,0.22382111908466423,0.1160776278685044
7,sklearn,186,2.0784221692648934,2.235079531722786,2.3018885653089374,0.33239052417284537,0.22346639604404395
7,sklearn,187,0.36430372304488867,0.4675077970598347,0.9081672459962782,0.28580263975304865,0.5438635229513895
7,sklearn,188,1.8676445968382414,1.8548101369983583,1.717553860124231,0.2191250378195846,-0.1500907367140103
7,sklearn,189,1.4346823684436902,1.4258381187241087,1.5652124032630965,0.24831427565214637,0.13053003481940628
7,sklearn,190,-0.04464335187199814,-0.05557388545264006,0.20016715345736547,0.2694021122510819,0.2448105053293636
7,sklearn,191,0.1628957367038345,0.12302867227184895,0.37180018066217135,0.2517481175243563,0.20890444395833685
7,sklearn,192,0.383520966368498,0.4979005103642584,0.7547297020885679,0.2798856284127255,0.37120873572006996
7,sklearn,193,1.4636988462415277,1.2884806012313224,1.5804350245382626,0.3078695669842681,0.11673617829673488
7,sklearn,194,2.1541248964812,1.9813885642327047,1.9949819946463276,0.325043138138018,-0.15914290183487223
7,sklearn,195,1.7954648035285241,1.7881085878287044,1.99717834499224,0.28966338557484833,0.2017135414637159
7,sklearn,196,0.8068075747363812,0.7614661375761362,1.1407990215555284,0.31624656222310893,0.33399144681914716
7,sklearn,197,-0.5877928775293696,-0.6873441045708699,-0.5267725096693909,0.15739748255883165,0.061020367859978664
7,sklearn,198,2.0760003660854527,2.048625328812595,1.9895253643731343,0.3335361706978399,-0.08647500171231837
7,sklearn,199,0.8300743752257105,0.7543473771220476,0.8484357404594371,0.33488379451434513,0.018361365233726668
7,sklearn,200,0.30003636863996164,0.20456620169489934,0.7059273520320364,0.2923266166724376,0.40589098339207474
7,sklearn,201,1.9582963940067137,1.9320104559899733,1.9228239688845106,0.2886894333426252,-0.035472425122203166
7,sklearn,202,1.2005644687041483,1.3465375770421837,1.1921826037552492,0.2769585094391577,-0.008381864948899143
7,sklearn,203,1.7158729641382675,1.564749634241299,1.7829643811507498,0.2442122321386086,0.06709141701248234
7,sklearn,204,2.098225721685141,2.055185534679791,1.9320897588960828,0.3950668751220959,-0.1661359627890584
7,sklearn,205,1.7743630814552682,1.7012415596427295,1.6289794359508791,0.265279561286336,-0.1453836455043891
7,sklearn,206,1.012863679374199,0.973634857362769,0.8577958119955271,0.3206407154817793,-0.15506786737867184
7,sklearn,207,-0.45574648536452345,-0.34943592894988007,-0.550164825723602,0.303812861909898,-0.09441834035907859
7,sklearn,208,0.979472462797202,0.9473524737606691,0.820788592782133,0.24478433936587715,-0.158683870015069
7,sklearn,209,-0.45839394354487983,-0.39528897116096395,0.24203627843942144,0.46291212744954885,0.7004302219843013
7,sklearn,210,2.3205192343037453,2.3605450726321777,1.972659194509346,0.2690032895947452,-0.3478600397943994
7,sklearn,211,2.3881672547594315,2.303834629060514,2.0823553196763944,0.2322373969806813,-0.30581193508303706
7,sklearn,212,2.1111043317751035,2.096304410519122,1.8798361705711315,0.26962780509809825,-0.23126816120397198
7,sklearn,213,0.06480603251348666,0.1167013955598984,0.18226896986042007,0.33867825601583956,0.11746293734693342
7,sklearn,214,0.10238043973025984,0.17590469134018127,0.08935799435884384,0.298801850426943,-0.013022445371416003
7,sklearn,215,-0.08172454848151539,0.19845356668085962,0.5250224812573658,0.32314860742016016,0.6067470297388813
7,sklearn,216,-0.33302168222863304,-0.26401977336093563,-0.21072339629806258,0.15715548982042726,0.12229828593057046
7,sklearn,217,-0.014453601411568762,0.08721871163641035,0.18562333570409084,0.32355591508564036,0.2000769371156596
7,sklearn,218,0.7491054884589801,0.6102500679725709,0.9227074081559756,0.44732074262379196,0.17360191969699557
7,sklearn,219,-0.6867958991908959,-0.3412590042011986,-0.5199413062925444,0.38321912979311457,0.16685459289835147
7,sklearn,220,0.3698766115357817,0.3406577864747773,0.9596784673434788,0.2877291369009663,0.5898018558076972
7,sklearn,221,0.01456016711707385,0.13334341634045122,0.49525346230760725,0.3135724395563706,0.4806932951905334
7,sklearn,222,0.44746596273515693,0.5052107628676976,0.8612250056682456,0.3458339933986043,0.4137590429330886
7,sklearn,223,-0.05837906555082917,-0.07280716063846635,-0.3031444279045301,0.2951639052498339,-0.24476536235370094
7,sklearn,224,1.1819325805350074,1.0483824780256454,0.7044783396391838,0.46616701110639797,-0.47745424089582356
7,sklearn,225,0.2420099007274114,0.3018109512090103,0.12216278172541006,0.28134118808670827,-0.11984711900200135
7,sklearn,226,0.42596842697377824,0.43972295567322506,0.27199149544508927,0.35832284640501616,-0.15397693152868897
7,sklearn,227,1.412670209380126,1.2671896895287311,1.5368964835007102,0.25266068480463716,0.12422627412058418
7,sklearn,228,-0.04911975328167051,-0.013364454803600788,0.11101640639365495,0.36329429452592127,0.16013615967532546
7,sklearn,229,0.7787374119890438,0.7647294532757989,1.2121743536391865,0.34112761406353975,0.4334369416501427
7,sklearn,230,0.5093036519577638,0.7280691367459322,0.49128614572724594,0.29604570656174495,-0.0180175062305179
7,sklearn,231,1.070142177989497,1.038733397343006,0.8541697138985249,0.31096270065532133,-0.21597246409097215
7,sklearn,232,1.1457608746829528,1.2026292058564307,1.6890375432313132,0.2600073742267849,0.5432766685483603
7,sklearn,233,0.3814284589742587,0.3472273989252308,0.43814332260084843,0.30143408336286237,0.05671486362658973
7,sklearn,234,1.7243455368242262,1.7045988607772122,1.8984813152831497,0.4819350277768129,0.17413577845892347
7,sklearn,235,1.106712057561806,1.0105762387409871,0.9871426204100588,0.31472208476298746,-0.11956943715174706
7,sklearn,236,1.8950799425164404,1.8695301901991033,2.165387454514674,0.2685056379549951,0.27030751199823344
7,sklearn,237,2.4748818098566496,2.4967975287348905,2.053669255994287,0.3412395725814658,-0.4212125538623628
7,sklearn,238,0.34078982392483925,0.1949053888649838,0.36816791180501607,0.24560792389308975,0.027378087880176816
7,sklearn,239,0.20643881655677454,0.22047742287524985,0.4651237603592868,0.2729286238369083,0.2586849438025123
7,sklearn,240,0.7970577947081547,0.7608626695165341,0.6901991108949588,0.26877923669360054,-0.10685868381319596
7,sklearn,241,1.6980110698153612,1.6915595123632394,1.5926257972224653,0.34912308192863023,-0.10538527259289587
7,sklearn,242,0.555689165514972,0.672903855764212,0.6710504456568609,0.3203470451309583,0.11536128014188884
7,sklearn,243,0.4472375690377297,0.3815367080677982,0.30155783205406195,0.24766971136283739,-0.14567973698366776
7,sklearn,244,0.22752449424637927,0.2929226562249696,0.3961125724211083,0.2601379966969007,0.16858807817472904
7,sklearn,245,2.1839790239963217,2.153859487780364,2.2567623457807118,0.09751219989764512,0.07278332178439006
7,sklearn,246,-1.1154276604409983,-0.9766641671415037,-0.8515540225473925,0.2658412792876797,0.26387363789360574
7,sklearn,247,0.14871389390693796,0.22109370231906794,0.3272201127105525,0.2402538327598326,0.17850621880361456
7,sklearn,248,0.6563935016158481,0.9095789238305223,0.27684605214916935,0.3609936580970274,-0.37954744946667873
7,sklearn,249,1.6932798674573113,1.5410883282909391,1.982806141941556,0.21680054974126362,0.2895262744842446
7,sklearn,250,1.8118330739580697,1.7036771959314785,1.854764008870056,0.27448763138979265,0.04293093491198641
7,sklearn,251,0.2418983437710539,0.2682398188540329,0.5733313700248095,0.27375038069252533,0.3314330262537556
7,sklearn,252,-0.836599994177492,-0.7584299399128993,-0.6117129390740654,0.34514565582665263,0.22488705510342655
7,sklearn,253,1.7787227072576182,1.7869732907935765,1.8253346537990573,0.280522728508101,0.046611946541439186
7,sklearn,254,0.5123214130856983,0.5039430060648821,0.2734094933252722,0.3968482456244658,-0.23891191976042614
7,sklearn,255,-0.07234910998781197,-0.08092683065865337,0.3077455684155659,0.31274267082907053,0.38009467840337785
7,sklearn,256,2.402456925357583,2.3239855186851757,1.83583729272247,0.2785591719006134,-0.566619632635113
7,sklearn,257,-0.42699455721340196,-0.65066815760091,0.057602073507411866,0.3325907678565075,0.4845966307208138
7,sklearn,258,1.4622937142517431,1.454887341798826,1.316204279294074,0.24175864815039871,-0.14608943495766913
7,sklearn,259,0.3431280804561663,0.4693566955768157,0.9851513654124346,0.34268097946155424,0.6420232849562684
7,sklearn,260,-0.11374075217830273,-0.06626207647386474,0.22730070782066036,0.3779586546564337,0.34104145999896307
7,sklearn,261,0.7451814873748167,0.5684187383840992,1.0302061556365842,0.23151703777319108,0.28502466826176753
7,sklearn,262,-0.21075451176584714,-0.45121366718701295,0.518876418344115,0.33610742428033424,0.7296309301099622
7,sklearn,263,0.43312713831286576,0.4880629520946318,0.46502703211013685,0.28239026974008696,0.031899893797271095
7,sklearn,264,0.44089290729306735,0.6056232016974987,0.5430224539707167,0.2890455537502314,0.10212954667764934
7,sklearn,265,-0.4703328316213433,-0.4833193598816526,-0.01587591077148076,0.28518288857234414,0.45445692084986256
7,sklearn,266,0.8811276308500446,0.9403313967726069,0.9466385729391016,0.4726091997881261,0.06551094208905694
7,sklearn,267,-1.1406473032970268,-1.0151057245325232,-0.8227628858431961,0.3044592430944352,0.31788441745383067
7,sklearn,268,1.5534187981481384,1.4942410800160346,1.243751588891957,0.27413894837905634,-0.3096672092561814
7,sklearn,269,0.13543820929344502,-0.040377865627591214,-0.09951482270754042,0.39700697626949444,-0.23495303200098544
7,sklearn,270,1.6359350768388643,1.6163802447940272,1.9361013528932642,0.37644850667650054,0.30016627605439994
7,sklearn,271,0.05676585308700238,0.018890353813743856,-0.04651492425872661,0.2987968405702267,-0.10328077734572899
7,sklearn,272,0.9719786094175092,1.0696246774296096,0.7554100881842438,0.40156495412088067,-0.21656852123326542
7,sklearn,273,0.6953064048628891,0.8456954125982258,0.9682490274559741,0.24924767661676858,0.272942622593085
7,sklearn,274,-0.03682059662713466,-0.15517248869292455,-0.027157753340262047,0.35363860456770396,0.009662843286872613
7,sklearn,275,0.153380786714372,0.08413887426719587,0.41351990684408335,0.32576828031573773,0.26013912012971135
7,sklearn,276,0.16938694779368868,0.2578248750290087,0.3546976015148373,0.2620786462314253,0.18531065372114863
7,sklearn,277,0.11913235947355492,0.03285916672978732,0.7217300695324766,0.3090632355170318,0.6025977100589217
7,sklearn,278,0.5294573459880358,0.6030776248631138,0.7100076674678588,0.46892969135047946,0.18055032147982297
7,sklearn,279,2.1346834145234266,1.921196603771332,1.9549857855296784,0.30127166832535335,-0.1796976289937482
7,sklearn,280,-0.11906191545164291,-0.09255361175773878,0.08875297243006663,0.3183666475123364,0.20781488788170954
7,sklearn,281,0.5877510167859554,0.6370085575451698,0.5583435609786092,0.33060592855260906,-0.029407455807346272
7,sklearn,282,0.7635956433003281,0.6571563930788249,1.0051372831880352,0.2690664922702665,0.24154163988770705
7,sklearn,283,-0.4667895740217385,-0.41935705611645974,-0.5937071952170876,0.4365544678289559,-0.1269176211953491
7,sklearn,284,0.9937615338158323,1.074212190783335,0.755236268496537,0.29593764081532564,-0.2385252653192953
7,sklearn,285,1.9440614572054358,1.826778679287428,2.2452752125073676,0.4014022708220022,0.30121375530193184
7,sklearn,286,0.29971323384943227,0.37331914208607775,0.5400444157490671,0.33507935232467584,0.24033118189963487
7,sklearn,287,0.5392041849071423,0.4848155035086473,0.2890773806909639,0.37676105634533874,-0.2501268042161784
7,sklearn,288,1.6433294976757642,1.523809910981249,1.9187746312581941,0.22384731534657926,0.27544513358242995
7,sklearn,289,-0.44333291369348,-0.4791055965585941,0.12401883917926959,0.28059400601192547,0.5673517528727496
7,sklearn,290,0.9776282023387092,1.126739539936648,1.2780884049571783,0.20003310482205042,0.3004602026184692
7,sklearn,291,1.4461312325958517,1.456231914332985,1.8244614368058523,0.28572254127655744,0.3783302042100005
7,sklearn,292,1.4573907314987111,1.4470962415993183,1.7816435219904418,0.4043387156067702,0.3242527904917307
7,sklearn,293,1.6854120390905178,1.8268066585650733,1.9988651200688983,0.260934539834156,0.3134530809783804
7,sklearn,294,-0.007832839940089431,-0.138909334147962,-0.0939344071723105,0.19110784794512292,-0.08610156723222107
7,sklearn,295,-0.014832819270969091,0.07504440585473236,0.12176357031171481,0.2844357981378348,0.13659638958268389
7,sklearn,296,0.5006061072474117,0.5087129204085543,0.3808147848037935,0.22001855365129488,-0.11979132244361823
7,sklearn,297,0.48571513526741594,0.34623243934200776,0.8015743472730916,0.36433479336456137,0.3158592120056757
7,sklearn,298,0.7064314355958439,0.4894550049890729,0.9826065750522126,0.2650241586189815,0.27617513945636873
7,sklearn,299,0.4675667293004984,0.4730571905537122,0.8955335984330901,0.39355389666176926,0.4279668691325917
8,sklearn,0,-1.2028832472025173,-1.3251408612065876,-0.7253519361591847,0.30530929855003813,0.4775313110433326
8,sklearn,1,0.04571036063409532,-0.057899149733683736,0.24298994395930595,0.4043117918835443,0.19727958332521062
8,sklearn,2,-0.4273397020284996,-0.5480402955716921,-0.34327014103361186,0.16711506838931361,0.08406956099488772
8,sklearn,3,-0.24605977402669651,-0.19710069803090596,0.20281116450081704,0.2794745137358777,0.4488709385275136
8,sklearn,4,-0.565116737734283,-0.45313549649005597,-0.3401454096853449,0.3131891692084657,0.22497132804893805
8,sklearn,5,-0.19637496469120963,-0.3479411514167694,-0.2845337970422106,0.21653102456054177,-0.08815883235100097
8,sklearn,6,-0.033453947417159846,0.11337041938537754,-0.34190984853996653,0.2731149820394002,-0.3084559011228067
8,sklearn,7,-0.18270787441333416,-0.0957270830601218,-0.02731245276609151,0.23574203702283064,0.15539542164724265
8,sklearn,8,-0.14554522751200255,-0.16032114699001576,-0.10175631860620449,0.277679246848822,0.04378890890579806
8,sklearn,9,-1.3972326740240602,-1.3715671816467634,-0.9179614851820812,0.27994989612380944,0.47927118884197895
8,sklearn,10,-0.4976369078950357,-0.2693355137891522,-0.47400532945469465,0.2855894058899772,0.023631578440341028
8,sklearn,11,-0.7868478945891975,-0.8350153148060037,-0.4632146216443189,0.2801969700732219,0.32363327294487854
8,sklearn,12,0.1200019655916218,-0.08167869495380478,0.33047933483574354,0.2640080433943805,0.21047736924412175
8,sklearn,13,-1.326886880766648,-1.3021874285512314,-0.9023041992965091,0.33360805795136866,0.424582681470139
8,sklearn,14,-0.7609662316503493,-0.7830180131189044,-0.6813553793734037,0.27833168913186995,0.07961085227694553
8,sklearn,15,-0.6115716487431146,-0.7126949931853688,-0.08280070577660226,0.25308753301048625,0.5287709429665124
8,sklearn,16,-0.47552903596579577,-0.6642097909474196,-0.7012456440764456,0.2659114003327838,-0.22571660811064986
8,sklearn,17,0.028693174900202928,0.0341068849559648,-0.23183542300482607,0.34040645438689304,-0.260528597905029
8,sklearn,18,-0.3521858210589788,-0.48857615654922815,-0.11978290330855224,0.3062601283934643,0.23240291775042654
8,sklearn,19,-0.8505900715083383,-0.8780632648111963,-0.18005810831214397,0.2630196336117378,0.6705319631961943
8,sklearn,20,-0.16649338433860628,-0.16264472660392712,0.24553683622002076,0.2650954656621853,0.41203022055862704
8,sklearn,21,-0.09687099610675232,-0.10773100131334572,0.2378816150965033,0.2690913416920586,0.3347526112032556
8,sklearn,22,-0.7766002306511788,-0.8271317104500483,-0.6603434671561743,0.2809681139384928,0.11625676349500447
8,sklearn,23,0.13818874688812777,0.10241376726763088,0.2569016489756404,0.3304138483107553,0.11871290208751262
8,sklearn,24,-1.2923865229991085,-1.3888973957870592,-0.7717241209005872,0.30676925378838005,0.5206624020985213
8,sklearn,25,-0.6913189100603777,-0.6800515858392153,-0.8490069039686139,0.2793844002750293,-0.15768799390823618
8,sklearn,26,-0.9708200674867267,-0.9027778939797333,-0.9117559390358112,0.31414073451447067,0.059064128450915465
8,sklearn,27,-0.06593154589029099,-0.21560588319780152,-0.5173691181683484,0.3413839412854432,-0.4514375722780574
8,sklearn,28,0.11884827882211768,0.09904865283585002,0.14585068052478878,0.2598867821456467,0.027002401702671097
8,sklearn,29,0.13121490806315989,0.1897863994078226,0.07771294226197512,0.2155961238944018,-0.05350196580118477
8,sklearn,30,-1.7184319194093076,-1.7110320321968122,-1.499784818493696,0.26763306560388594,0.21864710091561168
8,sklearn,31,-1.214235724872103,-1.0049618395822002,-0.8933736373303027,0.28778814430235117,0.32086208754180023
8,sklearn,32,-0.21091102548079332,-0.2031230120597991,-0.3476157930299788,0.30057451364745474,-0.13670476754918548
8,sklearn,33,-0.5842197080441462,-0.5769166592918783,-0.4975054842647344,0.320142422016696,0.08671422377941185
8,sklearn,34,-0.18662078728276676,-0.14127180859019073,0.3526943445753439,0.27789252073563425,0.5393151318581106
8,sklearn,35,-1.8917601134977848,-1.940131241452751,-1.0436440948750807,0.34790542355889326,0.8481160186227041
8,sklearn,36,0.1764540432012382,0.16035508521937727,0.06493304010566003,0.16093050797200215,-0.11152100309557816
8,sklearn,37,-0.063142377042808,-0.09826881869857793,-0.09081375372647837,0.2456038569935511,-0.027671376683670368
8,sklearn,38,-0.45660375437070694,-0.5708525377722297,-0.044130345812691374,0.24410299498422405,0.41247340855801556
8,sklearn,39,-1.925478936149778,-1.8907197509623577,-2.0519128346762825,0.2945870234882647,-0.12643389852650455
8,sklearn,40,-0.36134874087494906,-0.4005213194728778,0.12235070702998918,0.2570789920515355,0.48369944790493824
8,sklearn,41,-1.6850392699830652,-1.8275752832132584,-1.814671238736734,0.2959417748503234,-0.1296319687536689
8,sklearn,42,0.1276345709096937,0.23969323799761594,0.38590559752865694,0.22047572743061372,0.25827102661896323
8,sklearn,43,-1.0865000629884345,-1.0152411547604923,-0.15277025345052397,0.32042620712765496,0.9337298095379105
8,sklearn,44,-0.28884438801256385,-0.19846279686910845,0.19715165683654234,0.25087094606040133,0.4859960448491062
8,sklearn,45,-0.468776757704027,-0.33856264027676963,-0.5876151806741685,0.17098127577985248,-0.11883842297014152
8,sklearn,46,-0.016246174429846466,0.026511847702890584,0.3161618008929974,0.3178361767444976,0.33240797532284383
8,sklearn,47,-0.661394589141227,-0.5562142169861013,-0.6501781908384991,0.26685581931470637,0.011216398302727804
8,sklearn,48,0.7564666742011277,0.8171133284242094,0.5200008491027273,0.29564032966219883,-0.23646582509840042
8,sklearn,49,-0.8371400959269485,-0.9035094027763837,-0.8560713175048136,0.27253015003234526,-0.018931221577865087
8,sklearn,50,-0.8215984090827325,-0.9364964794384487,-0.09810965167093944,0.3060847165543781,0.7234887574117931
8,sklearn,51,-0.37914767915086783,-0.5817704362148292,-0.5410941833256313,0.2826581516030529,-0.16194650417476347
8,sklearn,52,-0.419156730576861,-0.4396501033477018,-0.13557021903158528,0.2826004700635147,0.2835865115452757
8,sklearn,53,-0.20193594552771454,-0.27959627430333234,0.23797625207665796,0.2556153551911505,0.4399121976043725
8,sklearn,54,-0.3089886362008163,-0.17282222437652137,-0.2535862028442075,0.33215370536873495,0.05540243335660877
8,sklearn,55,-0.4544142841108403,-0.35789111495444487,-0.4728403624254147,0.2561891540601798,-0.018426078314574434
8,sklearn,56,-0.47899754197456623,-0.40983629240900354,0.08221155274591752,0.27094265027561387,0.5612090947204837
8,sklearn,57,-1.855420423258689,-1.8174180456969138,-1.550173821046445,0.27731839514441425,0.305246602212244
8,sklearn,58,-0.19437465132118256,-0.37302602616246083,-0.29431986630379825,0.2436385188451595,-0.09994521498261569
8,sklearn,59,-0.8953703304453221,-0.9376847071116107,-0.85936851067554,0.2702263231324054,0.03600181976978212
8,sklearn,60,-0.3317244352528835,-0.3864886913460742,-0.08984807098303449,0.26197914470521605,0.241876364269849
8,sklearn,61,-1.1405986386156721,-1.1439906901250505,-0.8150524278090074,0.289935576968535,0.3255462108066647
8,sklearn,62,0.18785868071869116,0.12953716426799655,0.3576593395756671,0.2588171116129549,0.16980065885697593
8,sklearn,63,-0.40966206947778183,-0.22087811914723818,0.02854237857466302,0.28571253065025815,0.43820444805244485
8,sklearn,64,-1.3148476219849976,-1.1714363857212675,-1.0555726798537854,0.27744007170736884,0.25927494213121216
8,sklearn,65,-0.10379830360383452,-0.06544094586529844,-0.33521072011542596,0.23647586972929227,-0.23141241651159145
8,sklearn,66,0.0719141371374381,0.22652844474064326,0.3098199213217274,0.2553273454894627,0.23790578418428932
8,sklearn,67,-1.1920985726467819,-1.1588075571155503,-0.47540184139834807,0.29738458826121583,0.7166967312484338
8,sklearn,68,0.6661677172760052,0.8290917048779417,0.5266811719258939,0.2417327611684504,-0.1394865453501113
8,sklearn,69,0.16931272242610268,0.2524532486906932,0.545282712357495,0.3042493683509575,0.37596998993139236
8,sklearn,70,-0.0735235995852545,-0.08193040820988345,-0.27577699706185754,0.26924508387406554,-0.20225339747660304
8,sklearn,71,-0.029048424220465052,0.055680653436608885,0.31631602078670085,0.2492172656547688,0.3453644450071659
8,sklearn,72,-0.7867733669485149,-0.8928059748679454,-0.6858608555325993,0.25895243247430993,0.1009125114159155
8,sklearn,73,0.3087966447724686,0.4322070891930905,0.4308738540129511,0.26114966791681266,0.12207720924048249
8,sklearn,74,0.11686494783791777,0.2518498937705891,-0.11896908132535255,0.2573783298991277,-0.23583402916327034
8,sklearn,75,-1.2709166071147802,-1.241548628171876,-1.0083880052546546,0.2490940885053072,0.2625286018601256
8,sklearn,76,-0.8113649867917228,-0.8464933741892365,-0.5589632902438897,0.2902880347155961,0.25240169654783307
8,sklearn,77,-1.8959223817324928,-2.072233527590215,-1.8040707149961008,0.26377773396024357,0.091851666736392
8,sklearn,78,-0.8698856449403409,-1.0800662879940814,-0.8866844867617951,0.21382473640550761,-0.01679884182145419
8,sklearn,79,-0.33998521056463715,-0.3353737623045111,0.16181062066546126,0.25234716364200227,0.5017958312300984
8,sklearn,80,-1.1430795357281358,-1.251677509675128,-0.7421597637330484,0.31196303091964944,0.40091977199508744
8,sklearn,81,-0.8132541639084235,-0.7254611045515338,-0.6099908714768318,0.28263846549611965,0.2032632924315917
8,sklearn,82,-1.3102071452063067,-1.293794379751961,-1.295032459849243,0.29845243979878217,0.015174685357063566
8,sklearn,83,-0.631679096484153,-0.6579377028976406,-0.3830664234697281,0.28715419822953664,0.2486126730144249
8,sklearn,84,-0.4449658384084017,-0.2207763815102811,-0.1279831739023507,0.2731151809513006,0.316982664506051
8,sklearn,85,-0.40988829216956146,-0.3667338270881453,-0.029714021031166382,0.2563536493503445,0.3801742711383951
8,sklearn,86,-1.501167008935622,-1.399817552587204,-1.0206785875572981,0.24114739478313946,0.4804884213783238
8,sklearn,87,-0.7505618296651906,-1.0427969539466733,-1.0685430040975383,0.23191670733729686,-0.31798117443234775
8,sklearn,88,-0.9361514178662825,-1.1094619044592648,-0.7051150855239268,0.27597769827384705,0.23103633234235577
8,sklearn,89,-0.4280287093270953,-0.5448701810397198,-0.2115665288019919,0.273829966850203,0.2164621805251034
8,sklearn,90,-0.8096846800221487,-0.9546589086724011,-0.13460517586026377,0.3207757215008811,0.6750795041618849
8,sklearn,91,0.20455395122182246,0.04534019763817376,-0.3269433973005107,0.34306177311744646,-0.5314973485223331
8,sklearn,92,-0.7108979509009379,-0.8298302956175834,-0.6539492224177312,0.2806786116212609,0.056948728483206645
8,sklearn,93,-0.17476573655478922,-0.1698982596632329,-0.021955444570105342,0.2856393465257781,0.15281029198468388
8,sklearn,94,-0.349299922252617,-0.3177949976600713,-0.3609827626833244,0.33828310744727735,-0.011682840430707386
8,sklearn,95,-0.5556427818953794,-0.5289794103673393,-0.3237859184797198,0.30161624865711595,0.2318568634156596
8,sklearn,96,0.36142803644127947,0.4702983224120138,0.00965130210335019,0.3081273546246913,-0.3517767343379293
8,sklearn,97,-0.18479040974469352,-0.18156048632998362,-0.5238636610834329,0.26368338881126924,-0.33907325133873933
8,sklearn,98,-0.1532187168523332,-0.16407184593578328,-0.5580801448244319,0.35504113561488854,-0.4048614279720987
8,sklearn,99,-1.0565398659582337,-1.194884449959588,-0.8426495093633246,0.25414697263314145,0.21389035659490907
8,sklearn,100,-0.8819643162345321,-0.920387535509794,-0.7877297827905441,0.27653111949284126,0.09423453344398802
8,sklearn,101,0.34313811722040644,0.40385195686545,0.05727535484702262,0.3666836784084467,-0.2858627623733838
8,sklearn,102,-0.8086917481859452,-0.7783507228187967,-0.7030179857299892,0.2876597971003215,0.10567376245595606
8,sklearn,103,-1.3220708913149921,-1.3970230127772179,-0.8035678395940824,0.3014480998989111,0.5185030517209097
8,sklearn,104,0.7318649796871002,0.7271904265844326,0.19083816095472272,0.31817251907077915,-0.5410268187323775
8,sklearn,105,-1.5169205103141747,-1.5935287137174834,-1.383767237226059,0.29192319207189754,0.13315327308811575
8,sklearn,106,-0.6426768654461448,-0.510257758780829,-0.37915355573552034,0.27387535568004323,0.26352330971062443
8,sklearn,107,-0.12230082047175417,0.022246651593996886,-0.18883547385821942,0.24980064499261428,-0.06653465338646525
8,sklearn,108,-1.113067300596601,-1.286002852300171,-0.598165547363962,0.26163382749696057,0.514901753232639
8,sklearn,109,-0.43554921810517655,-0.3781527586023554,-0.2569002965290057,0.3034890156911485,0.17864892157617085
8,sklearn,110,0.19170981821971994,0.31122845704611746,-0.5478109819354522,0.38751488637320053,-0.7395208001551721
8,sklearn,111,-0.41341254117714477,-0.38312350485180846,-0.2931439011570598,0.25133554569201816,0.12026864002008497
8,sklearn,112,-1.6357127882225295,-1.650297143909624,-1.0440185071300867,0.27937095807711065,0.5916942810924428
8,sklearn,113,0.5761879234924323,0.4988279598466013,0.44804826229837325,0.2698293322274889,-0.12813966119405906
8,sklearn,114,-1.305903238430181,-1.2553019063291797,-0.07690301150804224,0.34742770383021604,1.2290002269221387
8,sklearn,115,-0.3810586316792513,-0.518608696630865,-0.4305506994087702,0.3113690935227642,-0.04949206772951892
8,sklearn,116,-1.1978110220663447,-1.151697750720795,-0.5310106896740594,0.28214927307263205,0.6668003323922853
8,sklearn,117,-1.3621345512075158,-1.433128379719783,-0.7174484539379797,0.3949851335030229,0.6446860972695361
8,sklearn,118,0.32311752091109475,0.2777944927208972,-0.4496029030601587,0.34425008106315436,-0.7727204239712535
8,sklearn,119,-1.310611096830561,-1.3183897363817008,-1.180054203572559,0.2663310820094058,0.13055689325800213
8,sklearn,120,-0.5290355997061763,-0.5440082090358418,-0.44777358687652935,0.15226439991962898,0.08126201282964696
8,sklearn,121,0.49750200077118867,0.482476972346835,0.5434587485715898,0.2232958582495644,0.045956747800401154
8,sklearn,122,-0.26566652162355164,-0.1742992752339687,-0.10534853575762071,0.2671000347230121,0.16031798586593093
8,sklearn,123,-0.39725036409681835,-0.5180618739217213,-0.2778188332964149,0.2786292598978807,0.11943153080040347
8,sklearn,124,-0.6048067745499851,-0.6655564422789129,-0.711659911352343,0.24705300221095328,-0.10685313680235786
8,sklearn,125,-0.3523798910495558,-0.32065264892461587,-0.31985115480769366,0.2895437163581549,0.032528736241862144
8,sklearn,126,-1.0910014231788687,-1.130665661844191,-1.4819551652620664,0.27791396788324074,-0.39095374208319766
8,sklearn,127,-0.4209887395421295,-0.4631840830807586,-0.3157800960243682,0.29378966411670077,0.10520864351776132
8,sklearn,128,-0.8774609663070108,-0.8288345210837459,-0.7222086210650653,0.2631885691869184,0.15525234524194542
8,sklearn,129,-0.78431730392919,-0.8317715282781515,-0.6146311979338321,0.2723947409080388,0.16968610599535783
8,sklearn,130,-0.2635537059146999,-0.28524179734744887,-0.22551727654552423,0.29452396407331394,0.03803642936917567
8,sklearn,131,0.27804294571392096,0.3536259787025375,0.1598412961492901,0.2884367950707468,-0.11820164956463086
8,sklearn,132,-0.32716493058556845,-0.3748523461197921,-0.30564025156609453,0.28335569396439336,0.021524679019473913
8,sklearn,133,0.12214028174982491,0.03273023064943781,-0.4650224228629982,0.3324423026976452,-0.5871627046128232
8,sklearn,134,-1.2305238322815457,-1.5021647423320938,-0.7108137625010906,0.392094559493167,0.5197100697804551
8,sklearn,135,0.4363672686659369,0.4599549173220435,0.5157435633164464,0.2513222145052264,0.07937629465050955
8,sklearn,136,-0.35135504430230646,-0.4051360636650079,-0.16301771483304783,0.2635550663834908,0.18833732946925863
8,sklearn,137,-1.5505433952431458,-1.6202632488309103,-1.2635167404641532,0.26062638545566935,0.2870266547789926
8,sklearn,138,-1.6135750792895542,-1.6991013216641393,-1.7776955382814643,0.19978937127272325,-0.16412045899191008
8,sklearn,139,-0.44072445076162114,-0.3743383868295399,-0.11556175464441942,0.2623875103655114,0.3251626961172017
8,sklearn,140,-0.39625167540305406,-0.34049267317803994,-0.2913959382128688,0.24048627305594286,0.10485573719018526
8,sklearn,141,-1.5879056285458248,-1.4847940102787183,-1.345605589279553,0.2843340930848485,0.24230003926627175
8,sklearn,142,-1.1275492902676376,-1.1314727913596532,-0.8773207997035515,0.26634998818700806,0.25022849056408614
8,sklearn,143,-0.6031446337729788,-0.49005267795913865,-0.30093744941645006,0.2621960368066327,0.3022071843565287
8,sklearn,144,-0.15101025848616204,-0.044134584695142795,-0.16919850524557134,0.2884953899996836,-0.018188246759409304
8,sklearn,145,-0.3941974430560178,-0.5059199060958528,-0.37587429219255775,0.24238143916350913,0.018323150863460036
8,sklearn,146,-1.980032367790203,-1.802134700705614,-1.8905918018591343,0.2956837947581538,0.08944056593106864
8,sklearn,147,0.9393537190333849,1.1281519613259892,0.70012033667388,0.2515405226461645,-0.23923338235950498
8,sklearn,148,-0.7886005838050409,-0.8390098689869033,-0.5419080914917771,0.2600734764012103,0.24669249231326384
8,sklearn,149,-1.3049764451368138,-1.2756463871159167,-0.8965579807858708,0.2417611668250402,0.408418464350943
8,sklearn,150,-1.5482991016908108,-1.4528936582437082,-1.4493055784707591,0.27203856943786914,0.09899352322005162
8,sklearn,151,-0.11677662322298432,-0.23666843485191946,0.132223381647659,0.26606105746678926,0.24900000487064333
8,sklearn,152,-0.2660980977527178,-0.15290211394561093,-0.6823828079723349,0.46043304088129383,-0.41628471021961705
8,sklearn,153,-0.6266620635931646,-0.7974729882263865,-0.8309312394621671,0.2634448850778975,-0.2042691758690025
8,sklearn,154,-0.9067313291292456,-0.9937627569572708,-0.7419702860499884,0.2816469356734023,0.1647610430792572
8,sklearn,155,-1.3437924396295067,-1.3500642252840287,-0.7789958637108727,0.2437918077991538,0.564796575918634
8,sklearn,156,-1.6221028882117416,-1.6716139212581997,-1.181380404274785,0.26726588598317125,0.44072248393695657
8,sklearn,157,-0.2683320340176405,-0.2722030182821717,-0.07644374422037004,0.22139448481696772,0.19188828979727046
8,sklearn,158,-0.1447316890995813,-0.15003742754315372,-0.327000527073821,0.269640180263101,-0.18226883797423968
8,sklearn,159,-0.520892522869889,-0.5517113352935354,0.18247338913313627,0.29105122127138355,0.7033659120030252
8,sklearn,160,-1.08229626158073,-1.0630169853421145,-0.5983709643487201,0.33479626653400857,0.48392529723200983
8,sklearn,161,-0.2897302133297355,-0.23306093872338923,-0.28429837201608343,0.25196531645479897,0.005431841313652042
8,sklearn,162,-1.0792460045408636,-1.0665973980507109,-0.7869583230649742,0.25747901367217463,0.29228768147588946
8,sklearn,163,-1.3113992596198758,-1.3168176437955001,0.07140886463489515,0.417233045703029,1.382808124254771
8,sklearn,164,-0.3845022357526846,-0.3787125784721791,-0.2781491755056553,0.3052340872365124,0.10635306024702929
8,sklearn,165,-1.6945608870614932,-1.6580479309288663,-1.1798236710145105,0.3212332670618329,0.5147372160469827
8,sklearn,166,-0.6075750185773925,-0.6040457778290053,-0.7869690541452563,0.2732198970165687,-0.17939403556786382
8,sklearn,167,-0.14511410140314185,-0.14202206912027698,-0.6089263590467331,0.369287964190082,-0.46381225764359124
8,sklearn,168,-1.1904876028726183,-1.2820531100614312,-1.087871755394434,0.29164891918536534,0.10261584747818442
8,sklearn,169,-0.7745619412625746,-0.8440355481093623,0.16229183716402673,0.30499290253447564,0.9368537784266013
8,sklearn,170,-0.16698793314852206,-0.25934970654708256,0.071247857333951,0.27119410301673497,0.23823579048247306
8,sklearn,171,-0.047121392192613756,0.0665986495972074,-0.3007459653860831,0.32246722452333,-0.25362457319346937
8,sklearn,172,-0.2704396731048997,-0.13643021292963506,0.253320732120482,0.2542777218367247,0.5237604052253817
8,sklearn,173,-1.3672413729215847,-1.3033260962803774,-1.6349769922987942,0.35243184547905226,-0.2677356193772096
8,sklearn,174,-0.9239767173946623,-0.9717506333600185,-0.17020940412670882,0.30967844225287516,0.7537673132679534
8,sklearn,175,-1.5283878774069566,-1.55999726812081,-0.7231096425827568,0.32390902334876787,0.8052782348241998
8,sklearn,176,-0.4350599069002511,-0.39524436490677994,-0.44128395654637664,0.3167172757935181,-0.006224049646125551
8,sklearn,177,-1.4722712798844566,-1.491520451933506,-1.1633713785655608,0.3131885842681912,0.3088999013188958
8,sklearn,178,-1.2918449998452857,-1.194520306298993,-1.0817048984124877,0.2666644792620373,0.21014010143279793
8,sklearn,179,-0.41025081043940836,-0.5167191040444511,0.11570961890453013,0.3138914282930592,0.5259604293439385
8,sklearn,180,-0.039745586787061304,0.047605714584829095,0.5206652889311592,0.2534007791104782,0.5604108757182205
8,sklearn,181,-1.4193513803551827,-1.4031275168169477,-0.9837765523072015,0.2977984673783367,0.4355748280479812
8,sklearn,182,-1.0085035898485115,-1.0101428800337777,-0.5144735510471321,0.2754907860117052,0.4940300388013794
8,sklearn,183,-0.8389087926923275,-0.8117467972928886,-0.5786648579461566,0.4055234302973862,0.2602439347461709
8,sklearn,184,-1.6141105435460372,-1.7154788606078457,-1.5449281893873765,0.18619309729276504,0.0691823541586607
8,sklearn,185,-1.321547064231858,-1.390811751380047,-0.8928259545908634,0.2869860668227513,0.42872110964099464
8,sklearn,186,-0.18128974019599764,-0.3620227553513086,-0.20852681631412295,0.2727058778361589,-0.027237076118125314
8,sklearn,187,-0.680503786931909,-0.557282284620335,-0.0440700378772787,0.2716307957280196,0.6364337490546303
8,sklearn,188,-0.4138466215334441,-0.5215023318976306,-0.275141417163157,0.29810533537105155,0.1387052043702871
8,sklearn,189,-1.5911587166614058,-1.477573009922568,-1.198396337175903,0.2997999196092639,0.39276237948550285
8,sklearn,190,-0.7514837535025295,-0.8288230732389297,-0.6115102653938314,0.2753450305531657,0.13997348810869814
8,sklearn,191,-0.7591993069329888,-0.6900048160046272,0.15076863272349694,0.30436148383357986,0.9099679396564857
8,sklearn,192,-0.9310214228502937,-0.811972534933782,-0.5928681077547919,0.3484257458929024,0.3381533150955017
8,sklearn,193,-1.5651567845863972,-1.6722689129541948,-1.0785811951511866,0.29369903906605677,0.4865755894352106
8,sklearn,194,-1.3331293074723347,-1.3334839027383787,-1.4347819147961332,0.28575750492347723,-0.10165260732379844
8,sklearn,195,-0.3677850152367479,-0.23856568031701636,0.4091861995310211,0.24081597707648827,0.776971214767769
8,sklearn,196,-0.291198758698316,-0.37381196821062423,-0.16756925628309283,0.2914408644631296,0.12362950241522319
8,sklearn,197,-0.035462408299771486,0.06344344263327362,-0.284663053171359,0.3226556664279096,-0.2492006448715875
8,sklearn,198,0.0860647960951213,-0.1400653093285277,0.32176255424706923,0.1750911646231687,0.23569775815194793
8,sklearn,199,-1.1976800408396011,-1.040374956877689,-0.45707588094860085,0.3005790431046403,0.7406041598910003
8,sklearn,200,-1.4924323324841002,-1.4019336269203009,-0.7576150596593951,0.2876380991899391,0.7348172728247051
8,sklearn,201,-0.42922365314835165,-0.5838810952962757,-0.5986671637913066,0.29570249035355534,-0.16944351064295493
8,sklearn,202,-0.18226345018731457,-0.2637181259954021,-0.12849662419630903,0.2365582368975234,0.053766825991005546
8,sklearn,203,-0.14180343567332357,-0.06963111041604036,-0.23344316732578463,0.3345703705640474,-0.09163973165246106
8,sklearn,204,-1.3577669588169952,-1.4860419593435263,-0.8352840060025697,0.2446148009790252,0.5224829528144255
8,sklearn,205,0.3269719431096467,0.4857498056359787,0.48057943482064047,0.22184016087354996,0.15360749171099375
8,sklearn,206,-1.4958585273647995,-1.354980191839097,-1.031387678650546,0.28783958537621845,0.4644708487142535
8,sklearn,207,-1.0034616014264792,-1.1552952402555672,-0.9042632119039231,0.26003709048626206,0.09919838952255611
8,sklearn,208,-1.286058470284249,-1.2188451124835311,-0.9134277266052209,0.2654291009405151,0.37263074367902815
8,sklearn,209,-1.214643841386474,-1.215274036142875,-1.651050015627428,0.3280059761866994,-0.43640617424095396
8,sklearn,210,-0.8680755512262984,-0.8386541838851796,-0.6887931173635193,0.30829767596868757,0.1792824338627791
8,sklearn,211,-1.8542092376331831,-1.8739437443567704,-1.756151444990551,0.25871109929767977,0.09805779264263204
8,sklearn,212,-0.09150571980432287,-0.16388428774147373,-0.07711933242283919,0.28709722727758435,0.014386387381483678
8,sklearn,213,-0.05663966293405426,-0.01576602269834987,-0.4437023633700008,0.33833671575680946,-0.38706270043594654
8,sklearn,214,-0.9149646093215095,-0.8864718850603552,-0.7415686803264192,0.2793146208740494,0.17339592899509026
8,sklearn,215,-0.903066844840986,-0.8077610408198432,-0.6814876282987896,0.2836630490563407,0.22157921654219637
8,sklearn,216,-0.14972896125003687,-0.19069079942904607,0.5358013374603514,0.25992347343667266,0.6855302987103883
8,sklearn,217,-0.6212858841422482,-0.6495396076500419,-0.32329163383054826,0.25047221388433494,0.2979942503116999
8,sklearn,218,-1.1342505374258551,-1.22164534597863,-0.8571397928827027,0.27761468779565657,0.27711074454315243
8,sklearn,219,0.35404800185948215,0.5460651633759552,0.5257844948615809,0.2482203124473344,0.1717364930020987
8,sklearn,220,-1.0363635374102367,-0.9672182091797996,-0.6383705997333688,0.26763088651555283,0.39799293767686783
8,sklearn,221,-0.34474852703648273,-0.29853351622402113,-0.6054653542400725,0.28940887179670716,-0.2607168272035898
8,sklearn,222,-0.5990787742268501,-0.6280524372903881,-0.5140398928025469,0.3055122854662036,0.08503888142430316
8,sklearn,223,-0.38864203930034286,-0.36019256668689575,0.2236471408835623,0.24674254853698865,0.6122891801839052
8,sklearn,224,-1.076094989995968,-1.1800934060018813,-0.7013650836645686,0.25282238204425517,0.37472990633139935
8,sklearn,225,0.20312365528050824,0.27379023693351706,-0.07827683973618349,0.326220584641985,-0.28140049501669173
8,sklearn,226,-1.1616771566610753,-1.2671954333196154,-0.8228921580967477,0.2526546170915507,0.33878499856432764
8,sklearn,227,-0.4315318112852797,-0.4003001689428082,-0.6653857661223581,0.2850357864543811,-0.23385395483707844
8,sklearn,228,-0.3358681635109584,-0.40864476000086025,-0.3145774805665553,0.2735277250720811,0.02129068294440306
8,sklearn,229,-1.0374859914684662,-1.0708754516949295,-0.9912053813484825,0.2680954919162602,0.046280610119983745
8,sklearn,230,-0.9007831252920018,-0.8439445995079438,-0.8246850744743135,0.29243130402638773,0.07609805081768828
8,sklearn,231,-0.5304019694471903,-0.5536674842003738,-0.18599015887458137,0.2922766411941627,0.34441181057260895
8,sklearn,232,-1.7272005849063297,-1.8176491719675403,-1.2010436253354513,0.32324262096124967,0.5261569595708784
8,sklearn,233,-0.3334681406782475,-0.2906510289501463,-0.16516911174426951,0.28441546084330815,0.16829902893397797
8,sklearn,234,-0.4053357623276093,-0.23369996799084067,-0.39599342638057067,0.3204463072808723,0.009342335947038649
8,sklearn,235,-1.2577353126655693,-1.3045873419111549,0.2505577974252704,0.4523065663848923,1.5082931100908397
8,sklearn,236,-0.8366595700257363,-0.8380918233513016,-1.2790538973994794,0.2699916454135763,-0.44239432737374307
8,sklearn,237,-1.062967196550761,-0.9871690374569403,-0.8120677904577605,0.301342237773399,0.25089940609300054
8,sklearn,238,-0.47409123424991706,-0.48767854996521337,-0.5284191577328521,0.26946917118907876,-0.054327923482935025
8,sklearn,239,-1.2610761344040933,-1.4017213551497982,-0.9889678734858487,0.25948319881805143,0.2721082609182446
8,sklearn,240,-1.3812549446218596,-1.3385430795861915,-0.7237200210474057,0.39482865031614245,0.6575349235744539
8,sklearn,241,-0.3458008419374596,-0.3551905140568106,0.030609918904241695,0.2332011504060963,0.3764107608417013
8,sklearn,242,-1.019197668694276,-1.0631567109774331,-0.7991229550543588,0.30511099665325936,0.22007471363991726
8,sklearn,243,-1.2816380520132824,-1.370141876896877,-1.8827602369375365,0.409499312180053,-0.6011221849242541
8,sklearn,244,-1.0210403412792366,-1.0693346292358787,-0.9394080348788263,0.2580366532290999,0.0816323064004103
8,sklearn,245,-0.2806718138442439,-0.19062520019562787,0.16953717564007853,0.28618525776963266,0.4502089894843224
8,sklearn,246,-0.3201857477105764,-0.34921536158220623,-0.1500421773392393,0.2678342821920425,0.1701435703713371
8,sklearn,247,-0.8594421154752292,-0.8151831420627135,-0.8346595940986079,0.2723437019378207,0.02478252137662129
8,sklearn,248,-1.0936499061059022,-1.3043999851808523,-0.7720978986412517,0.25481593399737634,0.3215520074646505
8,sklearn,249,-0.4089896251133831,-0.4509275475101251,-0.3024579767523683,0.30752368842673344,0.10653164836101481
8,sklearn,250,-0.1540397498354893,-0.24407474149529607,-0.3430483933677184,0.3097435654172251,-0.18900864353222913
8,sklearn,251,-0.8748554643627328,-1.1204283408095912,-0.8940051007395349,0.22728294563829468,-0.019149636376802115
8,sklearn,252,-1.8673349264608776,-1.9355369450427526,-1.9325530424205368,0.3202272763670215,-0.0652181159596592
8,sklearn,253,-0.9261058620109035,-0.8874974004242142,-0.7990176964003117,0.23284000302490038,0.12708816561059177
8,sklearn,254,-0.9904383801799683,-0.839942463801924,-0.09451641776590236,0.3312287821154148,0.895921962414066
8,sklearn,255,-0.2820658882773343,-0.1635712481684905,-0.6135687497820186,0.3599394878157049,-0.3315028615046843
8,sklearn,256,-1.8609447272119612,-1.8447875162568719,-1.7244183391088912,0.22697076006242026,0.13652638810307005
8,sklearn,257,-0.5439022144146594,-0.5129928561143215,0.2896627058753092,0.2982711717167526,0.8335649202899685
8,sklearn,258,-0.47700898457430285,-0.35639795513125344,-0.2704069652175036,0.30738886291030215,0.20660201935679923
8,sklearn,259,-0.9329958538083525,-1.052081078583344,-0.588666775467523,0.3829949929764768,0.3443290783408295
8,sklearn,260,-0.4520562189672177,-0.6139605939062405,-0.08127371792851257,0.28142659667802106,0.37078250103870514
8,sklearn,261,-0.8865369430162885,-0.9731996313844087,-0.7102946946127853,0.35807256019792466,0.17624224840350322
8,sklearn,262,-0.21805265395679269,-0.09510080529357455,-0.3241838594958706,0.1925382533946001,-0.1061312055390779
8,sklearn,263,-0.8194981679916309,-0.8177622179100601,-0.21382925963513344,0.2817884475384282,0.6056689083564974
8,sklearn,264,-1.3070319800276002,-1.4587035071637975,-0.874219215305164,0.30743132775539145,0.43281276472243624
8,sklearn,265,-0.9657874360062308,-0.9754387573777348,-0.7554334188823058,0.32232693037288046,0.2103540171239251
8,sklearn,266,0.21825703754771897,0.134127821068584,0.30404382723294976,0.3305597705014567,0.08578678968523079
8,sklearn,267,-0.6313022770782275,-0.7175350075573798,-0.6024627851189512,0.18646043206589175,0.028839491959276264
8,sklearn,268,-0.3182869362044755,-0.24792286080316894,-0.08756322825387652,0.24962765596642134,0.230723707950599
8,sklearn,269,-1.2311409151270605,-1.0560625952999736,0.29184997797998324,0.49303133652988157,1.5229908931070437
8,sklearn,270,0.3788396814963714,0.4062963685300229,-0.04466511050473354,0.33301203222703024,-0.42350479200110497
8,sklearn,271,-1.3091687255963986,-1.3135668284621442,-1.1794164886779415,0.27342733834149413,0.12975223691845716
8,sklearn,272,0.5152106398818217,0.4568836411281388,0.4219796362706649,0.2972868044275371,-0.09323100361115677
8,sklearn,273,-0.7523256248541111,-0.9155116973817927,-0.8905642832912708,0.21750839390741394,-0.13823865843715966
8,sklearn,274,-0.1347007868551444,0.004191995854220143,-0.2293327131398879,0.34085525085728363,-0.09463192628474351
8,sklearn,275,-0.37407615098885594,-0.4008755770004084,-0.08938880876953448,0.27054339197115035,0.28468734221932146
8,sklearn,276,-0.7151699750761986,-0.7575484270204991,-0.7774577633061517,0.23332056401840406,-0.06228778822995307
8,sklearn,277,-0.9508521117025918,-0.859626941184168,-0.45663838670588586,0.2544801549654754,0.4942137249967059
8,sklearn,278,-0.21179534033750683,-0.0019304143761748327,-0.3519969508503076,0.24217183158003694,-0.14020161051280075
8,sklearn,279,-0.6191443576900715,-0.6137296782374075,-0.3473229796192854,0.24806279764311298,0.2718213780707861
8,sklearn,280,-1.689619205014255,-1.7239492692274356,-1.640456098325095,0.26393752147856125,0.04916310668916002
8,sklearn,281,-0.7977491982595499,-0.7851264620132983,-0.5725342744079764,0.28301092551832346,0.2252149238515735
8,sklearn,282,-0.7197479285275085,-0.7792059519779225,-0.6347011594792846,0.27390219362695134,0.08504676904822384
8,sklearn,283,-0.3589429976743317,-0.3616614752173286,-0.38284122666662057,0.3159873413385118,-0.023898228992288884
8,sklearn,284,-0.026788644205617496,-0.14361546490771723,-0.5709371715099323,0.3559349724578016,-0.5441485273043147
8,sklearn,285,-0.20898716464299472,-0.41446300845311723,-0.3618553770709081,0.3270783606200775,-0.15286821242791337
8,sklearn,286,-1.9416178647206264,-1.9699303778903596,-1.6114746810057525,0.22951689675253367,0.33014318371487383
8,sklearn,287,-0.45319902592413797,-0.6920784438617208,-0.2252086327199887,0.2795067039927671,0.22799039320414927
8,sklearn,288,-0.8016581158413469,-0.8703891650520609,-0.6151740204258562,0.2968783904455017,0.1864840954154907
8,sklearn,289,-0.9555476293292278,-1.2332665649388899,-0.6133402097932175,0.32482778044321203,0.3422074195360103
8,sklearn,290,-0.40159919433751,-0.5709390149663881,-0.4909803261796988,0.3071965725959394,-0.08938113184218877
8,sklearn,291,-0.0221560709382361,0.046524620014901666,0.30180445493230135,0.3146288825013689,0.3239605258705375
8,sklearn,292,-0.9807334022056482,-0.9406261809723413,-0.7430059066444716,0.3076196185088475,0.23772749556117656
8,sklearn,293,0.2443448909565415,0.4166284827725619,-0.23642183507026182,0.31649344557348774,-0.4807667260268033
8,sklearn,294,-0.8730596379016802,-0.9943514629020455,-0.18187936792475856,0.3109514357525826,0.6911802699769216
8,sklearn,295,-1.2886051641381773,-1.169046580249837,-0.9095482519453695,0.29785004857928565,0.3790569121928078
8,sklearn,296,-1.1928185855245144,-1.220263708469724,-0.797228963162139,0.2937265357873314,0.3955896223623754
8,sklearn,297,-0.4426912143526748,-0.3233115233751376,-0.35930745668220343,0.2807355534775217,0.08338375767047135
8,sklearn,298,-0.7991986237535033,-0.9194656406818273,-0.426675868614419,0.28930735512149836,0.3725227551390843
8,sklearn,299,-1.1107663916328,-1.1080262608676552,-1.1103366515309112,0.2593606349417255,0.000429740101888898
9,sklearn,0,-0.5188338605139549,-0.5212854679090028,-0.33598499203627963,0.3132123310745903,0.18284886847767523
9,sklearn,1,0.517717814071352,0.699979021422493,0.5128826091869199,0.3649420009065847,-0.0048352048844321205
9,sklearn,2,-0.18118972984293702,-0.16268889424374927,-0.08528452254859165,0.3539153871309374,0.09590520729434537
9,sklearn,3,-0.837475679590046,-0.8135184083254745,-0.9606223482818503,0.3203944954182969,-0.12314666869180435
9,sklearn,4,-0.9454103015454539,-1.0265753174060905,-1.027043966590293,0.3269158787362138,-0.08163366504483915
9,sklearn,5,-1.3639316836979296,-1.215422970535136,-1.564049957883217,0.3025732133549957,-0.20011827418528738
9,sklearn,6,-0.056966089303067124,-0.056948488187760125,-0.6078847451622753,0.47508069202333153,-0.5509186558592082
9,sklearn,7,0.5807838521347664,0.5799114375973821,0.523072219657776,0.45532213241648395,-0.057711632476990404
9,sklearn,8,1.0092374520185698,1.0255838642690043,0.7309147922281243,0.3743266180688738,-0.27832265979044557
9,sklearn,9,-0.3521382973523792,-0.29672175049978144,-0.6066050142600012,0.3395118196317928,-0.254466716907622
9,sklearn,10,-0.6683969272532347,-0.628766218130018,-0.8793904329867628,0.3217278447200865,-0.21099350573352804
9,sklearn,11,-0.9629010215610707,-1.0821277970389833,-1.0338213753003993,0.3076298091729249,-0.07092035373932859
9,sklearn,12,-0.9703652727531568,-1.3129700169604315,-0.7754143442578254,0.4018151845690488,0.19495092849533135
9,sklearn,13,0.6415057540035867,0.7303111613028006,0.5104785606365656,0.3779063292941369,-0.13102719336702107
9,sklearn,14,-1.042222658816911,-1.0227029369716154,-1.005771741513957,0.3119950964416339,0.03645091730295391
9,sklearn,15,-0.10096279827209309,-0.19973037092420892,-0.5934113414589031,0.46210713967030714,-0.49244854318681
9,sklearn,16,0.2599608930287541,0.3328155656313925,-0.3218944549133096,0.41462326842524444,-0.5818553479420636
9,sklearn,17,-0.5221642631164033,-0.6542538539373305,-0.46523421599213544,0.3387399730573086,0.05693004712426786
9,sklearn,18,-0.16621571515134836,-0.2804482146610861,0.05503780805921288,0.41343766556870454,0.22125352321056124
9,sklearn,19,-1.444133003664663,-1.6170160358330867,-1.5655895517591052,0.2805602963611269,-0.12145654809444228
9,sklearn,20,0.59838338977674,0.6029811679055378,0.6238883884992577,0.37285781234532217,0.025504998722517658
9,sklearn,21,-1.648146802046097,-1.719183920486732,-1.200138126358354,0.2919136651018757,0.44800867568774305
9,sklearn,22,-0.34613506706468544,-0.24274117655118016,-0.34325016041809153,0.25225051021236444,0.00288490664659391
9,sklearn,23,0.06769616572424053,0.13931252108280234,-0.0018576052935745935,0.42049101896639085,-0.06955377101781512
9,sklearn,24,-1.252621820517566,-1.2728676568428952,-0.8010599212236222,0.3788818853804637,0.45156189929394386
9,sklearn,25,-1.9204418080933676,-1.8756852664771113,-1.6607554417646604,0.34942642956890657,0.25968636632870723
9,sklearn,26,1.0368208246785393,1.0025756779856536,0.6157023182815129,0.40680444847045377,-0.4211185063970264
9,sklearn,27,-0.3937646425943597,-0.44314698749603243,-0.528768257772315,0.3271741038691935,-0.13500361517795523
9,sklearn,28,-0.35137296309744553,-0.5140541388761676,-0.6655550047487866,0.365017125485758,-0.31418204165134106
9,sklearn,29,-0.9942765358784542,-0.8651394300692097,-0.9691042453060561,0.2859698028124806,0.025172290572398115
9,sklearn,30,0.6971135570507054,0.8964972291915926,0.47172829223454826,0.3102169724017931,-0.22538526481615717
9,sklearn,31,0.17907156976418737,0.21924516608794434,-0.08936309652998631,0.45610701954411187,-0.2684346662941737
9,sklearn,32,-0.4328410842488246,-0.3317417049413105,-1.0847795745780102,0.39312875342351405,-0.6519384903291856
9,sklearn,33,-0.9649364861989006,-0.9553820250196481,-0.9737177387409464,0.24124707451413394,-0.008781252542045759
9,sklearn,34,-0.424066358406184,-0.41437289073682987,-0.339813909003166,0.36019752969574514,0.08425244940301801
9,sklearn,35,1.3175250579600766,1.0999440788959054,1.2227573528766085,0.29713291915998813,-0.0947677050834681
9,sklearn,36,-1.2629780507193389,-1.3669743636687963,-1.1325464799089318,0.2812571864326465,0.13043157081040713
9,sklearn,37,-0.4205436133522505,-0.5030396534920522,-0.5664233272492716,0.3029790838711605,-0.1458797138970211
9,sklearn,38,-1.3914445193452067,-1.410740678339498,-1.2662016329618502,0.36779981003275114,0.12524288638335657
9,sklearn,39,-1.36398882059823,-1.2642212517412577,-0.6674892986260623,0.46633033410498254,0.6964995219721677
9,sklearn,40,-0.38420568524754195,-0.5643282176918725,-0.0867617923068007,0.3597609755593223,0.29744389294074125
9,sklearn,41,-0.225489602528804,-0.4010929788590112,-0.216371536769282,0.31221326817658196,0.00911806575952201
9,sklearn,42,-0.13240874947730052,-0.3372277381540527,-0.0756404880952104,0.32664541034872635,0.056768261382090124
9,sklearn,43,-0.03009338972967912,0.008431086615841077,-0.1351584041620777,0.3991019426546523,-0.10506501443239857
9,sklearn,44,-0.5446618050195291,-0.3316175658686319,-0.6018009080555853,0.3046109720408846,-0.05713910303605618
9,sklearn,45,-0.8558605167278636,-0.8954511984835559,-1.0866011937814033,0.3266422700839556,-0.23074067705353973
9,sklearn,46,-1.4485543427032208,-1.4653700275231607,-0.8420187617795412,0.4134875094209735,0.6065355809236797
9,sklearn,47,-0.48931747143685567,-0.32044683960231984,-0.7055417639756882,0.3903708823984942,-0.21622429253883257
9,sklearn,48,0.5912810633379655,0.5103906368579161,0.06387064720751257,0.5234795914372272,-0.5274104161304529
9,sklearn,49,-1.1431003729615103,-1.0373539974655788,-0.8995486310791687,0.348951756843905,0.24355174188234163
9,sklearn,50,-0.6778509484654736,-0.6460804232583565,-0.7262551720117738,0.3216691446185057,-0.04840422354630025
9,sklearn,51,-0.6993055146084388,-0.5873327101970589,-0.772618935721622,0.35642671490297656,-0.07331342111318317
9,sklearn,52,1.4948447666869473,1.3255444947697237,0.8207209648111462,0.35680466873249134,-0.6741238018758011
9,sklearn,53,-0.43966942667477216,-0.4371905471659652,-0.5992085639926898,0.3703951476771625,-0.1595391373179177
9,sklearn,54,0.09305118262641998,0.04210209654639467,0.2523483137048972,0.40739324339909044,0.1592971310784772
9,sklearn,55,-0.02338262707276012,0.19074139236860482,-0.5419126338935696,0.37143209164488145,-0.5185300068208094
9,sklearn,56,-0.25165754637071586,-0.18351332858040187,-0.4891563795658742,0.44896925469904353,-0.23749883319515835
9,sklearn,57,-0.08583820082276794,-0.06482492138132064,-0.20812865900444066,0.29024611976401543,-0.12229045818167272
9,sklearn,58,-0.7725107228600208,-0.7004084707697521,-0.6076712066524035,0.32941700638740845,0.16483951620761728
9,sklearn,59,-0.41178586689487173,-0.5199568260678202,-0.617199363029572,0.324370106978343,-0.20541349613470028
9,sklearn,60,-1.1846523811881173,-1.447717472576061,-0.8974285534591386,0.34348414804022626,0.2872238277289787
9,sklearn,61,-0.2235595238280088,-0.2337247054554303,-0.22608946380991757,0.3138719117672706,-0.0025299399819087576
9,sklearn,62,-0.4143899962962415,-0.32395304004928366,-0.7295434702941215,0.2886001159897764,-0.31515347399787996
9,sklearn,63,0.8207246234074204,0.681586139694208,0.7577009519897953,0.29718368070810197,-0.0630236714176251
9,sklearn,64,-0.8159649954863294,-0.7019574813714858,-0.9929219207182864,0.3326046990147743,-0.17695692523195705
9,sklearn,65,-0.27735572869275416,-0.3548617426614464,-0.45381900251248775,0.4905223334708607,-0.1764632738197336
9,sklearn,66,-0.7435910255316376,-0.7665031534825766,-0.7975787679883872,0.31106890653812536,-0.05398774245674964
9,sklearn,67,0.7709322258555066,0.6864124594661526,0.5849815066177855,0.4195027759688412,-0.1859507192377211
9,sklearn,68,-1.1463047976425162,-1.0226328684957748,-1.1171415875864188,0.3197957428614594,0.029163210056097455
9,sklearn,69,-0.17278321392006368,-0.3111230517230754,-0.20685913672042844,0.3288501243193907,-0.034075922800364755
9,sklearn,70,0.3049532736012328,0.45250895326261426,0.3968466079471975,0.21873744477226512,0.0918933343459647
9,sklearn,71,-0.8806862535648108,-0.9428962422302746,-0.8800922039355861,0.2758261177986328,0.0005940496292247133
9,sklearn,72,-0.2293439992797222,-0.13303224566142344,-0.43927379571154646,0.4057620995347845,-0.20992979643182424
9,sklearn,73,-0.43573709476641287,-0.5093686898051645,-0.36369344353783895,0.3799611595581455,0.07204365122857392
9,sklearn,74,-0.8066144177530036,-0.7098218674638052,-0.9451126505300946,0.3233462407222848,-0.13849823277709106
9,sklearn,75,-1.3166265014914267,-1.4360751233608668,-1.4689648036367364,0.2997700850321131,-0.15233830214530975
9,sklearn,76,-1.030820051611395,-0.9364266183386308,-0.8642701284210306,0.39143058916960477,0.16654992319036444
9,sklearn,77,0.8019623879471233,0.8622845360913446,0.3527364484201634,0.35166009234726486,-0.4492259395269599
9,sklearn,78,-0.9854794398513276,-0.8684469863203024,-0.8270762529605502,0.3502874133776177,0.15840318689077737
9,sklearn,79,-0.6782984153584333,-0.6114848769855128,-0.6684331235050172,0.35557035811623805,0.009865291853416114
9,sklearn,80,-0.6902306323773978,-0.7841909404505322,-0.6067905669900084,0.3045794630075851,0.08344006538738935
9,sklearn,81,0.055070031768959415,0.02864993520267906,-0.24153596652806675,0.4166386804656651,-0.29660599829702616
9,sklearn,82,-0.5247547274207609,-0.48986810309643347,-0.23928908737129806,0.3710062170044797,0.28546564004946284
9,sklearn,83,-0.2853287072737332,-0.3302259658470625,-0.46910500129645794,0.3793966352332447,-0.18377629402272472
9,sklearn,84,-1.8295506178447647,-1.8835417054836503,-1.1599299191082446,0.3641462543865417,0.6696206987365201
9,sklearn,85,0.8182928988196155,0.7275588166077802,0.6835069549061128,0.29625257418321305,-0.13478594391350274
9,sklearn,86,-0.6247597408185208,-0.5078061412258765,-0.7148045370066329,0.3051740191512924,-0.09004479618811212
9,sklearn,87,-1.8228657853330272,-1.8155586880643462,-1.1709825410522314,0.3553330021804706,0.6518832442807958
9,sklearn,88,-1.2294572551925496,-1.239855358941183,-1.0528784338103625,0.313035354375725,0.17657882138218706
9,sklearn,89,-1.1022708641419694,-0.9853177567299708,-0.9581957628474989,0.32060287948455374,0.14407510129447054
9,sklearn,90,-0.5580097219713387,-0.6508393563747795,-0.40649293599091285,0.33189447446180154,0.15151678598042584
9,sklearn,91,-0.796973796018622,-0.7805528722136663,-0.9832308272422763,0.2572632964248952,-0.18625703122365433
9,sklearn,92,-0.29212127994816584,-0.179391946235674,-0.4946646045255525,0.38235149079725367,-0.20254332457738666
9,sklearn,93,-1.31464785688429,-1.3549201345910187,-1.4236798713764394,0.3121249821375997,-0.10903201449214928
9,sklearn,94,-0.08595303322853902,0.023123739602309012,-0.4134107337707842,0.5096056859897474,-0.32745770054224516
9,sklearn,95,-1.026661230777437,-1.0650700523290986,-0.6566010529361388,0.3910656558439353,0.3700601778412982
9,sklearn,96,-0.6981059919881568,-0.846286097083943,-0.6203747935619166,0.3340511886665069,0.07773119842624021
9,sklearn,97,-0.5172452263473334,-0.5544173808610515,-0.8251476999568474,0.2955421508530392,-0.30790247360951406
9,sklearn,98,-0.7076123137884618,-0.7010081401997983,-0.7476277302582308,0.30652018594022634,-0.04001541646976903
9,sklearn,99,-0.37855742038035245,-0.5178511540444972,-0.23623726314385962,0.30889426015762916,0.14232015723649283
9,sklearn,100,0.40254793239493475,0.5141758092564395,0.5244849801177578,0.28809959212883113,0.12193704772282304
9,sklearn,101,0.9635503269094007,1.1311089204802902,0.9173545089511288,0.3137855609777102,-0.04619581795827188
9,sklearn,102,-1.2105926750434,-1.3552956888053564,-0.7935071961794322,0.3880740468218082,0.41708547886396774
9,sklearn,103,-1.6804971916569835,-1.745400725732893,-1.3989142674751385,0.33638657624672774,0.28158292418184505
9,sklearn,104,-0.04452996961751245,-0.10481091510518345,-0.5501281486906917,0.3781392243302236,-0.5055981790731793
9,sklearn,105,-1.2892394763630297,-1.3850574939617737,-0.5835094854714575,0.40278193191894585,0.7057299908915722
9,sklearn,106,-0.8889429532290449,-0.8709837514720861,-0.5693694526741395,0.36267984115627405,0.3195735005549054
9,sklearn,107,-0.9819850999610515,-0.79877663535583,-0.9678326985194676,0.32017294422446557,0.014152401441583917
9,sklearn,108,-1.3328776251596395,-1.5130020585698916,-1.2430154924943615,0.3062746741370137,0.08986213266527798
9,sklearn,109,-1.2977635124476112,-1.267220435189285,-0.880559821887628,0.377216375949081,0.4172036905599832
9,sklearn,110,-0.7660428325172963,-0.7107538306647225,-0.48069977971741995,0.36952629680220983,0.2853430527998764
9,sklearn,111,-0.3348573317459571,-0.32114973555232607,-0.491876061848024,0.3120436528216205,-0.1570187301020669
9,sklearn,112,-0.9213907059787485,-1.0631191362759114,-0.8746146337020448,0.24741133429363618,0.04677607227670366
9,sklearn,113,-1.1932348424514865,-1.1256203950488088,-1.0428655676697671,0.24943340977590908,0.15036927478171935
9,sklearn,114,0.42537230099085277,0.3812429709462189,0.2795040756515741,0.3784522143066239,-0.14586822533927868
9,sklearn,115,-0.6322216247372147,-0.7544991508802517,-0.45003110537551017,0.37754456295588995,0.1821905193617045
9,sklearn,116,-0.9101007560156305,-0.8872202637817196,-0.8033116970004883,0.22789923083909344,0.10678905901514213
9,sklearn,117,-0.7754365085656199,-0.8448893294776776,-0.9023009702180413,0.3196724111880211,-0.1268644616524215
9,sklearn,118,-0.4983606556979128,-0.5700629904990127,-0.5883369609666556,0.31276853097475055,-0.08997630526874273
9,sklearn,119,-0.04349569607615723,0.06991746790386638,-0.34176343872224724,0.3505112368745475,-0.29826774264609
9,sklearn,120,-1.0322068193553782,-0.8813700138285555,-0.697214505372231,0.4079537150047073,0.3349923139831472
9,sklearn,121,-1.021474345007348,-1.0910076951628571,-0.8453734928648089,0.22632902369325644,0.17610085214253912
9,sklearn,122,-0.588622062350991,-0.6010314302260047,-0.2932871508214232,0.3394050942260216,0.2953349115295678
9,sklearn,123,-0.48117331152137277,-0.5278758223163112,-0.5219654512478376,0.39316901386431263,-0.04079213972646478
9,sklearn,124,0.061945820744982616,0.0823041797501676,0.1258514756112401,0.26839828080789546,0.06390565486625749
9,sklearn,125,-0.30813848385883363,-0.33401833153869415,-0.09425141034002582,0.3039318536370591,0.2138870735188078
9,sklearn,126,0.008640775231640418,0.06633791339805314,-0.3611016864104615,0.37869558066129955,-0.3697424616421019
9,sklearn,127,-0.5344151530175043,-0.42237420796565966,-0.7154784161531946,0.3095906610215564,-0.18106326313569032
9,sklearn,128,-0.5735890364094943,-0.41364133122237245,-0.43058321626521234,0.29881079374536257,0.14300582014428198
9,sklearn,129,-1.2642776180435153,-1.276787321166301,-0.9343948508715334,0.3693777159021152,0.32988276717198195
9,sklearn,130,-1.3665646341866262,-1.354246424091809,-1.1919411146413221,0.28648705678343284,0.17462351954530408
9,sklearn,131,1.2533453309971148,1.2664710302835516,1.0422982271360697,0.3456817947848373,-0.21104710386104508
9,sklearn,132,-0.43288598242460147,-0.5337356535916862,-0.30481917951110127,0.3229569934126076,0.1280668029135002
9,sklearn,133,0.2992670685869961,0.23921424947944656,0.12624140419041163,0.41858107700746466,-0.17302566439658446
9,sklearn,134,0.7831740093875923,0.7949607912622588,0.5880032132260817,0.2794360699359542,-0.19517079616151056
9,sklearn,135,-0.08636667245518986,-0.0724842378410819,0.04425489892878076,0.2948813533192557,0.13062157138397062
9,sklearn,136,-1.4097017687992492,-1.3331367432177137,-0.6641185967527803,0.3747109368502084,0.745583172046469
9,sklearn,137,-1.110267055054178,-1.0617780390504095,-1.0280617851696947,0.2961659280943504,0.08220526988448329
9,sklearn,138,-0.8586752995072815,-0.9268555368973197,-0.9917622201244862,0.33514316201577693,-0.13308692061720473
9,sklearn,139,-0.06639056957709485,0.010292939230006237,-0.49622874529739347,0.460735850636551,-0.4298381757202986
9,sklearn,140,-0.8475319919699359,-0.8381194928341258,-0.7721261885846342,0.22654780304739158,0.07540580338530167
9,sklearn,141,-0.7076204799734546,-0.9552015530984302,-0.8388695883295338,0.34093392929361277,-0.13124910835607928
9,sklearn,142,-1.1476665967576651,-1.1736917033768768,-1.2444874016850216,0.34428238445217824,-0.09682080492735645
9,sklearn,143,-0.6414345277839515,-0.7834145614578013,-0.6575039912451741,0.16852854621699678,-0.01606946346122262
9,sklearn,144,0.924216999972792,0.8615951377150474,0.8172129152201579,0.2892347081881618,-0.10700408475263412
9,sklearn,145,-1.4594654212134806,-1.5892709612621145,-0.5799121314418403,0.4272700782343876,0.8795532897716403
9,sklearn,146,-0.9292264109778938,-0.7893367804067825,-0.8224247443230643,0.3219335626874796,0.10680166665482949
9,sklearn,147,-0.7134927746016644,-0.8478008639226964,-0.7074635619407559,0.3464216018565666,0.006029212660908501
9,sklearn,148,-0.8823328569661062,-0.9038773282306151,-0.5810982746379025,0.2208752956034929,0.30123458232820366
9,sklearn,149,-0.9589530760543028,-0.9359598812631671,-0.8740706892590788,0.21112907365199526,0.08488238679522397
9,sklearn,150,-0.41497662510811195,-0.4430754975608677,-0.2837678182562202,0.24506804539922603,0.13120880685189173
9,sklearn,151,-0.8148566025128053,-0.9890895583274516,-0.7611543877042362,0.2741979657354275,0.05370221480856918
9,sklearn,152,-1.3734537238631201,-1.3407005162561674,-1.130469685265945,0.3626038549062026,0.2429840385971751
9,sklearn,153,-0.039887703465381286,0.0728601598651058,-0.2974991107687197,0.43948004819170855,-0.2576114073033384
9,sklearn,154,0.618933913600569,0.5789706254880274,0.6577194882089739,0.24860165993901756,0.038785574608404816
9,sklearn,155,-0.00574379844082229,0.022622235909144563,0.08646087844102457,0.3284219085457316,0.09220467688184686
9,sklearn,156,-1.0329820733086805,-1.0396481912363424,-1.0427143357679514,0.22550295161285255,-0.009732262459270835
9,sklearn,157,-0.7936140583473049,-0.7833754137848835,-0.7129659131793891,0.35665320954492363,0.08064814516791585
9,sklearn,158,-0.8923685274078,-0.715334099133851,-0.9427666787530722,0.3039703396617494,-0.050398151345272146
9,sklearn,159,-0.28283010760767835,-0.3928896734478335,-0.3826809062112755,0.18279735836680386,-0.09985079860359714
9,sklearn,160,-0.8048610800222694,-0.6949900387106087,-0.7735972604825498,0.26946443404273257,0.03126381953971957
9,sklearn,161,-0.6903786998682424,-0.8233044200604589,-0.7996518868478066,0.32577183453003716,-0.10927318697956423
9,sklearn,162,1.0676309991923927,1.011281373048635,0.7948901674822144,0.39899293580876466,-0.27274083171017827
9,sklearn,163,0.9916823696965564,0.8998813311383393,0.9039319454291537,0.3204255123413155,-0.08775042426740276
9,sklearn,164,0.08656671645769365,0.2293942678826051,0.01793114991219369,0.33952287279962146,-0.06863556654549996
9,sklearn,165,0.1155640507000083,0.14116746968092148,0.11460576181924331,0.34296777331506145,-0.0009582888807649903
9,sklearn,166,-0.9408003644011398,-0.872842707217952,-0.7742328112667041,0.32695204683549667,0.16656755313443572
9,sklearn,167,0.8345351521008376,0.8605202541222732,0.8142109217274132,0.3195366247104414,-0.020324230373424457
9,sklearn,168,-1.0017900665760777,-0.958723331787826,-0.9328590877560856,0.3142861029618404,0.0689309788199921
9,sklearn,169,-1.4770750509996733,-1.6031290801565978,-1.1911642178575876,0.28473607401127027,0.28591083314208565
9,sklearn,170,-0.885960596207872,-0.6841820692027936,-0.7847040589112941,0.16231439351625707,0.10125653729657791
9,sklearn,171,-1.3859594953917351,-1.2697968244284723,-0.8763276816423575,0.36720807827495916,0.5096318137493776
9,sklearn,172,0.018341393723257604,0.09167204056817983,0.13827058744413812,0.3364561857944329,0.11992919372088051
9,sklearn,173,-0.1915253598015645,-0.1698866051581499,-0.576016697387923,0.3789737545129471,-0.38449133758635856
9,sklearn,174,-0.49944461813186064,-0.469524018415006,-1.1221258476989422,0.389681115128929,-0.6226812295670816
9,sklearn,175,0.46958881119666385,0.4275754311844465,0.1548189369139319,0.4341952883164655,-0.31476987428273195
9,sklearn,176,0.2294495209008759,0.15003383922900393,0.11379084469345724,0.30312411199605177,-0.11565867620741865
9,sklearn,177,-0.5174291890981504,-0.4118170830777558,-0.422282445245755,0.3287655136834806,0.09514674385239541
9,sklearn,178,1.2120821730332147,1.3146709462935822,0.9495031666740505,0.3545084147557311,-0.2625790063591642
9,sklearn,179,0.523064533748251,0.6218109277875326,-0.19892256531600783,0.3840285792860875,-0.7219870990642588
9,sklearn,180,-1.2833760063198907,-1.2286608731708373,-0.7685946362171174,0.3617844931759891,0.5147813701027733
9,sklearn,181,0.41922354142965823,0.21031154653964357,0.22924205294205047,0.4355906118704406,-0.18998148848760776
9,sklearn,182,-1.4221149645611166,-1.2734924806605386,-1.1413265782845667,0.35089608341075834,0.2807883862765499
9,sklearn,183,0.9037562481971699,0.814044884572451,0.5554416414354808,0.34540255032953054,-0.3483146067616891
9,sklearn,184,-0.35722507367979417,-0.3763757171519345,-0.46160820390733726,0.25279697905164245,-0.10438313022754309
9,sklearn,185,0.8904064049335456,0.6905508962443001,1.0799686743732462,0.2975752642604632,0.18956226943970056
9,sklearn,186,-0.616962936231762,-0.5677722742336309,-0.5220714804372086,0.31608077151829733,0.09489145579455338
9,sklearn,187,0.6442108414894125,0.5250927757470235,-0.038499583592115805,0.37973409057883495,-0.6827104250815283
9,sklearn,188,-0.5989952433698053,-0.5909710180033806,-0.6149549282870348,0.256327603052227,-0.015959684917229544
9,sklearn,189,-0.8766001295637502,-0.700750703335922,-1.238536339617398,0.3482752954641569,-0.36193621005364784
9,sklearn,190,-0.916235016746829,-0.9405769134492968,-0.7185726987203291,0.36538423686599625,0.1976623180264998
9,sklearn,191,-1.4367651191651727,-1.354528725626604,-1.4414495232650548,0.3343674152992981,-0.0046844040998821335
9,sklearn,192,-1.6483910111164697,-1.6651040114827742,-1.1834423953606414,0.32915518001417543,0.46494861575582824
9,sklearn,193,-1.190523600521374,-1.0074571469490456,-1.022888135298321,0.33338930952807727,0.16763546522305295
9,sklearn,194,0.018628462992100026,-0.11737601818419033,-0.12228320454788388,0.3137233818565038,-0.1409116675399839
9,sklearn,195,-1.2431480129550145,-1.4881268116504114,-0.970746809889635,0.34862677895328215,0.2724012030653795
9,sklearn,196,-1.0476062314264316,-1.051873959414236,-1.076506370747313,0.34542557577636385,-0.028900139320881424
9,sklearn,197,-1.171325933927913,-1.1842840138732809,-1.1100788486526048,0.3417095599492132,0.0612470852753082
9,sklearn,198,-0.3995325563972125,-0.4688129181682569,-0.6068256468613988,0.32325041265242543,-0.2072930904641863
9,sklearn,199,-0.7492816088807935,-0.6542454314547195,-0.5369914929705182,0.3761168449259882,0.21229011591027536
9,sklearn,200,-0.6599810296431879,-0.44700588404855535,-0.7520557226666096,0.3254060101110456,-0.09207469302342164
9,sklearn,201,-1.0038831268091573,-1.0292227262817553,-0.719851966411869,0.3148388732751497,0.28403116039728826
9,sklearn,202,-0.7358658916158538,-0.6216489985095844,-0.8421872940127493,0.27910666998664735,-0.10632140239689547
9,sklearn,203,-0.24914500745507784,-0.2181845374986835,-0.7916868926869309,0.3633020323778863,-0.5425418852318531
9,sklearn,204,-0.37293313803516326,-0.3706772263753332,-0.6022451755281599,0.25732391978748376,-0.22931203749299667
9,sklearn,205,-1.159108660126766,-1.1883295065813682,-1.1340449462065552,0.3461306244963727,0.025063713920210784
9,sklearn,206,-0.3748470590227623,-0.36990300141128785,-0.2944378963266825,0.32096237735007394,0.08040916269607978
9,sklearn,207,-0.46584750556487076,-0.4344760033137409,-0.4311037907799431,0.20123102285883918,0.03474371478492766
9,sklearn,208,-0.6660385226392871,-0.6354855729670179,-0.6934576726266801,0.3348342510892972,-0.027419149987393032
9,sklearn,209,-0.8073853435652355,-0.5999259100868043,-1.0807486307736625,0.25135230768286865,-0.27336328720842695
9,sklearn,210,-0.8957339558574914,-0.8981987246899759,-0.8149760487148003,0.269370930581634,0.08075790714269104
9,sklearn,211,-0.3495718458756155,-0.4616252822413276,-0.385932699290378,0.2621527416507184,-0.03636085341476247
9,sklearn,212,-1.2530339922049114,-1.333543149489059,-1.4441611292516825,0.19723911878841519,-0.1911271370467711
9,sklearn,213,-1.0013947169688149,-0.9730236583793833,-0.7780185120248246,0.36014258120639814,0.22337620494399024
9,sklearn,214,-1.669234630324614,-1.5685280952768754,-1.1538433472016023,0.39375130778785467,0.5153912831230116
9,sklearn,215,-0.9418265352254289,-1.0205427840533092,-1.0169458298365512,0.33051746996827386,-0.07511929461112232
9,sklearn,216,-0.9752104793540938,-0.8817877893840471,-0.908142868016399,0.4027146429100639,0.06706761133769479
9,sklearn,217,-0.28945683401436545,-0.2248149020630859,-0.28318117939127596,0.2971594827471728,0.006275654623089488
9,sklearn,218,-1.3124490372054907,-1.2793712539264124,-1.437655406076619,0.3920841212532652,-0.12520636887112824
9,sklearn,219,0.3899779728173491,0.45744509752536755,0.27577248829102263,0.3454573419233213,-0.11420548452632645
9,sklearn,220,-0.32160370358083623,-0.3986622470550336,-0.9913192345839938,0.3912397414200124,-0.6697155310031576
9,sklearn,221,-0.6659477979453499,-0.7143359477758083,-0.3544082316262669,0.38460915789327926,0.311539566319083
9,sklearn,222,-0.6201889684679704,-0.5305339366534165,-0.4238037987559733,0.3748179593439058,0.19638516971199715
9,sklearn,223,0.25801381202667084,0.18083824670706117,0.4335258768028236,0.35555701375090926,0.17551206477615278
9,sklearn,224,-1.213645158084903,-1.1476021648848842,-1.1759454359922739,0.30263329403476263,0.03769972209262917
9,sklearn,225,-1.3129566896405729,-1.3926854035137473,-1.137366055893271,0.26712704665398374,0.17559063374730188
9,sklearn,226,-0.28035499141182174,-0.040221049967026884,-0.5735159568318942,0.27059782576608565,-0.2931609654200724
9,sklearn,227,-0.582716602039164,-0.7417359699024331,-0.868212722907959,0.24629564374647095,-0.28549612086879506
9,sklearn,228,-0.8692033933371655,-0.7352134231309988,-0.926978326552137,0.2742417325165661,-0.05777493321497151
9,sklearn,229,-0.2261064431409484,-0.1861487125838479,-0.08196761828289745,0.36424180059623307,0.14413882485805096
9,sklearn,230,0.9602896021102778,0.9443132434974244,0.7307144429629346,0.3262628483301085,-0.22957515914734317
9,sklearn,231,-0.44879912126009713,-0.4996056694469586,-0.5396994815978182,0.321446980911565,-0.09090036033772109
9,sklearn,232,-0.3547322312375036,-0.4961121189370816,-0.39095895877133646,0.383236216834412,-0.03622672753383288
9,sklearn,233,-0.8859762794380388,-0.8396938412665665,-0.7668906681847769,0.27485925964669006,0.11908561125326189
9,sklearn,234,-1.1123331489823214,-1.189582937738745,-0.989534643523247,0.3391292427644985,0.12279850545907434
9,sklearn,235,-0.8065270638426207,-0.9427332273244808,-0.4996201509565603,0.3281060587567504,0.3069069128860604
9,sklearn,236,0.15914558280115465,0.23150121652517486,0.30834219538388563,0.34391165203443386,0.14919661258273098
9,sklearn,237,-1.191648707666039,-1.254147397688624,-1.0776128578709638,0.22533448041109577,0.11403584979507508
9,sklearn,238,-0.45793516818940566,-0.5756050341347123,-0.6378668961947325,0.20989115709493553,-0.1799317280053268
9,sklearn,239,-0.4965374471813052,-0.5813344756683243,-0.46870258461917924,0.4074572126343426,0.027834862562125973
9,sklearn,240,-0.044501424486847185,0.05958003768284016,-0.6092770202667861,0.4641083604667562,-0.564775595779939
9,sklearn,241,0.16756915265970262,-0.025126623024545075,0.16794033284053178,0.32296934357590823,0.00037118018082915594
9,sklearn,242,0.8260801725106359,0.8623875587062977,0.44131602812993265,0.4718295430621578,-0.3847641443807033
9,sklearn,243,-1.2933126990334998,-1.2125499219507774,-1.3865520317778728,0.25535018920025226,-0.09323933274437302
9,sklearn,244,0.7223981525508159,0.7337119769235536,0.4729520762978794,0.3463246915416163,-0.24944607625293647
9,sklearn,245,-1.5810143236697267,-1.587273809545899,-1.210285401292868,0.29061010873144444,0.3707289223768586
9,sklearn,246,0.43970356086722795,0.33695684424252387,0.445930915628745,0.22491805094278838,0.006227354761517034
9,sklearn,247,-0.7203691304415164,-0.7800002969031731,-0.6765262383195774,0.2999241574201583,0.04384289212193904
9,sklearn,248,0.060925016504458473,-0.07859133584585232,0.18003819547292021,0.3589449630481601,0.11911317896846174
9,sklearn,249,-0.04466280280484081,-0.06165139949288395,0.130734536773514,0.3383608204572629,0.1753973395783548
9,sklearn,250,-0.2914447205399452,-0.43676074023667155,-0.4306100823167789,0.3872691069033458,-0.1391653617768337
9,sklearn,251,-1.2649822915760272,-1.1909228015206805,-1.0898119922784284,0.34861569709365015,0.17517029929759875
9,sklearn,252,-1.0277431145917126,-0.9895299216380502,-0.8746197717340798,0.39836427004216984,0.15312334285763285
9,sklearn,253,-0.8011881165894461,-0.8882143461598855,-1.050285263719986,0.3147047696461021,-0.24909714713053988
9,sklearn,254,-0.7700276265926165,-0.706397792259664,-0.8077868895034297,0.30307190628733527,-0.03775926291081322
9,sklearn,255,-0.8750246335640145,-0.9879493792782951,-0.8754604094894498,0.32692338310846736,-0.0004357759254353111
9,sklearn,256,-1.0655039191596005,-1.1337203989707345,-0.7551184068584762,0.32490695670572955,0.3103855123011243
9,sklearn,257,-1.4087817735992978,-1.5353790256591138,-0.570877417613894,0.5170383574981364,0.8379043559854038
9,sklearn,258,-1.2458501210319477,-1.145497778643486,-1.2117564828552094,0.3177555858511302,0.03409363817673827
9,sklearn,259,-1.120632844531718,-1.121048307905521,-1.07616706510753,0.1773251412446995,0.04446577942418806
9,sklearn,260,-0.4572509773691045,-0.5079176882482802,-0.5755671342417488,0.31254768308871067,-0.11831615687264424
9,sklearn,261,-0.875450931089605,-0.9076612247905967,-0.612281463540751,0.36354248969607555,0.26316946754885406
9,sklearn,262,-0.30540953531284076,-0.34634129240537953,-0.444965647644203,0.38468741003887835,-0.13955611233136223
9,sklearn,263,-1.1596613774712647,-1.2158220135958142,-0.8421514876221439,0.41285050013341706,0.3175098898491209
9,sklearn,264,0.5468105390076687,0.6116567520818329,0.41803252489268106,0.48478018399942213,-0.12877801411498768
9,sklearn,265,0.7784259036646084,0.7935973608307803,0.7763048979245202,0.18836971917197398,-0.002121005740088222
9,sklearn,266,-0.7419668610672067,-0.837135255683873,-0.681651705315212,0.33090064880447506,0.06031515575199464
9,sklearn,267,-1.0463402226611,-1.0308748930444451,-1.1782619554858043,0.3421309761442986,-0.1319217328247042
9,sklearn,268,0.5274249311963897,0.5295359688852541,0.22432733341083466,0.3239282060784541,-0.303097597785555
9,sklearn,269,-1.1600459840075295,-1.2067534426818416,-0.753759023604168,0.3279818783367263,0.40628696040336143
9,sklearn,270,-0.8207620058259745,-0.81566010834127,-0.3232300375274644,0.36591289687244666,0.4975319682985101
9,sklearn,271,0.46507737833232676,0.5543595405633069,0.3548824645806281,0.4386193859508026,-0.11019491375169865
9,sklearn,272,0.25705929377625836,0.3652383425450829,0.23627206336559592,0.32566378694490083,-0.02078723041066244
9,sklearn,273,0.39988858582439635,0.3438733046267085,0.3878816806772569,0.3252520757357975,-0.012006905147139424
9,sklearn,274,-0.25965845346993466,-0.23875669607568656,-0.17952681751166288,0.34702942951544596,0.08013163595827177
9,sklearn,275,-1.8809337525986825,-1.9045636111942719,-1.4929470407943741,0.337523816183788,0.3879867118043083
9,sklearn,276,-1.0420759256978882,-1.0749719761261605,-1.1310519822865661,0.3267369013397061,-0.08897605658867791
9,sklearn,277,-1.0738598854405716,-0.9327480972675319,-1.0201918294292955,0.241475702380928,0.05366805601127611
9,sklearn,278,-0.5476961261538926,-0.47034058134259976,-0.5631028889350262,0.359662504353094,-0.01540676278113362
9,sklearn,279,-0.9535712257890554,-0.9497668164405775,-1.0937552792850003,0.1836270936722109,-0.14018405349594487
9,sklearn,280,0.47267056033783195,0.456494950389694,0.4920389345002514,0.3306270022230476,0.019368374162419433
9,sklearn,281,-0.3835559448213566,-0.48085708602856886,-0.30971374238689897,0.24651513789751084,0.0738422024344576
9,sklearn,282,-0.8359469463265182,-0.9074612829513938,-0.7878639082743852,0.29660470443776865,0.04808303805213299
9,sklearn,283,-1.3357464382319217,-1.3679820554139812,-1.024948201389452,0.3626931563232264,0.31079823684246977
9,sklearn,284,-1.9431734955528284,-2.0040790760467604,-1.5708615933841825,0.31686252679560345,0.37231190216864585
9,sklearn,285,0.15943129686594099,0.256377103291467,0.1932307253702099,0.28809589909609884,0.033799428504268925
9,sklearn,286,-0.03586757089835979,0.1218845513189864,-0.28060461916543034,0.3474571732205374,-0.24473704826707054
9,sklearn,287,0.12580934514947062,0.3761090529797532,0.2463327963312434,0.4118322531610995,0.12052345118177277
9,sklearn,288,1.1800249659178825,0.9724982027948446,1.0254953428872113,0.3273053414191366,-0.1545296230306712
9,sklearn,289,-1.3010677550831444,-1.4313084409392385,-1.0868021172509392,0.33288900638180524,0.2142656378322052
9,sklearn,290,-0.41574538195357524,-0.5628325940936473,-0.45893984590492654,0.31255712687199777,-0.04319446395135129
9,sklearn,291,-0.23791719015942836,-0.2830739255061211,-0.21744194387208893,0.33236833166762736,0.020475246287339433
9,sklearn,292,-0.04974216723391217,-0.02853864378528328,-0.5457501975732528,0.448055896027125,-0.49600803033934066
9,sklearn,293,-1.2606178661548422,-1.2127044619240552,-1.0827812943898385,0.34988216023053537,0.17783657176500367
9,sklearn,294,-0.2610040916929972,-0.28109363298401924,-0.33719418547504976,0.3087737165771323,-0.07619009378205255
9,sklearn,295,0.6420654089870783,0.5959465260673719,0.7216034888393175,0.25055356692022523,0.07953807985223915
9,sklearn,296,-0.9201300355599749,-0.9651937223688908,-0.5585526607737941,0.37673795921418046,0.3615773747861808
9,sklearn,297,-0.16662371855690802,-0.33297743195150764,-0.4422624536797306,0.3551259857318986,-0.27563873512282255
9,sklearn,298,-0.4732456202664117,-0.4055071672393273,-0.23111853478551136,0.2793596295961482,0.24212708548090034
9,sklearn,299,-0.46154592176857107,-0.5040727330782608,-0.763433630567306,0.3093656868341741,-0.3018877087987349
10,sklearn,0,-0.018133937805316816,0.03327317707423676,-0.06905003726550829,0.30245982795205983,-0.050916099460191475
10,sklearn,1,0.01935726717076705,0.12432064037159941,-0.20188424001960392,0.27475510709478146,-0.22124150719037097
10,sklearn,2,1.0342087432265112,0.9301387453966492,0.5199592871126248,0.25410599895243724,-0.5142494561138864
10,sklearn,3,-0.424071959802075,-0.24478543887257187,-0.31108554054278104,0.2539528218181369,0.11298641925929398
10,sklearn,4,0.16898344580234476,0.38561965847521584,0.18159883139118538,0.2937489861577192,0.012615385588840622
10,sklearn,5,-0.2593665744249303,-0.3680947207071482,-0.5045178158596513,0.26575031427251866,-0.245151241434721
10,sklearn,6,-0.3166904067297561,-0.3767693421346625,0.24767961513016568,0.3067565327521044,0.5643700218599218
10,sklearn,7,0.13359497139987342,0.02455379787908779,0.45782645834666713,0.3111654723318735,0.3242314869467937
10,sklearn,8,0.7529416484432588,0.8651324466420908,0.4768704441665679,0.2890418224966198,-0.27607120427669096
10,sklearn,9,-0.02126595921844779,0.06259561756655847,0.24204137134167336,0.27752244414772204,0.2633073305601211
10,sklearn,10,-0.6761218194091158,-0.6893203901639323,-0.6630072398472802,0.28315390869505214,0.013114579561835593
10,sklearn,11,0.9157431445203608,0.9953686316576941,0.7997514717636425,0.30383771751249905,-0.11599167275671829
10,sklearn,12,-0.8015107224568655,-0.7296078621161705,-0.7803936385894326,0.3051724816884151,0.02111708386743294
10,sklearn,13,0.2808974616117387,0.4112057113209884,0.16379424272091603,0.3017628182243836,-0.11710321889082265
10,sklearn,14,0.44551221779645167,0.4284277869386513,0.3226752130471331,0.29304172003533185,-0.12283700474931858
10,sklearn,15,0.20766771651064908,0.37428878141719946,0.12040581937320383,0.2932899097343763,-0.08726189713744525
10,sklearn,16,-0.5756434822712211,-0.5422570869426817,0.1518722258530527,0.31314483874846977,0.7275157081242738
10,sklearn,17,0.597890153312313,0.5235567242369339,0.37310620536970607,0.29762372628537703,-0.22478394794260692
10,sklearn,18,-0.08626719084482026,-0.12274984384087162,-0.028045820981425607,0.24839228790448764,0.058221369863394656
10,sklearn,19,0.2525078692828627,0.1750763201622204,0.26052741360041143,0.299053867154874,0.008019544317548755
10,sklearn,20,-0.3458270685387972,-0.4107189894990924,-0.18243814152129412,0.3014969665621641,0.16338892701750307
10,sklearn,21,0.952207602498174,1.1710949941477171,0.626683844805962,0.2957749358619962,-0.3255237576922121
10,sklearn,22,-0.29011446388903783,-0.30905712088241655,-0.3158657890576242,0.21787635392834662,-0.02575132516858636
10,sklearn,23,-0.025063223511582425,0.05712454800276226,-0.1121777761360554,0.3115937143879954,-0.08711455262447297
10,sklearn,24,-0.5350265956509747,-0.49473465404509753,-0.3938750011860206,0.21650405508230422,0.14115159446495407
10,sklearn,25,-0.13125256540572497,-0.11456317332961578,0.2005954772324232,0.2754041231105342,0.33184804263814816
10,sklearn,26,0.03525744591236189,0.1285774505450024,0.09874566131966134,0.29267080785313915,0.06348821540729944
10,sklearn,27,1.8061381665193839,1.6713719487477574,1.2173698487231972,0.34206928875717907,-0.5887683177961867
10,sklearn,28,0.3608494644540551,0.4184190817678888,0.2071893081872549,0.2915521886097292,-0.15366015626680019
10,sklearn,29,0.42671848278384417,0.49749128799951403,0.2432964340453725,0.2740315808913597,-0.18342204873847168
10,sklearn,30,-0.29463281069355407,-0.20562536654951025,0.12957732425005286,0.3172220066016075,0.42421013494360693
10,sklearn,31,0.02342657932977743,-0.1289085373187241,-0.004085509007676347,0.31111813207955935,-0.027512088337453777
10,sklearn,32,1.3045923384070972,1.4130952160425403,0.8788171102406661,0.32228383083377277,-0.4257752281664311
10,sklearn,33,-0.191071998790108,-0.29916515467781596,0.18964979275906835,0.30540139647533987,0.38072179154917635
10,sklearn,34,0.014595958982930202,-0.01997163638538183,0.351270046905678,0.32815016801960345,0.3366740879227478
10,sklearn,35,-0.20874061388912746,-0.11617310912915296,0.19439135731877055,0.30410596158377734,0.403131971207898
10,sklearn,36,-0.24899432104808078,-0.11638627851663277,0.21637520822212641,0.3117077355658441,0.4653695292702072
10,sklearn,37,-0.4727830522051642,-0.396784689169062,-0.22972137938192772,0.30519398609927884,0.24306167282323649
10,sklearn,38,0.84795716396625,0.960216933111191,0.8703508143367893,0.31859342067504065,0.02239365037053931
10,sklearn,39,-0.5113268658945951,-0.5794528933505576,-0.39170256313009855,0.19926107331707008,0.11962430276449654
10,sklearn,40,0.9913797584847713,0.9100320000448774,0.7440915157728716,0.2568746938857667,-0.24728824271189975
10,sklearn,41,0.4686911261387162,0.6008217798359239,0.16204691179878594,0.26565137777190834,-0.3066442143399303
10,sklearn,42,0.07248448100119509,0.14527362924789267,0.4151237363932534,0.26597428756271135,0.3426392553920583
10,sklearn,43,0.46283446756344404,0.36693491456104993,0.5761213228424664,0.18849879394392607,0.11328685527902238
10,sklearn,44,-0.11322027854613012,0.10054571503186274,0.1406325579878147,0.2872164271110945,0.25385283653394486
10,sklearn,45,0.9186396370274938,0.8196275933820217,0.6404349456915686,0.33637477178175573,-0.2782046913359253
10,sklearn,46,0.46112044315179673,0.6615470030315833,0.3477588672800511,0.2813029667354164,-0.11336157587174561
10,sklearn,47,-0.014763706009209066,-0.18190224040306394,-0.18743451150425905,0.25232796688961223,-0.17267080549504998
10,sklearn,48,-0.43818286540223134,-0.6035743563038667,-0.29799700268151197,0.2939551792313649,0.14018586272071937
10,sklearn,49,0.7305340247579714,0.6421365984648377,0.5087017109939667,0.31846649803325705,-0.2218323137640047
10,sklearn,50,0.666157094405804,0.5518421714157214,0.3703507394711729,0.20930249387753966,-0.29580635493463103
10,sklearn,51,0.08350447354699692,0.09648691183803194,0.10482034326279033,0.28366128113897005,0.021315869715793412
10,sklearn,52,0.12331635579437855,0.17738827314292202,-0.2100513902013743,0.32547352773678817,-0.33336774599575286
10,sklearn,53,-0.07132605549446502,0.030002427306128787,-0.3031031816037295,0.2892768959015162,-0.2317771261092645
10,sklearn,54,0.3883488465239133,0.4671813288256596,0.3323668027579778,0.2985823755027306,-0.05598204376593552
10,sklearn,55,-0.2399195566759571,-0.19932735452614675,-0.1885223936555498,0.26269270341828677,0.05139716302040731
10,sklearn,56,0.35128462676472755,0.3507626837410285,0.07008878377393479,0.2521301139687235,-0.28119584299079275
10,sklearn,57,-0.7345094661018858,-0.7666945158012157,-0.6141088655392837,0.32652362878577784,0.12040060056260216
10,sklearn,58,-0.15393762968298658,-0.18924611616859371,-0.1390202594159584,0.29908469345392186,0.014917370267028163
10,sklearn,59,-0.04475631281770953,0.03644535799754001,0.022684626427842858,0.2633914209951415,0.06744093924555239
10,sklearn,60,-0.9203733369262481,-1.0274997750593642,-0.8602878924412478,0.2861539539909214,0.060085444485000306
10,sklearn,61,0.11517180734713384,0.31242487080936554,0.251894081938012,0.2974543239918159,0.13672227459087816
10,sklearn,62,0.3956803559281481,0.2621575334998859,0.1801692305939111,0.3692748319040099,-0.215511125334237
10,sklearn,63,0.3339136718375104,0.3546651828606801,0.2322395077779662,0.22846412879168299,-0.10167416405954421
10,sklearn,64,-0.1459466807612697,-0.17924983399140587,-0.028329817749500386,0.32066226336594045,0.11761686301176932
10,sklearn,65,-0.3225533337428994,-0.3699680521719939,-0.13772463324370587,0.29887874367452283,0.18482870049919353
10,sklearn,66,0.3764083852418917,0.42900974681723636,0.3109360613694916,0.29649126586576546,-0.0654723238724001
10,sklearn,67,-0.9790151262241392,-1.0545170034652431,-0.7047751196658147,0.30224314616737613,0.2742400065583245
10,sklearn,68,-0.2564537867554102,-0.2105255559892374,-0.24598191089469168,0.28313902758189163,0.010471875860718516
10,sklearn,69,-0.09357580899038503,0.09813837956280397,0.25190737170008015,0.29775845779193083,0.3454831806904652
10,sklearn,70,-0.21378859415283763,-0.3087074000916271,-0.21751115381297748,0.26504426822785515,-0.003722559660139846
10,sklearn,71,-0.37499149043507607,-0.364554488471752,0.20273672916654117,0.3031441445985839,0.5777282196016172
10,sklearn,72,0.46954500376746955,0.45414331193723584,0.2514675181388495,0.24338857645997009,-0.21807748562862006
10,sklearn,73,0.3952740646398184,0.3599708914881349,0.08769122333835444,0.3066744420563956,-0.30758284130146396
10,sklearn,74,0.5392138400899604,0.5116195483133189,0.22918062563292274,0.33029773050537925,-0.3100332144570377
10,sklearn,75,-0.38392125166925434,-0.1902818134643845,-0.13458399196613335,0.21356782147536463,0.24933725970312098
10,sklearn,76,-0.38431810603940186,-0.24994449450723663,-0.15537202271676698,0.25422671499997196,0.22894608332263489
10,sklearn,77,-0.14962487258518925,-0.1742473177675935,0.08976891501782402,0.2682325202427299,0.23939378760301327
10,sklearn,78,0.5817801114727599,0.5596904228235845,0.6131324852699698,0.2963050330132293,0.0313523737972099
10,sklearn,79,0.09181453797531501,0.04885931820025381,0.24606969739892293,0.3043907968261482,0.1542551594236079
10,sklearn,80,0.3665611789484824,0.3463879439658333,0.44153506692612865,0.28411588939513965,0.07497388797764626
10,sklearn,81,0.08843900495659726,0.16382555609777538,0.1505194228261546,0.29774096248313175,0.06208041786955734
10,sklearn,82,-0.30674198759033267,-0.39114196636268783,-0.15176218002095387,0.32213143872973493,0.1549798075693788
10,sklearn,83,0.817697085018488,1.0125841182499795,0.5635025142218328,0.24804553607297194,-0.2541945707966552
10,sklearn,84,0.1875959631749999,0.050878420693035664,0.0037930636068801427,0.31913337565846017,-0.18380289956811977
10,sklearn,85,-0.39291936355064633,-0.3865153664795792,-0.1838304165910083,0.321181254397199,0.20908894695963803
10,sklearn,86,0.2453917915303031,0.2117268441688224,0.2806204545383433,0.26228099115730646,0.03522866300804017
10,sklearn,87,0.4585768434218823,0.3523567331894737,0.07684414341414936,0.2553072895538368,-0.38173270000773296
10,sklearn,88,0.13875534967070097,0.33043265657642495,0.4253328367657927,0.26890700736504364,0.28657748709509173
10,sklearn,89,-0.39450583070925044,-0.3809613929834141,-0.31071523049392935,0.21632011213906369,0.08379060021532109
10,sklearn,90,-0.17758153194836307,-0.06766317806110927,-0.4594575567907633,0.28994654443871604,-0.2818760248424002
10,sklearn,91,0.8712389505825751,0.849726387769836,0.6183670759524649,0.23754701485725296,-0.2528718746301102
10,sklearn,92,-0.3968053780244837,-0.5184494261835877,0.00040200224448661004,0.2581278383465453,0.3972073802689703
10,sklearn,93,-0.10624458813520882,0.14952555166536874,-0.2748925202387671,0.16057299256038543,-0.16864793210355827
10,sklearn,94,0.33749624524086214,0.37950516931367845,0.19241443116568302,0.2127670732895453,-0.14508181407517912
10,sklearn,95,0.09041189802239899,0.11126232441374065,0.20643353413477517,0.34946177381721677,0.11602163611237618
10,sklearn,96,0.5725996287104244,0.5385539526386077,0.3436737143551918,0.19620916831721633,-0.22892591435523257
10,sklearn,97,-0.8838932141156666,-0.7504578311047475,-0.8706375955491907,0.34982333530491055,0.013255618566475835
10,sklearn,98,-0.11559997365848972,-0.2951396642092088,-0.19163161149422114,0.18012652687852393,-0.07603163783573143
10,sklearn,99,1.0227581215002643,1.2092020330930626,0.37909885840369517,0.2846678943004083,-0.6436592630965692
10,sklearn,100,1.1487376014430495,1.1671975171078273,0.7947547763284244,0.29138739672745506,-0.3539828251146251
10,sklearn,101,1.158069958728671,0.9528722472002229,1.0240779636564694,0.3866887835303107,-0.1339919950722015
10,sklearn,102,-0.037801509209065165,-0.010790227809162233,-0.15131984549118993,0.30222611353825873,-0.11351833628212477
10,sklearn,103,-0.16504447727280297,-0.06669487416585815,-0.15536475427032537,0.31369726786641505,0.009679723002477603
10,sklearn,104,1.0144676041711924,1.152073141953149,0.546667197867682,0.2844634557672055,-0.4678004063035104
10,sklearn,105,-0.31893079664997914,-0.3245999834937521,0.09114914405004626,0.2988828059435156,0.4100799407000254
10,sklearn,106,-0.26601239253655296,-0.11702771779359991,0.1731632332090891,0.3600227016318175,0.43917562574564206
10,sklearn,107,0.5659020677939355,0.46598989059151213,0.24415917635421835,0.3636518171251341,-0.3217428914397171
10,sklearn,108,-0.232463357906185,-0.2270491894992751,-0.42888665156631456,0.31293381586982216,-0.19642329366012956
10,sklearn,109,0.847772983683995,0.7466699705582069,0.46518292700771724,0.2890795208387497,-0.38259005667627777
10,sklearn,110,-0.22316025331779332,-0.2097464854688394,-0.01719598635472641,0.27018764701788184,0.2059642669630669
10,sklearn,111,0.46365749793395006,0.4485551623251523,0.2845281602408951,0.28551667441605294,-0.17912933769305495
10,sklearn,112,1.1793529759542765,0.9578946812661571,0.5821387985844906,0.3270896136327913,-0.5972141773697859
10,sklearn,113,-0.12698254857851898,-0.13539673790271375,0.23120675969894888,0.2929379040614853,0.35818930827746787
10,sklearn,114,0.3532664102299711,0.38864199600573857,0.3063282797687985,0.20980839706982907,-0.04693813046117257
10,sklearn,115,-1.0233904026681073,-1.033740280103713,-1.0544647758929702,0.3079762153546876,-0.03107437322486284
10,sklearn,116,-0.23492812690078765,-0.31854122240718596,-0.4657213156695055,0.28533943656869787,-0.23079318876871782
10,sklearn,117,1.6424783879752083,1.6604730894737052,1.2791100824318011,0.32902307794641883,-0.36336830554340716
10,sklearn,118,-0.15165506264336104,-0.16866216695836697,0.22141216475008818,0.3077384494878135,0.3730672273934492
10,sklearn,119,-0.19453292478641693,-0.2379185204080567,-0.29609415363381597,0.276053742020228,-0.10156122884739904
10,sklearn,120,-0.24929658417929412,-0.24250750907292665,0.12993694933995226,0.2941966441227056,0.3792335335192464
10,sklearn,121,-0.7388097275602692,-0.7485677997591522,-0.5160472740489834,0.27569272225849056,0.22276245351128576
10,sklearn,122,-0.17996198744001893,-0.2698676454162654,-0.25165499262049185,0.22074276391566328,-0.07169300518047292
10,sklearn,123,0.27687981717239185,0.18879070691632682,0.4153132731231972,0.28201315456370274,0.13843345595080536
10,sklearn,124,0.5917668455313073,0.7247279659102743,0.4928443164771692,0.2932542514573811,-0.09892252905413812
10,sklearn,125,0.0825680299396851,-0.07755031994303002,0.3567364319787707,0.2773571113899348,0.2741684020390856
10,sklearn,126,-0.37430787539165405,-0.40976666689987734,-0.2549912532794023,0.2576358077838472,0.11931662211225175
10,sklearn,127,-0.1952421471939727,-0.24011241513461223,0.13952873129590726,0.3035654437518726,0.33477087848987996
10,sklearn,128,0.4527821975390949,0.5205613306656767,0.33349641389044926,0.3101797069410439,-0.11928578364864562
10,sklearn,129,0.8245717757396522,0.7786967306455486,0.5816547800654281,0.2913682633564114,-0.2429169956742241
10,sklearn,130,-0.22864140561320903,-0.20569205582687713,-0.28220748488190006,0.30652924825328737,-0.05356607926869103
10,sklearn,131,0.28172626969858094,0.28615074900768395,0.12004009312042463,0.23771710845808983,-0.16168617657815632
10,sklearn,132,-0.17059408145641564,-0.07460967672446814,-0.015528182448597327,0.29098625417082064,0.1550658990078183
10,sklearn,133,-0.7228458381943038,-0.7208726826215646,-0.6359794792781279,0.3300796982249705,0.08686635891617589
10,sklearn,134,0.24598658289676592,0.20517943922628362,0.246211219699779,0.33620969411892476,0.00022463680301307298
10,sklearn,135,-0.15786514992155268,-0.26120268072221886,-0.016659232356369458,0.2176258934516892,0.14120591756518322
10,sklearn,136,-0.14167205440504743,-0.1773847116335101,-0.1015891988158284,0.30771270768643133,0.040082855589219035
10,sklearn,137,0.5467415214974874,0.6110652701223998,0.4147720829825148,0.2800362333062688,-0.13196943851497267
10,sklearn,138,-0.09814402368488961,-0.08143761979049673,0.25989354599628367,0.30843141862754475,0.3580375696811733
10,sklearn,139,0.04696663102870058,-0.08303262881154169,-0.14657539576091239,0.2869204184648722,-0.19354202678961296
10,sklearn,140,0.6304706407700391,0.670305294301393,0.3386680259021335,0.1774063068332876,-0.2918026148679056
10,sklearn,141,0.1325076790263056,0.030770407521799076,-0.12866294717005733,0.23457654206555956,-0.26117062619636294
10,sklearn,142,-0.35310497240067007,-0.3273701710366069,-0.19574744396755683,0.29443146906359957,0.15735752843311324
10,sklearn,143,-0.3522964399363166,-0.3029577534327693,-0.03755438731555172,0.3028341304896099,0.3147420526207649
10,sklearn,144,0.1411772272535987,-0.03955206659215743,0.10467140526959584,0.27226901530989267,-0.03650582198400287
10,sklearn,145,0.342845346850854,0.38914768737178845,-0.028446180470618643,0.26838282298087046,-0.37129152732147264
10,sklearn,146,-0.36502632915668665,-0.3191838634055556,0.022244341018029523,0.25780577803366417,0.38727067017471617
10,sklearn,147,0.511117327567308,0.26049761123650117,0.20274486332363129,0.30615918340507003,-0.3083724642436767
10,sklearn,148,-0.4835714807242742,-0.3869263768905455,-0.41779147366969926,0.2803540311059224,0.06578000705457493
10,sklearn,149,0.2754799453367712,0.16542252130708318,0.15833251467538156,0.28885598243329336,-0.11714743066138966
10,sklearn,150,-0.3802430702237492,-0.5062474011749729,-0.1860622863842183,0.3043989884767014,0.1941807838395309
10,sklearn,151,-0.9429669128161087,-1.0604558143809513,-1.0873610453320302,0.38111324309380346,-0.14439413251592148
10,sklearn,152,1.1622933082438482,1.0332152614953671,0.8877330575669049,0.33624356596332805,-0.27456025067694334
10,sklearn,153,0.8285851016513502,0.9000552993996487,0.3777895734058836,0.2209334312989004,-0.45079552824546665
10,sklearn,154,-0.4309379379886904,-0.375825861562059,-0.7865746532509386,0.3558387124979513,-0.35563671526224816
10,sklearn,155,0.14338759065334447,0.3290281146924605,0.18872684163572107,0.2784689957832927,0.045339250982376594
10,sklearn,156,0.09058449729676604,0.20532485666692696,0.2368037350433836,0.30126494332301906,0.14621923774661755
10,sklearn,157,0.6056899959810261,0.7076269430653783,0.3165655526572335,0.18151713780245274,-0.2891244433237926
10,sklearn,158,-0.7735575436436479,-0.7012844268830497,-0.10967391595254128,0.32110653987247034,0.6638836276911066
10,sklearn,159,0.04721608364228036,-0.08954475545814605,0.2274627779820806,0.20125523076766677,0.18024669433980023
10,sklearn,160,-0.4001618679246327,-0.601542016384084,-0.2185703669182626,0.2895436574484676,0.18159150100637012
10,sklearn,161,-0.9782073553708766,-1.0342751817123947,-0.8120769909127947,0.31864749519679186,0.16613036445808183
10,sklearn,162,0.5245216398646989,0.5955684851778288,0.2953805106317331,0.2692046469849831,-0.2291411292329658
10,sklearn,163,-0.8765524037267785,-0.8681645039057798,-0.75951491411822,0.30636832153626337,0.11703748960855842
10,sklearn,164,0.18392691174111836,0.28367545710137154,0.18013665547431623,0.2793146768706867,-0.003790256266802128
10,sklearn,165,0.5200363101946195,0.4019660925429233,0.07009274276541033,0.26045806112850545,-0.44994356742920916
10,sklearn,166,-0.20448576129349894,-0.09718350142656608,-0.06721440300390036,0.2915031808060597,0.13727135828959858
10,sklearn,167,-0.5813999531706344,-0.6428332429068855,-0.5528864791426589,0.3013294933322575,0.02851347402797555
10,sklearn,168,0.8319939702723285,0.5698587266668284,0.4589249652517404,0.29458922218858125,-0.37306900502058804
10,sklearn,169,0.039857663182242306,-0.09199685810239346,0.12608666992845818,0.19362246762759022,0.08622900674621588
10,sklearn,170,0.43326497631761696,0.43357126013031344,0.270762330304247,0.29219930424393176,-0.16250264601336994
10,sklearn,171,0.3939594525423109,0.40938934005715766,0.2987235515368516,0.29874987808406317,-0.09523590100545931
10,sklearn,172,0.8749459664046362,0.8593060334791155,0.47071835137308904,0.2980263209533767,-0.40422761503154714
10,sklearn,173,0.4825766416729242,0.4576679975752847,0.41411507979291784,0.29568015936234726,-0.06846156188000635
10,sklearn,174,0.29459864246253625,0.2478944759555242,0.12747344280129536,0.23794762068993794,-0.1671251996612409
10,sklearn,175,-0.3943622650882689,-0.33795232619700394,-0.4706244845132037,0.21932862202699563,-0.07626221942493483
10,sklearn,176,-0.2753822314902267,-0.3870899358755696,-0.16159913289383443,0.2859799710639206,0.1137830985963923
10,sklearn,177,0.5286925428845339,0.548299333095609,0.20279574397707467,0.31100042620549534,-0.32589679890745926
10,sklearn,178,1.1509547215965539,1.1006631211755378,1.0108758448741186,0.3040332759190718,-0.14007887672243524
10,sklearn,179,-0.3226937947604268,-0.3219288442716129,-0.05259972218681064,0.27691426602647606,0.2700940725736162
10,sklearn,180,0.1750597546462248,0.18556285004384948,-0.004549609534096,0.3269353037612182,-0.1796093641803208
10,sklearn,181,0.25154911157486415,0.3270100690449637,0.43986001370383443,0.22775148768778614,0.18831090212897028
10,sklearn,182,0.8233372858054009,0.7460264912779936,0.5783083185464002,0.30117902991357065,-0.2450289672590007
10,sklearn,183,0.20181530565097835,0.20524770723570207,0.28302210567680897,0.24884451288175655,0.08120680002583061
10,sklearn,184,1.3025737576275986,1.1432180603611009,0.8996347226776749,0.3219406285417216,-0.4029390349499238
10,sklearn,185,-0.2566682548831939,-0.13181368769226853,-0.325275548714532,0.2929757106987229,-0.06860729383133812
10,sklearn,186,-0.0633318274090468,-0.05714226593671559,-0.2586171506050179,0.29065799795061636,-0.19528532319597108
10,sklearn,187,0.27823964936687506,0.28930377646984146,0.32732556539503577,0.29387363434771513,0.0490859160281607
10,sklearn,188,-0.36985384882456224,-0.2372200008103947,-0.06688250842373611,0.2912695533894283,0.30297134040082613
10,sklearn,189,0.028413989992399885,0.1531777196594596,0.03232494389618523,0.2517676075079779,0.003910953903785347
10,sklearn,190,-0.812753538994647,-0.7248632516477758,-0.8264845331294155,0.3456649707747543,-0.013730994134768526
10,sklearn,191,-1.0326539751307335,-0.8604955931277306,-0.7460729786720779,0.29919763421358225,0.28658099645865565
10,sklearn,192,-0.670332263265863,-0.4990660759598875,0.04924816838606816,0.3258026838106295,0.7195804316519312
10,sklearn,193,-0.14463633208376064,-0.10633470333492367,-0.24391365534142118,0.2976032179566724,-0.09927732325766053
10,sklearn,194,0.467075738633512,0.5267886690157961,0.39432485926329663,0.25503665198987713,-0.07275087937021535
10,sklearn,195,1.1127496984041099,1.174574609418899,0.6990571582034524,0.3160144279226976,-0.4136925402006575
10,sklearn,196,-0.46886739398742167,-0.4620804366882926,-0.17867165409933472,0.3003368720016466,0.29019573988808695
10,sklearn,197,0.2407150102410009,0.2840268581103441,0.3888874179364965,0.31453307403326924,0.1481724076954956
10,sklearn,198,-0.11949142741273372,-0.2571895195975335,0.16022064510556966,0.2564960389419105,0.2797120725183034
10,sklearn,199,-0.37872515850503236,-0.23048951622160913,-0.31408344198066374,0.2535227457091457,0.06464171652436862
10,sklearn,200,-0.30585601559562425,-0.21465540136218036,-0.5512389237231337,0.24631007383912096,-0.2453829081275094
10,sklearn,201,0.0725540075364314,0.059196276312210666,-0.09554466252198424,0.2843393737771877,-0.16809867005841564
10,sklearn,202,-0.31595727586510713,-0.1994720867815426,-0.11017112673939566,0.2601693575204006,0.20578614912571147
10,sklearn,203,0.28825206441362106,0.17412821225622355,0.0020603806725354445,0.27730047303548,-0.2861916837410856
10,sklearn,204,0.4820049738906511,0.494305391082863,0.3344683907486381,0.2915085606584101,-0.147536583142013
10,sklearn,205,-0.11538570697335471,-0.12790413066960954,0.25202685021423576,0.3085670543006971,0.36741255718759047
10,sklearn,206,0.6994148154595577,0.5881755252409397,0.6776604494658853,0.1590680321738932,-0.02175436599367242
10,sklearn,207,0.8512351947764749,0.8585173688371038,0.8574279290402878,0.34969637294983924,0.006192734263812838
10,sklearn,208,0.8721077993318962,0.9911164661280046,0.46038261298507277,0.2321430383146176,-0.4117251863468234
10,sklearn,209,0.7002460620090887,0.7738128666997228,0.6342319616649892,0.300305132428486,-0.06601410034409949
10,sklearn,210,0.2718050436237728,0.19359207001705178,0.06169786741361705,0.2655809739045375,-0.21010717621015573
10,sklearn,211,-1.4332034478407987,-1.473484238975686,-0.8087672638167653,0.3379058022193949,0.6244361840240333
10,sklearn,212,0.31090194458619347,0.27214197432705717,0.2635604003307175,0.254719051454957,-0.04734154425547599
10,sklearn,213,-0.2939026237117268,-0.3418262901865333,-0.38365195112673867,0.16875841166042424,-0.08974932741501185
10,sklearn,214,-0.08727735503894857,-0.1451703136976376,-0.11279882386659246,0.21879338688630195,-0.02552146882764389
10,sklearn,215,1.0739140241153662,0.9201218356310007,0.5975502083814228,0.26094525429754467,-0.4763638157339434
10,sklearn,216,0.4508822653770255,0.4542012667455034,0.6234040935692358,0.20164917541082478,0.17252182819221024
10,sklearn,217,-0.575394858319282,-0.4196444761139163,-0.5619215480060369,0.2816788367893918,0.013473310313245168
10,sklearn,218,0.044247830580799896,-0.03088091965871459,-0.04790557115471561,0.2878397105217692,-0.0921534017355155
10,sklearn,219,-0.7226146378965894,-0.7255290425518666,-0.6982899597853036,0.29668218498473065,0.024324678111285802
10,sklearn,220,0.9118986334918837,0.6130499184023122,0.7065323104658621,0.3381475249731654,-0.20536632302602165
10,sklearn,221,-0.7840990477651797,-0.8117652772158855,-0.3752018610901824,0.40444960707302713,0.4088971866749973
10,sklearn,222,-0.009039530542138352,0.19538811591091634,0.17773707547891515,0.2997900185041092,0.1867766060210535
10,sklearn,223,-0.11484795631669553,-0.014269318196313496,0.06396119977265169,0.2512654496902781,0.17880915608934722
10,sklearn,224,0.588081319944437,0.4590441827231613,0.3669308083874978,0.23524329436219465,-0.2211505115569392
10,sklearn,225,-0.0060374927173456605,0.019698586565217086,0.20173811859906543,0.20084269013069042,0.2077756113164111
10,sklearn,226,-0.10290062822777088,-0.14723689111042584,0.15433167565311212,0.2998681332212424,0.25723230388088303
10,sklearn,227,0.9385179688144268,0.6797079242015813,0.4788814451190837,0.27811836885598196,-0.45963652369534314
10,sklearn,228,-0.3126860309410999,-0.32083735758442844,-0.04441755393006597,0.26362568730359165,0.26826847701103396
10,sklearn,229,1.2375795523385014,1.2582094250885623,0.5816503036740683,0.28064862563897647,-0.655929248664433
10,sklearn,230,0.08682672610805561,-0.07687397773913168,0.006055349832541745,0.3421057084004462,-0.08077137627551387
10,sklearn,231,0.8932942274774595,0.9100058476050379,0.6348100285915197,0.3065638040099092,-0.25848419888593976
10,sklearn,232,1.000324352216568,1.0778158781598384,0.502846854736624,0.32472507653694854,-0.49747749747994385
10,sklearn,233,0.20078224600993191,-0.007101022934704243,0.40613486359904716,0.21732596409643756,0.20535261758911524
10,sklearn,234,-0.22670995655979098,-0.17935290177679106,0.07823058957016116,0.2878149433677724,0.30494054612995214
10,sklearn,235,-0.10487334908104139,-0.20124090368710645,-0.1119646634572482,0.2779614849131384,-0.007091314376206817
10,sklearn,236,-0.3015949761325477,-0.39861798089288,0.12848157611758682,0.3739859197300057,0.4300765522501345
10,sklearn,237,-0.24989488930997428,-0.10626579066550065,0.03801015242112005,0.3027923334473748,0.2879050417310943
10,sklearn,238,0.9717033171175162,0.9428609517213404,0.5649111824343893,0.2788280291492927,-0.4067921346831269
10,sklearn,239,-0.701621483539556,-0.6772090626680473,-0.49420493383837183,0.32799427005423193,0.20741654970118417
10,sklearn,240,0.2611703965851019,0.3150418373043696,0.3218012372636423,0.1863253226220198,0.06063084067854041
10,sklearn,241,0.5203598626657263,0.6517581327375298,0.4496227176122911,0.2979099940570468,-0.0707371450534352
10,sklearn,242,-0.7102271543613099,-0.5550392501216339,-0.6081248903866197,0.28784723952855645,0.10210226397469024
10,sklearn,243,-0.11911675500583098,-0.08450096033414368,-0.254207101768543,0.2642615721605455,-0.13509034676271203
10,sklearn,244,-0.9179861084714973,-0.9663383104218561,-0.6193261945306343,0.3043454549294427,0.298659913940863
10,sklearn,245,1.0471719547344975,1.162810227264309,0.756491673015014,0.2908074199624626,-0.29068028171948357
10,sklearn,246,0.40610437329235155,0.14523995219782954,0.14557935779314946,0.2683054313964775,-0.2605250154992021
10,sklearn,247,-0.46469124234304654,-0.39226156688207825,-0.3041090480768416,0.2542451890176572,0.16058219426620496
10,sklearn,248,-0.40650138976167194,-0.29580699456061366,-0.4700712828638949,0.2811166371529494,-0.06356989310222294
10,sklearn,249,1.0119571395719393,0.9511298234848562,0.41911086123433305,0.2664214391070734,-0.5928462783376063
10,sklearn,250,-0.45983853289844795,-0.47066508313974825,-0.14685413441541417,0.30333913284368863,0.3129843984830338
10,sklearn,251,-0.7175230846416915,-0.9196873301344565,0.017471487168790656,0.3284491234064173,0.7349945718104821
10,sklearn,252,0.48539335425808156,0.40972929338095654,0.20647877545033833,0.24593369002052048,-0.27891457880774323
10,sklearn,253,-0.9611218850926524,-1.087148928286681,-0.7351876448391979,0.2894257117111582,0.22593424025345454
10,sklearn,254,0.3199039672419869,0.25486989321250303,0.27504838560758227,0.3112537531198165,-0.04485558163440462
10,sklearn,255,-0.09073922382347899,-0.2719834244392423,-0.07570107816074856,0.2286333283353559,0.015038145662730429
10,sklearn,256,0.1973558421067737,0.2730646472822183,0.3361355377121096,0.2767798591010986,0.13877969560533587
10,sklearn,257,0.371920711230856,0.2915985033873427,0.386124361924133,0.30193938077322274,0.014203650693277003
10,sklearn,258,-0.04923270136851374,-0.15413331262912977,-0.24989180488945895,0.2762196334039687,-0.2006591035209452
10,sklearn,259,-0.6673069512273759,-0.5414264102814017,-0.6460280128804907,0.27164786518746964,0.021278938346885212
10,sklearn,260,-0.2650214428874822,-0.08833565449330577,-0.029499811004824572,0.3186724477701685,0.23552163188265762
10,sklearn,261,0.8533055966530484,0.8754027530235766,0.41974922988432617,0.26330354109365633,-0.4335563667687222
10,sklearn,262,0.2653424350541669,0.18961457957283379,0.1764908274655843,0.1850816408447209,-0.08885160758858257
10,sklearn,263,-0.42069046983062863,-0.3154838680592105,-0.41498168405860714,0.30415335297757073,0.005708785772021496
10,sklearn,264,0.6388630297982849,0.6143264284359232,0.397932975288978,0.2924445689531425,-0.24093005450930693
10,sklearn,265,0.0989162363022597,0.06851236094309848,-0.00032462210769867994,0.278203102844454,-0.09924085840995837
10,sklearn,266,-1.1246900661207255,-0.9688395227975438,-0.8999988611280525,0.2927016051267454,0.22469120499267303
10,sklearn,267,-0.18230799364987763,-0.2924332839943131,-0.244239827976918,0.2339604662813432,-0.061931834327040386
10,sklearn,268,-0.45810606083580196,-0.4917911676194487,-0.40209385220402805,0.2666122551431804,0.05601220863177392
10,sklearn,269,0.4300656983189815,0.4529233267308031,0.3499833963077137,0.21093763460047876,-0.08008230201126781
10,sklearn,270,-1.4433110335309642,-1.5196886381262962,-0.4345719025725834,0.3218002961456495,1.0087391309583809
10,sklearn,271,-0.20877315899994434,-0.3680748576369164,-0.2967193906342147,0.3068171092639361,-0.08794623163427037
10,sklearn,272,1.0761227817876222,1.137920969516698,0.74746508780642,0.2868895272430852,-0.32865769398120226
10,sklearn,273,1.100942851976796,1.155561613764119,0.6531191072156213,0.306287371533215,-0.4478237447611748
10,sklearn,274,0.00015793299595473487,-0.06678651132617619,0.05658335223111699,0.20556823950542177,0.056425419235162255
10,sklearn,275,-0.7213785249764242,-0.798755211833154,0.015547492384428097,0.3188332980367531,0.7369260173608523
10,sklearn,276,-0.14354703171367308,0.05133824274936491,-0.2828002345704559,0.20232001727018803,-0.1392532028567828
10,sklearn,277,0.7447293034293214,0.5614097187404271,0.024862543115947933,0.3278114400963479,-0.7198667603133735
10,sklearn,278,0.189196612334811,0.2545364864925975,-0.06400442292256603,0.32224200738327785,-0.253201035257377
10,sklearn,279,1.2038494312142178,1.2311896426610573,0.7849399622130495,0.2965915165770578,-0.4189094690011683
10,sklearn,280,0.6402275414238803,0.697227265674428,0.2705576259726241,0.3770685851535626,-0.36966991545125616
10,sklearn,281,0.8104925371797487,0.7611986203015982,0.4149886650254455,0.27206731253191496,-0.39550387215430316
10,sklearn,282,0.8042424730740568,0.7854129187608995,0.3975575196036272,0.2839697685371224,-0.40668495347042966
10,sklearn,283,0.009533158846597042,0.011323585517682005,0.05222556939278711,0.2628722204295248,0.042692410546190065
10,sklearn,284,-0.29614067212111056,-0.3910721210791222,-0.13449702132009334,0.24259437442686915,0.16164365080101722
10,sklearn,285,-1.3019578318002991,-1.4099239185322006,-0.8817058736603505,0.29991811718357164,0.42025195813994864
10,sklearn,286,-0.4849119048567898,-0.4895586699657669,-0.6497429655433633,0.2785378300013729,-0.1648310606865735
10,sklearn,287,-0.5196211277547592,-0.5963424383112649,-0.30886449863996734,0.23560961317687848,0.21075662911479187
10,sklearn,288,-0.3464500486564031,-0.34372091381605985,-0.21872529985794475,0.3493411130553161,0.12772474879845835
10,sklearn,289,-0.4411911185762521,-0.36124644844890286,-0.47651630571961556,0.207782591169659,-0.03532518714336347
10,sklearn,290,0.9247562501956447,0.8429441944071432,0.7728070726239129,0.291868848624048,-0.15194917757173176
10,sklearn,291,-0.43967156188686,-0.4037638940972075,-0.3792512605157894,0.22047154833728336,0.06042030137107063
10,sklearn,292,0.04091278635898181,0.23791973848601378,0.0899785595232494,0.2364907731559144,0.04906577316426759
10,sklearn,293,-0.41503182355334217,-0.5156928121063824,-0.27629677337456027,0.20752924434228107,0.1387350501787819
10,sklearn,294,0.019106699753124956,0.04970623297041868,0.23913755515921586,0.33947201016682177,0.2200308554060909
10,sklearn,295,-0.3184288047656336,-0.3178761726470259,-0.5238415050400151,0.2123033202371797,-0.20541270027438152
10,sklearn,296,0.06646692003433544,0.00806341491618321,0.21709899011361733,0.3267198562588423,0.1506320700792819
10,sklearn,297,0.28896790097035013,0.3690248799922942,0.3221383977968193,0.2590772667889581,0.033170496826469165
10,sklearn,298,0.9698842596915198,1.0589617879443203,0.6505062136536264,0.3201283476025554,-0.31937804603789344
10,sklearn,299,-0.11061091940997878,-0.12524020244918063,0.23919665480507657,0.3262606187698737,0.3498075742150554
11,sklearn,0,1.4141436937293685,1.5174726794017737,1.775469908754026,0.31602719664017237,0.36132621502465745
11,sklearn,1,1.5730932699188034,1.643835627511401,1.2723079322966484,0.2613139708453754,-0.300785337622155
11,sklearn,2,0.5220829430865902,0.5040749930512898,0.5018088377398371,0.2661023061815758,-0.020274105346753113
11,sklearn,3,2.0013808676814464,2.246746437605616,2.199690132933611,0.40890924093437836,0.19830926525216475
11,sklearn,4,0.977603766380372,0.74431785530746,0.920137640362384,0.3295215118570241,-0.05746612601798806
11,sklearn,5,2.0181570187243283,1.8161962114313606,2.051213460501039,0.28949105342799253,0.03305644177671052
11,sklearn,6,1.50163151388402,1.6041781027477038,1.1528148837175536,0.2871970052343639,-0.34881663016646636
11,sklearn,7,1.5202230776582446,1.6688502697988505,1.425982543124519,0.4113412405477807,-0.0942405345337256
11,sklearn,8,0.7401134621623303,0.8119200309125917,0.7204992503597794,0.2908733865872018,-0.019614211802550963
11,sklearn,9,1.9137083200962992,2.018928645191172,1.9732862505677744,0.32690336575416845,0.05957793047147519
11,sklearn,10,0.5942586241676202,0.6995219641132923,0.930477160951618,0.3041610100549313,0.3362185367839978
11,sklearn,11,0.09746355424504165,-0.10869783234146986,0.19935415078741414,0.2297376015369933,0.1018905965423725
11,sklearn,12,0.8918704479076166,0.7990495636333886,0.8868693807193395,0.20892481691137457,-0.005001067188277086
11,sklearn,13,0.7512239730211446,0.6827674373852063,1.0102426493036631,0.3005326782321713,0.2590186762825185
11,sklearn,14,1.08057489697627,0.9998277221379274,0.6222176600513976,0.30725833450828693,-0.4583572369248725
11,sklearn,15,2.383068825643365,2.268948061151136,2.230388378194128,0.2842864128126922,-0.15268044744923692
11,sklearn,16,1.623406365417443,1.7098497496677687,1.9809266745402212,0.2527520192632057,0.3575203091227781
11,sklearn,17,1.332891261947585,1.3505924137536256,0.9154985032737457,0.3349283477613873,-0.4173927586738393
11,sklearn,18,0.9314688449497184,0.8993290133647182,1.0446793673865784,0.31434939458577,0.11321052243686003
11,sklearn,19,1.4840552354269505,1.3526957435320355,1.376549285022378,0.33095123034000246,-0.10750595040457256
11,sklearn,20,1.4651192652945402,1.4706578310500442,1.3874320141116314,0.2563851616821772,-0.07768725118290876
11,sklearn,21,2.5644323088967576,2.6196460498389937,2.6595149798259783,0.31012254467638084,0.09508267092922074
11,sklearn,22,0.44984958988227997,0.520180735681067,0.5668681271731799,0.2649379059516477,0.11701853729089995
11,sklearn,23,2.1590466913766155,2.2662894112967615,2.1926358032902087,0.2350978970919303,0.03358911191359315
11,sklearn,24,1.383762891262364,1.4383571967977222,0.9495974646054961,0.294163604612322,-0.43416542665686797
11,sklearn,25,3.225278495410962,3.192250220582852,2.8000361138779226,0.2687402805455843,-0.4252423815330393
11,sklearn,26,3.4520834908854607,3.4952896829439832,3.0931206606566164,0.2274940524523207,-0.35896283022884434
11,sklearn,27,1.2938633037523437,1.1484044143841834,1.0623949550783962,0.27817647794674055,-0.2314683486739475
11,sklearn,28,1.4430340236543968,1.4079209556583354,1.3144051436045885,0.23777401850073107,-0.12862888004980833
11,sklearn,29,0.8370183679692987,0.9773062116313672,0.6869926198708498,0.314153553201262,-0.15002574809844893
11,sklearn,30,2.7940954662871356,2.823392017522537,2.546738076966804,0.2973301560155015,-0.24735738932033158
11,sklearn,31,1.688937621473905,1.8409101859509829,0.8783901885476837,0.30604420374860514,-0.8105474329262212
11,sklearn,32,1.900205398420798,1.8994143046026435,1.6520906770495074,0.3426812429505056,-0.24811472137129065
11,sklearn,33,0.21103560538581584,0.1411048926968494,0.6000611387981536,0.280703081008433,0.38902553341233775
11,sklearn,34,0.6105399824303812,0.9066288871309289,0.8513087734123062,0.3016830804171202,0.24076879098192494
11,sklearn,35,1.7237370564499266,1.6572016169493924,1.6859753984581687,0.19839056615420528,-0.0377616579917579
11,sklearn,36,2.6370701779816206,2.6524338576117565,2.5811934090344337,0.35035035937154524,-0.05587676894718685
11,sklearn,37,1.8103220462427765,2.0470720028687346,1.9050794055801816,0.21052090226038547,0.09475735933740514
11,sklearn,38,0.8649487162053073,0.7937071509673879,1.2984376223932799,0.3002477258242704,0.43348890618797253
11,sklearn,39,0.06199654709690683,-0.0944682677403387,0.7402516401544119,0.3243550378278526,0.6782550930575051
11,sklearn,40,0.8760977964445239,0.8395839943027782,0.7782458484570043,0.30115637177027255,-0.09785194798751962
11,sklearn,41,2.6714963966928194,2.758336238813822,2.566871042468698,0.2617585244645875,-0.10462535422412156
11,sklearn,42,0.9567413022976332,0.8489432872112579,0.9967182135530166,0.23089866507020135,0.039976911255383385
11,sklearn,43,1.5336969589174732,1.3838529108556739,1.4107614246925166,0.23000335393505902,-0.12293553422495651
11,sklearn,44,1.0898424693001545,1.0719315227475192,0.845480915560735,0.26219776633839786,-0.24436155373941948
11,sklearn,45,1.8944612622293604,1.8301624596046786,1.9574820926513539,0.3252712837003501,0.06302083042199347
11,sklearn,46,1.1461232481706358,1.1646484202547207,0.8788248997119297,0.3177717818741715,-0.26729834845870615
11,sklearn,47,2.2211302873693364,2.257158447551791,2.379353120026927,0.28013981485869466,0.15822283265759074
11,sklearn,48,2.1835790169921436,2.0251471249011073,2.2149840000268455,0.3237014904201,0.03140498303470185
11,sklearn,49,2.4461932283231804,2.5776599755220486,2.617052543716639,0.24687973991609632,0.17085931539345856
11,sklearn,50,1.7557593934313513,1.6965479258197311,1.5769705491437023,0.22010361335278444,-0.17878884428764907
11,sklearn,51,2.6367458972557123,2.574986957351812,2.6153501639243117,0.23572776376701746,-0.021395733331400546
11,sklearn,52,2.48733735904887,2.5667742639296476,2.323768011393856,0.3202373552387963,-0.16356934765501396
11,sklearn,53,1.1033013368337612,1.1162666382450441,1.0324585552508623,0.31253541944609836,-0.07084278158289892
11,sklearn,54,1.4540479896654377,1.499665860047741,1.4697829086316005,0.23546175507761477,0.01573491896616286
11,sklearn,55,2.0002066638502285,2.078395038332393,2.091692655951583,0.2079369400762179,0.09148599210135444
11,sklearn,56,1.0331541461348428,1.083142505389312,0.748836708394137,0.29090320471602665,-0.28431743774070584
11,sklearn,57,1.091809020156267,1.116192626258532,0.7437037854756099,0.2733671280071052,-0.348105234680657
11,sklearn,58,2.500049146161614,2.3772154615313608,2.5808379968053146,0.2914114656978219,0.08078885064370045
11,sklearn,59,2.800357171567338,2.714285674279922,2.7037985586161,0.3008345413844801,-0.09655861295123813
11,sklearn,60,1.0492820046416027,0.9978524410494615,1.2687219385008532,0.3093176409369808,0.21943993385925054
11,sklearn,61,1.9512665506207096,1.9989869371662154,2.18287642965322,0.17784723016613602,0.2316098790325103
11,sklearn,62,0.7838744807249249,0.8520785722956428,0.766643564851428,0.3148240970009472,-0.0172309158734969
11,sklearn,63,1.0746266035637078,1.121334364540953,1.2220843315929315,0.2796999086663469,0.14745772802922374
11,sklearn,64,0.9042540099930325,0.9581099254390387,0.45791883924473353,0.24653781726833082,-0.446335170748299
11,sklearn,65,2.1649519473437566,2.0682968743044805,2.038901318761379,0.349639620615668,-0.12605062858237748
11,sklearn,66,1.348536498124653,1.299593100132647,1.3120194058461294,0.2954189322321108,-0.03651709227852362
11,sklearn,67,2.073457087585292,1.9433114235295388,2.0448894785543033,0.2304395267649478,-0.02856760903098854
11,sklearn,68,1.3488702530779477,1.3226512235904657,1.2283574638095658,0.31451029602085306,-0.12051278926838194
11,sklearn,69,1.2942416327724344,1.1487971902068714,1.1651058855718617,0.3262768158380224,-0.12913574720057275
11,sklearn,70,1.4724914077676745,1.4262514490334341,1.5888663424286733,0.33515733257623687,0.1163749346609988
11,sklearn,71,1.046447721571763,0.8349245993919769,0.9017393046329474,0.35148645674124324,-0.14470841693881553
11,sklearn,72,1.3988297509594618,1.3369037231157201,0.9346664802963076,0.2909802739035731,-0.4641632706631542
11,sklearn,73,0.08987375491472466,0.04884215281488441,0.6989119800885035,0.3609471310549738,0.6090382251737789
11,sklearn,74,-0.15418006656594058,-0.037709745148948315,0.35583367289054735,0.3263236890888933,0.5100137394564879
11,sklearn,75,0.4959229272346717,0.4436584492861507,0.8822294597499081,0.3555552792349446,0.3863065325152364
11,sklearn,76,2.9553965710638637,3.003715748137686,2.9240474698405023,0.19348993726490585,-0.03134910122336132
11,sklearn,77,1.4735548999445969,1.6175938112625778,1.541013274168538,0.32645995416673795,0.06745837422394119
11,sklearn,78,2.413122001228104,2.5548485291894383,2.3300423204285146,0.2294897059327417,-0.08307968079958927
11,sklearn,79,1.4942593906423003,1.5428810104384878,1.7092810625690973,0.2866389916232279,0.215021671926797
11,sklearn,80,1.1153611577335156,0.9517879637810991,0.9175742161126337,0.30782283415833295,-0.19778694162088195
11,sklearn,81,0.7693902270197504,0.726169985416134,0.7328820157626765,0.36392412813135777,-0.03650821125707382
11,sklearn,82,0.8402835964391417,0.926708924594858,0.7637115466925479,0.23240655171331165,-0.07657204974659382
11,sklearn,83,2.142596195294596,2.1464063650400855,1.7052596056477682,0.28210504963829447,-0.437336589646828
11,sklearn,84,1.575116236475745,1.6438798162222361,1.2043879827173924,0.21641157680845718,-0.3707282537583525
11,sklearn,85,1.4829092425487043,1.3776819334816417,1.3778681717454972,0.33169728557792216,-0.10504107080320702
11,sklearn,86,1.476637984921385,1.4396345996899442,1.4829778823416078,0.2738718164934258,0.006339897420222673
11,sklearn,87,1.357366920822255,1.3991092638090783,1.4516948950805642,0.28936578749186814,0.09432797425830919
11,sklearn,88,1.6377838247974001,1.4936804797923853,0.9833378222183882,0.30715545237932473,-0.654446002579012
11,sklearn,89,1.7715804775659065,1.8010150493273092,1.904743940904794,0.3515581053866473,0.1331634633388874
11,sklearn,90,1.5686322264772783,1.5895052960503255,1.937374301614021,0.2483312783989721,0.36874207513674273
11,sklearn,91,2.6887213442241316,2.5902526758140527,2.4711341995983602,0.3112535198590045,-0.21758714462577133
11,sklearn,92,1.469099232726902,1.5488426598689014,1.4212136411219234,0.31362017416562027,-0.04788559160497852
11,sklearn,93,0.9897448576254745,1.1271667842270425,0.7767235789915219,0.33006370772197946,-0.2130212786339526
11,sklearn,94,1.958927597670192,2.0642181584950294,2.090025592107274,0.357336450948946,0.13109799443708203
11,sklearn,95,0.6942776484131976,0.7050386018522861,0.8031299157551359,0.3223181605998671,0.10885226734193831
11,sklearn,96,2.89168975257186,2.8862961511332124,2.8768139592268653,0.16834719976984264,-0.014875793344994559
11,sklearn,97,2.5244811664906806,2.55758723489675,2.3053640344602684,0.26752773799499546,-0.21911713203041217
11,sklearn,98,1.997953831579184,2.120278005612968,2.067631402092843,0.16738376068137775,0.06967757051365897
11,sklearn,99,2.0503465279589075,1.9627993793411258,2.0203135829234213,0.2750190241033805,-0.030032945035486147
11,sklearn,100,1.8223130142739965,1.9629387057647598,2.0366612568450577,0.4385708265999882,0.21434824257106122
11,sklearn,101,1.976683032585116,1.9555263264759213,1.851229336790169,0.3180819552055686,-0.1254536957949468
11,sklearn,102,1.6588328029913022,1.6350556474766396,1.0442173586584147,0.2814125773386172,-0.6146154443328875
11,sklearn,103,0.9989666406330219,0.9636815426293684,0.8019947889401351,0.30326055112944783,-0.19697185169288678
11,sklearn,104,0.38963280964177316,0.5994625014467675,0.5319757357538037,0.3264691456670029,0.1423429261120306
11,sklearn,105,1.449507748296137,1.3770948712965032,1.566289765934748,0.25641772718815825,0.11678201763861096
11,sklearn,106,1.0890981064883136,1.1858078382131125,1.0246632812682464,0.2729301229348615,-0.06443482522006727
11,sklearn,107,1.4940672638487258,1.5128916290003895,1.6259854470953883,0.2148683380893966,0.1319181832466625
11,sklearn,108,0.5640606268170886,0.48167694778642217,0.555137090942246,0.3311654739549616,-0.008923535874842625
11,sklearn,109,0.650975679988423,0.5955511800413343,1.1818910746426994,0.334072526148199,0.5309153946542764
11,sklearn,110,1.0873932608325734,1.2114488928279123,1.287722534760512,0.3204530105103897,0.20032927392793853
11,sklearn,111,0.8239476942720454,0.880339915098544,0.6671650704383296,0.2911358695651387,-0.15678262383371577
11,sklearn,112,2.343803118621648,2.331814964970315,2.2601793428788497,0.156292124581944,-0.08362377574279822
11,sklearn,113,2.7286769672740436,2.709455779802476,2.502692748264309,0.25621009575877157,-0.22598421900973475
11,sklearn,114,1.4506186321526693,1.406369926730232,1.0624310213034462,0.4221976470415022,-0.38818761084922304
11,sklearn,115,0.23949938986495148,0.35570721072368783,0.4545579918621101,0.2560346196046109,0.21505860199715862
11,sklearn,116,2.015547226433984,2.138185741268672,1.8659331938747528,0.29175937562404364,-0.14961403255923145
11,sklearn,117,1.263119309397187,1.111230465040752,1.2014615491650318,0.23918398510158015,-0.0616577602321553
11,sklearn,118,1.1158744380440155,1.1432724125493225,0.8737339189595374,0.3517386695683136,-0.2421405190844781
11,sklearn,119,2.2307034882175554,2.274776128421093,2.269325806035404,0.28860542759217545,0.03862231781784864
11,sklearn,120,1.6718907129551919,1.560726395035608,1.3783275344200945,0.2970035154521912,-0.2935631785350974
11,sklearn,121,0.25880149549068837,0.20151907281876108,0.7030317030568156,0.3393263143624508,0.44423020756612724
11,sklearn,122,0.5124244124764107,0.488677769001859,0.7372649151379207,0.34600870868082695,0.22484050266151
11,sklearn,123,1.9974333152693649,2.0383957894965095,2.009854784725448,0.35183054747704096,0.012421469456083134
11,sklearn,124,1.8386304834418241,1.817479968816899,1.7790355314359587,0.321375088095962,-0.0595949520058654
11,sklearn,125,1.6064623063289742,1.5764503990787861,1.3557261362831028,0.25861415919063885,-0.25073617004587145
11,sklearn,126,1.4563441254842464,1.3463440775137623,1.8681287728194178,0.2356107536254807,0.4117846473351714
11,sklearn,127,0.4527055554961026,0.5212413187447915,0.42919297418860936,0.32051726036660094,-0.02351258130749323
11,sklearn,128,0.9899871533575454,0.9860922618370107,0.9135147781808541,0.32637805143112575,-0.07647237517669125
11,sklearn,129,0.8050308734621359,0.7912062210137205,0.965677979752499,0.3172859551499767,0.16064710629036316
11,sklearn,130,0.9346814686814657,0.9054381486524996,0.8883567342141419,0.3052053705242625,-0.04632473446732388
11,sklearn,131,1.4542012181020563,1.3459968304304435,1.8339974581166132,0.23776670705990113,0.3797962400145569
11,sklearn,132,1.0486186000914164,0.919769400119965,0.9472173545808431,0.2607414233818454,-0.10140124551057328
11,sklearn,133,1.841247078455786,1.9073410010259348,1.6051561638803875,0.2214590405429566,-0.23609091457539844
11,sklearn,134,2.7146961235076423,2.6223255488147634,2.6647435322478827,0.23133512483449428,-0.04995259125975959
11,sklearn,135,0.4845166327072827,0.41663826394084047,0.4969500989757236,0.3546632952465064,0.01243346626844094
11,sklearn,136,0.9998728383231305,0.8633836087121037,0.599928735966067,0.3016343249689791,-0.39994410235706346
11,sklearn,137,2.636134308866711,2.7053722539618126,2.4637138481342866,0.2708205617235927,-0.17242046073242445
11,sklearn,138,2.3353585386673013,2.4112206673566496,2.5178413642838464,0.22080562025084247,0.18248282561654516
11,sklearn,139,1.5704937409417714,1.6603581821923248,1.467406577008191,0.3394957885454511,-0.10308716393358042
11,sklearn,140,1.7710184203727424,1.7111621167923377,1.7473113068167194,0.309582315203783,-0.023707113556022952
11,sklearn,141,1.492041658094688,1.5095648048064008,1.4979723707253072,0.31031849613099377,0.005930712630619173
11,sklearn,142,0.18241985274422073,0.29699666351117837,0.5070979308923498,0.23010003125176995,0.32467807814812905
11,sklearn,143,2.9586653686828743,2.8602619317500824,2.85384801792533,0.2877684967414018,-0.1048173507575445
11,sklearn,144,0.9244573402601066,0.8294865792334625,0.6707672384514751,0.32596160178081723,-0.2536901018086315
11,sklearn,145,1.5977354917845603,1.7167463101965619,1.7710492456457132,0.29005960095701516,0.17331375386115289
11,sklearn,146,0.5846439105300216,0.5004460308552536,0.4485612713078666,0.3731630540578041,-0.13608263922215502
11,sklearn,147,2.8736520594599297,2.640409283170885,2.850070057764448,0.20218443410580167,-0.023582001695481747
11,sklearn,148,2.560489788321404,2.4069708046376252,2.389506756181735,0.26310262229187437,-0.17098303213966926
11,sklearn,149,1.2142332432726461,1.076508879177621,1.384049491383621,0.31539805836991636,0.16981624811097484
11,sklearn,150,1.1716571518415313,1.0963298513685458,0.7299639952326373,0.3163480918295476,-0.44169315660889397
11,sklearn,151,1.9392940294855792,1.9063956716918873,2.013314952278222,0.21127585237275126,0.07402092279264272
11,sklearn,152,0.9366133543818863,0.966873288774273,0.9920508706923812,0.3111680678886656,0.05543751631049487
11,sklearn,153,1.0971785384528847,1.0051047734935308,1.0212486868565307,0.2901102693459396,-0.07592985159635401
11,sklearn,154,1.008360670790529,1.0217973464391494,1.167169734881476,0.3406643308847113,0.15880906409094697
11,sklearn,155,1.7460539954587888,1.8521872342028403,2.569304864389153,0.49891258331048705,0.8232508689303641
11,sklearn,156,3.2189260743177863,3.2570001923963394,3.0315207854686435,0.2664684398436231,-0.18740528884914287
11,sklearn,157,1.0146064834126154,1.3714015628381913,1.208798862824068,0.24818793109819812,0.19419237941145262
11,sklearn,158,0.6442044325014705,0.7775685342172709,0.8688777152609077,0.31304827216967535,0.2246732827594372
11,sklearn,159,1.4678525465892271,1.4615542742471355,1.2326517807652806,0.2551339717789021,-0.23520076582394656
11,sklearn,160,1.7054323365882196,1.7238246602517358,1.7797590018990022,0.34902596829422583,0.07432666531078258
11,sklearn,161,2.1097065374857435,2.051200641923445,2.1467384108718335,0.17447080987838534,0.03703187338608993
11,sklearn,162,1.2656972068553014,1.2712369049341592,0.8442559994351626,0.28158709672435345,-0.4214412074201388
11,sklearn,163,0.4419084707071507,0.45432185466822417,0.5041554499193666,0.38897159302004963,0.062246979212215836
11,sklearn,164,1.8731335769513775,1.856194135262977,1.853292788219953,0.26032387544312857,-0.019840788731424475
11,sklearn,165,1.1404493681560008,1.1864587696125481,0.8992473139874022,0.35012071153541247,-0.24120205416859863
11,sklearn,166,1.0364900804261818,1.1562143194057968,0.9463866160240997,0.3240130775705326,-0.09010346440208217
11,sklearn,167,0.4567906027591898,0.4658330465016342,0.8825929252997113,0.32335500326972433,0.4258023225405215
11,sklearn,168,2.3235696064282783,2.2321013094989115,2.2182782882871166,0.3235192560089036,-0.10529131814116166
11,sklearn,169,1.335317019583192,1.404036367289523,1.4924474721507224,0.29729857796726006,0.15713045256753033
11,sklearn,170,0.1732184540497541,0.23044573294444165,0.41649426035323245,0.3893341660398542,0.24327580630347834
11,sklearn,171,2.805293055754054,3.0265693673765837,2.4192622027077064,0.25510223167180335,-0.38603085304634766
11,sklearn,172,2.0261267867663726,2.0114833926750064,1.8652869673111923,0.2800064150714404,-0.16083981945518033
11,sklearn,173,0.5209204804523221,0.4590531079165189,0.943438524522989,0.2730056612764778,0.42251804407066695
11,sklearn,174,1.7675312151852611,1.8199766927843841,1.9557006452643648,0.2616139330311953,0.1881694300791037
11,sklearn,175,1.086362318705143,1.0559379052824647,0.985661370529705,0.3190260926767913,-0.10070094817543795
11,sklearn,176,1.0266548605716062,1.0696962777256491,0.9256810809075446,0.3334056404469798,-0.10097377966406151
11,sklearn,177,1.464726225440623,1.5750112195096782,1.4455217702522134,0.33044036761274853,-0.01920445518840963
11,sklearn,178,2.1883223335026836,2.269744391392607,2.0004520795833614,0.29854241633521683,-0.18787025391932222
11,sklearn,179,2.6009673748735684,2.7242580863349994,2.359868912192759,0.27681683788806705,-0.24109846268080926
11,sklearn,180,2.113317474941005,2.219214153778993,2.222158688907413,0.29464336261690227,0.10884121396640811
11,sklearn,181,1.2653098103493123,1.1940760140541857,1.542598089164251,0.29966160288193344,0.27728827881493867
11,sklearn,182,1.649465041929914,1.6662722644959986,1.9338580987415241,0.3767303008021047,0.2843930568116102
11,sklearn,183,1.268521435291017,1.2349230447182316,1.3119282911603207,0.19873495386532186,0.04340685586930371
11,sklearn,184,1.747256504002104,1.7684179386862908,1.8065549992343293,0.29261059565392794,0.0592984952322253
11,sklearn,185,0.4906476025363897,0.4001040207439539,0.5979613202816765,0.34140363558456577,0.10731371774528675
11,sklearn,186,1.459513739467519,1.465631012293022,0.8968936128754734,0.31328077275334787,-0.5626201265920456
11,sklearn,187,1.1830806725502565,1.1630886675449252,1.6173346607612942,0.25893967619052916,0.43425398821103767
11,sklearn,188,1.1162157764591651,1.1832647979552018,0.6404298525412173,0.31168524065507525,-0.47578592391794783
11,sklearn,189,1.2618058361074156,1.1456492289172886,1.0412788945151021,0.2807262509445954,-0.22052694159231345
11,sklearn,190,1.2310344261429524,1.0926951716136124,1.0825380425596975,0.2977816126163796,-0.1484963835832549
11,sklearn,191,1.135420797910017,1.0347269486695738,1.5228743665919922,0.2723943434055644,0.3874535686819751
11,sklearn,192,2.7792250414123467,2.780167942951927,2.6376421428962296,0.1719840917665009,-0.14158289851611716
11,sklearn,193,1.8343028865963655,1.778287077551275,1.8762744164401575,0.2000834833848962,0.04197152984379193
11,sklearn,194,2.228031193525691,2.156262036076907,2.206783515896685,0.19815828756089485,-0.021247677629006034
11,sklearn,195,0.8127105820124184,0.7232190391980486,0.9660855658528007,0.334479673671332,0.15337498384038228
11,sklearn,196,2.0594787411166426,2.228599301977464,2.0490258777185844,0.2183357749482389,-0.010452863398058287
11,sklearn,197,2.015675239698422,1.898516324254972,1.7985168522749362,0.27949511445132236,-0.2171583874234857
11,sklearn,198,1.6117851996622314,1.5654249319695472,1.4637699157368687,0.2609632976579874,-0.14801528392536278
11,sklearn,199,0.1382875309151364,0.27715195329831643,0.6376070164196932,0.370641109457267,0.4993194855045568
11,sklearn,200,1.800464060709822,1.7764132677521351,1.495747344296376,0.32254554943294816,-0.3047167164134459
11,sklearn,201,1.632949321088054,1.5442807753917913,1.0810625117264507,0.44272150395051385,-0.5518868093616032
11,sklearn,202,1.0635826159914081,0.9858494983561097,0.8346170171081368,0.30947423822396924,-0.22896559888327128
11,sklearn,203,1.5417938875246169,1.4430371865072598,1.8609794816906557,0.29802199452807426,0.31918559416603887
11,sklearn,204,1.5287957185693473,1.6777719185583702,1.1811035395178422,0.3280000796257997,-0.34769217905150507
11,sklearn,205,1.2829881213840817,1.4248373071060392,1.355051576283806,0.25796137517851486,0.07206345489972432
11,sklearn,206,1.1589125797136954,1.1917414758406653,0.914707200953849,0.32403883222315144,-0.24420537875984638
11,sklearn,207,1.499811478245689,1.6742194231066905,1.1369371292120292,0.2644090603750876,-0.3628743490336599
11,sklearn,208,2.21695244834003,2.175453958077542,2.002013499681027,0.31533082106902177,-0.21493894865900298
11,sklearn,209,1.0876773573162057,1.121782057313321,1.2993323205794667,0.3116965030682937,0.21165496326326094
11,sklearn,210,2.416677576548901,2.4807516782227195,2.3851866515177953,0.34120912179468105,-0.03149092503110573
11,sklearn,211,1.2117813350983506,1.243974985262231,1.4748564882980233,0.2817816915665128,0.2630751531996727
11,sklearn,212,2.2572470618056037,2.2559858363342884,2.0300714994857074,0.2976772050158778,-0.22717556231989633
11,sklearn,213,0.7537524091184777,0.6598693033778602,0.6761918136594574,0.25234819417004056,-0.07756059545902039
11,sklearn,214,1.203219592466286,1.241894336149883,1.5322624704526717,0.3177012271770229,0.32904287798638565
11,sklearn,215,1.423647854963675,1.4061489592047538,1.300103419373798,0.24014387613248134,-0.12354443558987716
11,sklearn,216,1.7191008188738388,1.7734818742827954,1.321283304681991,0.252713133459467,-0.39781751419184785
11,sklearn,217,1.750478617737976,1.5232609933668761,1.4076936316018234,0.23543452237991347,-0.3427849861361527
11,sklearn,218,1.4262944799980677,1.4624900554471152,1.0168908069052094,0.3323861725843132,-0.4094036730928583
11,sklearn,219,2.674902988896622,2.6455709675547436,2.6713535240575865,0.20417568693606636,-0.003549464839035288
11,sklearn,220,1.536490668715478,1.5711900341147633,1.7481650302762972,0.37377876997098336,0.2116743615608192
11,sklearn,221,0.5906013761762468,0.48953858018845303,0.6963365860748283,0.37181018051502773,0.10573520989858154
11,sklearn,222,2.275757449332719,2.3640797759348886,2.0252054844724086,0.24217192028560192,-0.2505519648603105
11,sklearn,223,1.3396286333571485,1.4570468547147921,1.0984439358126963,0.27499066089853896,-0.24118469754445226
11,sklearn,224,1.6024454473802288,1.5002827970793495,0.9121279751237452,0.30232069826286373,-0.6903174722564835
11,sklearn,225,2.0449419245020617,1.8136404383023876,2.3125609331489443,0.3570201933946937,0.2676190086468826
11,sklearn,226,0.8077708078658639,0.6518866601069458,0.5038846316046204,0.43653376314074,-0.3038861762612435
11,sklearn,227,2.334156662691977,2.2776896311209587,2.406974178921722,0.21411802400825464,0.07281751622974486
11,sklearn,228,2.075717036241582,2.0719222875477254,1.7847602256009623,0.3332386154896194,-0.29095681064061996
11,sklearn,229,1.107126271791826,1.2035694643197963,1.6214405033745152,0.2891630280724087,0.5143142315826892
11,sklearn,230,0.41961235524942997,0.5496290448763379,0.5903890864498251,0.34866322049159904,0.17077673120039516
11,sklearn,231,2.2035281923418406,2.2205806917880113,2.071249799535387,0.25280711891569624,-0.13227839280645348
11,sklearn,232,1.8805782342555888,1.777092336668143,1.5903719872476927,0.1792850840305903,-0.2902062470078961
11,sklearn,233,1.234859334869091,1.2704193823893442,1.0383846320652168,0.3078886700483969,-0.19647470280387425
11,sklearn,234,0.7820256709512992,0.6985384387946704,0.9461128921972417,0.3124386053061135,0.16408722124594255
11,sklearn,235,1.980564734470949,1.8159161870767253,2.246705904832048,0.28400022358142163,0.26614117036109897
11,sklearn,236,2.581127802073697,2.6758531010911972,2.0841354424928866,0.28955202946793956,-0.49699235958081056
11,sklearn,237,0.6916717147211162,0.7150507664562005,0.6313891345114513,0.3113257538399341,-0.06028258020966493
11,sklearn,238,1.5733395162894195,1.5494198703474018,1.5525509239046045,0.19645410490387477,-0.020788592384815008
11,sklearn,239,2.0640927022068007,2.1615715185272704,2.5563048076782238,0.38280278892924696,0.492212105471423
11,sklearn,240,-0.18831528372512546,-0.23526476275043656,0.10209088361773411,0.27870032171163706,0.29040616734285957
11,sklearn,241,0.9877819179252189,1.0315136056373235,0.725189545187412,0.32657898145534286,-0.2625923727378069
11,sklearn,242,0.3644050712258889,0.31217237681096116,0.06145880984794161,0.366147686922601,-0.3029462613779473
11,sklearn,243,2.123245326759946,2.0343676486623767,2.1874637564030124,0.2981546748667285,0.06421842964306634
11,sklearn,244,0.5452487635871257,0.6404114352746292,0.7715048229728438,0.3152240636415225,0.22625605938571813
11,sklearn,245,1.10045433714631,1.0279074475154366,1.6592753039375054,0.3027227304301942,0.5588209667911954
11,sklearn,246,2.619170036099317,2.4858210233193185,2.4259849615629676,0.22179324764383596,-0.19318507453634925
11,sklearn,247,1.8803603560740523,1.9755975240547188,1.6838528120325904,0.2938660349366696,-0.19650754404146187
11,sklearn,248,1.0225214207084175,1.0765480210448881,0.8459696447094913,0.301522049343792,-0.17655177599892613
11,sklearn,249,2.5134066573393925,2.6180222622088327,2.230489510508754,0.3255376021158388,-0.2829171468306386
11,sklearn,250,1.3505528478305981,1.1600460367083274,1.1995170074143147,0.16696355688809403,-0.15103584041628348
11,sklearn,251,2.73925423195612,2.768890855096837,2.5867039188565855,0.2060180862762185,-0.15255031309953448
11,sklearn,252,0.8214494703783743,0.6920074419849597,0.7336321599360289,0.2791654703864958,-0.08781731044234542
11,sklearn,253,1.6094549922542676,1.569210219504031,1.8251787045759542,0.17412019732995473,0.21572371232168663
11,sklearn,254,1.0503250264842583,1.0233279242283937,0.47470638020148925,0.2905510273664421,-0.575618646282769
11,sklearn,255,2.322348514125024,2.2413848202241393,2.3182388815373187,0.3115632460355346,-0.00410963258770547
11,sklearn,256,1.3678348300453038,1.2875713474937727,1.0213173698485676,0.2789767145380127,-0.34651746019673624
11,sklearn,257,1.406405864172424,1.2725072832952753,1.3165715118630104,0.2306506138553234,-0.08983435230941361
11,sklearn,258,0.7925084454147955,0.7694525389524445,0.7361996445971499,0.2762636617729098,-0.056308800817645555
11,sklearn,259,2.649083593155072,2.45692681242748,2.3069042784004523,0.2522818159864316,-0.3421793147546195
11,sklearn,260,2.480367728977137,2.257464516947761,2.2678807698178964,0.30141660578173657,-0.21248695915924065
11,sklearn,261,0.9581622557977318,1.014826932091059,0.4861567106436553,0.2335844408973479,-0.47200554515407656
11,sklearn,262,1.8566034504429487,1.9511080074293567,1.7998216131978353,0.2056297041314696,-0.05678183724511343
11,sklearn,263,1.4655051653917344,1.475466102210077,1.8771822180535906,0.2744759567442377,0.4116770526618563
11,sklearn,264,1.3823024221679803,1.3257686053202344,1.4831723942590642,0.25133743862375063,0.10086997209108395
11,sklearn,265,2.0000302157839007,1.8970564975679767,1.9084760623182007,0.20346304471691046,-0.09155415346570006
11,sklearn,266,2.7004034006694635,2.6321405302623426,2.3606842224752036,0.28482315096323635,-0.3397191781942599
11,sklearn,267,1.4887123692978603,1.2909173187043863,1.7391626255858768,0.3194008710939448,0.2504502562880164
11,sklearn,268,0.5984758519878931,0.6078330347305675,0.46730305797841254,0.30578988423767856,-0.13117279400948056
11,sklearn,269,1.4565578331789992,1.5490536366989365,1.6524251019550604,0.30605070151405417,0.1958672687760612
11,sklearn,270,2.960518293584034,3.1406380536179554,2.8897759089635926,0.2294659289834503,-0.07074238462044136
11,sklearn,271,1.0025284863033403,1.0347794153209333,0.8070976079547023,0.31556305583595756,-0.19543087834863804
11,sklearn,272,0.7295625673512783,0.6159042771048288,1.1150677035933896,0.37957321863375787,0.38550513624211125
11,sklearn,273,1.0705079361352763,1.233674921453082,0.7393951541474877,0.3113995227094592,-0.3311127819877886
11,sklearn,274,2.175247078225433,2.2978346200618662,2.037172412566065,0.17425938508182973,-0.1380746656593681
11,sklearn,275,1.072221448167563,1.1258538973640504,0.8732064410803275,0.2995799605906614,-0.1990150070872354
11,sklearn,276,1.5000133597494696,1.4034038719673674,1.4686295943109258,0.3408695662999146,-0.03138376543854382
11,sklearn,277,0.9670664963165563,0.9920307501931139,1.3861694161454707,0.27291365134348494,0.41910291982891446
11,sklearn,278,1.495280677202059,1.37957002491591,1.8906786753430112,0.3176759569250937,0.3953979981409521
11,sklearn,279,1.2619197696092237,1.2778557274347493,0.740090399844739,0.30316002816810417,-0.5218293697644847
11,sklearn,280,1.7333915490671559,1.8288378287614084,1.7203272271471164,0.26677586425750077,-0.013064321920039479
11,sklearn,281,2.17745440186939,2.1331628134730147,2.1986494119419575,0.3715149165431866,0.0211950100725673
11,sklearn,282,2.9308978708375926,2.9928839270316234,2.8368627874510324,0.299963412106168,-0.09403508338656019
11,sklearn,283,2.17179217119896,2.2050516198419503,1.7680572437378643,0.21579978788071827,-0.4037349274610955
11,sklearn,284,0.748343902702505,0.7344175061386141,1.0810465895265295,0.2597550540420102,0.3327026868240246
11,sklearn,285,2.021076857547791,1.9027869498726024,1.819195149077558,0.26965253218815755,-0.2018817084702329
11,sklearn,286,0.6308962473112714,0.5306582214026875,1.1816571458433387,0.31888004054455515,0.5507608985320673
11,sklearn,287,0.9952641847684123,0.931546140194408,1.0049365500582184,0.23509193325816496,0.009672365289806084
11,sklearn,288,1.397025506064985,1.1883692703770918,1.0214576065217784,0.31854050656798133,-0.3755678995432066
11,sklearn,289,0.5187420975984058,0.5200569110901037,0.8900626722475593,0.2769503438498902,0.37132057464915347
11,sklearn,290,0.5386837516422376,0.4732461010775605,0.46507645958048727,0.3286183635991445,-0.07360729206175032
11,sklearn,291,2.7984793875920584,2.8236130583630055,2.7884192918902784,0.22612036148547562,-0.010060095701780014
11,sklearn,292,2.0919659244007476,2.1270448735157443,2.3028158991036705,0.36869816757514073,0.21084997470292288
11,sklearn,293,0.5943584971792519,0.5917867453175288,0.6739988923132074,0.26747839613793645,0.07964039513395549
11,sklearn,294,1.0103102757085627,1.0889732636910563,1.0761685964907315,0.23928588705799256,0.0658583207821688
11,sklearn,295,2.074749033709492,1.9772617159834294,2.1749379434400247,0.22250891891795602,0.10018890973053285
11,sklearn,296,1.283431629146558,1.1424850500436456,1.4411174867777135,0.19157930988187266,0.1576858576311555
11,sklearn,297,2.0760333101604656,2.0987944500440343,2.2443763952398506,0.3255938517352557,0.168343085079385
11,sklearn,298,2.4386094149688673,2.4663169771576148,2.344599422693392,0.2841773582813669,-0.09400999227547535
11,sklearn,299,2.41864541988239,2.4817596293797006,2.315071068649061,0.2682330331592019,-0.1035743512333287
12,sklearn,0,-0.6119258596782686,-0.6768542878791537,-0.723417572325479,0.2613372918042321,-0.11149171264721036
12,sklearn,1,-0.2455711338043701,-0.15144899859047112,-0.392869331774806,0.23783900543137923,-0.1472981979704359
12,sklearn,2,-1.2009053212649488,-1.175871714532065,-0.8048890283427141,0.3576034691053334,0.3960162929222346
12,sklearn,3,-0.024085007427201544,0.010433513727856662,-0.7781438090608326,0.3331281510227419,-0.754058801633631
12,sklearn,4,-0.40587058260734654,-0.2554839408323353,-0.6425447480697191,0.2705249661636402,-0.23667416546237252
12,sklearn,5,0.09226299915135172,0.16723924712475352,0.30293383363722537,0.2813255418091205,0.21067083448587365
12,sklearn,6,-0.50927167688615,-0.5556302888266995,-0.11229390626110991,0.30188599709768915,0.39697777062504014
12,sklearn,7,-0.09470073340499924,-0.12447515665405556,0.5397924814070842,0.359326378707318,0.6344932148120834
12,sklearn,8,-0.5773911244660593,-0.5098542731829186,-0.4320602322173208,0.2541751538164611,0.14533089224873852
12,sklearn,9,-1.292223408012179,-1.333971099366129,-0.6681418462783579,0.27793424846591125,0.6240815617338211
12,sklearn,10,-0.7050625057686348,-0.6880781886721893,-0.6713174078109176,0.24131488811909654,0.033745097957717185
12,sklearn,11,0.17385905262639784,0.16573634211561294,-0.17990457619788103,0.2469109716672938,-0.35376362882427886
12,sklearn,12,-0.5901561704327355,-0.5348935311698586,-0.5798237518770613,0.2533408342564509,0.010332418555674239
12,sklearn,13,-0.39929745470401123,-0.6349917425140654,-0.2805273523432623,0.24098063255738597,0.11877010236074892
12,sklearn,14,-1.0247866607007143,-1.1408264602793423,-0.6979040637495517,0.30993813664180936,0.3268825969511626
12,sklearn,15,1.2421694306951339,1.2048128835726508,1.311407707739484,0.24683573971412506,0.06923827704435004
12,sklearn,16,0.8625134967706315,0.8331424906482453,0.41114292884381065,0.28835946320059563,-0.45137056792682084
12,sklearn,17,0.7892474673398184,1.100059739675898,0.5403435034973398,0.277747293564501,-0.2489039638424786
12,sklearn,18,0.2888880788220964,0.28519669321423274,0.13947698965603106,0.279628035708185,-0.14941108916606533
12,sklearn,19,-0.315762444591114,-0.23891643787152195,-0.2725323111863718,0.27629986410347107,0.043230133404742244
12,sklearn,20,-0.520166137438406,-0.6467650214155333,-0.1343754985477048,0.2795796830943747,0.3857906388907012
12,sklearn,21,-0.043022086616242905,-0.28595961889242205,-0.1239656312023012,0.21736440643013602,-0.08094354458605829
12,sklearn,22,1.1066496869657565,0.962305388012725,1.1815966542497591,0.2591209435780966,0.07494696728400263
12,sklearn,23,-0.09707530895408986,-0.062251895489152,0.2988483450819466,0.28633736703660534,0.39592365403603647
12,sklearn,24,-0.40409609888341025,-0.3776015340354967,-0.4306064390504485,0.24256192722392067,-0.026510340167038238
12,sklearn,25,-0.724866158653532,-0.7072542198943411,-0.4751751587218944,0.2546975039444402,0.24969099993163757
12,sklearn,26,-1.2564252272571192,-1.2698617898292865,-0.6258149353325333,0.30225844625573883,0.630610291924586
12,sklearn,27,-1.388814908398802,-1.44186151005443,-1.2698803683969953,0.2597159551951503,0.1189345400018067
12,sklearn,28,0.2217541212046097,0.11050136549248572,-0.03738526641563311,0.3043586795461718,-0.2591393876202428
12,sklearn,29,-0.7108193006718495,-0.608142172645399,-0.6010259883397691,0.2670191281815049,0.10979331233208045
12,sklearn,30,1.3461559462443307,1.106153449383195,1.087915071450702,0.25044358132837585,-0.25824087479362867
12,sklearn,31,0.1745087171281876,0.06977604814794736,-0.043072115802306854,0.252989321718021,-0.21758083293049446
12,sklearn,32,-1.351085213314158,-1.3111312103788506,-0.6559668913922483,0.3012335687470133,0.6951183219219097
12,sklearn,33,0.31965573044270906,0.5344728100218323,0.16564544170193063,0.2971093725358789,-0.15401028874077843
12,sklearn,34,0.22778627842741198,0.21528007901552643,0.13551489682891393,0.24209688259424303,-0.09227138159849804
12,sklearn,35,0.4138777895846047,0.5323874300673526,0.13366448601304892,0.30074187619856424,-0.28021330357155577
12,sklearn,36,1.9948086727852534,1.8951684837180502,1.7865428316249083,0.17634553762982566,-0.20826584116034508
12,sklearn,37,-0.18280207227887346,-0.29894551432200966,-0.40278431784148694,0.25930846600897306,-0.21998224556261348
12,sklearn,38,-0.3710140041566081,-0.4420842038578091,-0.38529974385487975,0.2090246259519457,-0.014285739698271627
12,sklearn,39,1.0267128120457625,1.0600598824657792,0.8163991631818188,0.22537072889335522,-0.21031364886394366
12,sklearn,40,0.36264455618055236,0.32783930567655584,1.0727354332836674,0.2717832554198288,0.710090877103115
12,sklearn,41,0.6096068085587718,0.8777166321022846,0.5488901606401662,0.25583349617679946,-0.06071664791860565
12,sklearn,42,-0.69121456823629,-0.7418002922470399,-0.6335686543032573,0.2314781726499584,0.057645913933032755
12,sklearn,43,0.5544496031608577,0.6464170273494614,1.2015212970926106,0.28176541228267954,0.6470716939317529
12,sklearn,44,-0.47432380197215074,-0.3298930833812431,-0.45935386333261974,0.2828692273200417,0.014969938639531
12,sklearn,45,-0.48843853423735173,-0.31265616423985065,-0.5639734378094676,0.23235443768782518,-0.0755349035721159
12,sklearn,46,0.40886832802908457,0.5369625331922552,0.055976075776916545,0.2833938403264482,-0.352892252252168
12,sklearn,47,1.481913737190855,1.4243716535000337,1.0467961934520265,0.2726758064757759,-0.4351175437388286
12,sklearn,48,0.327683126103045,0.31221564699959264,0.6770105898119461,0.2644911100230747,0.34932746370890105
12,sklearn,49,0.10087275592500458,-0.050331139152510945,-0.15399196084592326,0.2901335551439901,-0.2548647167709278
12,sklearn,50,1.0194647947784348,0.7806198188989095,0.7536076860060916,0.25851498854126587,-0.26585710877234314
12,sklearn,51,0.14187364032469424,0.22063213498704204,0.22399118988219335,0.2720470341284078,0.08211754955749911
12,sklearn,52,0.6567680337249484,0.6440757685840024,0.7714523074741226,0.27799127409285085,0.11468427374917423
12,sklearn,53,-0.24289081365920806,-0.23223852632761746,-0.24712105952400343,0.27172995279047923,-0.004230245864795368
12,sklearn,54,-0.07357867702559612,-0.008599268833847484,-0.29130237195507735,0.2808209702294708,-0.21772369492948124
12,sklearn,55,-0.8450126690116888,-0.8925973216754497,-0.9797510740339241,0.24851189975145146,-0.13473840502223533
12,sklearn,56,-0.4698781832050259,-0.5400002308088281,-0.3219904882349951,0.2656254390620825,0.1478876949700308
12,sklearn,57,0.015075216015177972,-0.04070786780967304,0.11729388446298827,0.3007665198673478,0.1022186684478103
12,sklearn,58,0.46551284757172384,0.3820718190035513,0.36673299508332846,0.2563605951332884,-0.09877985248839538
12,sklearn,59,-0.8317784218935125,-0.7399198905256856,-0.8838211725272629,0.1565018340885512,-0.05204275063375041
12,sklearn,60,0.07575235607798804,0.2021381818254222,-0.15555966613955619,0.2838794795699261,-0.2313120222175442
12,sklearn,61,0.6688334626396345,0.4837512427729881,0.4413436912838318,0.31882445438794366,-0.22748977135580273
12,sklearn,62,-0.5976446547948654,-0.610030224819659,-0.5730890029144717,0.25081929287065613,0.02455565188039366
12,sklearn,63,-0.9353109830743086,-1.022308039254717,-0.3765539136885341,0.27576116508895104,0.5587570693857745
12,sklearn,64,-0.2733694874300646,-0.19044309015651018,-0.695400748699134,0.327719638710625,-0.4220312612690694
12,sklearn,65,1.191716629221208,0.9213519023160223,1.677479225231389,0.2429879202826642,0.485762596010181
12,sklearn,66,-0.599653381140969,-0.6604807128119652,-0.543484048978744,0.23194622015798327,0.05616933216222497
12,sklearn,67,0.5664030571638803,0.34890708694975425,0.7833362227305933,0.2675591851281974,0.21693316556671305
12,sklearn,68,-0.3589863895898664,-0.41403827745591637,-0.014357540061261886,0.2744048631910993,0.3446288495286045
12,sklearn,69,-0.20057846285272515,-0.2169198133633771,-0.04661347034567598,0.24910331803783664,0.15396499250704918
12,sklearn,70,-0.5025700983025668,-0.5712573418550971,-0.34291077956821514,0.2792097457657037,0.15965931873435169
12,sklearn,71,-0.7891491912479502,-0.81146057086257,-1.0944112417878085,0.25385580393097035,-0.3052620505398582
12,sklearn,72,-1.0803636232123952,-1.1587721513819929,-1.1336984249755453,0.2612848565013422,-0.053334801763150086
12,sklearn,73,0.45607987910842995,0.38908281250015825,0.22285795413391085,0.2717985779776381,-0.2332219249745191
12,sklearn,74,-0.19190502828574127,-0.16191225590257896,-0.497007338153459,0.27209606204584574,-0.3051023098677177
12,sklearn,75,0.9631419329409617,0.9340017141241108,0.6447198071079292,0.2643114530813809,-0.31842212583303253
12,sklearn,76,-0.5808205628621508,-0.6227593862733318,-0.6846688715921907,0.18018714909257522,-0.10384830873003992
12,sklearn,77,1.529841704282826,1.6098009408779412,1.4377619712663758,0.23596141846479082,-0.09207973301645023
12,sklearn,78,-0.9636283096573076,-0.9529829602024733,-1.1080649136723792,0.2657326679679368,-0.14443660401507163
12,sklearn,79,-0.568674482665609,-0.5425743651306438,-0.744570731037264,0.21710768488371715,-0.17589624837165496
12,sklearn,80,-1.1845307151333682,-1.2448473192038145,-0.9672115075246399,0.316006511884317,0.21731920760872825
12,sklearn,81,0.03694431953169197,-0.03222199305593183,-0.05167530507727225,0.19586180938503467,-0.08861962460896422
12,sklearn,82,0.06443705323736237,0.08137536956981098,-0.23384913055784828,0.2261085483539177,-0.29828618379521066
12,sklearn,83,-0.23895787541721386,-0.3859385596759263,-0.4503675389255015,0.2778021827004829,-0.21140966350828766
12,sklearn,84,-1.4251125004755363,-1.3657775954126992,-0.6660533819209267,0.2924151354753345,0.7590591185546096
12,sklearn,85,-0.09231222824095683,0.060083496998398656,-0.4754304937750984,0.26322843966749543,-0.3831182655341415
12,sklearn,86,-0.7307659424457977,-0.6624046004578867,-0.8825464860669356,0.22689452832761636,-0.1517805436211379
12,sklearn,87,0.1433399146222668,0.023812836540497928,0.5473321582741164,0.27207285672357606,0.4039922436518496
12,sklearn,88,1.554222027901277,1.5537938577463788,1.1860009981149737,0.266992994728838,-0.36822102978630333
12,sklearn,89,0.5559708667960247,0.5314992123095926,0.8969129696142826,0.26534122687007095,0.3409421028182579
12,sklearn,90,-0.22211237256543925,-0.23825557895902721,0.3191114119757579,0.27739833367455646,0.5412237845411971
12,sklearn,91,0.2847564218169064,0.1964379219744818,0.15342370827489926,0.28033932445376203,-0.13133271354200715
12,sklearn,92,-0.5704060504315301,-0.44077222114391135,-0.422959723590818,0.27482991735152407,0.14744632684071213
12,sklearn,93,0.996077823092638,0.9844384663590322,1.1239596603273796,0.33125739612875393,0.12788183723474156
12,sklearn,94,0.9413308125122006,1.1018038940517814,1.617269620317872,0.27994707461427787,0.6759388078056714
12,sklearn,95,0.4629270542221475,0.53237844570482,0.8962260540718017,0.2680854254752146,0.43329899984965414
12,sklearn,96,2.033719642765659,2.0986298193406423,1.8087626726303805,0.2403570970039426,-0.2249569701352785
12,sklearn,97,-0.7910475335526234,-0.8024259382026145,-0.5207125668075294,0.25657524639423984,0.27033496674509394
12,sklearn,98,-0.521363136778701,-0.3085446032754797,-0.30468063443874627,0.267856719551429,0.21668250233995479
12,sklearn,99,-0.31552472001812915,-0.4288599736151026,-0.6687492289032271,0.26014130751109643,-0.35322450888509793
12,sklearn,100,0.5135047701745247,0.5096375147878802,0.5642933714018561,0.2835460745059394,0.05078860122733142
12,sklearn,101,-0.15055006318737485,-0.4278505190961868,-0.2566163082697095,0.22983874526780232,-0.10606624508233464
12,sklearn,102,-0.772915574807705,-0.7677588554729312,-0.7375340631978275,0.2497126407727281,0.03538151160987746
12,sklearn,103,-1.2958523590609907,-1.1710235157863536,-0.7835531803147395,0.35073032090417094,0.5122991787462512
12,sklearn,104,1.3755214989707145,1.4388959217039978,1.0347650739455592,0.26258016490580793,-0.34075642502515535
12,sklearn,105,0.1165780755664741,0.21731167801756368,0.00028674674172357584,0.28380690660882985,-0.11629132882475052
12,sklearn,106,0.32400516765231197,0.4134718941581368,0.6893319967046203,0.27936349410513783,0.36532682905230834
12,sklearn,107,-0.22209407976738071,-0.14771214881862785,-0.20185552001942497,0.23473797549539252,0.020238559747955742
12,sklearn,108,0.15837003329559224,0.05786852355401716,0.5787969324051101,0.2660825766471998,0.42042689910951786
12,sklearn,109,-0.6018507575341653,-0.73108502162272,-0.17728703961327952,0.2536695095335347,0.42456371792088576
12,sklearn,110,0.6245189392983103,0.614079097689219,0.6928659081890203,0.27987146807071056,0.06834696889071001
12,sklearn,111,-0.23920459117942428,-0.2750902282012391,0.22666475354048288,0.3437777993228337,0.46586934471990715
12,sklearn,112,1.4480677429174547,1.4705773936248638,1.7245354316833206,0.22005663471939388,0.2764676887658659
12,sklearn,113,-0.8724294323285673,-0.7905210830366254,-0.9819125576893892,0.2310682178657202,-0.10948312536082194
12,sklearn,114,1.2639740386962697,1.4932448638961986,1.048497846326736,0.2495738681387713,-0.21547619236953364
12,sklearn,115,0.126966017341059,0.22824143313770512,0.12881038943765155,0.21596879873873537,0.0018443720965925503
12,sklearn,116,-1.0200813801003212,-0.9313517831094587,-0.5592569929876303,0.273030891055089,0.4608243871126909
12,sklearn,117,-0.18605091295726917,-0.11470105502000978,0.1259015969759414,0.3170061624083385,0.31195250993321055
12,sklearn,118,0.7639164803066856,0.6142518711138054,0.4954343665225096,0.27750210619390997,-0.26848211378417597
12,sklearn,119,0.3466415194657686,0.36492792339979646,0.4653570146003254,0.2825266721142608,0.11871549513455681
12,sklearn,120,-0.2871925580840237,-0.17391789785163728,-0.5649818367845612,0.24891057832532074,-0.27778927870053743
12,sklearn,121,-0.8337288168000618,-0.8073383172837515,-0.8404957628736884,0.22693693238536589,-0.006766946073626601
12,sklearn,122,-0.1167627472732471,-0.1280598371631646,0.022139686374291756,0.2750234635965985,0.13890243364753885
12,sklearn,123,-0.341123942886244,-0.414647810518585,-0.6001657636589854,0.24964726643310794,-0.25904182077274146
12,sklearn,124,0.49907270193658065,0.46010865334231066,1.1203080404034242,0.2667962278764721,0.6212353384668436
12,sklearn,125,0.216827703092051,0.2215021450334233,-0.11668713988188006,0.3174812586949192,-0.3335148429739311
12,sklearn,126,0.4954294151762895,0.7685359422819475,0.21331070608412706,0.25929419135886606,-0.28211870909216247
12,sklearn,127,1.2633873846909105,1.3763442633697047,1.411355425281129,0.26030946877525263,0.1479680405902184
12,sklearn,128,0.10137734019040645,0.08157108916496442,-0.034074003388004925,0.2915863821699648,-0.13545134357841138
12,sklearn,129,0.05127318150701865,0.04254261187479039,-0.24235581854538513,0.26925923100102395,-0.2936290000524038
12,sklearn,130,0.2554785785481901,0.2999218263184995,0.08074851148208673,0.21673638977743562,-0.1747300670661034
12,sklearn,131,1.6379333349627823,1.7016371727663737,1.7744125111887472,0.2457648581506058,0.13647917622596495
12,sklearn,132,-1.4964946085704287,-1.5550875328663947,-0.7464410092528535,0.27617970263199976,0.7500535993175752
12,sklearn,133,1.3078225499187572,1.2168525769669918,0.940297439713687,0.2521909437705485,-0.3675251102050703
12,sklearn,134,0.2115507292213064,0.10168042442488778,0.5528161592541885,0.2592091053016703,0.34126543003288207
12,sklearn,135,-0.6072926795213791,-0.5861699556506754,-0.26191012306700134,0.2921261019799621,0.34538255645437776
12,sklearn,136,-0.5347282378031764,-0.5502880565914978,-0.19694298059060777,0.2546987294965382,0.3377852572125686
12,sklearn,137,0.04538327838102496,-0.024150707210693123,-0.10199132886802786,0.28878600213302924,-0.14737460724905282
12,sklearn,138,1.1651152635427446,1.1074861981909971,1.4219601286274326,0.21912288123752202,0.25684486508468796
12,sklearn,139,0.06429808853409762,0.2358367396328725,0.05880578466833075,0.2964441563132892,-0.005492303865766865
12,sklearn,140,0.021087283622564373,-0.02410337271535687,0.04130798442118433,0.24700818867798288,0.020220700798619956
12,sklearn,141,0.21199489651302741,0.1218300273458277,0.6296225319204076,0.2907495741269108,0.41762763540738024
12,sklearn,142,2.0448863823272676,2.1746571085319255,1.7494257534388211,0.2146591623176754,-0.2954606288884465
12,sklearn,143,-0.20526303120114706,-0.23709494271053552,-0.1398419297392639,0.26437328417284667,0.06542110146188315
12,sklearn,144,-0.010118930454409286,0.14351100796464053,-0.03295623568017625,0.2748239297103144,-0.022837305225766963
12,sklearn,145,0.7597863275303265,0.7118486953513137,0.3969458703836448,0.315102858571567,-0.36284045714668167
12,sklearn,146,-0.25365660912774723,-0.10569003051246642,-0.2169120274139651,0.23113597710220943,0.03674458171378214
12,sklearn,147,0.7295257272635718,0.7221522286703809,0.9322038406606055,0.27864481986308465,0.20267811339703368
12,sklearn,148,-0.09896693015051669,-0.24107128640296577,-0.19028277481560796,0.31290085144229285,-0.09131584466509127
12,sklearn,149,-1.5186998492367652,-1.4942477532023555,-1.1991725490402203,0.26265387335978596,0.31952730019654485
12,sklearn,150,-0.46623172741389907,-0.38493509467446957,-0.4912188949883678,0.26596068429474495,-0.024987167574468727
12,sklearn,151,-0.535889970530149,-0.5473064553417661,-0.9096702022011467,0.243691829276959,-0.3737802316709977
12,sklearn,152,0.0029962017947765818,-0.03194110913787567,0.3967516081278122,0.2826500610549392,0.39375540633303563
12,sklearn,153,-1.2438247847543349,-1.2039070374013632,-0.6518559383919023,0.2711614697143608,0.5919688463624326
12,sklearn,154,-1.465874101021718,-1.3144044461718312,-1.2250281313631408,0.2677051358919114,0.24084596965857719
12,sklearn,155,-1.3028277977841567,-1.2623125355332696,-1.273096335818714,0.25084440914505635,0.02973146196544274
12,sklearn,156,1.08685164726415,1.0199296608187403,1.1737584844301665,0.2649222285355787,0.08690683716601644
12,sklearn,157,-0.11281540681595154,-0.060191411121999716,0.8880929740506884,0.28485922938554475,1.00090838086664
12,sklearn,158,-0.7535308563855035,-0.7228070058219545,-0.2670988755579238,0.2692587067925722,0.48643198082757977
12,sklearn,159,1.8135811352500715,1.827769943731824,1.6745088736327567,0.1771448372098482,-0.13907226161731479
12,sklearn,160,0.7065100261616021,0.732175630415347,0.6341897037706792,0.2371213052771876,-0.0723203223909229
12,sklearn,161,-0.41029626030558797,-0.38635241086815225,-0.20519780572891122,0.28451502160054043,0.20509845457667675
12,sklearn,162,-1.098253064387254,-1.1468912811175076,-0.6924076421884244,0.2692504600110438,0.40584542219882946
12,sklearn,163,-0.14351100179575826,-0.12335151707984217,0.4085218110708766,0.29704782157732335,0.5520328128666349
12,sklearn,164,-0.3360421215894712,-0.21755959709896788,-0.38217986544100224,0.2973835615409628,-0.04613774385153102
12,sklearn,165,-0.9416914387615414,-0.9985480188867006,-0.8724525648053572,0.23286320689434586,0.06923887395618422
12,sklearn,166,0.24874102399652198,0.3483199637508885,0.05778404038873397,0.28305066095849835,-0.190956983607788
12,sklearn,167,0.5509697292332352,0.6106405219537099,1.2730760994100496,0.28092008210278707,0.7221063701768144
12,sklearn,168,0.32864909904888995,0.4297920692589635,0.5664654226587995,0.22308800794885245,0.23781632360990956
12,sklearn,169,-0.7588769094239068,-0.7002714334184829,-0.32304309469128434,0.2921950054542965,0.4358338147326225
12,sklearn,170,1.6457220081516684,1.6099780520562925,1.19634872151644,0.2425423075161937,-0.44937328663522846
12,sklearn,171,0.43124267191222315,0.4773634004012714,0.10219553309438467,0.31969155486172207,-0.3290471388178385
12,sklearn,172,-0.7786376341180103,-0.9074043833642736,-0.7235214929890823,0.25332128032174,0.05511614112892804
12,sklearn,173,0.17723078725083002,0.05438618285703477,0.42400972334889264,0.27409460773177996,0.24677893609806262
12,sklearn,174,-0.007639199661888418,0.005272077414493457,0.995446984313272,0.30273203812081834,1.0030861839751606
12,sklearn,175,0.514146254578931,0.47685195494896804,0.3316899269388056,0.3184283035940148,-0.18245632764012543
12,sklearn,176,-0.33869908787050257,-0.3908805106967873,-0.6826752690044984,0.25883807261202724,-0.3439761811339958
12,sklearn,177,0.1559048302435212,0.11232531895870249,0.8674095975266898,0.2712269072066131,0.7115047672831686
12,sklearn,178,0.22979682102451515,0.2808950672068764,0.4621237335529713,0.26809941693359063,0.23232691252845616
12,sklearn,179,0.509840488224181,0.665564537994955,0.2666089342976381,0.30014252184358503,-0.24323155392654294
12,sklearn,180,-0.3499683096767067,-0.32092360400311787,-0.166281476730628,0.27254227326519853,0.18368683294607874
12,sklearn,181,0.4145937412741148,0.359674610597036,0.37194638939259317,0.24411961382430064,-0.042647351881521633
12,sklearn,182,0.2218446934943424,0.09559614714512346,0.13201356887813454,0.2700579770049304,-0.08983112461620787
12,sklearn,183,1.2804267668964213,1.3646842179811123,1.3235794032572938,0.2637015938854202,0.04315263636087252
12,sklearn,184,-1.0729655009168264,-1.1438179238900075,-0.5586060556801069,0.2682227627546906,0.5143594452367195
12,sklearn,185,-0.8627205200985602,-1.0362553925663123,-0.7641992472865553,0.202577524169884,0.09852127281200485
12,sklearn,186,0.7310003737033408,0.9187928202767204,0.5877857672408595,0.2746993057407892,-0.1432146064624813
12,sklearn,187,1.442866379955,1.6430064796448383,1.013891756519591,0.2733761131028579,-0.4289746234354088
12,sklearn,188,-0.38662226688467394,-0.4528018181578788,-0.5934089257369379,0.26481563289135107,-0.206786658852264
12,sklearn,189,-0.09393020715611988,-0.08662099949902566,0.0791555855769781,0.2781938721702995,0.173085792733098
12,sklearn,190,-0.20249491081826335,-0.2780492120111293,-0.37349555566660175,0.2655861615204136,-0.1710006448483384
12,sklearn,191,1.4078347949412642,1.5274870197297656,1.0149225356241214,0.26636033797362574,-0.3929122593171428
12,sklearn,192,-0.5013151494621576,-0.37475256708177884,-0.8861555098601741,0.2736190210468836,-0.3848403603980165
12,sklearn,193,-0.16263044437383536,-0.15912131086495734,0.061762432237534526,0.2561545938163735,0.2243928766113699
12,sklearn,194,-0.24142036495776267,-0.21957746159752753,-0.10729418320159034,0.22467016684893273,0.13412618175617233
12,sklearn,195,1.4243312279305793,1.4333062457526797,1.2558574570206247,0.24666854407887903,-0.16847377090995463
12,sklearn,196,-0.4417092071070275,-0.3641603963757065,-0.7227981632405154,0.2449705712058734,-0.2810889561334879
12,sklearn,197,2.1993165331254216,2.2066951623496585,1.90036169456069,0.2564073553759653,-0.2989548385647316
12,sklearn,198,1.3107097342032612,1.2181739567070091,1.647926976998387,0.26905935313965795,0.3372172427951259
12,sklearn,199,0.7174701436352102,0.8406218061625652,1.0924324846951752,0.2749849861693271,0.37496234105996495
12,sklearn,200,0.07719711865648751,-0.011902557613798659,-0.15656844478485787,0.2459715379125266,-0.2337655634413454
12,sklearn,201,-0.47487397742136384,-0.49421768061380655,-0.6864753467189502,0.24007842187942732,-0.21160136929758633
12,sklearn,202,0.3564839595085781,0.15735643053965823,0.8056117323905925,0.27909772362757973,0.4491277728820144
12,sklearn,203,-0.2957755555760325,-0.40695062150905537,-0.35473777770204684,0.2312053371672185,-0.05896222212601432
12,sklearn,204,0.5388069588250068,0.6266392647768573,0.3071710693852161,0.31337226384517053,-0.23163588943979074
12,sklearn,205,0.4902238714416798,0.5119045928393519,0.9745541173336987,0.2855346529512442,0.4843302458920189
12,sklearn,206,0.3780781442475567,0.3381939242141061,0.9548635656263293,0.2535425652714213,0.5767854213787726
12,sklearn,207,0.2541167622345304,0.24800399279841115,0.18908323576452624,0.26702488206072533,-0.06503352647000415
12,sklearn,208,-0.99897226039538,-0.9254495768032209,-0.8767936840964765,0.25563278022363856,0.1221785762989035
12,sklearn,209,0.3551140472757446,0.20566907317095678,0.6252717014080762,0.269520648343622,0.2701576541323316
12,sklearn,210,-0.741144044475239,-0.8611453382169861,-0.9095121083495421,0.22348252941242758,-0.16836806387430314
12,sklearn,211,-0.24310097574196027,-0.2653563447327804,-0.5078986010475219,0.22551305077086264,-0.26479762530556167
12,sklearn,212,-0.09057408774639081,0.0059009361129278015,0.02025385118391121,0.18912946412330914,0.11082793893030202
12,sklearn,213,-0.7039044430847112,-0.7459106978870997,-0.8291015475525398,0.16374947249023325,-0.1251971044678286
12,sklearn,214,1.3006415198464245,1.3615824430438463,1.2962047203880296,0.277218595805501,-0.004436799458394924
12,sklearn,215,-1.0184474149913831,-1.0003421021348478,-0.5682629393411531,0.2588864784445823,0.45018447565023
12,sklearn,216,-0.15338919139554852,-0.1995217769906835,-0.5211302816408594,0.22099602392571618,-0.3677410902453109
12,sklearn,217,-0.3808648524395151,-0.39581057837776135,-0.08360213001207661,0.29210674490363514,0.2972627224274385
12,sklearn,218,1.5292189530101714,1.4822076615972493,1.8658753897553684,0.2891772897050892,0.33665643674519696
12,sklearn,219,-0.9663175846267309,-0.9466381428866858,-1.053325029826654,0.24768549179536103,-0.0870074451999232
12,sklearn,220,0.16549716959236727,0.06140663201295675,-0.21946958640455083,0.2434582613364338,-0.3849667559969181
12,sklearn,221,0.1814828312349302,0.16987086788938577,0.8107654358162257,0.2835743960329958,0.6292826045812956
12,sklearn,222,-0.3431573567071614,-0.5220993584129788,-0.35828637073381486,0.2275863141979622,-0.015129014026653453
12,sklearn,223,0.27089898163769344,0.18050103912550874,0.7398700499742912,0.2471433095345816,0.46897106833659774
12,sklearn,224,-1.0339647165609518,-1.0279412494485634,-0.54141635608035,0.2739755512615643,0.4925483604806018
12,sklearn,225,1.0242403198155654,1.0016018553322943,1.0397119087316078,0.23880661896282768,0.01547158891604239
12,sklearn,226,-0.13936265711419035,-0.10880322218601708,0.09809244636696945,0.2878516922253476,0.2374551034811598
12,sklearn,227,0.10422641576690025,0.13765446093377778,0.4214979493849924,0.22072397414224967,0.3172715336180921
12,sklearn,228,0.3065143131933078,0.3092446229239257,0.1436899597499135,0.24470012980326644,-0.1628243534433943
12,sklearn,229,-0.6060850882677286,-0.7698643867930102,-0.25263806577441805,0.29009423956016833,0.3534470224933105
12,sklearn,230,-0.5172138510561246,-0.5710432685001777,-0.8910079711231482,0.2740935543744664,-0.3737941200670236
12,sklearn,231,-0.09493075273308133,-0.15800449689516322,0.1511257089097633,0.29339818298026205,0.24605646164284461
12,sklearn,232,0.2876297732535819,0.254520677226692,0.3649546965924557,0.2482834093844887,0.07732492333887381
12,sklearn,233,0.6518552776939628,0.6843641569718285,1.3310648203926432,0.2753772909928904,0.6792095426986804
12,sklearn,234,0.004851694556664926,0.030083702042692725,0.3145762642133185,0.286789103004035,0.3097245696566536
12,sklearn,235,0.22680541531059578,0.3150280740585389,0.04461852751798823,0.2719646871706657,-0.18218688779260755
12,sklearn,236,-0.8291476964310784,-0.7492409245564338,-0.6212079137694229,0.28435157073245854,0.20793978266165558
12,sklearn,237,0.41677519082785547,0.32330736292450835,0.3469550061149471,0.26656550602765666,-0.06982018471290835
12,sklearn,238,0.8280024997918507,0.8354508046130196,0.9836737872345944,0.2744450599812809,0.15567128744274372
12,sklearn,239,-1.1128462877946255,-0.9663748342252425,-0.8934933509781118,0.2769907306202477,0.2193529368165137
12,sklearn,240,-0.32591081100575725,-0.37849306468065386,-0.050238596277425884,0.2702059215434817,0.27567221472833137
12,sklearn,241,0.2624308520409354,0.24023679964585853,0.6475092045325113,0.247383868600535,0.38507835249157585
12,sklearn,242,-0.7021193769671799,-0.7461758467341849,-0.9226790861158349,0.2536519547943696,-0.22055970914865508
12,sklearn,243,0.0618098446527644,0.08405446091769952,-0.13437119425589117,0.3115332496205118,-0.19618103890865557
12,sklearn,244,-0.22387834717476535,-0.34694330141694163,0.08474870413927249,0.268882420661439,0.30862705131403784
12,sklearn,245,0.07783785933736681,0.1029100398615327,0.5708734402174755,0.28671568025853117,0.49303558088010874
12,sklearn,246,0.13918705975367102,0.3163361695257204,0.011372329778192025,0.2591378748650947,-0.127814729975479
12,sklearn,247,1.3368759005757929,1.3460775555089675,1.7834178601077486,0.2522862856407088,0.44654195953195575
12,sklearn,248,-0.2882623160913688,-0.1847793873136961,-0.5005793285119626,0.27628052996842556,-0.2123170124205938
12,sklearn,249,0.33663261015288565,0.3158808239187905,0.2790710916670074,0.2264428540004299,-0.05756151848587826
12,sklearn,250,0.156627897738562,0.053112432752308605,0.03284763089154907,0.2767505262562232,-0.12378026684701293
12,sklearn,251,0.28824668004201315,0.10581052483322376,-0.06748023608259679,0.2860763488244259,-0.35572691612460994
12,sklearn,252,0.508871811199091,0.5650004453497817,0.5430747048379585,0.3165021431256553,0.034202893638867526
12,sklearn,253,0.1798216239529949,0.35006736486864165,0.13027087669093884,0.24923059501748426,-0.04955074726205605
12,sklearn,254,0.3064863337380391,0.34573375938800704,-0.019185359771425325,0.2534443531521694,-0.3256716935094644
12,sklearn,255,0.2677761345448746,0.18341478226669602,-0.037649440547594004,0.28687644059094564,-0.3054255750924686
12,sklearn,256,-0.9554995965256559,-0.9361342513671682,-1.0419897125679256,0.28236125439190535,-0.08649011604226975
12,sklearn,257,-0.7113952006727291,-0.6503855602209598,-0.6199689918973661,0.2626637038359847,0.091426208775363
12,sklearn,258,0.03803053177374599,0.028912441249842116,-0.397401782592695,0.2045246908758801,-0.435432314366441
12,sklearn,259,0.4615167594435544,0.5657405369913304,0.607789829909744,0.3112862786563474,0.14627307046618954
12,sklearn,260,1.0357232854996046,1.024573855135444,1.2380517811620244,0.2710359086926317,0.20232849566241984
12,sklearn,261,-0.06447155180134193,-0.09118103185166758,0.16508035448085323,0.33178372886970836,0.22955190628219516
12,sklearn,262,-0.39365739866942573,-0.37356363843845763,-0.29606279451233064,0.28327062733414166,0.09759460415709509
12,sklearn,263,1.2453708499565344,1.2694522941112951,0.8853892910037047,0.2593732344368855,-0.3599815589528297
12,sklearn,264,0.3916406898256349,0.507201389339048,0.8089270542908267,0.27694814051068967,0.4172863644651918
12,sklearn,265,0.5147113025534763,0.46468164974411075,0.6838016046969964,0.2517909236941647,0.16909030214352005
12,sklearn,266,0.33852327895815965,0.26214339126418745,0.7253587161268058,0.2724494064370751,0.38683543716864616
12,sklearn,267,-1.4445243455820491,-1.3272016897819856,-0.7352716453086892,0.2606369867539335,0.70925270027336
12,sklearn,268,-0.20375638239190408,-0.0825079913447249,-0.21773029894199425,0.27893342364338897,-0.01397391655009017
12,sklearn,269,-1.0423853092378144,-1.083793016805935,-0.6586568478693842,0.28988308180445677,0.3837284613684302
12,sklearn,270,0.45138806129768605,0.5988889613110995,0.8656026203408853,0.27127313037210987,0.41421455904319926
12,sklearn,271,-0.8942791869430653,-0.858730685223082,-0.789206707184702,0.32180115401464593,0.10507247975836331
12,sklearn,272,0.3600613128197395,0.33571602354174984,1.0210611739458564,0.28325710263541976,0.6609998611261169
12,sklearn,273,-0.047508886890425844,0.1098567741129707,-0.22523362133172142,0.269981205276484,-0.17772473444129558
12,sklearn,274,0.8435870347073104,0.9070165889264155,0.7322942145424509,0.2830916730021226,-0.11129282016485953
12,sklearn,275,0.0676486583342539,0.14598365947549033,0.2222479816107299,0.24851991245942082,0.154599323276476
12,sklearn,276,0.21728362678287988,0.1954097472270518,0.7033545873128384,0.28358158340833556,0.4860709605299585
12,sklearn,277,1.9081914889294271,1.976030825592019,1.527066687882309,0.2520159940179293,-0.3811248010471182
12,sklearn,278,-0.19562221258507376,-0.16370369342120084,-0.23228584715060574,0.29875100668081217,-0.03666363456553198
12,sklearn,279,0.29543347735149944,0.3451271192178034,0.41047853678385327,0.2997676450724151,0.11504505943235382
12,sklearn,280,1.4210744061616465,1.5338680087388759,1.7219022409520388,0.21708910325973335,0.3008278347903923
12,sklearn,281,0.7474789623487601,0.8353380734924315,0.35006474738869553,0.31029586041396795,-0.39741421496006457
12,sklearn,282,0.07394712331740533,0.07079231111136355,0.04157154252315909,0.22977428510248263,-0.03237558079424624
12,sklearn,283,1.6252021993165495,1.6969893989038973,1.7664548596168377,0.187603090503715,0.14125266030028816
12,sklearn,284,-0.23046568606855708,-0.23772885427440876,-0.1204903578825185,0.2876081050106008,0.10997532818603858
12,sklearn,285,1.5460527756902782,1.5000453987134619,1.1363244443120433,0.23493726604810722,-0.40972833137823494
12,sklearn,286,0.2396571374559826,0.3128319366722768,0.34087233131440264,0.2959080360318826,0.10121519385842004
12,sklearn,287,1.6393216129100587,1.7212480536869021,1.4436146870548718,0.2202549280263984,-0.1957069258551869
12,sklearn,288,-1.2036461386625679,-1.319507699988815,-0.5170489010421004,0.2573143419177564,0.6865972376204674
12,sklearn,289,0.22467488625188525,0.0796937176071141,0.2816219617907407,0.2603493519109292,0.056947075538855474
12,sklearn,290,-0.3623225260736455,-0.4138580047866066,0.03609611129387247,0.22951788971063117,0.398418637367518
12,sklearn,291,-0.15035939210939156,-0.08131107288696222,0.0619039988913892,0.27700728070526165,0.21226339100078076
12,sklearn,292,-0.7351097308277722,-0.6577509238107752,-0.6155128141356769,0.3251392189858056,0.11959691669209527
12,sklearn,293,0.4030433294438578,0.4158809073281816,0.6804989517754141,0.2618620442634602,0.2774556223315563
12,sklearn,294,2.130335385631391,2.0373546805844795,1.8146155660267596,0.20571898128474578,-0.31571981960463136
12,sklearn,295,0.267853448258336,0.29832772015609305,0.8441054943230837,0.27945265205354997,0.5762520460647477
12,sklearn,296,1.1970328037395501,1.3055701647616842,0.9470584757260863,0.25414748355807854,-0.24997432801346386
12,sklearn,297,1.4484918205953057,1.4783975826635576,1.1344801707126777,0.2684287484391105,-0.314011649882628
12,sklearn,298,-0.796271391651012,-0.6924876137040182,-0.8079404160792993,0.19110557677927795,-0.011669024428287322
12,sklearn,299,1.267611621080737,1.1933082334544207,1.701326775061391,0.2611365747126591,0.43371515398065386
13,sklearn,0,-0.5432817514842578,-0.6820710007912565,-0.1549521431061831,0.41177862906579377,0.38832960837807473
13,sklearn,1,0.4155898960949956,0.4197664035886213,0.26682936212807196,0.2731486855206099,-0.14876053396692362
13,sklearn,2,0.1529542613318839,0.17564974287683022,-0.2077911615194843,0.37437312562151803,-0.3607454228513682
13,sklearn,3,-0.27845904045158754,-0.1256071522330183,-0.6546971288769665,0.42726785258413386,-0.376238088425379
13,sklearn,4,1.130494549296714,1.167791287960537,0.7727291393244613,0.3131189813181947,-0.3577654099722527
13,sklearn,5,1.0556640831063224,1.1495001726765526,0.5437951088299133,0.30143777202495375,-0.5118689742764091
13,sklearn,6,0.40040830268632305,0.6774221179253395,0.042202170724650045,0.25530236627695074,-0.358206131961673
13,sklearn,7,0.6469050474029093,0.4985290393961017,0.7018868225435728,0.2831205819621783,0.05498177514066349
13,sklearn,8,1.028992381056989,1.2046636891392142,1.0659157302420192,0.18596538640579355,0.03692334918503026
13,sklearn,9,0.5091987286675222,0.5657732674613061,0.2576799374277403,0.24954258745941407,-0.25151879123978194
13,sklearn,10,1.805982243740776,1.8350527871082425,1.265264318797266,0.26018823091885335,-0.5407179249435099
13,sklearn,11,0.009608323598139179,-0.07046545515317064,-0.2913940333744556,0.2426609789421453,-0.30100235697259475
13,sklearn,12,0.7175112033982789,0.6938121322683306,0.8064639712070765,0.3127715263383307,0.08895276780879757
13,sklearn,13,0.37224180442151333,0.4658745891948645,-0.10699338173968442,0.31262858146951744,-0.47923518616119776
13,sklearn,14,0.23919885424802656,0.13776774352457766,0.24530163131520144,0.3086683084641386,0.0061027770671748804
13,sklearn,15,-0.333732899375236,-0.4500703130888668,-0.3279282267447554,0.212368517822991,0.005804672630480567
13,sklearn,16,-0.024980468793748378,0.09746019342587389,0.010962303267485929,0.2829891163407081,0.03594277206123431
13,sklearn,17,-0.7021940354871287,-0.7179118356104521,-0.5939919219540606,0.22971253260780597,0.10820211353306808
13,sklearn,18,1.156612398669657,1.1310828604247698,0.6308639632704489,0.4690150118832767,-0.5257484353992081
13,sklearn,19,-1.061166613658358,-1.1952896971874232,-0.861233610213902,0.39738873836412264,0.19993300344445597
13,sklearn,20,-1.7122423320191555,-1.7282990796696984,-1.3492376424332821,0.2979876416112299,0.3630046895858734
13,sklearn,21,-0.40649423298658194,-0.42146058719371815,-0.3560199894068461,0.32752548137818893,0.050474243579735845
13,sklearn,22,-0.34429595203307006,-0.3623838701606308,-0.33001214229933495,0.20781660809500432,0.014283809733735109
13,sklearn,23,0.3097173642744027,0.2869657754660529,0.16062373574706967,0.2983907855596833,-0.14909362852733304
13,sklearn,24,1.236784634116749,1.2503187155250826,1.0586808615995418,0.22666165975247476,-0.17810377251720722
13,sklearn,25,0.4377800132945314,0.516699954728995,0.7788002213549685,0.3335224911974579,0.3410202080604371
13,sklearn,26,0.529402353955774,0.41246073682828255,0.820452892343905,0.2692805320525612,0.291050538388131
13,sklearn,27,-0.6074518296852871,-0.610198584655463,-0.19285012726750406,0.29447807341992865,0.41460170241778305
13,sklearn,28,0.4290738711236718,0.450285732967647,0.33789868570045023,0.29113863795598904,-0.09117518542322156
13,sklearn,29,0.6911154428747878,0.6383004940038424,0.6227183069063553,0.34960351121034206,-0.06839713596843244
13,sklearn,30,0.5746828791396297,0.5379430442103831,0.3805942767240964,0.3312515337892331,-0.19408860241553327
13,sklearn,31,-1.5191788201030925,-1.666684484402145,-1.2836177698439748,0.24572521610723125,0.23556105025911767
13,sklearn,32,-0.694075467929966,-0.8521421644101768,-0.34854547813108994,0.2838837433866563,0.34552998979887606
13,sklearn,33,-1.1786302098316601,-1.242129517820203,-0.9105816495263745,0.32224031930735864,0.26804856030528557
13,sklearn,34,2.1234177599958297,2.1142467645543985,1.2842049245667075,0.352102609071231,-0.8392128354291222
13,sklearn,35,-0.5775402346925351,-0.5219355947268137,-0.2459570924879202,0.29413143795660296,0.33158314220461493
13,sklearn,36,1.345575647678155,1.525863627513897,1.0965747413863012,0.40463300627563437,-0.2490009062918539
13,sklearn,37,1.6745396238379233,1.7224593956570364,1.147203633204323,0.3680863620122361,-0.5273359906336004
13,sklearn,38,0.015685026734021612,0.13204920495663458,0.06296430583421397,0.2743614232990301,0.04727927910019236
13,sklearn,39,0.32990239362126694,0.2677889957125708,0.5030914965116846,0.24139680411525338,0.17318910289041767
13,sklearn,40,1.7702849273207404,1.746533391408555,1.339797730505489,0.26594754463843406,-0.4304871968152515
13,sklearn,41,0.1460988877135435,0.09479614541724979,0.13984490732194121,0.32359141544960046,-0.0062539803916022985
13,sklearn,42,-0.5093579233782412,-0.5971996665996289,-0.3963224504930949,0.25459151610025216,0.11303547288514626
13,sklearn,43,1.7367823063428192,1.8764443957517274,1.134748400801227,0.40562076075916925,-0.6020339055415922
13,sklearn,44,0.023442017693743933,-0.03371052199193811,-0.2241111127706521,0.28779016749612707,-0.24755313046439603
13,sklearn,45,-1.165644786392169,-1.1849286553357241,-1.100437166167394,0.29374817408490045,0.06520762022477511
13,sklearn,46,-0.14485502350470708,-0.03182479925247948,0.1600113734736306,0.339543283839904,0.3048663969783377
13,sklearn,47,-0.4823299258985178,-0.5199902072240923,-0.725690154280179,0.34174670627101283,-0.24336022838166121
13,sklearn,48,-0.7627610343275065,-0.7263604152010769,-0.8058831801447823,0.3317590277226838,-0.0431221458172758
13,sklearn,49,-1.0984908471532255,-1.0144503902411044,-0.5862740971444662,0.3509040233765607,0.5122167500087593
13,sklearn,50,0.9599492012469262,1.0778184151941075,0.9828023912851336,0.28087519680817585,0.022853190038207405
13,sklearn,51,-0.5541126429477194,-0.5138980168972028,-0.640807737684213,0.4011532394805973,-0.0866950947364935
13,sklearn,52,-0.16616126712075285,-0.24651166714480932,-0.08728686717503731,0.20651876479949655,0.07887439994571555
13,sklearn,53,0.8857001831182684,0.8490174774682471,0.9213140719831738,0.43611775346432236,0.03561388886490546
13,sklearn,54,1.0911624353619178,1.1008119149307896,0.9681694123334799,0.37784976433925593,-0.12299302302843795
13,sklearn,55,-0.7898268655978504,-0.8508989326326619,-0.9816683891012676,0.22203632108608998,-0.1918415235034172
13,sklearn,56,-0.4907452614929354,-0.5957596474985749,-0.13682486564256102,0.31618812712179484,0.3539203958503744
13,sklearn,57,0.2761647967513016,0.3641754587784486,0.25446458174421416,0.32553397742344525,-0.021700215007087464
13,sklearn,58,1.4432600167001914,1.6181118722021182,1.0862016395807572,0.3990487847418707,-0.3570583771194342
13,sklearn,59,-0.47046073402534805,-0.4642256846915008,-0.39110169174126064,0.3075568044758333,0.07935904228408741
13,sklearn,60,1.7585733335561886,1.5696551370756229,1.1926824003827932,0.36622382517278423,-0.5658909331733954
13,sklearn,61,-1.3117857197078038,-1.0675234474635475,-1.061266671876786,0.30257425390095155,0.25051904783101775
13,sklearn,62,-1.3912761525046693,-1.4189648309873315,-0.845310163510888,0.3109285060019808,0.5459659889937813
13,sklearn,63,-0.5350902614315279,-0.5359837215369154,0.20847438555702258,0.4260979951339499,0.7435646469885505
13,sklearn,64,-0.7978536690258106,-0.7651985483630439,-0.5755780652029658,0.24647043429711074,0.22227560382284473
13,sklearn,65,1.658634177926698,1.6044864254157543,1.1697351220747576,0.40184191881496506,-0.4888990558519404
13,sklearn,66,0.36834934631132465,0.4917151225784222,0.7412321222496869,0.31588084631991253,0.3728827759383623
13,sklearn,67,0.15074174641369414,0.21960390446242284,0.23259041076237708,0.32335407333952515,0.08184866434868293
13,sklearn,68,1.084711805950667,1.17870456358022,0.9150975769072511,0.25079621884975595,-0.16961422904341594
13,sklearn,69,-0.4283555232839812,-0.39651988555537815,-0.5658403210567062,0.26340191439166066,-0.13748479777272504
13,sklearn,70,0.33288312688618815,0.31699510046913504,0.05165562895367071,0.28719066698164286,-0.28122749793251745
13,sklearn,71,0.9055444900374823,1.0098789402470714,1.0013452442584434,0.21755729812044192,0.09580075422096113
13,sklearn,72,1.3001655692693903,1.1931531906984838,1.025473938723894,0.423300639492667,-0.2746916305454963
13,sklearn,73,-0.7950258358925019,-0.8900786740363797,-0.014386206785566458,0.35976374867236244,0.7806396291069354
13,sklearn,74,-0.8803085569762772,-0.8596860976256203,-0.7022853354021947,0.2765650780935086,0.17802322157408246
13,sklearn,75,1.0658704011685476,1.0725485951848481,0.8792582057776155,0.2971727310097085,-0.1866121953909321
13,sklearn,76,0.25641635908586957,0.12644400240559062,-0.013248477449042007,0.3873004656365906,-0.2696648365349116
13,sklearn,77,1.041541638954227,0.9326663158901519,0.8063013625748994,0.2266053980469251,-0.23524027637932754
13,sklearn,78,0.4868451976071249,0.3829142361890138,0.09663650786988409,0.3624306084707901,-0.3902086897372408
13,sklearn,79,-0.7433821954117725,-0.6359296760548719,-0.727324311625944,0.19548338664809856,0.01605788378582851
13,sklearn,80,-0.7466457443504447,-0.8365931422883318,-0.5686067120070533,0.23100483356655077,0.17803903234339147
13,sklearn,81,-0.22612960415759847,-0.3592908444250057,0.06711572879710914,0.3129252064132332,0.2932453329547076
13,sklearn,82,-0.8130961027737464,-0.9721827459252205,-0.6035854570985402,0.4440680484295828,0.20951064567520628
13,sklearn,83,-0.03653259426930269,-0.03437737489129193,0.0750908066021374,0.2863299418240628,0.1116234008714401
13,sklearn,84,-1.0139393009585351,-1.1258075607935716,-0.6713901642064943,0.30096122746574666,0.3425491367520408
13,sklearn,85,-0.006957531913185096,-0.05084292208223684,0.0657188625844185,0.22072569935891237,0.0726763944976036
13,sklearn,86,-0.7165464070780141,-0.5676055069630567,-0.7320044676962283,0.19141194632683875,-0.015458060618214198
13,sklearn,87,1.1297519185459872,1.143777342433721,0.5489580076276379,0.23005981612157703,-0.5807939109183493
13,sklearn,88,-0.6228857397596783,-0.8347681877723842,-0.8312952936836817,0.2647985598232735,-0.2084095539240034
13,sklearn,89,-0.5947814096197888,-0.5362094776019459,-0.0808318292007062,0.25783680176869195,0.5139495804190826
13,sklearn,90,-0.6018200883858699,-0.7686951274379638,-0.7014122739203703,0.29574439795339647,-0.09959218553450044
13,sklearn,91,0.11305392278116255,0.037691558404426506,0.23361669703247578,0.2526278766304117,0.12056277425131323
13,sklearn,92,0.0025625715690775763,0.0496307063122726,0.6174260217034604,0.34757608404515095,0.6148634501343828
13,sklearn,93,-0.9733892417710113,-1.0839008206491973,-0.7347235355196386,0.36079366348270364,0.23866570625137262
13,sklearn,94,1.0364154836971915,0.8598935328358154,1.0116346187482224,0.3616745233458276,-0.02478086494896914
13,sklearn,95,-0.9533674170937325,-0.9164381331368537,-0.6914521660748187,0.2835353596601877,0.2619152510189138
13,sklearn,96,-0.3077861916169549,-0.6284470286100974,0.28107224887324733,0.38603928276345395,0.5888584404902022
13,sklearn,97,0.6406376430452311,0.5245241336610307,0.47652611507079,0.33504351893108125,-0.16411152797444106
13,sklearn,98,-0.279491279976498,-0.2922015430223198,-0.04664162821180273,0.35610667488881786,0.23284965176469524
13,sklearn,99,-0.3976665419190588,-0.4379407373772613,0.07395351358267677,0.323492899737028,0.4716200555017356
13,sklearn,100,-0.7240427014370951,-0.9645179549758567,-0.5227690521164758,0.43568751232756125,0.2012736493206193
13,sklearn,101,0.5399779351270226,0.5032729934294398,0.32495095626185755,0.3208723875600395,-0.21502697886516509
13,sklearn,102,-0.03035330446763662,0.025995413181190634,0.07389854173407251,0.32077653500823006,0.10425184620170913
13,sklearn,103,0.6156553401606298,0.3714706737561072,0.727825453344149,0.2835055799077884,0.11217011318351922
13,sklearn,104,0.8363170334470917,0.8014794048556185,0.8086129100402148,0.2975681467550744,-0.02770412340687689
13,sklearn,105,0.22986712056317427,0.21198095618297674,-0.1255437488105633,0.30595092141277147,-0.35541086937373756
13,sklearn,106,0.14856974576066234,0.24814141147782126,0.14208575661649725,0.34674433163361773,-0.006483989144165092
13,sklearn,107,-0.36153856595960465,-0.3052810526476808,-0.0848597209653219,0.3416070292590757,0.27667884499428275
13,sklearn,108,0.6604488811082447,0.5647234403485494,0.37610325894292806,0.2492295430962967,-0.28434562216531667
13,sklearn,109,-0.5010603592548979,-0.6050588061856608,0.08869114276190526,0.3128411428589814,0.5897515020168032
13,sklearn,110,-1.383872358515564,-1.374061728518154,-1.085284359264385,0.24766926143550655,0.29858799925117885
13,sklearn,111,-0.17475402402252382,-0.3893299336876861,-0.015221020254332807,0.3328984275968504,0.15953300376819102
13,sklearn,112,-0.4139325004729887,-0.335527129253273,0.11328460552963548,0.3532445795830009,0.5272171060026242
13,sklearn,113,0.04316024649134376,0.14206430583139765,0.05595664550301738,0.2791490719861523,0.01279639901167362
13,sklearn,114,-1.2368325707550718,-1.165997293244517,-0.5297440802371884,0.4097951273160058,0.7070884905178834
13,sklearn,115,-0.3820988445211151,-0.4337426183876303,0.016207328341728555,0.3438154191143757,0.39830617286284364
13,sklearn,116,0.1627910544502682,0.07896282170314863,0.04528637144860781,0.33234653607026354,-0.11750468300166039
13,sklearn,117,0.39898373318614644,0.26659772666444165,0.4183516142458643,0.28155349303843397,0.019367881059717873
13,sklearn,118,-0.3303245964043352,-0.37386702578176517,0.09558146478074736,0.3422064061850911,0.42590606118508256
13,sklearn,119,-0.4869855787342938,-0.4116095253938848,0.23767842898119218,0.3978133340337885,0.724664007715486
13,sklearn,120,0.43182584855575895,0.39502674852285996,0.45303124949086726,0.3603019411673592,0.02120540093510831
13,sklearn,121,0.5427011847178548,0.46118433649192714,0.737185833449816,0.3621872100917745,0.19448464873196125
13,sklearn,122,0.46325182323812264,0.5252690129445943,0.1321903077273756,0.37096638723232,-0.33106151551074703
13,sklearn,123,-0.6447354853283317,-0.6808932353470808,-0.5805347120122146,0.27750679089356034,0.06420077331611707
13,sklearn,124,0.19527753181196816,0.20642855316755188,0.2858181621965512,0.3244410481738719,0.09054063038458304
13,sklearn,125,0.6388706367416224,0.5579511593531399,0.5413492532354889,0.3229317462321051,-0.09752138350613349
13,sklearn,126,0.22224274158071192,0.3071434315138536,0.29762128391000964,0.2919106941864672,0.07537854232929772
13,sklearn,127,-0.658181862177661,-0.6227166284486154,-0.6318865151016091,0.30076364016914203,0.026295347076051856
13,sklearn,128,-0.8705093453784927,-0.9979370724262042,-0.8277582420415861,0.29156854970146184,0.04275110333690657
13,sklearn,129,-0.14047850149193009,-0.040525286342479594,-0.10152497020747653,0.2324824757670368,0.03895353128445356
13,sklearn,130,0.8223943915554998,0.7885718591767761,0.6526679877482833,0.31724781287663917,-0.16972640380721649
13,sklearn,131,-1.001817495632247,-0.9455602707416213,-0.8778823447850277,0.3377272166106556,0.12393515084721929
13,sklearn,132,-0.07426465378127306,-0.05632179651071008,-0.0365081264690339,0.28288262137446574,0.03775652731223916
13,sklearn,133,0.3710338239380485,0.17210203393135542,0.38469749144779364,0.38923933864293214,0.013663667509745125
13,sklearn,134,0.5322788952870324,0.4560094039031876,0.43938176526482664,0.30260757332591615,-0.09289713002220579
13,sklearn,135,-0.8427267251424242,-0.6311587071302932,-0.8846693341422753,0.30382603671485453,-0.04194260899985114
13,sklearn,136,-0.18618185592122893,-0.20303186484843905,-0.15746172507407152,0.1906595010789628,0.02872013084715741
13,sklearn,137,-0.6211958781987629,-0.6780519841149923,-0.5581083421543411,0.2329562444474077,0.06308753604442174
13,sklearn,138,0.8380080823787679,0.7813010047015171,0.581697957540702,0.31910400217530854,-0.2563101248380659
13,sklearn,139,0.5935365758455542,0.5075432944078758,0.812086548654988,0.26231888800728237,0.21854997280943378
13,sklearn,140,-0.3815256492937895,-0.3862817635592149,0.01726088057022146,0.3409205574121598,0.398786529864011
13,sklearn,141,0.13944191000038686,0.293270425586165,0.3566323225591752,0.32128522087490063,0.21719041255878835
13,sklearn,142,-0.4797837373012044,-0.5452729641375947,0.013390613621673708,0.29090685178898734,0.4931743509228781
13,sklearn,143,0.25478271594822105,0.11787374750895621,0.5327397007922459,0.250122116406008,0.2779569848440248
13,sklearn,144,0.47530496093982605,0.4796409106696613,0.744213934745714,0.3103363600581272,0.2689089738058879
13,sklearn,145,-1.4570644298384228,-1.5918489765829902,-1.0731142060457763,0.28355714802122073,0.38395022379264643
13,sklearn,146,0.5496176013954543,0.5271413242263795,0.8144084886048235,0.3499238863485083,0.26479088720936916
13,sklearn,147,-0.6401741488331815,-0.4605508028927722,-0.15177193762264451,0.33120219661524203,0.48840221121053695
13,sklearn,148,0.3211141333333346,0.41099979321170255,0.2424652728689729,0.3396768159115238,-0.0786488604643617
13,sklearn,149,-0.9171429066225296,-0.9856034597418417,-0.5218569358330001,0.30797826024865893,0.39528597078952954
13,sklearn,150,-0.23610912268625722,0.015759799554549758,0.0568553915887966,0.3387756177925124,0.2929645142750538
13,sklearn,151,-0.26202138926180085,-0.2906187370373204,-0.21004852113426242,0.29701732839351214,0.05197286812753843
13,sklearn,152,1.316335910349638,1.4560236247978802,1.1217772233123968,0.40014125375892956,-0.1945586870372411
13,sklearn,153,0.6490484719789116,0.6272898830094461,0.5887265736644478,0.3436094514179989,-0.06032189831446377
13,sklearn,154,-0.698127987353379,-0.7876148382865418,-0.09768879649060391,0.2654991539291696,0.6004391908627751
13,sklearn,155,-0.39001334917079356,-0.4458804354405501,-0.2879715737034845,0.25439030611277114,0.10204177546730908
13,sklearn,156,1.4706619016953166,1.44217170059554,1.0451809798604454,0.4024402209046202,-0.4254809218348712
13,sklearn,157,-0.45886355564299974,-0.3724611576228479,-0.4614741936514637,0.31073179798795975,-0.0026106380084639502
13,sklearn,158,0.2974463143692295,0.30866946466312284,0.20814996831637433,0.3385960663164489,-0.08929634605285519
13,sklearn,159,-0.08497753850202183,0.009719964125726094,0.06599408502745252,0.29753103945282866,0.15097162352947435
13,sklearn,160,-0.6216859203578157,-0.6703261201476972,-0.5195806763922715,0.2508496202015529,0.10210524396554421
13,sklearn,161,0.22575850733178204,0.4328960020987923,-0.13479434609265617,0.2964520265121136,-0.3605528534244382
13,sklearn,162,0.6044918051584227,0.785474601452402,-0.0004438803246147316,0.3023488201702442,-0.6049356854830374
13,sklearn,163,-1.5616420594880092,-1.5851223157619752,-1.0749307106592596,0.2993482201829224,0.48671134882874956
13,sklearn,164,-0.541172198869317,-0.5562783054621143,-0.12451480226277223,0.351508913548012,0.41665739660654477
13,sklearn,165,0.5959842916901049,0.5677212141845182,0.268237621634551,0.2778508681213328,-0.3277466700555539
13,sklearn,166,0.8404495265489011,0.6659743418340796,0.9882196431113517,0.39776443558284313,0.14777011656245054
13,sklearn,167,1.0392777359783196,0.7619498992982299,0.48953156878998083,0.30046431417829617,-0.5497461671883388
13,sklearn,168,-0.6915353158466894,-0.7185833532276259,-0.7793121290103002,0.28723084066512844,-0.08777681316361086
13,sklearn,169,-0.7236586782427058,-0.7823986558799962,-0.8399327892563377,0.20314107089840538,-0.11627411101363194
13,sklearn,170,-0.08007025985747779,0.055892594893644426,-0.030393945336746775,0.38426050693296704,0.04967631452073101
13,sklearn,171,-0.39863883379208487,-0.40675461326730455,-0.6536974664564372,0.2573443025634128,-0.25505863266435236
13,sklearn,172,-1.1686733922101773,-1.0292727646743616,-0.6201787752998746,0.3952620855619911,0.5484946169103027
13,sklearn,173,0.05918345786113455,0.11662349436326022,0.07804951401956295,0.25901005909069397,0.0188660561584284
13,sklearn,174,1.197238950715183,1.0991993258553179,0.9493402667052155,0.4645864556079939,-0.2478986840099675
13,sklearn,175,0.19366423829481968,0.39868342641826826,0.04302797906137101,0.2905327141310582,-0.15063625923344867
13,sklearn,176,0.2240750492459515,0.3257200978432221,-0.11431253563749522,0.3055754903488398,-0.3383875848834467
13,sklearn,177,0.5247596811978515,0.5476313022666944,0.3191892936978018,0.3289427838693527,-0.20557038750004974
13,sklearn,178,0.4981180420376131,0.7202345591598773,0.545806567829942,0.2555768561168593,0.04768852579232885
13,sklearn,179,0.23465973852321914,0.12816868630112427,0.4055956892353789,0.309129659135255,0.17093595071215978
13,sklearn,180,0.2259759698101832,0.3396773720429911,0.45802270559811387,0.2831487539517628,0.23204673578793067
13,sklearn,181,-0.3521241440721472,-0.19615449549616676,-0.1731615544066143,0.3284059527668678,0.1789625896655329
13,sklearn,182,0.7481232444274275,0.8244448246180736,0.8724832685065209,0.3332555126022598,0.12436002407909341
13,sklearn,183,-0.6100458793448024,-0.4623136453585135,-0.2020413519408315,0.3170774406856113,0.40800452740397086
13,sklearn,184,2.1389612001169906,2.0549827232317663,1.3235246962868965,0.335132073926033,-0.8154365038300941
13,sklearn,185,0.2765336464685658,0.2891951220726212,0.2563035035121084,0.37052604172671877,-0.02023014295645742
13,sklearn,186,1.3502752878928805,1.3932351673641457,1.1694806311940367,0.24145239820602352,-0.18079465669884387
13,sklearn,187,0.7060816762022275,0.6936868513430675,0.6949045255552946,0.21310558444632283,-0.01117715064693292
13,sklearn,188,0.7883548975865691,0.9828603621282819,0.7419584300140194,0.2975371887391753,-0.04639646757254967
13,sklearn,189,-0.6130666315815249,-0.6961554990437152,-0.26486991511292146,0.28010212187633937,0.3481967164686034
13,sklearn,190,1.0229999064656399,1.1389214094079039,0.7282240569765444,0.3996824883957989,-0.2947758494890955
13,sklearn,191,-0.09786433902083258,-0.09658799947852467,0.5718458860383535,0.31569252401183123,0.6697102250591861
13,sklearn,192,0.4312926588055036,0.49167763863778935,0.4947151258600746,0.30494375681998076,0.063422467054571
13,sklearn,193,-0.3852232700810915,-0.3672886685449733,-0.31057315811183006,0.24454840862886443,0.07465011196926141
13,sklearn,194,1.0033354769674037,0.9518684203157208,0.8011467126169096,0.3065483836484642,-0.20218876435049404
13,sklearn,195,-0.4167981485978278,-0.3035687693247575,-0.30157673652358596,0.283656170230582,0.11522141207424186
13,sklearn,196,-1.1936875666982607,-1.340095271121895,-0.565125959328781,0.42906697691231893,0.6285616073694797
13,sklearn,197,0.29854957057081033,0.3034013738948769,0.2910193371877927,0.2658498447904647,-0.007530233383017615
13,sklearn,198,0.6607964125879897,0.7575995094596758,0.18466305726995103,0.283760380984091,-0.4761333553180387
13,sklearn,199,-1.1222937154907275,-1.1937816064211177,-1.1669239735693466,0.2466572379704777,-0.04463025807861909
13,sklearn,200,1.259929215205149,1.2981686409634774,1.1173801932016483,0.3024102616546992,-0.14254902200350061
13,sklearn,201,-1.3142145439571697,-1.3258579043637138,-1.067881044520453,0.24333515015810037,0.24633349943671679
13,sklearn,202,0.7494062412404402,0.5734408042668298,0.8100400424529903,0.2448872295063379,0.06063380121255013
13,sklearn,203,0.312086293131254,0.3247630800548122,0.35132764470062217,0.3602004484842362,0.039241351569368144
13,sklearn,204,-1.9573687168850944,-1.8675309032175555,-1.8351394301557562,0.3309770811680987,0.1222292867293382
13,sklearn,205,0.443224977957149,0.42480568628336673,0.5357307850585933,0.2355682083105118,0.09250580710144429
13,sklearn,206,1.2069148746754794,1.347804496792081,1.1394065204261947,0.3336287633088621,-0.0675083542492847
13,sklearn,207,0.6278136374501171,0.4846930621888531,0.8612233312514697,0.28970114381604495,0.23340969380135257
13,sklearn,208,0.9011039778166137,0.8980420032068093,0.6201864971693558,0.2723964944135317,-0.28091748064725786
13,sklearn,209,-0.6448303032105014,-0.5637787011570964,-0.6967949771947453,0.25861877038179537,-0.05196467398424387
13,sklearn,210,-0.3896893603436127,-0.4210938229486942,-0.4053692801415689,0.22661447709973653,-0.015679919797956243
13,sklearn,211,-0.15016847575609732,-0.14549950179654117,0.33279741828291076,0.271540467753752,0.4829658940390081
13,sklearn,212,-0.635971754391571,-0.6970145978838526,-0.16685420193400535,0.24938091403235202,0.4691175524575657
13,sklearn,213,0.6417736030564118,0.5461684680180093,0.7478840724865483,0.37328260764788346,0.10611046943013647
13,sklearn,214,0.16593361607247403,0.2329131718090119,0.1842265463675936,0.29201001847005165,0.01829293029511958
13,sklearn,215,1.3806689988600358,1.675121653837353,0.9218529419366854,0.30756613244986264,-0.45881605692335037
13,sklearn,216,0.9597865891154093,0.932536066113396,1.0020822990142557,0.28777207912512637,0.042295709898846456
13,sklearn,217,0.1908528135280949,0.2193910557395295,0.08842702905242472,0.28963980325015826,-0.10242578447567019
13,sklearn,218,-0.5370560631978649,-0.4506421455422852,0.10251403418118299,0.38458087172594146,0.6395700973790479
13,sklearn,219,0.9765628223152841,0.9311933131190158,0.6989687793110182,0.294851013593562,-0.27759404300426593
13,sklearn,220,0.7975826941307829,0.9305685930271077,0.8593080905935508,0.18629116734417236,0.06172539646276798
13,sklearn,221,0.9196758695291037,0.926319194760591,0.5148128685797166,0.3058569501500037,-0.4048630009493871
13,sklearn,222,-0.19363938836296202,-0.019077628907244404,0.05597301531791565,0.28324757234032966,0.24961240368087767
13,sklearn,223,-0.1955051487827873,-0.17432163855548702,0.26290359043066314,0.33121102402851554,0.45840873921345043
13,sklearn,224,-0.5649417749044481,-0.6642399100098028,-0.6850881552786205,0.2031728940633345,-0.12014638037417247
13,sklearn,225,-0.030901396289084754,0.0552449890822906,-0.1841340365380617,0.301770292391593,-0.15323264024897695
13,sklearn,226,-0.23522239527504019,-0.38946551824069187,-0.08846384106781002,0.27233981594799234,0.14675855420723016
13,sklearn,227,0.738369332493969,0.8472367792816131,1.0673589401076233,0.3355500366002762,0.32898960761365437
13,sklearn,228,0.7011696512433416,0.5925691722834592,0.3596474916623631,0.37738420153020336,-0.34152215958097853
13,sklearn,229,-0.48134949138500027,-0.5855156611768663,0.05053197272418242,0.3000568738476627,0.5318814641091827
13,sklearn,230,0.18696114395039642,0.09959225255873794,0.57524112706641,0.2906932640611766,0.3882799831160135
13,sklearn,231,2.1298275191046043,2.231576026072824,1.2661962698684475,0.3474686878572085,-0.8636312492361569
13,sklearn,232,0.5537200019829228,0.5156957907612236,0.5129124226169939,0.3261452237191605,-0.04080757936592894
13,sklearn,233,0.7163687041544176,0.8654092264916988,0.35614287038920533,0.27989921582729144,-0.3602258337652122
13,sklearn,234,-0.04813824202247852,0.03504199956297205,-0.05911888595722736,0.22916357835334447,-0.010980643934748846
13,sklearn,235,0.11730236323390342,0.14288172626472148,0.10758153829930173,0.31617838987085056,-0.00972082493460169
13,sklearn,236,0.7664434468631889,0.8124665569104879,0.6441253263865345,0.1875171633022458,-0.12231812047665436
13,sklearn,237,-0.5381491670272672,-0.5729132449751676,-0.4823782513901147,0.36770170488572695,0.05577091563715253
13,sklearn,238,-0.4828630732984814,-0.48282772796345125,-0.4392032892184252,0.3097242811351303,0.04365978408005616
13,sklearn,239,-0.6498083199099225,-0.7396864988258878,-0.8372417416561655,0.2624637313146438,-0.187433421746243
13,sklearn,240,-0.09176666186076943,-0.08972783932896924,0.04866499508973554,0.3109005069883564,0.14043165695050497
13,sklearn,241,-0.40246866277441484,-0.48929462324847794,-0.000810763314344598,0.34889932419623965,0.40165789946007024
13,sklearn,242,-0.8458351081486825,-0.7776999949460279,-0.8052655035651828,0.23820140121146335,0.040569604583499674
13,sklearn,243,1.1590303213034392,1.1794431268540193,0.522889171609239,0.254475619476713,-0.6361411496942002
13,sklearn,244,0.5501595741114802,0.5495126132621808,0.7122182063801583,0.3099129376147038,0.16205863226867812
13,sklearn,245,0.610875769739509,0.7056531020580408,0.7045212419683322,0.4521868151511945,0.09364547222882325
13,sklearn,246,-0.08409248492284987,-0.1705361210551143,-0.08881474788426491,0.26243865546197814,-0.004722262961415036
13,sklearn,247,-0.6370838023593943,-0.5398337108019795,-0.06127034624726324,0.3103532491010697,0.5758134561121311
13,sklearn,248,0.6564879488084823,0.7061192273599172,0.5295449699129797,0.2225325835857192,-0.12694297889550255
13,sklearn,249,0.16581627313883665,-0.04945352939153644,0.21117626381032917,0.3241343822229137,0.04535999067149252
13,sklearn,250,0.021818505793358645,0.017465483577911424,-0.02768101034034487,0.28025507296824925,-0.049499516133703514
13,sklearn,251,0.16166116967889438,0.1934626879025204,0.1616624697657203,0.34692771371290976,1.3000868259172016e-06
13,sklearn,252,0.15125677868833565,0.08005410620691837,-0.0470970045232697,0.2947839547657289,-0.19835378321160535
13,sklearn,253,0.9947000707221758,1.0920954425715395,0.7243738768828702,0.28537605311229397,-0.27032619383930556
13,sklearn,254,-0.3674383651475148,-0.5358249926855982,-0.1123452935945255,0.3536578266782883,0.2550930715529893
13,sklearn,255,0.3178801624665403,0.24210781961956046,-0.021197806616340742,0.2789189035865185,-0.339077969082881
13,sklearn,256,-0.7418448028276373,-0.8337336281894266,-0.13590803612266544,0.29472967492659274,0.6059367667049719
13,sklearn,257,-0.3062227678445026,-0.15497737976338358,-0.3013657062260826,0.25438179443777814,0.004857061618419978
13,sklearn,258,0.7847111520009243,0.8336148058738897,0.7156505334555687,0.32775224667930875,-0.06906061854535561
13,sklearn,259,-0.10149043510608857,-0.2354954436955707,-0.12570388203647198,0.2708148726708758,-0.02421344693038341
13,sklearn,260,-0.8663665163317424,-0.6958690383625039,-0.8681423396261696,0.22821751798747147,-0.001775823294427159
13,sklearn,261,-1.1209981041377388,-0.9281241509049447,-0.6879467736365759,0.4210059562783841,0.43305133050116296
13,sklearn,262,-0.8165935759274007,-0.6735845710005917,-0.9571107042339984,0.3488013006755911,-0.14051712830659768
13,sklearn,263,-0.6567655439065558,-0.8200839179285815,-0.7446004068142056,0.25615532897778603,-0.08783486290764975
13,sklearn,264,-0.864028633372872,-0.9247650013016854,-0.6610521886033589,0.3810606755105437,0.20297644476951304
13,sklearn,265,0.9453081363066864,0.9414604915707899,0.7917473452027428,0.270123507955807,-0.1535607911039436
13,sklearn,266,2.0601084113310346,2.0878605277913453,1.22155525113335,0.45652429083092816,-0.8385531601976846
13,sklearn,267,0.9989298555408449,1.0658033860289406,0.8397202638167736,0.2785236751283023,-0.15920959172407134
13,sklearn,268,-0.44499672918949695,-0.44115933528563417,-0.04435545439882915,0.32191364524690225,0.4006412747906678
13,sklearn,269,-0.26217221688081815,-0.17238640497181987,-0.007467220103757555,0.22497282802265975,0.2547049967770606
13,sklearn,270,0.3054119695428914,0.3180710377074938,0.5939415248241842,0.22779286746687796,0.28852955528129276
13,sklearn,271,-0.39949350498186875,-0.5213835693556428,-0.5476771850225735,0.3010104182815905,-0.1481836800407047
13,sklearn,272,1.1640824965900114,1.1436877730136197,1.0241347752207268,0.336561690608578,-0.13994772136928457
13,sklearn,273,-0.8414218740979645,-0.9564714031693239,-0.11431923026566171,0.350961981357262,0.7271026438323028
13,sklearn,274,1.1069025051517123,1.0519169523629512,0.5599497165371226,0.3016464639233012,-0.5469527886145897
13,sklearn,275,0.04982482734475821,0.1347412578726374,0.23063149475350464,0.28673689494226784,0.18080666740874643
13,sklearn,276,-0.25533415495322787,-0.12992127279641832,0.13709724384225153,0.2916450233944424,0.3924313987954794
13,sklearn,277,1.0675340607102655,1.1474848762907297,0.8184340282771148,0.23450993928204752,-0.2491000324331507
13,sklearn,278,-0.7286940059361242,-0.8610163326479616,-0.19587027708326543,0.44201532967929086,0.5328237288528588
13,sklearn,279,-0.37841053096541105,-0.4669825426463627,-0.5464183228902328,0.22433095955929028,-0.1680077919248218
13,sklearn,280,0.31710535035505194,0.37686152746463925,0.15776313961139543,0.2807373880132931,-0.1593422107436565
13,sklearn,281,0.7698462246197852,0.871485281010369,0.7175188212537655,0.304553667309607,-0.05232740336601971
13,sklearn,282,0.8050123889840455,0.638253766977635,0.662093785416622,0.3317818712688351,-0.14291860356742347
13,sklearn,283,0.35850786607592133,0.20461413857922753,0.795583470256668,0.2679138897367138,0.43707560418074665
13,sklearn,284,1.7564004396554305,1.7253643414457243,1.156557007594511,0.38749590108006776,-0.5998434320609194
13,sklearn,285,-0.563499873574592,-0.5463193948605586,0.003483803355793569,0.2727499726817692,0.5669836769303855
13,sklearn,286,0.25719465140853937,0.293835264831387,-0.1284258537106373,0.37338716752956663,-0.38562050511917667
13,sklearn,287,-0.031002515777142803,-0.10538158827127068,0.06196736869752684,0.2391820983763778,0.09296988447466964
13,sklearn,288,0.865253045990908,1.0062656749843637,0.41354277033941234,0.35093618254333214,-0.4517102756514957
13,sklearn,289,0.5024008199880782,0.31980291705804664,0.05037256415595248,0.29723056606769843,-0.4520282558321257
13,sklearn,290,1.0972255992892628,1.1085724241956796,1.0778740043463015,0.2150491076645482,-0.019351594942961237
13,sklearn,291,-0.039085879722468575,0.003080972930671333,0.4455954306097887,0.26308933474062796,0.48468131033225725
13,sklearn,292,0.47392634532658495,0.54724400437699,0.30139575388573014,0.285713671666618,-0.1725305914408548
13,sklearn,293,2.1583513494297537,2.159381596886839,1.278113818297796,0.3860264248192518,-0.8802375311319577
13,sklearn,294,1.0547826978164585,1.1604332146249938,1.0873114728143074,0.3230984372536485,0.0325287749978489
13,sklearn,295,1.1553444362166516,1.1624096744570123,1.0469241878614994,0.3152195855171868,-0.10842024835515218
13,sklearn,296,0.0654718748935974,-0.10224399394517966,0.1493346283250272,0.29544690222617254,0.08386275343142979
13,sklearn,297,0.9642750319889442,0.9279251202078967,0.20547503399838796,0.2882721315145829,-0.7587999979905562
13,sklearn,298,-0.8688442341953728,-0.8548063921487749,-0.7177413871832115,0.3494153462745659,0.15110284701216137
13,sklearn,299,-0.3701020456074087,-0.5115813248487494,-0.6185887564490438,0.4128991186511028,-0.24848671084163504
14,sklearn,0,1.273168926328951,1.3789164881473108,1.1453325719711698,0.3293078215889768,-0.12783635435778118
14,sklearn,1,0.9326755741442221,0.9960738862776509,0.979877759565916,0.283865106381777,0.047202185421693965
14,sklearn,2,0.8994774604828922,0.7950082517110174,1.0255460518439925,0.20882129360741872,0.12606859136110027
14,sklearn,3,1.6663414856753818,1.7995336101981787,1.6623866840613357,0.20148522352595663,-0.003954801614046044
14,sklearn,4,0.7554075349535804,0.6647062994249884,0.9484975961947635,0.32681453940464716,0.1930900612411831
14,sklearn,5,1.8427086754767539,1.9052660911454087,1.7556105928114043,0.29361807675269164,-0.08709808266534957
14,sklearn,6,0.5334787249704931,0.47930533868442626,0.9218607776551302,0.354629325944592,0.3883820526846371
14,sklearn,7,1.1919559953646228,1.0860107970526833,0.9536725730394391,0.29675829265198517,-0.23828342232518374
14,sklearn,8,2.172327879208028,2.027732250115716,1.772727865495292,0.29652910228727336,-0.3996000137127358
14,sklearn,9,2.0452281965193597,2.2260183678265397,1.4410059193027323,0.30360458532638773,-0.6042222772166275
14,sklearn,10,-0.20481100144199216,-0.055881923262557975,0.0051846067918175365,0.2637474458126392,0.2099956082338097
14,sklearn,11,1.0233704043061276,1.003054488480002,0.799411068219201,0.46824443816502714,-0.22395933608692653
14,sklearn,12,0.9459728188789701,0.906198511891267,0.789657859066291,0.36956863429222203,-0.15631495981267907
14,sklearn,13,1.8791352332323665,1.768327159051059,1.7819334742259638,0.2263155317451462,-0.09720175900640271
14,sklearn,14,0.2882326750405835,0.12175393363229275,0.1545006678554337,0.39072549480134344,-0.13373200718514977
14,sklearn,15,0.16612007950336138,0.0996503427519528,0.4695383681718228,0.35188904173162494,0.30341828866846143
14,sklearn,16,0.49975371650029066,0.5212928850477457,0.6593379361018155,0.2528972963093568,0.1595842196015248
14,sklearn,17,1.1370627995485565,1.1302703456273813,0.964038742862459,0.3857831648391197,-0.17302405668609744
14,sklearn,18,2.027760223770112,2.028997209656927,1.5457002060663871,0.26683975921623565,-0.48206001770372486
14,sklearn,19,1.00201829424885,0.9294641646094024,0.9446358154770103,0.19534144431422487,-0.05738247877183977
14,sklearn,20,0.6999331549772312,0.6878486405539014,0.867107892716179,0.22967118427484848,0.16717473773894787
14,sklearn,21,-0.15103999176297392,-0.0993343770411842,-0.11337641285783118,0.27082604830216533,0.03766357890514274
14,sklearn,22,-0.048636204891978424,-0.06458127441957848,0.12011237218545201,0.2823017527272504,0.16874857707743043
14,sklearn,23,0.7538170393358216,0.7786900223193163,0.9041133701909123,0.3902140097681415,0.15029633085509075
14,sklearn,24,1.1812614441499087,1.1721087514769972,0.9354941221317237,0.19663066254261308,-0.24576732201818507
14,sklearn,25,-0.11606348406049483,-0.08374358660462505,0.3712833451512534,0.41670139456434657,0.4873468292117482
14,sklearn,26,2.054404555060782,2.00946663580115,1.8693400950507462,0.31185712901084967,-0.18506446001003596
14,sklearn,27,-0.307503986163537,-0.2436059004943536,-0.0752144492886977,0.2572079891798516,0.23228953687483933
14,sklearn,28,0.7724161269179994,0.761486821050204,0.7750824984381719,0.41740748911401504,0.0026663715201724614
14,sklearn,29,-0.46479245613198505,-0.4912173709168605,-0.024312940890859558,0.41629578523938776,0.4404795152411255
14,sklearn,30,0.12606508755618331,0.02569971756334781,0.04311104138346877,0.28247128269546073,-0.08295404617271454
14,sklearn,31,1.53835071220401,1.5148725359532798,1.5357072039169601,0.26269960852597696,-0.002643508287049956
14,sklearn,32,0.8158814782814785,0.7607770544712902,0.8243310163799196,0.44426890924378526,0.008449538098441067
14,sklearn,33,0.6808768142182209,0.7622308951576007,0.6037895578874952,0.32365259014127806,-0.07708725633072566
14,sklearn,34,0.7223415360746466,0.7946799767485648,1.01271943632524,0.24708803404643734,0.2903779002505935
14,sklearn,35,1.2752148934272565,1.1197837564657473,1.2279901422435904,0.3788956426621485,-0.04722475118366609
14,sklearn,36,0.9647004764310401,1.0224522176573676,0.9503875905083379,0.1960417896958118,-0.01431288592270219
14,sklearn,37,-0.20267799779166057,-0.2849866583065392,-0.18630251210313808,0.21040003386251732,0.016375485688522484
14,sklearn,38,0.6362845969418924,0.6346233764783444,0.638584322645567,0.23496875761611016,0.0022997257036745378
14,sklearn,39,1.4193261038793274,1.3736429435493167,1.2466112301887504,0.25916478337750626,-0.17271487369057703
14,sklearn,40,0.4568481742416327,0.4029671653082203,0.554572508303464,0.22890792557199263,0.09772433406183134
14,sklearn,41,2.123639999335662,2.19994089317916,1.7957154800479675,0.2568674800892001,-0.3279245192876945
14,sklearn,42,0.8048064742290074,0.6825858573661708,0.8516438398868642,0.2789789080039058,0.04683736565785679
14,sklearn,43,0.8296777454120514,0.7861775504941714,0.49446397130647046,0.35148224345871876,-0.33521377410558095
14,sklearn,44,1.93740105617876,1.8383332259076437,1.7425188065169186,0.3049052932374204,-0.19488224966184142
14,sklearn,45,1.2246026896865025,1.2424437685360974,1.228732349704707,0.4133818555714669,0.004129660018204362
14,sklearn,46,1.2717383911675129,1.2156107360558293,1.305708931622359,0.30500443358595725,0.03397054045484604
14,sklearn,47,1.078368251938,1.1990717312147972,1.0636670145472769,0.23004779980776738,-0.014701237390723154
14,sklearn,48,1.6534696692319304,1.6388847403182183,1.0983635730389727,0.3369967195790394,-0.5551060961929577
14,sklearn,49,1.6600855766325446,1.5821188740055492,1.5270300224691553,0.30985046369327457,-0.13305555416338932
14,sklearn,50,1.1629280475890227,1.0630784037457603,0.9204698335434243,0.2714228422367027,-0.24245821404559842
14,sklearn,51,0.6965661087649424,0.7053928235346996,0.54195193148256,0.381771235070713,-0.15461417728238236
14,sklearn,52,0.5752075984035842,0.5084822893545593,0.6712032994154074,0.38168014548007995,0.0959957010118232
14,sklearn,53,-0.2575432170108456,-0.30355719283396754,-0.2849909106656974,0.3093299972569793,-0.02744769365485178
14,sklearn,54,1.2903149729070744,1.4437705442885986,1.2667081625771832,0.2798376316088474,-0.023606810329891204
14,sklearn,55,1.0252817573658453,1.0948105845602703,1.289834051032554,0.24258554538088742,0.26455229366670885
14,sklearn,56,0.7759789163006655,0.7213608898639527,0.9808270375359314,0.3045627022316411,0.20484812123526586
14,sklearn,57,0.08522321905565847,0.1769836208903704,0.11608637314787273,0.192562690486341,0.030863154092214268
14,sklearn,58,1.5366767345113088,1.5171405755896852,1.3423909968858654,0.23578395342218997,-0.19428573762544343
14,sklearn,59,1.5067053267284451,1.7441619706746678,1.1084720701505741,0.425802660463565,-0.398233256577871
14,sklearn,60,0.6353837188037986,0.5000914828725916,0.6042334473718158,0.2275975169143312,-0.03115027143198279
14,sklearn,61,0.558207203393774,0.6980880299414445,0.5521487743599183,0.21609082499706905,-0.006058429033855783
14,sklearn,62,0.037889316574567566,-0.07364212475647858,0.057910498107881736,0.25281422040192697,0.02002118153331417
14,sklearn,63,1.5466017165145143,1.455833931763502,1.123667872404011,0.3763992367328564,-0.4229338441105033
14,sklearn,64,1.947140724150773,2.1251242178323317,1.2860491832680783,0.275326059963566,-0.6610915408826947
14,sklearn,65,1.1634304792860244,1.2261677462488607,0.9250439657147522,0.2029975095578289,-0.23838651357127216
14,sklearn,66,0.8962885020147521,1.0606304611435589,1.156116601557815,0.2623979695701998,0.25982809954306296
14,sklearn,67,0.1462180583155473,0.20848341181859972,0.31089606061034036,0.2518237392188571,0.16467800229479307
14,sklearn,68,-0.2811216345653509,-0.3717405323356005,-0.13833440344176484,0.3216880744087989,0.14278723112358604
14,sklearn,69,1.871179322268531,1.8273917808357014,1.387399500196385,0.4554995836763521,-0.48377982207214587
14,sklearn,70,-0.0426494945906557,-0.08866135921858012,0.031710335137021595,0.3007364888148386,0.0743598297276773
14,sklearn,71,1.1076971517499072,1.2193262105497475,1.365199811760296,0.27221783388468057,0.2575026600103887
14,sklearn,72,0.9750192953079668,1.029550888098607,1.2606016947933165,0.4979012430098866,0.2855823994853497
14,sklearn,73,0.9840908516998332,1.0363822688749684,1.1394536078360495,0.37433277027164846,0.1553627561362163
14,sklearn,74,0.3617868709586335,0.36505998857985733,0.6830778846485837,0.26039700091751367,0.32129101368995017
14,sklearn,75,0.7482552172543611,0.5948859838599506,1.2047574389217361,0.2970482338426792,0.4565022216673751
14,sklearn,76,1.828159061318645,1.7762228681048506,1.4057627163641722,0.37958937889870653,-0.42239634495447276
14,sklearn,77,1.3977895495007806,1.6190120423822627,1.2851171236161996,0.3381671159615699,-0.11267242588458104
14,sklearn,78,0.7019872083746991,0.8518173335585463,0.1821784602736094,0.4361158493161071,-0.5198087481010897
14,sklearn,79,0.10824304980665023,0.15840851379916415,0.2332332043326586,0.3865862636184054,0.12499015452600837
14,sklearn,80,0.8658250670548255,1.0024927969671436,1.0019977713736816,0.4899975800126639,0.13617270431885609
14,sklearn,81,2.0502404450126077,2.04388570979266,1.8603335019504543,0.24983251857406197,-0.1899069430621534
14,sklearn,82,1.532439667058917,1.5712669074656556,1.1364514507085701,0.33675489151820615,-0.395988216350347
14,sklearn,83,0.6975958367275111,0.6368971599660237,0.7666275427938949,0.2989230670985482,0.06903170606638376
14,sklearn,84,1.387992012167401,1.4529288080663345,1.3490567682810637,0.29171486852550965,-0.03893524388633729
14,sklearn,85,1.384772042592506,1.267524719796167,1.199867050346736,0.3045249561349169,-0.18490499224577017
14,sklearn,86,-0.1145157222437273,-0.052804042525132995,-0.09997446025958112,0.15794698856396902,0.014541261984146181
14,sklearn,87,1.270360529614953,1.1392154635019365,0.8314654090033331,0.3918449554628038,-0.43889512061161984
14,sklearn,88,0.60183879570333,0.6757376592119418,0.7188291859257481,0.23138280427757216,0.11699039022241808
14,sklearn,89,1.2473630137353264,1.2554802882125518,1.1500226474765594,0.2705412113121994,-0.09734036625876707
14,sklearn,90,1.2058609437825576,1.2870698012951234,1.161776567322672,0.25847081203153927,-0.0440843764598855
14,sklearn,91,1.0276986294799069,0.9752854050279647,0.9970821562928043,0.18648505029863505,-0.03061647318710259
14,sklearn,92,0.8230890590345901,0.8331098373083181,0.7135232583497988,0.21006729528601042,-0.10956580068479127
14,sklearn,93,0.6594896069360314,0.6240780683947463,0.8816659594916629,0.2539574739841596,0.2221763525556315
14,sklearn,94,0.10371755259549231,0.17272067731766286,0.2453922410555216,0.18925027096987002,0.14167468846002929
14,sklearn,95,0.8835192136865432,0.82618683439756,1.04688639709725,0.23046412962807866,0.16336718341070677
14,sklearn,96,1.0678426430823096,0.939202329451656,0.9589905644341497,0.2186162194538035,-0.10885207864815993
14,sklearn,97,1.1841248291614956,1.2379307625385678,1.302411158240142,0.37989806910344687,0.11828632907864645
14,sklearn,98,2.1561127059086753,2.1338448787856024,1.384149996842639,0.3949780348564699,-0.7719627090660364
14,sklearn,99,1.3111138432923455,1.3286082952159182,1.0274545406599227,0.2861068953642935,-0.2836593026324228
14,sklearn,100,0.8621334768075519,0.8825221084257866,0.6455878603245804,0.30117335511252347,-0.21654561648297155
14,sklearn,101,-0.24958837033278602,-0.3158826593213738,-0.008823389197061715,0.30447456205560386,0.2407649811357243
14,sklearn,102,1.5960243336176978,1.7590695152118392,1.5158674417000841,0.23458065201780431,-0.08015689191761366
14,sklearn,103,0.998166093770665,1.0727328317234044,1.0523627269141707,0.35268975912327344,0.054196633143505646
14,sklearn,104,0.4674859875439708,0.5143448513851361,0.4028482876758126,0.20469603747445922,-0.0646376998681582
14,sklearn,105,0.5101471925252657,0.6200710437784468,0.3225664153489687,0.2744335350080788,-0.18758077717629706
14,sklearn,106,0.04025471852571255,-0.008720783666389204,0.08349137161262776,0.27915478591688003,0.04323665308691521
14,sklearn,107,1.1219713910801643,1.1731170787936476,1.1843555378774417,0.5473312050533115,0.06238414679727744
14,sklearn,108,0.6075882706507689,0.623659143890015,0.8367547643626763,0.5055060552150404,0.22916649371190734
14,sklearn,109,0.3384433322696052,0.2801288883852936,0.13062693804227887,0.22385070082205397,-0.20781639422732634
14,sklearn,110,0.9037596109154117,0.9888678536950091,1.3036122987184111,0.40438409393067376,0.39985268780299943
14,sklearn,111,-0.5765473148294326,-0.5074991071487291,-0.21166972159430486,0.44068522434394025,0.3648775932351277
14,sklearn,112,-0.23302577737234934,-0.4915975396355472,0.14686518941503213,0.3186867684833554,0.37989096678738143
14,sklearn,113,-0.24957022372388715,-0.3781958983483439,0.03597863216447328,0.24695315590137976,0.28554885588836043
14,sklearn,114,0.8740909041072159,0.9740578480274327,0.8237449837619639,0.27195404011653035,-0.05034592034525198
14,sklearn,115,1.5523205640519586,1.5612024278186074,1.4959823290776164,0.27464373704193895,-0.056338234974342205
14,sklearn,116,-0.24046523122943295,-0.3272493011534665,-0.1923147123003055,0.186969885442181,0.048150518929127445
14,sklearn,117,0.178543460430944,0.1664821306462452,0.26976879699648393,0.2536088900606693,0.09122533656553994
14,sklearn,118,0.02510498630373076,-0.033125587906031276,0.028260456031688364,0.21770163204765466,0.003155469727957605
14,sklearn,119,1.57322644911401,1.410703033713046,1.179095278001327,0.31715898706154305,-0.3941311711126829
14,sklearn,120,0.10334307074138671,-0.0930367439997748,0.2332088688008085,0.3553317208149536,0.12986579805942178
14,sklearn,121,0.6982464194800875,0.70698607606827,0.7257170628314826,0.3185772663672371,0.027470643351395152
14,sklearn,122,0.7273734504754948,0.8678771890768116,0.565913039910221,0.21471654827244716,-0.16146041056527383
14,sklearn,123,0.03716177547082422,0.23711366620532692,0.15259706031810838,0.2391945095940027,0.11543528484728416
14,sklearn,124,0.2336655219012762,0.11789758132737588,0.21986457734530163,0.29890760687365925,-0.013800944555974581
14,sklearn,125,1.9428871415073832,1.942597404722709,1.5433013348922504,0.21274596087051828,-0.39958580661513277
14,sklearn,126,0.5232982681495462,0.4389642113412923,0.44520030866384985,0.3866244341002779,-0.07809795948569631
14,sklearn,127,0.5909986269125052,0.5760412619760888,0.8106028161277319,0.22563876956701726,0.21960418921522673
14,sklearn,128,0.8868953502483984,0.9990614817508072,0.6472839577970144,0.2728119073395715,-0.23961139245138396
14,sklearn,129,0.6009798800030361,0.6367575170357891,0.5347925756776535,0.2395904052295717,-0.06618730432538267
14,sklearn,130,1.750273096285961,1.6944346583873415,1.6271373674534946,0.3431116475478449,-0.12313572883246637
14,sklearn,131,1.6338954007148643,1.6917680189173816,1.488639634747293,0.24711278179041543,-0.14525576596757128
14,sklearn,132,0.7893429485079608,0.9011412294624032,0.8163450880692635,0.23827105896394446,0.027002139561302707
14,sklearn,133,-0.0927330905255059,-0.05781184017849738,0.16879954433253008,0.3095364521176848,0.261532634858036
14,sklearn,134,-0.15272794676574236,-0.07601023738848828,-0.10989102052786137,0.34806872123004867,0.04283692623788099
14,sklearn,135,0.08575789512755895,-0.010847647914130357,0.08112122143781786,0.30351098998013903,-0.0046366736897410915
14,sklearn,136,1.3508480736484514,1.4617948580601436,1.3144741656508945,0.4146189062113736,-0.03637390799755691
14,sklearn,137,1.768941223628638,1.8623751783609988,1.6561442542165707,0.29435508282041645,-0.11279696941206718
14,sklearn,138,0.7868430102809718,0.8831464798471292,1.3729478702497264,0.403691989257933,0.5861048599687546
14,sklearn,139,0.6795007945807554,0.7927822914665037,0.8463586941854886,0.32336969114519665,0.16685789960473318
14,sklearn,140,1.2277943240947065,1.3680652772475785,0.9543494483509383,0.21570191568769534,-0.2734448757437682
14,sklearn,141,1.7801632474063669,2.007083776320459,1.6361004491222433,0.36634088965717343,-0.1440627982841236
14,sklearn,142,0.7163050420365766,0.8640918478078217,1.012138899790762,0.2352472165005217,0.29583385775418547
14,sklearn,143,1.1519061329931108,1.184473325681872,0.9892454044702066,0.335497687935818,-0.16266072852290425
14,sklearn,144,1.4134448210778103,1.3852011243591578,1.1962718933505059,0.38492408960534574,-0.21717292772730445
14,sklearn,145,1.5417376380464736,1.4019739827846212,1.1434098837666244,0.3176334169414741,-0.3983277542798491
14,sklearn,146,1.4195907594123303,1.3372828062345465,1.3323861010146825,0.40938901680364953,-0.0872046583976478
14,sklearn,147,2.0899177766817827,2.0072280572263197,1.6766372343283926,0.2679538530075839,-0.41328054235339007
14,sklearn,148,0.4070289425366415,0.5282264402856638,0.20138765310201379,0.33524592585589164,-0.20564128943462773
14,sklearn,149,0.656167577638823,0.6779026471666019,1.0238343606241287,0.4394056243542967,0.36766678298530564
14,sklearn,150,0.8387408742482376,0.8136307716971515,0.9606952359633567,0.18997550081116432,0.12195436171511909
14,sklearn,151,1.0242879450843936,1.1645826871355627,0.6974278768862505,0.20519283210089911,-0.32686006819814306
14,sklearn,152,0.5402147359640583,0.5472191979123594,0.8219028802981221,0.26510838637378914,0.28168814433406375
14,sklearn,153,0.36202501335191833,0.36662600846818705,0.36260000556432725,0.23250963334053235,0.0005749922124089202
14,sklearn,154,0.7456631050179081,0.8872968695873567,0.4891330203275075,0.3189630673251294,-0.2565300846904006
14,sklearn,155,-0.32582514174278876,-0.3505489952136567,-0.18111121248133344,0.44999000930330774,0.14471392926145532
14,sklearn,156,0.9230079669346529,0.9647874938844432,0.603103537098372,0.5149796720615117,-0.319904429836281
14,sklearn,157,0.5941905957579388,0.3183254257060792,0.6183225331456406,0.24552900399982328,0.024131937387701807
14,sklearn,158,0.9386428639234521,1.1424132043021542,0.7545631191253248,0.31748197781902865,-0.18407974479812728
14,sklearn,159,1.0568655845782537,1.0310269082829369,1.1427227682725234,0.21537630996306642,0.08585718369426965
14,sklearn,160,1.1595272522727134,1.13375898051279,1.408800801063479,0.31766576737971697,0.24927354879076558
14,sklearn,161,0.08474027247859187,0.14160411535890663,0.8516168733211336,0.395150894655567,0.7668766008425417
14,sklearn,162,0.22633220345780225,0.18496856778053394,0.01916446632308233,0.29540074796833476,-0.20716773713471992
14,sklearn,163,0.7525441430926791,0.7408088376670102,0.7163810996970521,0.35171721690880575,-0.03616304339562704
14,sklearn,164,0.01628541367727948,-0.07630821672620122,-0.04267421404943761,0.32638602693218954,-0.05895962772671709
14,sklearn,165,1.6388408112947976,1.4081395756897868,1.5068705350003646,0.2777108000545022,-0.13197027629443303
14,sklearn,166,1.2419062181230942,1.3183274422379347,1.1629607273413272,0.2718185348205009,-0.07894549078176705
14,sklearn,167,0.4551187190455619,0.4953243234290794,0.6088220799297197,0.42079986124892244,0.1537033608841578
14,sklearn,168,0.108547538407678,0.24391783543409273,0.07626158466131194,0.20922300970851765,-0.03228595374636606
14,sklearn,169,0.24477079955100128,0.17389585445832276,0.23860248421292063,0.20667207601332113,-0.006168315338080654
14,sklearn,170,0.8186350920601876,0.9058323783372964,0.8473288301915209,0.33493112382527385,0.028693738131333357
14,sklearn,171,1.7595701234139522,1.888383830554802,1.7152486989670823,0.27007613985223305,-0.04432142444686993
14,sklearn,172,0.668376410169431,0.8089963302539509,0.8831247253801386,0.20281944631433477,0.2147483152107077
14,sklearn,173,0.6977203717585068,0.6516468561344515,0.589304600811678,0.32407746818692457,-0.10841577094682875
14,sklearn,174,0.13606749560280273,0.2473728187949964,0.10663689907404539,0.2912304095924301,-0.029430596528757347
14,sklearn,175,-0.23932701673314616,-0.13569157872692922,-0.09997247363408857,0.30738968587663573,0.1393545430990576
14,sklearn,176,-0.3899379646860879,-0.39012522788640475,0.23808981868031953,0.49126840514003683,0.6280277833664074
14,sklearn,177,0.8134307562840072,1.0446455280360087,0.630347698851466,0.22069357730736217,-0.18308305743254116
14,sklearn,178,0.9653244586125092,0.9447650850344902,1.0167422775358128,0.32492012291663,0.05141781892330366
14,sklearn,179,0.11879358760522668,0.09547189220495243,0.036758110181392745,0.16770759809511995,-0.08203547742383394
14,sklearn,180,0.44621254493217355,0.4849033959118818,0.3476517920206401,0.2506456850326109,-0.09856075291153343
14,sklearn,181,0.7872256452888007,0.8608916575142966,1.2276818901395439,0.26378024484560475,0.4404562448507432
14,sklearn,182,-0.2160763501485195,-0.1688310275275503,-0.10846547949483565,0.29067099656408457,0.10761087065368385
14,sklearn,183,1.394028747725404,1.236188831997862,1.570691532680208,0.28094085935607166,0.17666278495480392
14,sklearn,184,0.9937056706531411,0.9888137902422567,0.9759585845388963,0.3356728866183182,-0.017747086114244803
14,sklearn,185,0.5294902006014289,0.5043518827791461,0.48572929088714645,0.2685886359481559,-0.04376090971428248
14,sklearn,186,1.7688481308079305,1.6848711552974556,1.8682960986850716,0.2740189480121256,0.09944796787714116
14,sklearn,187,2.162080486184327,2.1837797825231773,1.4375932175533253,0.3017805833190976,-0.7244872686310018
14,sklearn,188,0.7337287046485461,0.744758098060449,1.0159564823205773,0.4673889591789607,0.2822277776720312
14,sklearn,189,0.9939544459452616,0.9688091456181989,0.8863591514877442,0.26931038696457216,-0.10759529445751737
14,sklearn,190,0.781610707268185,0.6394098168082106,1.044987695654731,0.3138843287358268,0.263376988386546
14,sklearn,191,0.22015234965883612,0.3505397252245275,0.25439396730534725,0.17759936535855542,0.034241617646511124
14,sklearn,192,1.3319837502923215,1.5081165199633753,1.4449305824739653,0.2842631643164357,0.11294683218164381
14,sklearn,193,0.9749663190616102,1.1621784660949446,0.840526100922057,0.22098826063798135,-0.1344402181395532
14,sklearn,194,1.6162316730414288,1.6639378495015147,1.3322030015530295,0.26102094953631116,-0.2840286714883993
14,sklearn,195,0.9488078645366672,0.9709335679799408,0.9392717232730545,0.3176168784406459,-0.009536141263612685
14,sklearn,196,0.2676785590035704,0.3091516923252609,0.027490720215809006,0.18114443520422055,-0.2401878387877614
14,sklearn,197,0.19565492412256807,0.19690635763151187,0.038007304325391456,0.3136425495907614,-0.15764761979717662
14,sklearn,198,-0.11682106070997156,-0.1854690321250255,-0.00259628880018159,0.17058035874409141,0.11422477190978997
14,sklearn,199,0.9295339864872246,0.9707882533720977,0.6262163891667569,0.4997495374625619,-0.3033175973204677
14,sklearn,200,0.6304862407056645,0.7409679565088915,0.974165105606851,0.4125728411897722,0.3436788649011865
14,sklearn,201,1.2623062563333296,1.2319691698095463,1.069242754087257,0.22325492762065766,-0.1930635022460725
14,sklearn,202,0.11396211521281442,0.2575723060574746,0.012449047259857071,0.312848917393438,-0.10151306795295735
14,sklearn,203,0.5761955796115739,0.581656174206101,0.1715895845065356,0.19028092402724145,-0.40460599510503825
14,sklearn,204,0.9488974677975222,0.9279278649472453,1.0187352221801258,0.494587439088778,0.06983775438260365
14,sklearn,205,0.9671608358366933,0.8332706115578152,0.5978435304980891,0.25137306115940283,-0.3693173053386042
14,sklearn,206,0.9444165602137815,1.0157937629840128,0.9471342932562843,0.2580357949439645,0.002717733042502779
14,sklearn,207,0.0007602159987029622,-0.011877360158291581,0.32100656270571726,0.352923203897968,0.3202463467070143
14,sklearn,208,0.6896710622624136,0.7013471326367596,0.9512711845456696,0.3340379082575573,0.261600122283256
14,sklearn,209,-0.1416480146780674,-0.11011648592211615,0.7563628738844663,0.3960058957161752,0.8980108885625337
14,sklearn,210,1.104364065137997,1.1724853811533988,0.7561093926396989,0.30047559503489824,-0.348254672498298
14,sklearn,211,1.2648310644121012,1.362510314129182,1.2037110117514755,0.23990547953794128,-0.0611200526606257
14,sklearn,212,1.7011299106032534,1.975358938778896,1.3760601214925288,0.259613790589297,-0.3250697891107246
14,sklearn,213,0.9636842700399764,1.1422671696655144,0.45563212599032177,0.2767060270609708,-0.5080521440496546
14,sklearn,214,0.7375141628671883,0.5823321039486296,0.7664471075256305,0.20493489997439668,0.028932944658442206
14,sklearn,215,1.2316472503127307,1.2248254165269166,1.3520740191906384,0.23275145925877744,0.12042676887790771
14,sklearn,216,0.5085018967926171,0.5795266251774583,0.4842503529110598,0.2977458975177049,-0.02425154388155737
14,sklearn,217,0.48645909749192473,0.5345014178949326,0.7180214939093243,0.23732715643990068,0.23156239641739962
14,sklearn,218,0.9415530827921387,0.8838819208814055,1.1732105878187022,0.24155417051460265,0.23165750502656357
14,sklearn,219,1.6764275838655889,1.7740014836698899,1.237168110742756,0.3518890807996205,-0.439259473122833
14,sklearn,220,1.864780409027711,1.7815336745315933,1.3456306080904397,0.4364777466941368,-0.5191498009372713
14,sklearn,221,0.39954663433429005,0.5145634735448086,0.15581110534149634,0.30392044959455433,-0.24373552899279372
14,sklearn,222,0.7807408235860898,0.7479075369528724,0.7031269406395761,0.25812188384134516,-0.07761388294651361
14,sklearn,223,0.6723967336779861,0.7187270123371811,0.9084663942444022,0.34349950594392725,0.2360696605664161
14,sklearn,224,0.4133911251863921,0.3305010114393597,0.3004743836648638,0.3228370852440079,-0.11291674152152831
14,sklearn,225,1.1061366238224029,1.1553412277641957,0.9845915649086572,0.24577073862516055,-0.12154505891374567
14,sklearn,226,0.07628343351304637,0.13420534478570026,0.2963489805076738,0.324989408485493,0.2200655469946274
14,sklearn,227,1.418298263093828,1.4687255428496855,1.5912175519776826,0.2522283808465628,0.17291928888385466
14,sklearn,228,0.989898796504414,0.8575208606415883,0.8481568837964222,0.29370795470869093,-0.14174191270799186
14,sklearn,229,0.9026874333180788,0.9764634452231565,0.7100159197435016,0.2605399085793571,-0.19267151357457712
14,sklearn,230,1.238681283103024,1.3868833514063892,0.861303750463259,0.4555933213012757,-0.37737753263976503
14,sklearn,231,0.6728285935624992,0.7754706107633405,0.3274579021513979,0.21022778674650777,-0.3453706914111013
14,sklearn,232,1.8575504595077934,1.8066006914195674,1.7196512827345884,0.3321179327899182,-0.13789917677320496
14,sklearn,233,0.6852396567317448,0.6265428986345754,0.8999474774049849,0.28456413160357097,0.21470782067324012
14,sklearn,234,0.7939913541167256,0.8548498508728194,0.8749757773784776,0.35690449323587353,0.08098442326175204
14,sklearn,235,0.6038978233573031,0.6611452834931335,0.5365908829874009,0.3785760639904181,-0.06730694036990226
14,sklearn,236,1.0068862549232869,0.933301854870298,0.6688891087919764,0.22832394689754465,-0.3379971461313105
14,sklearn,237,0.7169773477197788,0.7070296155992156,0.5623951657974748,0.29625869106822794,-0.154582181922304
14,sklearn,238,0.8943022978964675,0.7373003551727513,0.9917080191738101,0.4110535681618604,0.0974057212773426
14,sklearn,239,1.4768675686970407,1.5025870780064132,1.4905597657272796,0.26322581446473886,0.013692197030238829
14,sklearn,240,0.13807485747033732,0.0167787648998185,-0.030801791120718125,0.33432513146221554,-0.16887664859105544
14,sklearn,241,1.1843955062229425,1.0424322390173442,1.2392987266174869,0.2537547294657873,0.054903220394544316
14,sklearn,242,0.8441661114893018,0.8499124971870057,0.5590441818856089,0.24926580328944628,-0.28512192960369287
14,sklearn,243,0.46772834719317125,0.35424990855021626,0.3135883062241076,0.26746891503949366,-0.15414004096906364
14,sklearn,244,1.6943445184438,1.6065140887761566,1.5838042716491865,0.32917097726112526,-0.1105402467946135
14,sklearn,245,0.9906225847051381,1.0252447317632638,0.9524588923429755,0.20482828850869247,-0.03816369236216255
14,sklearn,246,1.3635199272624348,1.2302067867564064,1.3336188383426286,0.32632406619121235,-0.02990108891980614
14,sklearn,247,0.5439824398653369,0.5770712566292131,0.7521420527343654,0.21024250496398503,0.2081596128690285
14,sklearn,248,0.7294169109511335,0.6788738422922693,0.7979383417356098,0.23776461356074,0.06852143078447637
14,sklearn,249,0.5995132876628919,0.6235386996862613,0.7916311764749109,0.29178499243459555,0.19211788881201897
14,sklearn,250,-0.011972620943260015,-0.10530784501691116,0.19399066365161755,0.39932650007699527,0.20596328459487756
14,sklearn,251,0.011765235308530131,0.03397964213060595,0.06588288803386821,0.3627966713021005,0.05411765272533808
14,sklearn,252,1.1969138077425727,1.408128710160377,0.6657029950562077,0.3614270052888168,-0.531210812686365
14,sklearn,253,-0.0936649615814904,-0.11674475630411753,0.014824280143529656,0.349345185788368,0.10848924172502006
14,sklearn,254,1.3233579149462837,1.2599995766765897,1.199445758691836,0.34961745770568237,-0.12391215625444785
14,sklearn,255,1.6236709755599334,1.3543204818485606,1.3124823483805557,0.42395339762885503,-0.3111886271793778
14,sklearn,256,-0.14298696539939132,0.010483744357070474,-0.09106911045389143,0.2652749618661927,0.051917854945499886
14,sklearn,257,0.15669153158015836,0.2768892534879654,0.6295624065338412,0.4183789696838062,0.47287087495368285
14,sklearn,258,0.8138868613855046,0.907302035480891,0.964778854809123,0.26005539640749176,0.15089199342361836
14,sklearn,259,2.1423558263786386,2.1654610403273464,1.9179451160830547,0.28266768113267826,-0.2244107102955839
14,sklearn,260,0.4108679368838436,0.2939814946118514,0.3929752145068681,0.2057987367224929,-0.01789272237697548
14,sklearn,261,1.0061793764524212,0.8885926143878576,0.9809315762473263,0.36972060275115515,-0.025247800205094872
14,sklearn,262,1.466033109558717,1.4892512783100447,1.2691196956799016,0.2480136980809972,-0.19691341387881534
14,sklearn,263,1.0226664448380989,1.1271112043966403,0.9564835947380956,0.21027135386808843,-0.06618285010000324
14,sklearn,264,-0.17741235591069854,-0.07363651529751664,0.7437057186276492,0.42481699498910713,0.9211180745383478
14,sklearn,265,0.7699468781864585,0.781165340656603,1.1646125644067946,0.34812123655323357,0.39466568622033615
14,sklearn,266,0.7876188699006118,0.8709922880945363,0.6363085586969572,0.1983922192849175,-0.15131031120365457
14,sklearn,267,1.9453790051650488,2.2460817350903186,1.4942080464935223,0.3941853540999531,-0.45117095867152646
14,sklearn,268,1.2043091904404346,1.2368383735652795,1.0143513917776739,0.2946070517517964,-0.18995779866276075
14,sklearn,269,1.9970894342606083,1.9647796735608651,1.7179514696890994,0.3121780460276788,-0.27913796457150886
14,sklearn,270,-0.21695705164970025,-0.1461522636820483,-0.12705179643442466,0.33413034530144625,0.08990525521527559
14,sklearn,271,0.10369362871824961,0.1422733069426377,0.021180008234489733,0.32460766813787517,-0.08251362048375988
14,sklearn,272,0.5228708689314933,0.5148528309363226,0.637148227224559,0.39288395379588226,0.11427735829306573
14,sklearn,273,1.9300926334704755,1.876276374575676,1.413468913352057,0.3366165089628039,-0.5166237201184185
14,sklearn,274,1.350024977078184,1.5024075486377009,1.3397116947700067,0.23244663840356516,-0.010313282308177296
14,sklearn,275,1.2578478831183206,1.3150063792231008,1.0687930973862754,0.38117097495653196,-0.18905478573204526
14,sklearn,276,0.7244979756861814,0.911333801697504,0.5050557933839972,0.2570957997623659,-0.21944218230218415
14,sklearn,277,0.7708398574001765,0.8164391732471588,1.013641306663724,0.240981068585697,0.24280144926354752
14,sklearn,278,0.5435701901789018,0.5409824792256411,0.8621972965780715,0.5117012900854683,0.3186271063991697
14,sklearn,279,0.362230341520697,0.31388349536885807,0.19985938268378245,0.2792146172305328,-0.16237095883691455
14,sklearn,280,0.556831372713535,0.5344148093630695,0.6403642329903247,0.2140518735259925,0.08353286027678974
14,sklearn,281,0.9024597015365485,0.8433140019500545,0.881200215549995,0.32740308049449957,-0.021259485986553583
14,sklearn,282,0.618329388020943,0.529724925197836,1.0671184111690932,0.44860685318446364,0.4487890231481503
14,sklearn,283,1.5240306107766102,1.7612038075471834,1.3982995459322964,0.2130506781473425,-0.12573106484431373
14,sklearn,284,2.07386404783763,2.0020900946102396,1.7580085906923855,0.26620223745816796,-0.3158554571452443
14,sklearn,285,0.6887410344559873,0.720042271955322,0.911933606532207,0.2629986838587958,0.22319257207621968
14,sklearn,286,1.7952552122374226,1.7880394866415195,1.6503221672932011,0.29838340207041447,-0.14493304494422143
14,sklearn,287,1.1600182276701312,1.08262692481505,1.0123677563859639,0.3661097700380538,-0.1476504712841673
14,sklearn,288,0.5755713456811489,0.6292730843247082,0.5310438624930338,0.3015492112779015,-0.04452748318811506
14,sklearn,289,1.1268333684447636,1.0607538999903712,0.9826065648523632,0.18512530110067352,-0.14422680359240037
14,sklearn,290,1.2676649682566454,1.2661127763563815,0.9845111749528339,0.44286996589613253,-0.2831537933038115
14,sklearn,291,0.2790713668193583,0.2105726108198041,0.30293785067544654,0.3048308532292493,0.02386648385608825
14,sklearn,292,0.19335405271725836,0.16976720850683552,0.14661161533552303,0.19530937839197224,-0.046742437381735336
14,sklearn,293,1.0994037082548251,1.170146862839677,1.0692199345218354,0.2625480384433043,-0.03018377373298975
14,sklearn,294,0.901713149347139,0.9203605774666163,1.2675867476941383,0.3004932860383084,0.3658735983469993
14,sklearn,295,0.45176522303933364,0.44331242035645085,0.81384507993626,0.2900637274849733,0.36207985689692634
14,sklearn,296,0.5803125130323502,0.4078357571486654,0.7102369765777885,0.25295088609048766,0.1299244635454383
14,sklearn,297,-0.07756891192507875,-0.09978510410556113,0.1758437175755465,0.36408334233779865,0.25341262950062526
14,sklearn,298,2.022292416985413,2.054178787334862,1.6814949749491355,0.19747600430574574,-0.3407974420362776
14,sklearn,299,-0.3842027585673278,-0.37960000523164295,-0.020521144406977054,0.4336234898493374,0.3636816141603507
15,sklearn,0,-0.1722010882078675,-0.05271700158855905,-0.19612952002981388,0.30735936826455573,-0.023928431821946372
15,sklearn,1,2.2226590817357748,2.3144663899694518,1.7502491131959985,0.4019679695958008,-0.47240996853977624
15,sklearn,2,1.8997364880557592,1.8796232370302965,2.0711997444338373,0.397387351179064,0.17146325637807802
15,sklearn,3,-0.217903478618717,-0.2211206895796962,0.028235825905033707,0.2720562072622417,0.2461393045237507
15,sklearn,4,1.658088656333119,1.6782485665610527,1.4764172036229333,0.30069477780990295,-0.1816714527101857
15,sklearn,5,2.0056605768848774,1.9545201430186951,1.5411405471070694,0.4831534488167372,-0.46452002977780804
15,sklearn,6,0.31186512832425467,0.2418800951285227,0.620521837147777,0.2647147913517279,0.3086567088235223
15,sklearn,7,1.1547842802918695,1.1801966606491219,1.4020220405813149,0.28514630402480157,0.24723776028944533
15,sklearn,8,2.6951101677253124,2.661416474026521,2.569923368017097,0.37453864644174417,-0.12518679970821545
15,sklearn,9,-0.21775135862732647,-0.4631355576788602,-0.2837531733144196,0.23861991978272903,-0.06600181468709315
15,sklearn,10,-0.6112855337312838,-0.6165095052797842,-0.678498522538991,0.16847889193371132,-0.06721298880770721
15,sklearn,11,0.5161535635113346,0.6186758015295619,0.5733434538469027,0.15500688604134205,0.057189890335568094
15,sklearn,12,1.172992211770301,1.0777242488993029,1.328639922766337,0.2330874571039797,0.15564771099603592
15,sklearn,13,2.3855518995856997,2.471648906029877,2.0306620756979896,0.39521833833824477,-0.35488982388771007
15,sklearn,14,2.0009120054555085,1.961335090562758,1.4765740574417876,0.37032974449581973,-0.5243379480137209
15,sklearn,15,2.1812795245020076,2.0781673601803385,2.095263362199514,0.31816776095489674,-0.08601616230249354
15,sklearn,16,0.8563293747357257,0.9582300288643356,0.7150653060440497,0.24086780406207736,-0.14126406869167596
15,sklearn,17,-0.8616754926250804,-0.7747878474626165,-0.9053174776886763,0.21334966578973014,-0.043641985063595956
15,sklearn,18,0.7976416768182722,0.7977188628535458,0.3848629400843393,0.4245153048361732,-0.41277873673393295
15,sklearn,19,1.0594003433450698,1.084740534966825,1.011734321529449,0.35905361551064924,-0.04766602181562085
15,sklearn,20,0.11619029540918432,0.17835603438041464,0.26430508475881354,0.2702900815659422,0.1481147893496292
15,sklearn,21,0.32777898794390864,0.2895686386718663,0.2872836634653275,0.2008129118107407,-0.04049532447858112
15,sklearn,22,1.253660993169834,1.3547576649707718,0.9966258777445027,0.1907854626050525,-0.2570351154253312
15,sklearn,23,0.1330380012080385,0.16510028946444003,-0.13588304638677684,0.3740628247108063,-0.26892104759481533
15,sklearn,24,1.1542427081599813,1.1891846734594105,1.1016062437323555,0.23906506102437164,-0.05263646442762582
15,sklearn,25,-0.6263301517422868,-0.7186024915770124,-0.7227713695911611,0.2168058077517876,-0.09644121784887427
15,sklearn,26,0.7474176597975227,0.7221153454943233,0.7440952424966767,0.22394759816311047,-0.0033224173008460367
15,sklearn,27,1.7434329116303855,1.810090704798557,1.859611985082573,0.31798753953098385,0.11617907345218748
15,sklearn,28,2.251223635030768,2.111286660361383,2.100785473475675,0.4834922805763771,-0.15043816155509315
15,sklearn,29,-0.5936048157886005,-0.6825541205347004,-1.0758336656548657,0.237703788714939,-0.48222884986626524
15,sklearn,30,1.2509454201704342,1.2428907241457614,1.0941164162714117,0.27352996106709787,-0.15682900389902255
15,sklearn,31,1.0651346853563386,0.9117297435668633,1.3125803477797184,0.30332574142637503,0.24744566242337984
15,sklearn,32,1.7393584090258727,1.6992334283527013,1.8014670847908114,0.34585355370176246,0.062108675764938726
15,sklearn,33,0.42674401962157804,0.3587472818869442,0.5968776375697473,0.21591019941998585,0.17013361794816928
15,sklearn,34,2.718099264606919,2.72329318071136,2.5860928030638117,0.37265343945316143,-0.13200646154310736
15,sklearn,35,0.02225864514291176,-0.02854589394484798,0.036071752052675876,0.33930054872719273,0.013813106909764117
15,sklearn,36,1.7485243554445735,1.6966471663919656,1.8911966268701477,0.4183063693499566,0.14267227142557415
15,sklearn,37,0.5396263693501304,0.6649128846525246,0.7333749238840035,0.28249336009570475,0.19374855453387307
15,sklearn,38,1.6414873750507049,1.4980469549682942,1.1941588529628806,0.2208895094449001,-0.44732852208782425
15,sklearn,39,1.6063738015481936,1.516058680223461,1.954873784592582,0.5606463310577117,0.34849998304438845
15,sklearn,40,1.6321741642809366,1.5554055568037517,1.5902539261814468,0.43201045353468837,-0.04192023809948986
15,sklearn,41,-0.8618417039615109,-0.8901890701268012,-0.8505065781804078,0.25846826559877434,0.011335125781103184
15,sklearn,42,1.7469180662793216,1.732732307016336,1.5729854976996034,0.2946277381478942,-0.17393256857971817
15,sklearn,43,1.243778708613403,1.334443920245984,1.3828297195161632,0.28500809953447975,0.13905101090276029
15,sklearn,44,0.6305086667301361,0.5617681098551904,0.6039917322555439,0.2899768322679671,-0.026516934474592135
15,sklearn,45,1.580944951743916,1.6045263747617315,1.808239930559143,0.37743882552453767,0.22729497881522698
15,sklearn,46,1.4698959731763173,1.3244837233622038,1.5082859683697372,0.35044216253092103,0.0383899951934199
15,sklearn,47,-0.2019737872229453,-0.17615924414345588,-0.3649441881434967,0.2346957290681952,-0.16297040092055143
15,sklearn,48,1.5066703996573885,1.5805120833804376,1.426480073388884,0.3923649082008364,-0.08019032626850442
15,sklearn,49,0.06035938650710637,0.029581784361022948,-0.02229856557874399,0.24567684305860651,-0.08265795208585036
15,sklearn,50,1.9132157142016886,1.9383902918671587,2.0782535883161444,0.3772677296515887,0.1650378741144558
15,sklearn,51,1.1184492915609185,1.0829520835848347,1.3253391729104713,0.35821968223636885,0.20688988134955277
15,sklearn,52,1.6150199943909038,1.6199972594673095,1.8139542119152239,0.3938349991838729,0.19893421752432006
15,sklearn,53,1.8553690478390936,1.8704431790248532,1.7257042038967638,0.6006922649450012,-0.1296648439423298
15,sklearn,54,1.651473058857567,1.6383732100733037,1.5291303768002358,0.18115107530150068,-0.12234268205733123
15,sklearn,55,1.7185873827570957,1.647354221204271,1.821784983377615,0.3614240451258627,0.1031976006205193
15,sklearn,56,0.9966730905645311,1.0149534339267934,0.9761626169605115,0.25134246883574896,-0.020510473604019586
15,sklearn,57,2.2864352192658206,2.3245318327163518,2.468747485440219,0.2648190375007292,0.18231226617439855
15,sklearn,58,0.9821626360665964,0.9854562672850616,1.02219863727003,0.18175465354493184,0.04003600120343365
15,sklearn,59,1.2915356949035184,1.250565642162328,1.3432319971269138,0.2672852236257804,0.051696302223395385
15,sklearn,60,0.9861323279925527,1.1136217779840618,1.1398610870496668,0.22110232955953033,0.15372875905711414
15,sklearn,61,2.2461696423592,2.065933821410055,1.9604176795046762,0.3865699634140318,-0.285751962854524
15,sklearn,62,0.7055465486607778,0.6694301856066736,0.770515372399224,0.41517984175322664,0.06496882373844615
15,sklearn,63,0.3436382944402993,0.3962006267674889,0.2594962981300064,0.28975264322625144,-0.0841419963102929
15,sklearn,64,1.6926882857043317,1.7333147008913192,1.4259431944995242,0.3904769042600724,-0.2667450912048075
15,sklearn,65,2.0503688598965066,1.9278189299257946,1.7264291553239168,0.4143410771319045,-0.3239397045725898
15,sklearn,66,-0.529839561633406,-0.4198374815637404,-1.2084156910377963,0.4688465907357364,-0.6785761294043904
15,sklearn,67,1.9339951219133509,1.9676135395916035,1.6960947336024397,0.44926216368788974,-0.2379003883109112
15,sklearn,68,1.7462582142996776,1.7055767991053035,1.3307439714689906,0.382713643856802,-0.41551424283068705
15,sklearn,69,1.4849486323631127,1.4720782809076898,1.7195575367256435,0.2769307562995697,0.2346089043625308
15,sklearn,70,0.5163186823828656,0.647431878213472,0.530778050429543,0.3714443929099355,0.014459368046677357
15,sklearn,71,1.4416939312006254,1.5886892187669934,1.2549509903943026,0.38977209285310155,-0.1867429408063228
15,sklearn,72,1.366838233296122,1.2521028579202516,1.0508287136332592,0.5321754701700885,-0.3160095196628627
15,sklearn,73,-0.6936400599024227,-0.5317676487274566,-0.7696863258496585,0.1753753249224973,-0.07604626594723574
15,sklearn,74,2.0290893860924277,1.9161522054735933,1.7977287509120696,0.2573468875045034,-0.2313606351803581
15,sklearn,75,2.124046436477439,2.3047340975774837,1.8487735577132192,0.43749525216645396,-0.2752728787642198
15,sklearn,76,1.0852982031682896,1.1558253367949198,0.6528519980252767,0.2715851523831523,-0.4324462051430129
15,sklearn,77,-1.130591476386718,-1.1268128916308293,-1.6177589270706285,0.3137916453730351,-0.48716745068391054
15,sklearn,78,1.5723567313521305,1.6254057432371793,1.3186729801641732,0.3274536699347414,-0.2536837511879573
15,sklearn,79,1.1359670697289075,1.0774571345735884,1.018300557903686,0.3098592678992367,-0.11766651182522159
15,sklearn,80,1.935563303007625,2.0087153499190635,1.7878078026439717,0.3863608086548734,-0.14775550036365326
15,sklearn,81,2.4212812651235476,2.316781943761221,2.0479894936590863,0.6090947167267936,-0.37329177146446124
15,sklearn,82,1.6269246066305716,1.664936197435971,1.4766619878439968,0.26996843199427323,-0.15026261878657476
15,sklearn,83,0.7734176485859474,0.8626816657223285,0.5094801347782543,0.35078179737113446,-0.26393751380769315
15,sklearn,84,0.35768257937942505,0.16163624489624068,0.713179690687527,0.3430543850887713,0.3554971113081019
15,sklearn,85,-1.3013610346365185,-1.2780676010365914,-1.443857006462391,0.3155311885446342,-0.14249597182587248
15,sklearn,86,1.2648299295575143,1.2528274187731645,1.4336222786892812,0.28541392721668274,0.16879234913176688
15,sklearn,87,1.6709589025914624,1.6264384519121566,1.2663029230974203,0.32785180444315387,-0.4046559794940421
15,sklearn,88,2.1925616206552734,2.1464513992815,1.9465714711560658,0.41350481516404775,-0.2459901494992076
15,sklearn,89,-1.234703853903719,-1.262206474409979,-1.6182269330431254,0.35801442189265104,-0.3835230791394064
15,sklearn,90,1.340909224986462,1.322978420032801,1.4678735929455513,0.2913255437079815,0.12696436795908927
15,sklearn,91,2.0619723974643844,2.305935818637685,1.574581678662554,0.26142658234899163,-0.4873907188018305
15,sklearn,92,2.0351079713450075,2.0901202947918502,1.9209757701295018,0.29154745479744165,-0.11413220121550571
15,sklearn,93,2.0836457943779267,2.1360458917035667,1.9154237909279885,0.2939817395573845,-0.1682220034499382
15,sklearn,94,-0.03893326085957442,-0.12330769427072606,0.05579547027019771,0.1915897071195457,0.09472873112977213
15,sklearn,95,2.2579447214878883,2.161038040032978,1.8853546203938478,0.40207170291890215,-0.37259010109404045
15,sklearn,96,-0.5259277085811296,-0.717877847331338,-0.5580639750054459,0.19056842261494067,-0.03213626642431633
15,sklearn,97,0.5503643607117619,0.5491962764599041,0.7964722170599057,0.2788799131772051,0.2461078563481438
15,sklearn,98,-0.03917267482936038,-0.15409301835535252,0.10471397367592772,0.2442996757015476,0.1438866485052881
15,sklearn,99,1.5788230649459902,1.7013388644813583,1.6091247289326134,0.3378523189838961,0.03030166398662315
15,sklearn,100,1.4128654059629333,1.4450125034521448,1.55598598908362,0.29910139436133054,0.14312058312068676
15,sklearn,101,1.6138162839191363,1.6188573764053953,1.329771028267885,0.2940838161900085,-0.2840452556512514
15,sklearn,102,1.1544607729769383,1.0903632711636633,0.9532703680822081,0.32224493633257145,-0.20119040489473017
15,sklearn,103,-0.7283465577198054,-0.6601509893792112,-1.2682921061361938,0.3458011129945781,-0.5399455484163884
15,sklearn,104,-0.30247487764342196,-0.23704924236113362,-0.20618388264336573,0.21088880806417626,0.09629099500005622
15,sklearn,105,1.4891328394379144,1.441367114921759,1.3419964666786441,0.318359323615702,-0.14713637275927027
15,sklearn,106,-0.5499183072641103,-0.6000220286768324,-0.26762638942784633,0.23579065263686785,0.28229191783626395
15,sklearn,107,1.1920001342588467,1.280956689870158,1.6122823185458053,0.3230439355294119,0.4202821842869586
15,sklearn,108,1.5658493833246223,1.3986928755423464,1.7023756838301267,0.2616298137832846,0.1365263005055044
15,sklearn,109,-0.5116097066936849,-0.44665029739505646,-0.7571217926842877,0.4929479591395114,-0.2455120859906028
15,sklearn,110,1.3806561411551161,1.1693449225589203,1.5801757002492849,0.2559368011405372,0.19951955909416874
15,sklearn,111,1.7632684352336256,1.7902038325177005,1.831071073566072,0.4360689302893554,0.06780263833244637
15,sklearn,112,0.1223822501607983,0.11223483510600095,0.04589643474750815,0.2803941155548283,-0.07648581541329015
15,sklearn,113,1.8945294543683067,1.955482817419167,1.5054512264952393,0.3383411212369641,-0.38907822787306734
15,sklearn,114,1.4895185355825622,1.539985173129908,1.5178685037774402,0.36153725844841683,0.028349968194878006
15,sklearn,115,2.2784946700758413,2.146513218038476,2.2454276345804676,0.26613431961606865,-0.03306703549537371
15,sklearn,116,-0.029882968256711606,-0.04478857211843857,0.11410253515629165,0.25610253307941455,0.14398550341300326
15,sklearn,117,1.3144957319624173,1.42145606513199,1.7541678861831222,0.24940830920941345,0.43967215422070494
15,sklearn,118,0.873520194651721,0.73401170086883,0.8484611720141544,0.35891744844811696,-0.025059022637566652
15,sklearn,119,-0.5673546113336463,-0.42005847780956795,-0.24235363243633046,0.24258573834217464,0.32500097889731583
15,sklearn,120,0.11476826951766292,0.020941376859676022,0.546066319338177,0.3204626453779332,0.431298049820514
15,sklearn,121,0.7707817683970494,0.5954166836087045,0.4046321213848234,0.2681026021101255,-0.36614964701222596
15,sklearn,122,-0.2630534898186542,-0.3480853480786835,-0.6981212290049612,0.3067017276873477,-0.43506773918630703
15,sklearn,123,1.67276419957979,1.5504402684038237,1.5293072397645275,0.305518061704008,-0.1434569598152624
15,sklearn,124,-0.715997600568939,-0.5782974676381214,-0.6577178863644164,0.17860622384381514,0.058279714204522604
15,sklearn,125,2.5808773273739645,2.431255582218117,2.235417893523925,0.3482692452808658,-0.3454594338500394
15,sklearn,126,2.291086777015211,2.2841545112099366,2.09347188732879,0.40152843027575946,-0.1976148896864207
15,sklearn,127,0.49584454441415693,0.6868925567068926,0.7282455633149674,0.18799858009858733,0.23240101890081044
15,sklearn,128,1.042018513029142,1.0882095222318617,0.8042429864749536,0.371504998662032,-0.23777552655418832
15,sklearn,129,-1.2698105065776293,-1.2501770043523863,-1.6437315805722186,0.3001573654855192,-0.3739210739945893
15,sklearn,130,2.5490829363857213,2.448880499006434,1.5943743349290749,0.4974838712041784,-0.9547086014566464
15,sklearn,131,-0.2501263661942471,-0.4085225642649961,-0.4648273181886182,0.4606394047934424,-0.21470095199437111
15,sklearn,132,-1.0379197221319525,-1.0019100519596043,-1.4527577718087663,0.26313060875985195,-0.4148380496768138
15,sklearn,133,1.7035902117203325,1.5001609529670297,1.7289606051699309,0.2343865210735036,0.02537039344959835
15,sklearn,134,1.6715751734771556,1.5651259328227511,1.5377497471579744,0.35780680036173396,-0.13382542631918115
15,sklearn,135,1.3738209887633124,1.3939668021943332,1.473463281437759,0.26885347424725703,0.09964229267444669
15,sklearn,136,1.5744849273281667,1.5593791067455895,1.4196377047369388,0.2694202991762515,-0.15484722259122785
15,sklearn,137,0.32256681735176407,0.436578936537023,0.35690512062767255,0.26950339433711173,0.03433830327590848
15,sklearn,138,2.271251114296419,2.264134142670063,2.1224464446578235,0.2556221610381771,-0.1488046696385954
15,sklearn,139,1.7997324071885548,1.518528509969891,1.6214051975525692,0.22192584050927017,-0.17832720963598558
15,sklearn,140,1.2018826831282035,1.250719246270098,1.215706440721899,0.17910000441050042,0.013823757593695474
15,sklearn,141,1.7360881737285978,1.8563625511581703,1.8304531417038419,0.3582203343834653,0.09436496797524407
15,sklearn,142,1.9644140166043418,1.8181211886551298,1.7481572027855172,0.3906514874302123,-0.21625681381882456
15,sklearn,143,-1.218610138678906,-1.3457144500385196,-1.4565243165858917,0.3077422229426334,-0.23791417790698555
15,sklearn,144,0.23763940174209458,0.33284728386967044,0.11506633257277699,0.23273383503491984,-0.1225730691693176
15,sklearn,145,0.9035403602769483,0.9911544873499526,0.6468080857044001,0.22864603272194994,-0.2567322745725482
15,sklearn,146,1.6557702110194366,1.6797116046771083,1.6425147378305454,0.319300023657699,-0.013255473188891198
15,sklearn,147,-0.6995688882134922,-0.8200040660355571,-0.7231148268030232,0.22756611443122549,-0.023545938589531024
15,sklearn,148,-1.0190884705249972,-1.1656230174347655,-1.2796134194085873,0.36345346475012297,-0.2605249488835901
15,sklearn,149,0.49456395144192394,0.4282638099259374,0.27632298991232673,0.21729100225132322,-0.2182409615295972
15,sklearn,150,-0.08870619527504359,-0.23485529106195016,-0.42155907755262234,0.40014442399655836,-0.33285288227757875
15,sklearn,151,-0.08137821328377426,-0.10918570101569443,-0.2048867983334155,0.2247113897502645,-0.12350858504964124
15,sklearn,152,2.5367405879505958,2.6843839042711766,2.2284272168651977,0.47226231719647277,-0.308313371085398
15,sklearn,153,1.7658507717487468,1.846983277718636,1.6225910724412422,0.17488121650732552,-0.1432596993075046
15,sklearn,154,-0.4327096136848562,-0.3608105584870125,-0.195770312153126,0.35880036004739796,0.2369393015317302
15,sklearn,155,0.21927780708815076,0.23822051500760516,0.23380930560457003,0.20716100803282106,0.014531498516419272
15,sklearn,156,0.2642931927840704,0.1972362983445941,0.2008790936571785,0.2284177675835662,-0.06341409912689189
15,sklearn,157,1.0168851500633629,0.8714098299452318,0.9636715381215879,0.32398875316982084,-0.053213611941774985
15,sklearn,158,2.20307965692361,2.157043009623919,2.0685411910068012,0.36845628676431114,-0.13453846591680874
15,sklearn,159,1.6451144272695322,1.7178214342986347,1.7431738385536448,0.3649058851533999,0.09805941128411266
15,sklearn,160,1.732834641221985,1.835334474622159,1.7703708393791704,0.25836017819032536,0.03753619815718534
15,sklearn,161,0.01406382190623573,0.037366740400569046,-0.08105392752448282,0.24312452676472204,-0.09511774943071855
15,sklearn,162,1.6896949374537076,1.8215998772804172,1.6702918593037923,0.30785452949536757,-0.019403078149915265
15,sklearn,163,-0.1912999736930694,-0.2670172032173968,0.12472068647426227,0.3655073431921556,0.31602066016733166
15,sklearn,164,1.4431148473672264,1.338920574138482,1.2487767265894405,0.2647014067484938,-0.1943381207777859
15,sklearn,165,2.2730994766337314,2.3602961792891826,2.170851961522965,0.3105369660630077,-0.10224751511076624
15,sklearn,166,1.596923863379703,1.506875418434815,1.4858254158073763,0.18471800496995017,-0.11109844757232668
15,sklearn,167,1.1040107145372067,1.058161692896491,1.232845456160442,0.36874159914311394,0.12883474162323538
15,sklearn,168,1.7254797551238161,1.5945909526497315,1.9380696715564163,0.2698039337464347,0.21258991643260017
15,sklearn,169,2.0502682716994944,2.100717362104999,2.08502277383782,0.5696754885385664,0.03475450213832554
15,sklearn,170,2.2241147851420617,2.237925926362722,2.180156961468331,0.24516192380382057,-0.0439578236737308
15,sklearn,171,1.2069584758473624,1.2055776473252613,0.9789222868334662,0.350113334255023,-0.22803618901389622
15,sklearn,172,-0.909288801271426,-1.069224659196593,-0.771901847177805,0.3747215400946624,0.137386954093621
15,sklearn,173,2.2204941771619446,2.154545837275971,1.869715375735943,0.4519306325661094,-0.3507788014260016
15,sklearn,174,-0.615454634431476,-0.49349801172000807,-0.623935722037011,0.20325702634525694,-0.00848108760553501
15,sklearn,175,-0.356954278886333,-0.1745046984715037,-0.4651984004476297,0.16443759624248042,-0.1082441215612967
15,sklearn,176,0.022302357805406237,-0.001984090304115921,0.2144885393802589,0.19475390631496672,0.19218618157485268
15,sklearn,177,0.030548536229561996,-0.007245577175962241,-0.423630663535139,0.39975290021099763,-0.454179199764701
15,sklearn,178,1.9530366981656162,1.9265186266545213,1.3906799001292924,0.37513238657803893,-0.5623567980363238
15,sklearn,179,1.8863241680124123,1.9893932780455061,1.9931696740477198,0.5079145271185247,0.10684550603530751
15,sklearn,180,1.4018833899338756,1.376541416509904,1.4873802208541864,0.2556963295696982,0.0854968309203108
15,sklearn,181,2.640869850796502,2.6117938411942396,1.8674415713971921,0.519253784372113,-0.7734282793993099
15,sklearn,182,-0.07557584539810619,-0.06351531619980184,0.3650744014180418,0.285316354246417,0.440650246816148
15,sklearn,183,1.3590303243714692,1.3114098121914888,1.3293193825368412,0.4300326828051945,-0.02971094183462797
15,sklearn,184,0.9524561286418979,0.8297967262802388,0.940753103303603,0.2378280756707644,-0.011703025338294926
15,sklearn,185,1.5935794544879105,1.315999902819595,1.337974103254048,0.37626982194515723,-0.2556053512338625
15,sklearn,186,0.6138124081132951,0.6398237910186344,0.187612735318055,0.2771495382523673,-0.42619967279524007
15,sklearn,187,1.590935083531464,1.4806253582997944,1.5247968720044405,0.34169854926422866,-0.06613821152702348
15,sklearn,188,1.8127929977075339,1.9782878860381135,1.540765812794426,0.2946450706630715,-0.27202718491310796
15,sklearn,189,1.5232344807491027,1.7240008113791754,1.3715313022759812,0.1516262725869573,-0.15170317847312154
15,sklearn,190,0.8366015211808144,0.825978635244996,0.878769556377831,0.201673362374941,0.04216803519701662
15,sklearn,191,-0.43225821972499573,-0.4889230781861783,-0.4435421430259474,0.17377750160481337,-0.011283923300951682
15,sklearn,192,1.083108811576853,1.1104488545376474,1.7602141118059542,0.4150585710196025,0.6771053002291012
15,sklearn,193,-1.2451690828404347,-1.243146211418197,-1.9917521068318926,0.3328789811264785,-0.7465830239914579
15,sklearn,194,2.1979587179217828,2.098859314604041,2.34412497799555,0.2962502822297869,0.14616626007376743
15,sklearn,195,-1.7614423352402464,-1.832439255736749,-1.415807796945984,0.28479137325710097,0.3456345382942625
15,sklearn,196,0.9302193460991497,0.936522438306243,1.246764698075438,0.2531976402395769,0.3165453519762884
15,sklearn,197,1.6309621272061114,1.816822387116377,1.3360515467303706,0.38570283518054244,-0.2949105804757408
15,sklearn,198,1.847629167135291,1.9582777269697753,1.9848755461127148,0.4048133110096992,0.13724637897742387
15,sklearn,199,-0.8537051772950461,-0.8277277482644788,-1.335838840279937,0.2746955714518218,-0.4821336629848909
15,sklearn,200,-0.4729311643371246,-0.4401796277243649,-0.530617057033016,0.2356879638549461,-0.05768589269589136
15,sklearn,201,-0.15757959391372242,-0.18514584359438396,-0.4999585731149274,0.2991507001087892,-0.34237897920120497
15,sklearn,202,1.3540582895068618,1.3447626679699445,1.3911533271504943,0.2626611492183251,0.037095037643632534
15,sklearn,203,-0.8175621370629446,-0.9053894809635223,-1.2029657376273448,0.28199501050377485,-0.38540360056440026
15,sklearn,204,-0.12440582578645468,-0.3045347272562516,-0.19323149953918062,0.26078159075827134,-0.06882567375272594
15,sklearn,205,0.9680938039281404,0.8119496646636747,0.7648682406923903,0.31702987772275965,-0.20322556323575003
15,sklearn,206,0.045457031492694866,0.15255164209492736,0.15249991816305553,0.23240328519641862,0.10704288667036066
15,sklearn,207,2.0153417391740507,1.944734642490607,1.9030979140084208,0.230975342860673,-0.11224382516562992
15,sklearn,208,1.4041906314855468,1.6365067038503316,1.2868153908925333,0.33316729636820497,-0.11737524059301352
15,sklearn,209,0.4982886118445862,0.5131715446770172,0.8485808747668564,0.22995394945692146,0.35029226292227017
15,sklearn,210,1.4940242884789108,1.5735201843520883,1.443873496879382,0.3276387611133663,-0.05015079159952873
15,sklearn,211,-1.6173346900200083,-1.6731532157181257,-1.6984468155294081,0.2738411754511451,-0.08111212550939984
15,sklearn,212,1.304548698136253,1.201179068388421,1.452168195385191,0.35941647367911544,0.14761949724893797
15,sklearn,213,1.4127162656052028,1.3414778734511161,1.2768429613485957,0.25490243238280413,-0.13587330425660715
15,sklearn,214,1.1264625742685157,1.088699450562043,0.8376324446978316,0.25076034268608155,-0.2888301295706841
15,sklearn,215,0.5311960385964947,0.49343493273028355,0.5393249479194928,0.3141960260874175,0.008128909322998146
15,sklearn,216,0.21856905469366755,0.30021950713958356,-0.1756196494884179,0.3730939739300932,-0.39418870418208546
15,sklearn,217,2.146704853632517,1.971252874313518,1.6359632582135184,0.3904900489283177,-0.5107415954189984
15,sklearn,218,0.582617035847748,0.5603970264082091,0.8745479766878113,0.3677805925002181,0.2919309408400632
15,sklearn,219,1.8803146395168868,1.9163511811887288,1.8372069279306809,0.37161671566179255,-0.043107711586205966
15,sklearn,220,0.20036187256471183,0.334677843546241,0.7039715113020222,0.29146690064438513,0.5036096387373104
15,sklearn,221,2.11269860633044,2.2397762078238785,2.067494422246803,0.27801800103414986,-0.045204184083637244
15,sklearn,222,-0.8401784050559897,-0.8585378593667181,-1.1606602730557931,0.3159835734671859,-0.3204818679998034
15,sklearn,223,-0.02134649957362339,-0.16124614516922126,0.08199596982386481,0.2713343321458551,0.1033424693974882
15,sklearn,224,-1.0330518509955968,-1.0056119626353655,-1.0701229442071636,0.1948159090897724,-0.037071093211566764
15,sklearn,225,0.577017774191606,0.5212131975966712,0.8495865968301857,0.2728420678359107,0.2725688226385796
15,sklearn,226,2.0460754651419766,2.135376001308496,2.332888780930511,0.3195700842300112,0.2868133157885344
15,sklearn,227,-1.9617890663693713,-2.005668391917923,-2.1391998199230997,0.2956366471776619,-0.17741075355372837
15,sklearn,228,2.202450874756622,2.387101184474977,2.2005827863481358,0.43694517169748837,-0.0018680884084862903
15,sklearn,229,2.162953715567628,2.256726366847698,2.2110771736117876,0.36872758095235236,0.048123458044159406
15,sklearn,230,1.8143051943118902,1.8442757760209445,1.6824807115505376,0.4271705516258846,-0.1318244827613526
15,sklearn,231,0.9069200352474271,0.7094345289569415,1.0159778689008334,0.2743340610293554,0.10905783365340627
15,sklearn,232,0.43737951276492504,0.38317286237772097,0.47582615235996784,0.24571834485477387,0.0384466395950428
15,sklearn,233,1.6787402384923704,1.6261420740751855,2.0093043953953362,0.31314339820085474,0.3305641569029658
15,sklearn,234,1.9601008855441338,1.9869080613537284,1.94971718742757,0.35372609732552457,-0.0103836981165637
15,sklearn,235,1.084734793160498,1.2047262572675717,1.00765571268078,0.24521037762644513,-0.07707908047971812
15,sklearn,236,0.05154920525438045,0.05358048638445653,0.12963009152832683,0.24319958290094612,0.07808088627394638
15,sklearn,237,1.8541390748250017,1.6833454710419793,1.8928062879417933,0.4556905384259636,0.038667213116791554
15,sklearn,238,0.001547710425818083,0.0019399723268521797,-0.09197533003523972,0.22792944755907646,-0.0935230404610578
15,sklearn,239,1.7356460414325046,1.7540710252498393,1.9754595148635303,0.32671325652404115,0.23981347343102577
15,sklearn,240,1.0492450511541167,1.1167429599064578,0.6776983490162962,0.2970517225890134,-0.3715467021378205
15,sklearn,241,1.8416320700936877,1.9360180298198837,1.7176514215519667,0.381861076053881,-0.12398064854172097
15,sklearn,242,1.2576135960225021,1.265416444869287,1.3020144334685249,0.20799107082567855,0.044400837446022745
15,sklearn,243,1.300918666430543,1.4370328853216057,1.2569420643302855,0.3098060196929341,-0.043976602100257445
15,sklearn,244,1.476899589073988,1.3816188404338736,1.5516983183805237,0.41256995300077187,0.07479872930653575
15,sklearn,245,0.3183173945966942,0.2732382651026585,0.18024399895210763,0.24993158344211575,-0.1380733956445866
15,sklearn,246,2.138339392247614,2.126222403813287,1.683252988545373,0.29163503382323636,-0.45508640370224107
15,sklearn,247,2.2110448821411097,2.2595968035723546,2.411317275402202,0.27492896785605636,0.20027239326109214
15,sklearn,248,-0.45692160930064213,-0.4294421972160768,-0.5117790686122561,0.3225480698363509,-0.054857459311613954
15,sklearn,249,1.3214550228738133,1.3820403452456993,1.8807652410742897,0.44708201777808626,0.5593102182004763
15,sklearn,250,-0.24809167695099194,-0.3060306559649823,0.0665687264312993,0.2212252394409122,0.31466040338229123
15,sklearn,251,-0.3307373809965959,-0.31721774005163933,0.01999330951325362,0.24270260786959558,0.3507306905098495
15,sklearn,252,-0.3705951221198537,-0.33046922925804817,-0.7665444458475363,0.3568794864314825,-0.39594932372768266
15,sklearn,253,-0.19620623979092708,-0.07286154017491107,-0.2558445979927484,0.24088759235109966,-0.05963835820182131
15,sklearn,254,2.2345192743831297,2.1297375072839713,2.154502312014425,0.21685642433687455,-0.08001696236870481
15,sklearn,255,0.4121038233904288,0.5382542228382264,0.3741997659396006,0.28796211523950466,-0.0379040574508282
15,sklearn,256,-0.2061719265762211,-0.3157353097354012,-0.09814436764210299,0.22369095608436454,0.10802755893411811
15,sklearn,257,1.997654736473439,2.137691746437934,1.7467894752728572,0.4965031990133438,-0.2508652612005817
15,sklearn,258,0.5717124330549298,0.6566099340924076,0.514165458038434,0.26086312672142,-0.05754697501649575
15,sklearn,259,1.8837869874329471,1.7799483006565715,1.9694632682670417,0.3581001219276433,0.08567628083409451
15,sklearn,260,1.0925106259468684,1.0715262510533192,1.255613305839944,0.3205824796787368,0.16310267989307548
15,sklearn,261,2.341980753641634,2.23898797108395,2.275458980846375,0.2698298113859729,-0.06652177279525873
15,sklearn,262,2.040091043814825,2.022932451586693,1.6042128478038684,0.3809648901111844,-0.43587819601095656
15,sklearn,263,-0.9343678982656586,-1.0843774190114162,-0.550113430595573,0.40944668853423255,0.38425446767008553
15,sklearn,264,-0.24940148328448553,-0.21539446234418744,0.0412699601378641,0.5031974648716312,0.29067144342234963
15,sklearn,265,2.3125940062001336,2.323180185311584,1.581659982363579,0.311178766696194,-0.7309340238365545
15,sklearn,266,2.0470018705610977,2.1089887094899877,1.8859788561320983,0.3696815917070552,-0.16102301442899947
15,sklearn,267,1.6810650690853677,1.6463634307067736,1.7502772247912866,0.34051304773931124,0.06921215570591888
15,sklearn,268,-0.3515794603191038,-0.18061718099196278,-0.7428484305158811,0.33779529305966044,-0.3912689701967773
15,sklearn,269,1.8503024292968242,1.8168580109998167,1.6148139438965323,0.29355236497058135,-0.23548848540029188
15,sklearn,270,0.9454386643340202,0.9746738750756223,1.095450487924099,0.35117432475170857,0.1500118235900787
15,sklearn,271,-0.16704820249463426,-0.14242311987368275,-0.05811882470947438,0.34292432644187043,0.10892937778515988
15,sklearn,272,1.6946401571625327,1.7354807538411574,1.3852209701435,0.3515175603855087,-0.3094191870190326
15,sklearn,273,1.9118850302673214,1.9394364421110049,1.9869214369356758,0.4210394234854589,0.07503640666835443
15,sklearn,274,-0.6773923074530723,-0.705641862013162,-1.5277600992764953,0.41503929349679886,-0.8503677918234229
15,sklearn,275,0.6198737228993478,0.46213235054475954,0.29467727779467623,0.2936066426071122,-0.3251964451046716
15,sklearn,276,0.7856283148949863,0.7955698830841007,1.0245989017548052,0.4117846565586434,0.23897058685981887
15,sklearn,277,-0.05173776351453757,0.07104231538089362,0.3306106715960979,0.30464565666599536,0.3823484351106355
15,sklearn,278,1.0519400670453876,0.9639644743959455,1.0164183210821847,0.31509028544861895,-0.0355217459632029
15,sklearn,279,2.0583120328193534,1.9046294640439039,1.9574349916365534,0.41547105618855346,-0.10087704118279994
15,sklearn,280,2.3781852463660207,2.370322401085442,1.4578989781593865,0.4533848283910296,-0.9202862682066342
15,sklearn,281,0.8283550519966095,0.9311274849815185,1.2477447778838417,0.2802581733693042,0.4193897258872322
15,sklearn,282,0.6860040293684178,0.6772050637606859,0.42311692198462225,0.2179060129968577,-0.2628871073837955
15,sklearn,283,-0.2513267424524763,-0.2548302599641801,-0.05270848146349394,0.3931580329712052,0.1986182609889824
15,sklearn,284,1.133003931255256,1.1149134353932222,1.1366960080539599,0.39793403598545884,0.0036920767987038694
15,sklearn,285,2.1995573082555246,2.1385065488244686,2.0332584383038395,0.477041781298345,-0.1662988699516852
15,sklearn,286,-1.408378981833503,-1.5458185739792463,-1.6359213350862163,0.2646798418312879,-0.22754235325271321
15,sklearn,287,1.6382379374628182,1.547714939853582,1.4104470632682116,0.3195035543405639,-0.22779087419460664
15,sklearn,288,-0.679789584332818,-0.6314182790709327,-0.9138502493232608,0.17138707095201378,-0.23406066499044276
15,sklearn,289,1.974257239636128,2.026000878687793,1.8128195529790156,0.24458728012324363,-0.16143768665711233
15,sklearn,290,2.400818221110142,2.2528233867315928,2.384986332908385,0.2463085131397982,-0.01583188820175696
15,sklearn,291,0.38502840739528404,0.2884622644540351,0.42788280529166656,0.2207062096397571,0.04285439789638251
15,sklearn,292,1.1545802961666443,1.2739497918616616,1.3805879796496825,0.3961783201342175,0.22600768348303824
15,sklearn,293,0.7807666204864143,0.6982355324278161,1.1581533108393138,0.27687812779285254,0.3773866903528995
15,sklearn,294,1.911081721082277,1.971994955839301,1.8508729297441597,0.3157782770883532,-0.060208791338117296
15,sklearn,295,2.145858954644824,2.2132306060288234,2.0180971387054623,0.41094127042729167,-0.12776181593936187
15,sklearn,296,1.460879853731325,1.4394728241433192,1.4642780741523325,0.37265691488823843,0.0033982204210074585
15,sklearn,297,1.7365519063599473,1.670264056029845,1.918583031634295,0.4459967974757466,0.18203112527434784
15,sklearn,298,0.8599854274400329,0.8873920459806235,0.9616817502021888,0.36522919606557575,0.1016963227621559
15,sklearn,299,1.99752675766588,1.895369463287757,1.9034518730381063,0.19439143110261545,-0.09407488462777369
16,sklearn,0,1.3160016365482923,1.457200262202179,1.099629686980471,0.3526336779670295,-0.21637194956782135
16,sklearn,1,-0.3072232207161974,-0.38553226635630167,0.14356784556415292,0.2356083868759832,0.4507910662803503
16,sklearn,2,0.004775412320967787,0.1889891237245498,-0.30194758303963987,0.4117901099451799,-0.30672299536060765
16,sklearn,3,0.27621647522826154,0.3294560955281655,0.012093605329743795,0.25604603458456354,-0.26412286989851774
16,sklearn,4,1.1142904451152518,1.2187088519492397,0.8993130016795616,0.2000534148708511,-0.21497744343569014
16,sklearn,5,-0.08876466318776224,-0.145710568650311,0.19718444141625469,0.2504531763603923,0.2859491046040169
16,sklearn,6,-0.0773538288546333,-0.08427701737472612,0.29375156903711463,0.30740725885796627,0.3711053978917479
16,sklearn,7,1.4822353512373252,1.5717738655267628,1.8372256576562318,0.29228206228158354,0.3549903064189066
16,sklearn,8,1.475173524001333,1.6171544351480092,1.092924068955833,0.3202886777384852,-0.3822494550455
16,sklearn,9,-0.19290677915760834,-0.30426119271262425,-0.3327282681801407,0.50792865155259,-0.13982148902253233
16,sklearn,10,1.1313123862623187,1.1227291507182153,1.0543327236497415,0.17437184183414015,-0.07697966261257716
16,sklearn,11,0.7404863529822789,0.7386717702391739,0.8705022566333174,0.327289355493745,0.13001590365103843
16,sklearn,12,0.4965505828389407,0.4862047587074252,0.09937478102300012,0.2814746679793847,-0.3971758018159406
16,sklearn,13,0.6895436430573751,0.6595704873896232,0.9320779563666246,0.4262850774447764,0.24253431330924946
16,sklearn,14,0.27915216357398587,0.2516053180222434,0.6417867259216763,0.3202905181914156,0.3626345623476904
16,sklearn,15,-0.043155379616653444,-0.019166338255355717,-0.2872489132332223,0.26870738021770924,-0.24409353361656888
16,sklearn,16,0.49662406984944146,0.30043003321229256,0.3496127159280249,0.2581417693068185,-0.14701135392141657
16,sklearn,17,1.0659435238826787,1.0547430816750398,1.0926674386870658,0.3372239848862139,0.026723914804387183
16,sklearn,18,0.12206512042825796,0.09782180527076922,-0.22545304974672398,0.2920942185582973,-0.34751817017498193
16,sklearn,19,0.6903621675149398,0.6728621712998737,0.7474157164501953,0.3294558957387751,0.057053548935255494
16,sklearn,20,2.42844345951652,2.57547348465683,2.353499488950437,0.44044959514137005,-0.07494397056608326
16,sklearn,21,0.8631226490667013,0.8766879713119526,1.1988235747913603,0.5256590719805341,0.3357009257246589
16,sklearn,22,1.1275914274418182,1.1874086057248792,1.0209920532242727,0.2774132336063545,-0.1065993742175455
16,sklearn,23,0.11199354030315528,-0.005912717825535277,0.29087218263370573,0.31624418342699434,0.17887864233055045
16,sklearn,24,0.6726003359345413,0.7928434822919659,0.9949579130563588,0.4101365905636947,0.32235757712181756
16,sklearn,25,0.1986100841680083,0.2323282071025902,0.4268978865165831,0.2406978612723781,0.22828780234857482
16,sklearn,26,1.274557905703896,1.4491836780401919,1.5766621218535484,0.24227209935927024,0.3021042161496523
16,sklearn,27,0.5844017765100877,0.6029284261816542,0.8274399177533702,0.4378794553347714,0.2430381412432825
16,sklearn,28,0.37536462535932436,0.3741628811980257,0.34104302392333175,0.3224393867523086,-0.03432160143599261
16,sklearn,29,-0.028926739225350398,0.07807589865532229,0.42877071634377195,0.3671270549714385,0.45769745556912234
16,sklearn,30,0.08497854122515683,0.03855033821231083,-0.20561085984669702,0.3244906661890746,-0.2905894010718538
16,sklearn,31,0.17128771585628103,0.1950738681234308,0.510092446401881,0.28895375864566286,0.3388047305456
16,sklearn,32,1.774084076085927,1.8725910764989195,1.855609711778147,0.42591335276263953,0.08152563569221982
16,sklearn,33,2.533370331926343,2.552287128757328,2.3458177207877675,0.2380125799153215,-0.18755261113857546
16,sklearn,34,-0.6769570163595214,-0.7029999000435811,-0.5873971198963508,0.30499255201431974,0.08955989646317064
16,sklearn,35,2.3698210734031147,2.4935397649780824,2.562718972950421,0.2501579902136176,0.1928978995473063
16,sklearn,36,1.2983277093872245,1.32421976622356,1.389422586581147,0.3373782351672786,0.0910948771939224
16,sklearn,37,1.6939197036956568,1.655672138666653,1.5117844129905702,0.41044997257449223,-0.1821352907050866
16,sklearn,38,0.49956845469122124,0.5265925650962248,0.6500570117660356,0.27356222422519416,0.15048855707481434
16,sklearn,39,1.119656816691907,1.212935114088425,0.8000168607714837,0.40748277552668877,-0.31963995592042327
16,sklearn,40,0.025137346395011168,0.12466468494720653,-0.04506299334127206,0.26138305087943436,-0.07020033973628323
16,sklearn,41,0.7335381003569078,0.7668654461223847,0.5884965977554906,0.31889801164915377,-0.14504150260141724
16,sklearn,42,-0.5638500919408654,-0.618041099726419,-0.523917021253542,0.5592184321008666,0.039933070687323435
16,sklearn,43,-0.3894555771279018,-0.4990907127367613,-0.04954855023092364,0.2685505131942467,0.33990702689697816
16,sklearn,44,0.24728742987187485,0.31872942443058194,0.6984364446209952,0.3112718031670955,0.45114901474912034
16,sklearn,45,2.7507833040283716,2.7711797804260123,2.485509051953372,0.3551851404160415,-0.2652742520749998
16,sklearn,46,0.2584197678347962,0.0952668449300687,0.8145748733053395,0.3106888969364017,0.5561551054705434
16,sklearn,47,1.2083389701941547,1.4131031613297327,0.9324596548525825,0.42335207993000434,-0.2758793153415722
16,sklearn,48,2.203209662046597,2.0060327485637637,2.3674673304626204,0.3165090932447567,0.16425766841602352
16,sklearn,49,1.769234283830934,1.727935623755936,1.7137743933103815,0.4687630715377088,-0.05545989052055256
16,sklearn,50,0.39708892880735563,0.4542219884556416,0.8710312929483806,0.29786894587928525,0.4739423641410249
16,sklearn,51,1.0556659878932362,1.0206983220467796,1.2078732348215215,0.24563680975021246,0.15220724692828536
16,sklearn,52,1.967619614361655,2.0639229019594874,1.8431168210744975,0.4069016123724585,-0.12450279328715741
16,sklearn,53,0.7026795607153649,0.643308841806399,0.4775381101672842,0.31880378528619696,-0.22514145054808066
16,sklearn,54,1.2192277253061823,1.2541280738002905,1.346362384325948,0.24941541640327983,0.12713465901976573
16,sklearn,55,1.5036011352788856,1.3373822537736506,1.0778543739664954,0.3234301404105293,-0.4257467613123902
16,sklearn,56,0.8191689313525367,0.8111054010089074,0.994284454813883,0.25610110582005907,0.1751155234613463
16,sklearn,57,0.9319623372697947,1.0555660361782508,0.8797299582524154,0.30086404950736606,-0.052232379017379316
16,sklearn,58,0.7379357777390401,0.8078095573397246,0.5771306016402882,0.21691808912149646,-0.1608051760987519
16,sklearn,59,-0.093988504012183,-0.1315419330625501,0.2027833441377691,0.23149945491978094,0.2967718481499521
16,sklearn,60,0.8058098576836379,0.9136057022132603,1.1708807645580777,0.271122366307089,0.36507090687443977
16,sklearn,61,0.4388056689381976,0.48397634114765953,-0.0029941750426942804,0.2841975753122229,-0.4417998439808919
16,sklearn,62,0.053539012754520054,0.025235313521487845,0.05364306408905861,0.2640059803216161,0.00010405133453855742
16,sklearn,63,0.4728447049551573,0.5046161765757908,0.8789665059916008,0.28122767057739106,0.40612180103644346
16,sklearn,64,0.14840674407198495,0.047882628952684636,-0.24229648520154967,0.30028641616741647,-0.3907032292735346
16,sklearn,65,0.0890313043142748,0.08573199095972511,-0.30831656206013136,0.331860922714142,-0.39734786637440617
16,sklearn,66,1.5376229997782231,1.4004603132106932,1.64715566840216,0.23889939263251733,0.10953266862393685
16,sklearn,67,-0.1076211996374468,-0.13618471369735569,0.3639402954437685,0.4135707033648226,0.4715614950812153
16,sklearn,68,0.5032052427086533,0.5052189988843099,0.7372613058489712,0.3337191822976389,0.2340560631403179
16,sklearn,69,0.5263144743073305,0.5652516037117989,0.7992673551599978,0.3612852550950823,0.27295288085266733
16,sklearn,70,0.32822472744303693,0.2827592673148861,0.5024543317224861,0.334513853338059,0.17422960427944917
16,sklearn,71,0.6440243241869449,0.5141481194099135,0.6493122948160117,0.45327881407743054,0.005287970629066829
16,sklearn,72,0.6868185424274935,0.6029112452025182,0.29785831600242574,0.3386764915705971,-0.3889602264250678
16,sklearn,73,1.7722357208830122,1.7168280938354408,1.8314653454390157,0.30323120403880427,0.05922962455600356
16,sklearn,74,0.8317147069171111,0.91216255322894,1.0894285019469265,0.22092766551390797,0.2577137950298154
16,sklearn,75,0.47483164569394626,0.48396632309390214,0.8353401586608271,0.364020813901244,0.36050851296688086
16,sklearn,76,0.8263322187791106,0.6386180844429556,1.1778822046724722,0.4342291474751041,0.3515499858933616
16,sklearn,77,2.892057127603624,2.9902225864130005,2.5714822104094566,0.3308447606498458,-0.3205749171941674
16,sklearn,78,1.6782979914308649,1.6816789375970362,1.957788116678282,0.36499802239133894,0.2794901252474171
16,sklearn,79,0.8293001578129785,0.7963429667503525,1.1612027985328668,0.2530019129915053,0.3319026407198883
16,sklearn,80,0.10293267134150166,0.08903328544803175,-0.3128465582389861,0.32998782523523557,-0.41577922958048774
16,sklearn,81,0.1747629785781259,0.21313836359536478,0.027982606383725184,0.2659875720727256,-0.1467803721944007
16,sklearn,82,-1.0702950047009339,-0.8851052555326798,-1.0780871998216721,0.24848353597662384,-0.0077921951207382545
16,sklearn,83,0.2548448899479483,0.16219473314060173,0.44979559724291107,0.2740185134807788,0.19495070729496278
16,sklearn,84,1.0022029450890384,1.056402470739462,1.010171585752346,0.3690867354276902,0.007968640663307491
16,sklearn,85,0.7716712075917694,0.717317957771506,0.33040918418408793,0.28994610086787176,-0.4412620234076815
16,sklearn,86,-0.5346152278061964,-0.5866508589908672,-0.15698074034223097,0.35469321338218196,0.37763448746396544
16,sklearn,87,-0.14671077416802975,-0.061737952304306856,0.37237935310293935,0.3075948436334616,0.5190901272709691
16,sklearn,88,1.2096536400079925,1.1283505748739202,0.5812688196334497,0.2990719132368247,-0.6283848203745428
16,sklearn,89,0.06889844965977887,0.09469478798691881,0.37751304443113654,0.3170896023600656,0.30861459477135766
16,sklearn,90,1.835315011181814,1.7190137770463865,1.7826262460925228,0.2068155595718249,-0.0526887650892911
16,sklearn,91,0.7656188771250254,0.8273522812500036,0.49110171699461347,0.32436309991368717,-0.27451716013041194
16,sklearn,92,1.6023898866822444,1.707183800508308,1.8896450202084267,0.3177271685806207,0.28725513352618237
16,sklearn,93,-0.6814866542604431,-0.7028327292771701,-0.4153722233863295,0.32568227588250903,0.26611443087411357
16,sklearn,94,0.8572081108447552,0.7423115519017359,1.145339255350029,0.39870065522193854,0.2881311445052738
16,sklearn,95,0.4694342402198124,0.574225028360468,0.9977317046198984,0.28587470006672216,0.528297464400086
16,sklearn,96,0.3971990039512487,0.48470000236891525,0.4983015900960943,0.5220835110605683,0.10110258614484563
16,sklearn,97,-0.17125354060218945,-0.3220457383561235,0.08882798942767423,0.4300446178790683,0.2600815300298637
16,sklearn,98,0.3695911922518198,0.3116748491191788,0.3362060562512603,0.300850412251638,-0.03338513600055948
16,sklearn,99,0.9388945823722057,0.950255850044255,0.9458071755201445,0.17061074741828447,0.006912593147938795
16,sklearn,100,0.4608457957345075,0.4871228599782946,0.49940253699708315,0.4990224653139205,0.03855674126257563
16,sklearn,101,2.1399614639118982,2.064034460841734,1.8844975209293828,0.3418448854464434,-0.2554639429825154
16,sklearn,102,0.43719909579860405,0.5232425474664535,0.7227414790084232,0.2924624369825173,0.2855423832098192
16,sklearn,103,-0.21061484877267245,-0.2899041024957735,0.3928125055803786,0.2718113117950317,0.6034273543530511
16,sklearn,104,-0.28779790208313194,-0.1881051813293496,-0.19795097129324368,0.28805704972799756,0.08984693078988826
16,sklearn,105,0.7972675457948246,0.6897340355133694,1.0316323057420647,0.23062316236714775,0.23436475994724004
16,sklearn,106,1.0962243131267995,1.0968281628194319,1.1844711907912604,0.333810477122083,0.08824687766446093
16,sklearn,107,1.284201475033645,1.1758172897821553,1.6645028343846189,0.2504636704168774,0.38030135935097387
16,sklearn,108,-0.19946783511885335,-0.2180235129706424,-0.245147826712806,0.16700905337344849,-0.04567999159395264
16,sklearn,109,0.6012821258928918,0.4844750825007573,0.6638017216502856,0.37090169468166007,0.06251959575739385
16,sklearn,110,0.8379686221628647,1.0048366717306665,1.2332343072274554,0.33259755279190784,0.3952656850645907
16,sklearn,111,1.1001166661231498,1.1157534795316137,0.9680326498477392,0.4719949955150163,-0.13208401627541067
16,sklearn,112,1.4128715813019157,1.4632880660275105,1.4138556625229466,0.44519865544493403,0.0009840812210308858
16,sklearn,113,0.31118728036837817,0.37267219711574895,0.011858261285031091,0.451829735133,-0.2993290190833471
16,sklearn,114,0.08561008866255854,0.13062780670276058,0.1786799972836981,0.3134892307344077,0.09306990862113956
16,sklearn,115,0.7734259494967315,0.6575404541735901,0.9065527181699053,0.232025679299126,0.13312676867317386
16,sklearn,116,0.724651853804327,0.7784034941399379,0.8441837539080748,0.3453883552640826,0.11953190010374781
16,sklearn,117,0.5950306250934059,0.46472522431541385,0.9323295747830578,0.2779449757358546,0.3372989496896519
16,sklearn,118,1.3877460019154408,1.4220919402394996,1.5468271688014283,0.30117853210597106,0.1590811668859875
16,sklearn,119,1.1909007888348468,1.2119566603407887,1.094076660166472,0.24064217366022478,-0.09682412866837486
16,sklearn,120,0.14378595683822057,0.2022088726156241,0.46053766012642683,0.24591874399042282,0.31675170328820623
16,sklearn,121,1.0307512980586693,1.1654501451392179,0.730053503586837,0.42081099654867526,-0.3006977944718323
16,sklearn,122,-0.09732928791819406,-0.10046163607799584,-0.24426915644789737,0.22371752456316985,-0.1469398685297033
16,sklearn,123,-1.2489569065225128,-1.2801544094652164,-0.7964013593905097,0.24141295294386428,0.4525555471320031
16,sklearn,124,0.6407496868651013,0.7138045542325664,0.6789800449369245,0.32982329302195074,0.03823035807182329
16,sklearn,125,0.5715602192205446,0.7495331657543409,0.5495277269266925,0.2098298839418808,-0.02203249229385207
16,sklearn,126,2.1839705831793803,2.132759507371674,2.4173133116738104,0.300385486971629,0.23334272849443005
16,sklearn,127,-0.5360770733337079,-0.7534186026522388,-0.35351706005937267,0.28153260371645367,0.18256001327433524
16,sklearn,128,-1.0334214859999857,-1.0147881534512115,-0.7790345629159408,0.42580796082507016,0.254386923084045
16,sklearn,129,1.4906698324061989,1.4738259332980796,1.051522565525758,0.25268605272807876,-0.4391472668804408
16,sklearn,130,2.3113981468450358,2.06279696239396,2.332715343494682,0.42441475772558707,0.021317196649646153
16,sklearn,131,1.0657731269897623,0.9707775631596225,0.6439919745461378,0.2762251446822934,-0.4217811524436246
16,sklearn,132,0.3785389221315079,0.4521954025756825,0.5550559175421625,0.29705235994665063,0.17651699541065463
16,sklearn,133,0.8358889494192208,0.8991086440214872,0.9675300922450667,0.25761393826544765,0.13164114282584594
16,sklearn,134,-0.20041878393092222,-0.10419736419846862,0.44869227324142,0.4123911430830824,0.6491110571723422
16,sklearn,135,0.42985096309899606,0.38445405963139334,0.542711044159212,0.30100214919973467,0.11286008106021594
16,sklearn,136,0.17243847169699134,0.08001281194755686,0.24840006169388573,0.5431869166186565,0.0759615899968944
16,sklearn,137,-0.016656797105374987,-0.2031729371643548,-0.20245287119788102,0.38853504647097414,-0.18579607409250604
16,sklearn,138,-0.11332439146471568,-0.0781508371381902,-0.23320801050632767,0.5015407705306051,-0.11988361904161199
16,sklearn,139,0.31195026458110653,0.2952866529650248,0.02336425346690696,0.2891816143822204,-0.28858601111419957
16,sklearn,140,-0.7736810733682788,-0.827584531387426,-0.6617504789908644,0.39157017223377905,0.11193059437741448
16,sklearn,141,-0.23846718874224862,-0.2974182706858997,-0.7687474838009472,0.24374455224062858,-0.5302802950586986
16,sklearn,142,2.072560077893656,2.052302832088178,2.178199800160371,0.374793598340389,0.10563972226671492
16,sklearn,143,-0.08158994504442735,-0.03153325296597262,0.02279865174567597,0.2841579309165762,0.10438859679010332
16,sklearn,144,0.3878788420289825,0.4407460550699484,0.6271560903102804,0.3545472581768695,0.23927724828129793
16,sklearn,145,-0.2887889219447047,-0.11532489491725248,0.028134379944336985,0.258116312776501,0.31692330188904166
16,sklearn,146,-0.47266928185378476,-0.5302631519517894,0.08769407363835668,0.45399652522490397,0.5603633554921414
16,sklearn,147,0.003995149388450581,-0.1546489016563849,0.30144426109576017,0.3506041632037355,0.2974491117073096
16,sklearn,148,1.2130670256973717,1.1300956741468493,1.6584518826800032,0.2531488223903199,0.4453848569826315
16,sklearn,149,-0.2591454511496482,-0.3422512712761236,0.05283788239213294,0.24758062789217347,0.31198333354178115
16,sklearn,150,-0.48655313375899756,-0.3864424185625855,-0.4216283110938548,0.22246155439326404,0.06492482266514277
16,sklearn,151,0.5665699555560909,0.5295714558382686,0.63993087469402,0.3342268514367825,0.07336091913792908
16,sklearn,152,-0.25745824452067023,-0.39272043063789897,-0.008561733375106684,0.24236235862872568,0.24889651114556355
16,sklearn,153,1.2054994103243466,1.2462949636714422,1.2401241732054107,0.2677424931950908,0.034624762881064086
16,sklearn,154,0.010810224036811145,0.06691553773248045,0.13529971564889642,0.3586066330994036,0.12448949161208528
16,sklearn,155,0.7160376771191168,0.7210009490304291,0.670834752242282,0.2823461746796264,-0.04520292487683486
16,sklearn,156,-0.3812461680032745,-0.22336079029835337,-0.07593532672109582,0.21866829491502074,0.30531084128217867
16,sklearn,157,0.7129972356566321,0.6590551807314993,0.37760714581458643,0.28568467494511113,-0.33539008984204566
16,sklearn,158,1.5394409572868841,1.7591482499762545,1.5016960398244272,0.2774013762529399,-0.037744917462456895
16,sklearn,159,0.02118602943658021,0.04789634626550096,-0.08442471152207531,0.3330992917028688,-0.10561074095865552
16,sklearn,160,-0.38924362593715195,-0.1882526452822817,-0.31982670210766884,0.28118421116058806,0.06941692382948311
16,sklearn,161,1.4740915404819026,1.3396259985231342,1.0537797441306456,0.3047291054420213,-0.42031179635125704
16,sklearn,162,0.3924608420156243,0.3968782667432762,0.20814600903510438,0.2526934088584002,-0.18431483298051993
16,sklearn,163,0.3048621760433051,0.14222605197928345,0.37036297557938536,0.29666438563408604,0.06550079953608023
16,sklearn,164,0.9970613492306021,1.0388374910746407,0.7143557291324285,0.37449300212106584,-0.28270562009817357
16,sklearn,165,0.6349787772126719,0.8257972477671986,0.42817359002556543,0.3039161338566073,-0.2068051871871065
16,sklearn,166,-0.11378127789901327,-0.184979205479272,0.06579374525090564,0.5194520414728565,0.1795750231499189
16,sklearn,167,1.355537125788047,1.3112202582899244,1.7704462398401368,0.3620805455396856,0.41490911405208974
16,sklearn,168,1.512662488766925,1.4777033483298827,1.1741299788137898,0.3243763185073617,-0.33853250995313533
16,sklearn,169,1.6040911102015927,1.6926821736614162,1.2132236814863493,0.2592030677021687,-0.3908674287152434
16,sklearn,170,1.5060309398539151,1.4246120947069656,1.415595962159916,0.24788208127638786,-0.09043497769399922
16,sklearn,171,-0.17641441881109143,-0.1645847371266884,-0.23350435848139028,0.3055909553480461,-0.05708993967029885
16,sklearn,172,-0.32647594053205853,-0.5517340409782824,-0.42183532113091715,0.24931743790811542,-0.09535938059885862
16,sklearn,173,0.3036960270022639,0.33721146538042035,0.6847743230255272,0.27887159651058524,0.3810782960232633
16,sklearn,174,1.0821189581373827,1.2324622485648264,1.1129884968456878,0.2712291587292367,0.03086953870830511
16,sklearn,175,1.6013280889128754,1.7404783810478064,1.072775167041188,0.3284242422299231,-0.5285529218716873
16,sklearn,176,-1.0102865229196283,-1.1082358915283408,-0.6030601974403531,0.44133173197140696,0.4072263254792752
16,sklearn,177,0.48443488798630696,0.5192171300528394,0.8405599167797639,0.352409454424711,0.356125028793457
16,sklearn,178,0.4998058451287305,0.5445208151508916,0.35071071522223995,0.3060913809744304,-0.14909512990649054
16,sklearn,179,1.0994873679920705,0.9854207968401005,1.1137590374636375,0.19842661287251548,0.014271669471566995
16,sklearn,180,2.4568171101989797,2.5151366919799982,2.2252249719761252,0.3512109987086802,-0.23159213822285452
16,sklearn,181,1.4713941052891357,1.4545677413138272,1.319937574999102,0.24552178701744454,-0.1514565302900337
16,sklearn,182,1.0154620776258605,0.9440927230662871,0.8807507419614353,0.23620142655827092,-0.13471133566442517
16,sklearn,183,1.464375517013068,1.647345854283262,1.4351444325504374,0.2208624648158474,-0.029231084462630452
16,sklearn,184,0.872696280736248,0.6940410027176906,0.3932825285284043,0.3797552324872115,-0.47941375220784377
16,sklearn,185,-0.15713256210487533,-0.25834149424094766,0.36409762093552267,0.6047872611796556,0.521230183040398
16,sklearn,186,1.1390436462569649,1.0843228228930584,1.0635664046939173,0.3126479352989471,-0.07547724156304758
16,sklearn,187,0.7728121084870092,0.7676689786748155,0.8287871907115072,0.4634035355487017,0.055975082224497985
16,sklearn,188,0.9438818112400813,1.0423488258224824,1.4794739279945386,0.2988664808533267,0.5355921167544573
16,sklearn,189,0.6897227704753377,0.9281888649587531,0.9658146629238669,0.5728631365499224,0.27609189244852916
16,sklearn,190,-0.7353038394234742,-0.4625150116367962,-0.3890105526057681,0.3151663577673384,0.3462932868177061
16,sklearn,191,-0.8416325987078614,-0.8141227614011346,-0.8094052444616828,0.33906686125668406,0.03222735424617862
16,sklearn,192,-0.33250326654104334,-0.24906256971140323,-0.007838334228869925,0.5449578858792208,0.3246649323121734
16,sklearn,193,-0.20452931244805012,-0.009892859258479436,-0.1256762194595673,0.20287731878591345,0.07885309298848281
16,sklearn,194,1.2888843799119265,1.2400333207752077,1.013790458479221,0.3000422121340732,-0.2750939214327055
16,sklearn,195,-0.2838401385755229,-0.3122662757444854,-0.15793447296647045,0.35000840082385765,0.12590566560905248
16,sklearn,196,-0.10946837242340052,-0.23925872045342877,-0.4911305676048645,0.48441567218431136,-0.381662195181464
16,sklearn,197,0.7441577839261556,0.7030931958661979,0.19476364545390368,0.3913164142823674,-0.5493941384722519
16,sklearn,198,0.9635568747161178,0.8151137964102813,1.1504396452921313,0.3727708027500795,0.18688277057601344
16,sklearn,199,0.757411052304812,0.748845128111767,0.852448219001662,0.3671797428345648,0.09503716669685003
16,sklearn,200,-0.8853577382646065,-0.9192686181339944,-0.6571169456231178,0.3886096791978523,0.22824079264148867
16,sklearn,201,-0.17419526092838863,-0.2276658308705189,0.3984743401396642,0.32061832063951473,0.5726696010680529
16,sklearn,202,0.10544374112055613,0.0636416809544685,0.09282116798181228,0.3086333121096691,-0.012622573138743848
16,sklearn,203,0.8430721160656214,0.9346141810742007,1.1194068292623847,0.23762277600117004,0.2763347131967633
16,sklearn,204,-0.5606282451724636,-0.4742702434800573,-0.25866880846553997,0.33944505780507567,0.3019594367069236
16,sklearn,205,0.6033439538696148,0.6095142982304084,0.9033698302297886,0.35104701553045164,0.30002587636017375
16,sklearn,206,1.0462361635576616,1.036154182394997,1.5326405616602994,0.26554817506060074,0.4864043981026378
16,sklearn,207,0.6651449532731275,0.6360301361667658,0.9185447854114575,0.36708697822343517,0.25339983213832995
16,sklearn,208,0.09799413355016186,0.06573104788450859,0.7803313963657086,0.3177313826966986,0.6823372628155467
16,sklearn,209,-0.11523845779202734,-0.09833954590899009,0.036158805514626025,0.2513117590040794,0.15139726330665337
16,sklearn,210,1.0420137136648984,0.9628055645142716,1.0883270773555953,0.45533772448368964,0.04631336369069694
16,sklearn,211,-0.0473388904419747,-0.05296372555951139,0.1539114345512207,0.2893373347659068,0.2012503249931954
16,sklearn,212,1.2691303055611278,1.124427685685383,1.1396258010698732,0.4123781474081905,-0.1295045044912546
16,sklearn,213,-0.8888618228507352,-0.9300404754666577,-0.5912475271345663,0.43131977986364833,0.29761429571616893
16,sklearn,214,0.22508290383975688,0.23628250887676738,0.3683796285312386,0.3262279252469772,0.14329672469148175
16,sklearn,215,1.2056561739935965,1.1707310756579266,1.1299013092164287,0.35049101305987196,-0.07575486477716775
16,sklearn,216,-1.2413066530902348,-1.4512201753590384,-1.0778590380470465,0.30617477096847484,0.16344761504318828
16,sklearn,217,-0.7409978844848374,-0.5671577659886425,-0.6718188026035907,0.228078442334842,0.06917908188124666
16,sklearn,218,-0.07577990768074358,-0.09421558473613889,0.18789658163245093,0.5168913174853527,0.26367648931319454
16,sklearn,219,1.6581250775244718,1.5716945970738838,1.6325065604946012,0.4375032145483132,-0.025618517029870613
16,sklearn,220,0.45433139427455255,0.3509394104930874,0.9599743491658934,0.27570293269370405,0.5056429548913408
16,sklearn,221,0.6770672313809212,0.8729817352520326,0.6398529556897152,0.3263353031907962,-0.037214275691205945
16,sklearn,222,0.04979437830684283,0.08805803655260708,0.1818387973826976,0.2581086464573314,0.13204441907585476
16,sklearn,223,0.5084675929343702,0.4203134172275928,0.3049446353939107,0.2668678404130337,-0.20352295754045946
16,sklearn,224,0.4267831760552283,0.5246782127028328,0.704111807498986,0.3598295264744117,0.27732863144375774
16,sklearn,225,-1.551081915362649,-1.5833168902987933,-1.0632042116067808,0.2591228767871669,0.48787770375586814
16,sklearn,226,0.6014251920493441,0.5849009191068296,0.7749783607171716,0.39322485120799616,0.17355316866782755
16,sklearn,227,-0.12397732402552883,0.07518799848240212,0.03738961044832223,0.5211541001376342,0.16136693447385106
16,sklearn,228,0.7196363145929607,0.9461119022776152,0.6695289034676613,0.43164875147862086,-0.050107411125299484
16,sklearn,229,-0.5732086824725495,-0.3809846350703013,-0.68533288519866,0.1851910714331142,-0.11212420272611046
16,sklearn,230,-0.8927806643158736,-0.9354339158923753,-0.21100657299088965,0.2610798836218828,0.6817740913249839
16,sklearn,231,2.0768729460585975,2.0484608064726455,2.0213293633289906,0.29461911568317634,-0.05554358272960691
16,sklearn,232,-0.062144707894287624,-0.0039002856935583807,0.06272420842148918,0.22844855789816976,0.1248689163157768
16,sklearn,233,0.9962977835568084,1.026778928070495,0.9365112316288577,0.18639854883433024,-0.05978655192795068
16,sklearn,234,-0.7620219732411948,-0.5945698740806595,-0.6539943093027691,0.2997319131007784,0.10802766393842567
16,sklearn,235,1.5573460836609267,1.6161712617931405,1.2185658679200735,0.43671414845431034,-0.33878021574085326
16,sklearn,236,1.0052166863900585,0.9218590455689042,1.3245179925313302,0.2576847539063469,0.3193013061412717
16,sklearn,237,2.6685890232477303,2.7430858174428527,2.2701132821780616,0.3251643168161896,-0.39847574106966865
16,sklearn,238,0.44349415114831503,0.4289541266168485,0.4514957519140932,0.3197843741017782,0.00800160076577816
16,sklearn,239,1.1971390784625047,1.1041708004534632,1.421260239017652,0.2536278372553329,0.22412116055514741
16,sklearn,240,0.7950817809718805,0.6245230528180264,0.4063327593590049,0.35321377618434757,-0.3887490216128756
16,sklearn,241,0.4442370051101642,0.45889712809978783,0.7042544014023768,0.38182029888914487,0.26001739629221265
16,sklearn,242,1.2050366544096496,1.1067271976969744,1.0167076400622044,0.3755869038846214,-0.1883290143474452
16,sklearn,243,-1.1924675421098632,-1.1835763498317828,-0.9392614293816166,0.3310782059653928,0.25320611272824656
16,sklearn,244,1.086867178856773,0.8994304164970797,0.8579317765222267,0.4101800196692705,-0.22893540233454623
16,sklearn,245,1.3556520793633804,1.6084641032321132,1.4290856609239988,0.27541888063785175,0.07343358156061841
16,sklearn,246,0.5145464271401323,0.3388284696778571,0.6260170033746224,0.21448942669200285,0.11147057623449008
16,sklearn,247,0.5712860886909201,0.6442736863773547,0.4586525946436115,0.2785666770809357,-0.1126334940473086
16,sklearn,248,0.05179794072296445,0.34123211937474596,-0.05348155114238029,0.43628496477643125,-0.10527949186534474
16,sklearn,249,-0.2229439898478482,-0.2725291428348736,-0.05368647873341281,0.438208557393176,0.16925751111443538
16,sklearn,250,-0.13747737553513614,-0.17300677635145556,0.29354457348889795,0.3136955591742144,0.4310219490240341
16,sklearn,251,-0.21833529773896032,-0.22368138677204383,0.06760965938784835,0.3037964194653099,0.2859449571268087
16,sklearn,252,1.379295161168143,1.4348831745136752,1.4742090518596385,0.1702205155862138,0.09491389069149547
16,sklearn,253,1.091086456525268,1.2146020252656031,1.041016764370898,0.21289892156113385,-0.05006969215436996
16,sklearn,254,-0.5368645342074465,-0.5304236633282295,-0.1906887671555566,0.28804219585042556,0.3461757670518899
16,sklearn,255,-0.09257568013133746,-0.3800672014924561,0.002799429477310156,0.2761245461673383,0.09537510960864762
16,sklearn,256,-0.6653954812548372,-0.487198447675536,-0.7429160979773375,0.2718420488482442,-0.07752061672250032
16,sklearn,257,1.4969453195477849,1.5258254662860116,1.6245882953126856,0.3066801643437675,0.1276429757649007
16,sklearn,258,2.3799112732474823,2.3376758078012307,2.3165560529358604,0.241343473141382,-0.06335522031162188
16,sklearn,259,-0.27752943549006104,-0.24291968405672193,-0.003922948775446855,0.2715578833217195,0.2736064867146142
16,sklearn,260,0.3723349789838705,0.38352727279718984,0.5862903928643357,0.32176938131079413,0.21395541388046518
16,sklearn,261,0.36564132307755537,0.35739137430179835,0.7322604746723513,0.4351351053438211,0.36661915159479597
16,sklearn,262,0.19558573404777854,0.091604135126969,0.505260496739453,0.2420711832952859,0.3096747626916744
16,sklearn,263,0.1781267427440308,0.14488639218802588,-0.09000248486383455,0.32180593815559105,-0.2681292276078654
16,sklearn,264,0.6812324783300326,0.722296458862685,0.8533481022791669,0.27409027270569863,0.17211562394913427
16,sklearn,265,0.9250298429062785,1.002615688238014,0.9078910476764062,0.24771909743888804,-0.017138795229872383
16,sklearn,266,1.541019291509736,1.3784078227691159,1.5394254082883485,0.3568866706197137,-0.0015938832213875376
16,sklearn,267,1.946118456805412,1.9067541599939002,1.7907278902793031,0.4003120841000313,-0.15539056652610883
16,sklearn,268,2.4326301347199295,2.434950392442821,2.4707784078498563,0.216900242230866,0.038148273129926746
16,sklearn,269,0.2508909247740344,0.17293730453989858,-0.00308892953967721,0.409585509219241,-0.2539798543137116
16,sklearn,270,-0.24056900781062263,-0.35697224231367114,-0.13769726403978844,0.28924253522373794,0.10287174377083419
16,sklearn,271,-1.2435992763132688,-1.1382412765644672,-1.085394775674109,0.3216604088833706,0.15820450063915992
16,sklearn,272,1.613353187382319,1.4400721215724603,0.9257992968337234,0.4536422612400681,-0.6875538905485956
16,sklearn,273,0.30758987296004703,0.3251090445055077,0.17227242712104562,0.4345753586617826,-0.1353174458390014
16,sklearn,274,0.4492500045912806,0.4584602182528585,0.8425082621130375,0.37330882605736015,0.3932582575217569
16,sklearn,275,1.4962763217020563,1.585741935996534,1.3025649205709353,0.33944917178128386,-0.19371140113112095
16,sklearn,276,1.4849937779221836,1.4563879105544633,1.4429402974890593,0.20540493192998555,-0.04205348043312429
16,sklearn,277,-0.32199296383303166,-0.26029451701630135,-0.48945324269185875,0.2904787959954057,-0.16746027885882708
16,sklearn,278,0.6324426889200743,0.7618405118613247,0.8347889325029225,0.28290595133435853,0.20234624358284825
16,sklearn,279,-0.898637138785318,-1.029108604889718,-0.7668761012808254,0.3088538659690944,0.13176103750449264
16,sklearn,280,0.6991400230230065,0.6145509314003915,0.9335190455468485,0.40387926600420154,0.23437902252384202
16,sklearn,281,-0.31344884856282057,-0.37074414392772875,0.015996864005028755,0.2918634246278183,0.3294457125678493
16,sklearn,282,1.477492698786146,1.5892425295653778,1.4985807374736844,0.33545993099243687,0.02108803868753828
16,sklearn,283,-1.0302751688090324,-1.0880726034983976,-0.8643780902362543,0.40778170830263544,0.16589707857277802
16,sklearn,284,-1.2530001903821586,-1.1713373342804276,-1.0640837326088413,0.3256638598136754,0.18891645777331734
16,sklearn,285,2.143000201642174,2.0389710887035686,1.9612494889367778,0.43473548221241687,-0.1817507127053961
16,sklearn,286,-0.4005331041430573,-0.5587137177922833,-0.2842887905027869,0.37946862375456375,0.11624431364027044
16,sklearn,287,1.145393232219842,1.0286566512431012,1.156603616853653,0.22717203844297112,0.011210384633811188
16,sklearn,288,0.1596962822482369,0.3118445196335327,-0.02363233218724048,0.3160019299385521,-0.18332861443547738
16,sklearn,289,0.6078524331523728,0.42794198983634224,0.9151558094738039,0.3508393199874402,0.3073033763214311
16,sklearn,290,-0.6918912545977051,-0.49699056858162016,-0.3565505007460086,0.2809927712286204,0.3353407538516965
16,sklearn,291,-0.9615840285128758,-1.0676567995586974,-0.6957489211791401,0.4381190083946274,0.2658351073337357
16,sklearn,292,1.2147238707934043,1.130249566410625,0.9590178372505136,0.2584656246061675,-0.2557060335428907
16,sklearn,293,0.7314850952672417,0.6712028898810493,0.4784129561253927,0.26698755575612965,-0.253072139141849
16,sklearn,294,-0.6900440278492933,-0.8057646818379897,-0.49561363955526794,0.40126142040266083,0.19443038829402537
16,sklearn,295,-0.15743048035587348,-0.277657270618497,0.10747209733258956,0.24599785360482024,0.26490257768846304
16,sklearn,296,1.2691662393738006,1.3150673119782643,0.8504949284678407,0.4386334991390558,-0.4186713109059599
16,sklearn,297,-0.28985955758806026,-0.23329655967829252,-0.025478180662638295,0.4287115092558215,0.26438137692542196
16,sklearn,298,1.5385741984376065,1.4471310290966841,1.360930533652498,0.3862427148811227,-0.1776436647851085
16,sklearn,299,-0.7801118071597538,-0.6424167045912459,-0.6163136018850892,0.29140353334890395,0.1637982052746646
17,sklearn,0,-0.871345150397083,-0.8993650616758712,-1.186094514460033,0.32970120342272446,-0.31474936406294995
17,sklearn,1,-0.6871743292750817,-0.8935598168809344,-0.6764384914732631,0.34665331002228633,0.010735837801818637
17,sklearn,2,-0.10077785283927432,-0.20987194853171637,-0.3754548489541758,0.30675516462498326,-0.2746769961149015
17,sklearn,3,-0.9012437411229979,-0.9140137640189503,-0.922690148093233,0.1884247110420519,-0.021446406970235143
17,sklearn,4,1.4908640250287502,1.5489616601957177,1.3323645726581705,0.3746857956457257,-0.1584994523705796
17,sklearn,5,-0.3851667800798888,-0.2834255933945891,-0.6833984057871394,0.25661408554388326,-0.2982316257072506
17,sklearn,6,-0.9279693242038213,-1.0659872860039732,-0.7033436736661898,0.3144118131916627,0.2246256505376315
17,sklearn,7,-0.30500711606595265,-0.22117455538471995,-0.6504354726720845,0.2142539256794556,-0.3454283566061318
17,sklearn,8,-0.4488100106414148,-0.6111908593942521,-0.09789489168720422,0.24090667536560986,0.35091511895421057
17,sklearn,9,0.5562994901192009,0.6134311171573121,0.5508342185238666,0.5016242406358682,-0.005465271595334276
17,sklearn,10,-0.648428393186118,-0.6050416153262961,-0.49310294996376713,0.27362156002273275,0.15532544322235087
17,sklearn,11,0.2038330350830435,0.19504094819904957,-0.011867889633424777,0.3622140214502969,-0.2157009247164683
17,sklearn,12,-0.8665512984868575,-0.9742715132339395,-0.5716043760258742,0.2049210740276719,0.2949469224609833
17,sklearn,13,-1.567387288410063,-1.8234923833670773,-1.3268472304546153,0.2626856040175151,0.24054005795544775
17,sklearn,14,-0.9228281859378772,-0.8907521603124466,-0.7761549434107753,0.2754868038839179,0.1466732425271019
17,sklearn,15,-1.1318758506788973,-1.1799373251161622,-1.0182588004509077,0.2097503814576767,0.11361705022798962
17,sklearn,16,-1.3016951016840907,-1.4203244615547392,-1.2814003155192903,0.2601407676296288,0.020294786164800405
17,sklearn,17,-0.6574244688841117,-0.5878142487081746,-0.4654703848664763,0.2237216776476418,0.19195408401763536
17,sklearn,18,-0.7175055138964264,-0.7315338992082553,-0.7067421992098897,0.19199694912638737,0.010763314686536685
17,sklearn,19,-1.063057401208905,-1.0228791109141842,-0.7269069021014545,0.3131524667103523,0.33615049910745043
17,sklearn,20,-0.9782573346284755,-0.8909846797655819,-1.0934821412657714,0.21219908261897708,-0.11522480663729584
17,sklearn,21,-1.51895657018915,-1.5142508676136468,-1.4983083256153353,0.3281362357278016,0.020648244573814756
17,sklearn,22,-0.6505944757073232,-0.5832007513358995,-0.9943928756174305,0.2832740109724045,-0.3437983999101073
17,sklearn,23,-0.6048543667602702,-0.5158860794619723,-0.9264083176023057,0.2576904726215699,-0.32155395084203553
17,sklearn,24,0.9288559331082349,0.9157362634223739,0.6385152126393079,0.4014922550024924,-0.290340720468927
17,sklearn,25,-0.4193522934890176,-0.500158351039033,-0.4927247171865612,0.3450225837856057,-0.0733724236975436
17,sklearn,26,-0.7977792786414153,-0.8719320929598905,-0.6488340944000353,0.23504674010627025,0.14894518424138004
17,sklearn,27,0.36222491618191227,0.2528700608321848,0.05357287012249845,0.2105101116741122,-0.3086520460594138
17,sklearn,28,-0.9840674982254854,-0.9840299068144149,-0.8478855531939358,0.26232705782480253,0.13618194503154968
17,sklearn,29,1.2675304491864978,1.363147940798755,1.1578886618626125,0.333441639573534,-0.1096417873238853
17,sklearn,30,0.08546285203848991,0.06251073432223703,-0.5344506552381798,0.3453851477326784,-0.6199135072766697
17,sklearn,31,-1.3492695282387959,-1.2852434110611064,-1.3646964243060413,0.2515156946308101,-0.015426896067245455
17,sklearn,32,0.15207992692564332,0.2518444964344637,-0.3807863548580035,0.34362257972172494,-0.5328662817836468
17,sklearn,33,-1.0750996687805414,-1.1258070830565643,-0.8037016998825415,0.3614081160660763,0.27139796889799994
17,sklearn,34,0.8683177643339578,0.9407328079626519,0.5733452120999845,0.322017306569273,-0.29497255223397334
17,sklearn,35,-1.4726689589462705,-1.5081039225593225,-1.110867254072394,0.23130329936589483,0.3618017048738764
17,sklearn,36,-1.6631335791275035,-1.6251211414934434,-1.506952809247906,0.3107324869892847,0.1561807698795974
17,sklearn,37,0.7021653280617923,0.8186125639198713,0.43629905706356986,0.30076406440435716,-0.26586627099822246
17,sklearn,38,-0.9330195731809441,-0.9577634012234055,-0.9184827516695275,0.32946773736884033,0.014536821511416553
17,sklearn,39,-0.390517398176904,-0.44352399721523594,-0.4965983800706977,0.31315652323336773,-0.10608098189379367
17,sklearn,40,0.06135101876128693,0.039126944907146265,-0.04318264895114332,0.24845290872282091,-0.10453366771243025
17,sklearn,41,-0.07255011630433894,-0.23905670565371925,-0.6750592184057416,0.38347798737488886,-0.6025091021014026
17,sklearn,42,-0.5996030221868455,-0.5332228858943866,-0.8599530155017008,0.3206140464921735,-0.2603499933148553
17,sklearn,43,-0.8114341632559392,-0.623526240446905,-1.2719255706303372,0.3957672918904952,-0.460491407374398
17,sklearn,44,-1.031769978460975,-1.045790419373064,-0.7623260128023492,0.24229482975139358,0.26944396565862583
17,sklearn,45,-0.17596746029673288,-0.08884940810542596,-0.29092568765549487,0.21123426229247244,-0.11495822735876199
17,sklearn,46,-0.7999676427681397,-0.7591502156184171,-0.6281222948964089,0.18288516004709715,0.17184534787173078
17,sklearn,47,-1.7692866095061848,-1.9233119403695986,-1.4439952805421425,0.2673929310340936,0.3252913289640422
17,sklearn,48,-2.249851281784822,-2.4470520933904254,-2.1063347504440877,0.30319396844451746,0.1435165313407345
17,sklearn,49,0.785616573362321,0.8817441581274474,0.5664074722317907,0.24326467267219107,-0.21920910113053038
17,sklearn,50,0.8604168506670581,1.0069911689225326,0.6403473867172771,0.21110899990330698,-0.220069463949781
17,sklearn,51,-0.7609417127087,-0.7701730824643125,-0.7772270310135383,0.17806858870134976,-0.01628531830483826
17,sklearn,52,0.684520887711053,0.7087753329427599,0.3534055254746651,0.29715806349517665,-0.33111536223638793
17,sklearn,53,-0.9373824138584737,-0.8655974484367119,-1.199042323389925,0.21702007194376619,-0.26165990953145135
17,sklearn,54,-0.5354284726856946,-0.3286058072024229,-0.7705509424944328,0.2156665063295187,-0.2351224698087382
17,sklearn,55,-1.485282146028923,-1.5786276851180516,-1.2194394808508306,0.24854869944766445,0.2658426651780923
17,sklearn,56,-0.24368295126238526,-0.2667763329574796,-0.265232933574322,0.1961955623236901,-0.021549982311936722
17,sklearn,57,0.3785269992359027,0.3816397587227194,0.014772741120614441,0.24053135831970804,-0.3637542581152883
17,sklearn,58,-1.1968668129636733,-1.050090804824971,-1.4530021044833523,0.29989794516107654,-0.25613529151967906
17,sklearn,59,-1.7483089108615961,-1.8812307364184166,-1.4651038092980357,0.24447301236342403,0.2832051015635604
17,sklearn,60,-0.8632962757914449,-0.8028535983378868,-1.0542818645757386,0.31067571245965325,-0.19098558878429372
17,sklearn,61,1.4784996509557324,1.6382494131082064,1.386088997889498,0.3852903510603972,-0.09241065306623453
17,sklearn,62,-1.1684686574965215,-1.2592842260928727,-1.1334101099756833,0.1965253155674833,0.03505854752083826
17,sklearn,63,-0.9325356055384616,-0.9171859615001687,-0.523466194689906,0.19215682416018912,0.40906941084855564
17,sklearn,64,-1.0691996393426753,-1.1108370980201956,-1.0719252141685276,0.39950780839276734,-0.0027255748258523393
17,sklearn,65,-1.4317616958257757,-1.5684562865821927,-1.3217597138439015,0.1890578543369829,0.11000198198187428
17,sklearn,66,-0.7794601709501338,-0.9339971840748954,-0.8672955304950873,0.19861866941827494,-0.08783535954495358
17,sklearn,67,-1.3150251696352404,-1.3654890873961378,-0.9934078706370997,0.2389869895781721,0.32161729899814073
17,sklearn,68,0.9050113992315186,0.9811273863700076,0.6130875880020934,0.19058343830636565,-0.29192381122942523
17,sklearn,69,-0.9553219884428358,-0.9703184588832643,-1.0346353591226727,0.28346272678220236,-0.0793133706798369
17,sklearn,70,0.8689097797761935,0.8914927429224079,0.8279592452602738,0.3450786785943029,-0.04095053451591979
17,sklearn,71,-0.09328626764894588,-0.13486961799829641,-0.3371021234894087,0.1659546651042415,-0.24381585584046284
17,sklearn,72,-1.5270769229889034,-1.4563968392694298,-1.4316008650115855,0.2698784411497511,0.09547605797731795
17,sklearn,73,-0.8673928472550401,-0.8074712536563298,-1.087027573967215,0.31040429409749987,-0.219634726712175
17,sklearn,74,-1.1467235128316193,-0.9866812654945001,-0.8348226580843949,0.2287328187130711,0.3119008547472244
17,sklearn,75,0.012540936462433844,-0.1363562918264772,-0.4359439201567188,0.3518119602096075,-0.4484848566191526
17,sklearn,76,-0.10521083086456717,0.024775117235843164,-0.050114489195038914,0.2873765294202573,0.05509634166952826
17,sklearn,77,-1.127521153664993,-1.070192162082488,-1.1031239014445422,0.22565428022732437,0.02439725222045075
17,sklearn,78,-1.0150146927444779,-1.2021240911171738,-1.0449330492026854,0.2794593379813341,-0.029918356458207507
17,sklearn,79,0.8087868114834567,0.7689993958042418,0.944199320291494,0.3782374078162571,0.13541250880803735
17,sklearn,80,-1.0660021044799965,-1.1310963478130924,-0.9842152437027387,0.19090510733561916,0.08178686077725783
17,sklearn,81,-1.241385856989312,-1.1347119899751341,-1.0784527218707805,0.22104620810976253,0.16293313511853147
17,sklearn,82,-0.5661627175975671,-0.5667730882410309,-0.5198337649471405,0.23980812173160856,0.04632895265042658
17,sklearn,83,-0.29262429709418947,-0.2777650409202955,-0.4081613028231441,0.2524830884035849,-0.11553700572895464
17,sklearn,84,-0.5742049387347177,-0.5512868766162202,-0.2896690944919613,0.5673373424532357,0.28453584424275635
17,sklearn,85,0.03022525820437913,-0.004901182769700717,-0.3461133675732313,0.24127923596163137,-0.37633862577761046
17,sklearn,86,-0.5998409130418361,-0.537031714111686,-0.7987254718817951,0.3555389774016388,-0.19888455883995904
17,sklearn,87,-1.399518172880922,-1.4167016623756445,-1.2844453293499463,0.23446164300325092,0.1150728435309758
17,sklearn,88,0.11651676958332144,-0.15447535379928176,0.0719798075892637,0.4231291163795272,-0.04453696199405774
17,sklearn,89,0.1634405914328222,0.2563718322951214,0.12289927620332941,0.29544372551502646,-0.04054131522949278
17,sklearn,90,-0.5576478097282503,-0.5148573268111697,-0.7272184403052142,0.4042529100818888,-0.16957063057696387
17,sklearn,91,-0.4807386569436368,-0.3697940178295136,-0.6987694438990388,0.2101638464752203,-0.218030786955402
17,sklearn,92,0.3301657695544896,0.23566003825667364,-0.4349315681376691,0.312321178488703,-0.7650973376921587
17,sklearn,93,-1.051316220986081,-1.0483173906255476,-0.9613252754244179,0.2098416858437986,0.08999094556166298
17,sklearn,94,-0.5543101435322987,-0.512765917013042,-0.5658547789662514,0.2718590688826257,-0.011544635433952677
17,sklearn,95,-0.8080271240453987,-0.688908158782359,-0.5026091444011467,0.1990469002830573,0.305417979644252
17,sklearn,96,-0.39566248338510823,-0.3250671933708792,-0.7616046925251085,0.3081534112767112,-0.3659422091400003
17,sklearn,97,-0.1944608048430585,-0.08722928379553119,-0.329847362408378,0.21048851610667865,-0.13538655756531948
17,sklearn,98,-0.4901617557394081,-0.5281520354488204,-0.6840843922515454,0.23565560357842905,-0.19392263651213726
17,sklearn,99,-0.32230454486984705,-0.21922175127857652,-0.5122013093745785,0.25364639466872874,-0.18989676450473147
17,sklearn,100,-0.4946397872576458,-0.3066491049927144,-0.22704474784634243,0.20205875895403244,0.26759503941130336
17,sklearn,101,-0.9078770234630394,-0.8481196465492851,-1.3256449223840239,0.3290964155817893,-0.4177678989209844
17,sklearn,102,-0.456237457657624,-0.4539121490323937,-0.7132646443808959,0.19979199146106047,-0.25702718672327185
17,sklearn,103,-0.7197409103517175,-0.5990314603678998,-0.7788815374549269,0.3235359991936574,-0.05914062710320944
17,sklearn,104,-0.5822363816742768,-0.6250878741381406,-0.6784857815937144,0.33855434608802,-0.0962493999194376
17,sklearn,105,-0.7200540834412833,-0.7018746442380798,-0.3603204725256184,0.2687847099093303,0.3597336109156649
17,sklearn,106,0.07538221605738099,0.05992328105050622,-0.11560933421677833,0.34531102106402245,-0.19099155027415932
17,sklearn,107,0.7526603989045941,0.7541859600891558,0.6631061722118847,0.5985276544303184,-0.0895542266927094
17,sklearn,108,-0.8566592280716196,-0.7514666173797466,-1.248844026744309,0.33416352605278343,-0.3921847986726894
17,sklearn,109,0.11451451077547972,0.21877258137716044,-0.36302714259293056,0.35639744614998137,-0.47754165336841026
17,sklearn,110,-0.641938908899041,-0.7089061835407975,-0.7360560803477263,0.34611045087794384,-0.09411717144868526
17,sklearn,111,0.38555145019718573,0.29287239154200484,0.16468273293937763,0.39564768621252855,-0.2208687172578081
17,sklearn,112,-0.20187205776193395,-0.08538795004724788,-0.2746018991581174,0.25905059263144564,-0.07272984139618344
17,sklearn,113,-0.408092532184805,-0.3663938431010415,-0.43142616916084187,0.2951772262061248,-0.023333636976036853
17,sklearn,114,-0.45621002086213913,-0.3403566747961003,-0.5298593535288063,0.3424847968902337,-0.07364933266666718
17,sklearn,115,-0.5648051840432657,-0.6265184652406462,-0.7889154328649806,0.24975111251229318,-0.22411024882171482
17,sklearn,116,0.9343449563637065,1.1782103033583042,0.6585939498156659,0.25924876029586724,-0.27575100654804063
17,sklearn,117,0.5566255635874044,0.6614177558465075,0.6426165810297644,0.32216601788906346,0.08599101744235993
17,sklearn,118,-1.5343772024413411,-1.479263515291551,-1.414779180847976,0.23926803720949266,0.11959802159336519
17,sklearn,119,0.20632481989291515,0.18552548973551475,0.20471437101866563,0.23552194146525704,-0.0016104488742495204
17,sklearn,120,-0.7999741875804817,-0.7355205260918237,-0.9534420385215951,0.3702920811606817,-0.15346785094111348
17,sklearn,121,0.033046414756899845,-0.1445859991512941,0.014715719928076965,0.2958704995700238,-0.01833069482882288
17,sklearn,122,-0.8514000300826288,-0.8673173038438672,-0.5639215939308677,0.27937958202481633,0.28747843615176105
17,sklearn,123,-0.2093484821819881,-0.34672719757142234,-0.5517620577342353,0.19604863684766305,-0.34241357555224716
17,sklearn,124,-0.7753105855882375,-0.6783249425349046,-1.2350076725895853,0.3006323332078245,-0.4596970870013478
17,sklearn,125,-1.1162553865087081,-0.9642371872677714,-1.2934825453213232,0.29140197528939277,-0.17722715881261508
17,sklearn,126,-0.5558679720733378,-0.5862389054317388,-0.7258616078756113,0.2785595384385899,-0.16999363580227345
17,sklearn,127,0.3116328564389636,0.2557992392279793,0.31229236596295173,0.32175731424686227,0.0006595095239881332
17,sklearn,128,-1.396190114113465,-1.4208531358895335,-1.0949441625073053,0.34479370999286485,0.30124595160615963
17,sklearn,129,-1.260529702746849,-1.201162853503589,-1.2340522589863898,0.24852345115545504,0.02647744376045913
17,sklearn,130,-0.9271261955544565,-0.9196095982335377,-0.672305680757014,0.15529952933732624,0.2548205147974425
17,sklearn,131,0.5712975136802266,0.6724575682129428,0.52053426873922,0.26238822927758243,-0.05076324494100659
17,sklearn,132,-1.0881108959002814,-1.0788747980249807,-1.0044357464250382,0.22110443079986034,0.08367514947524324
17,sklearn,133,-1.0751514689981614,-1.2387544622794258,-1.0231285480468824,0.21795006221457225,0.05202292095127903
17,sklearn,134,1.1593996142123824,1.2916317117435554,1.1362767851960123,0.4053927444000187,-0.023122829016370083
17,sklearn,135,-0.8527324550779651,-0.9764931591012918,-0.9660766611310598,0.3454232524839394,-0.1133442060530947
17,sklearn,136,-0.372008405985247,-0.6228928649948671,-0.3898506725546884,0.265699715941405,-0.017842266569441434
17,sklearn,137,-1.037173775728834,-0.8500535288608422,-0.8731038361723122,0.16782337965399988,0.16406993955652172
17,sklearn,138,-0.39906217559892826,-0.36566357447878106,-0.5187371105202949,0.15000166871556722,-0.11967493492136666
17,sklearn,139,-0.4403098169424886,-0.524396770490088,-0.4396435828045795,0.36578580101786967,0.0006662341379091163
17,sklearn,140,-0.5863965971868508,-0.45456330231758146,-0.8356106432434025,0.213562605768963,-0.24921404605655173
17,sklearn,141,0.6973460034363915,0.67003175711169,0.5664801419416055,0.40493692446776014,-0.13086586149478607
17,sklearn,142,-0.541506820707403,-0.3453100478190113,-0.5572807652275884,0.21947135249077182,-0.015773944520185434
17,sklearn,143,-0.2870008150987596,-0.19466247005830742,-0.5056821092669281,0.2508168245795601,-0.21868129416816856
17,sklearn,144,-1.045305325268301,-1.1294060076524657,-1.158622519368702,0.12469864180167604,-0.11331719410040098
17,sklearn,145,0.2724752690415841,0.24744437976523842,0.3210071136534509,0.3294337192322132,0.048531844611866826
17,sklearn,146,0.6307885184934962,0.5094401257661961,0.7711440982857649,0.4352743992447379,0.14035557979226876
17,sklearn,147,-0.4251670857451378,-0.34010380863257733,-0.44851833557366794,0.2922196264264676,-0.023351249828530152
17,sklearn,148,-0.4071734672832689,-0.5754871893047673,-0.774921293476222,0.1797649901182144,-0.36774782619295304
17,sklearn,149,-0.5350036151933472,-0.6665790863121352,-0.611215785678449,0.19882863338876142,-0.07621217048510187
17,sklearn,150,-0.8246838166229119,-0.812234815194163,-0.8546394893065976,0.22578761767145472,-0.029955672683685708
17,sklearn,151,-0.1639705789904015,-0.08138561147298098,0.020682955910846346,0.281841919774366,0.18465353490124783
17,sklearn,152,0.853885813935308,0.7553689504913128,1.1607225291869927,0.4155152161836732,0.30683671525168466
17,sklearn,153,-1.6472932738839652,-1.6316915930307534,-1.4621989128998423,0.2488735650656711,0.1850943609841229
17,sklearn,154,0.09068787686553405,0.14891087333297176,0.04255873877862726,0.34692181963738183,-0.04812913808690679
17,sklearn,155,0.16015802260052625,0.23518453237013465,0.13987113446602173,0.3136448945697634,-0.02028688813450452
17,sklearn,156,-0.9670503845348294,-0.9238643630444534,-1.2264822152860084,0.27089150800980516,-0.25943183075117904
17,sklearn,157,-0.65777861700631,-0.7280004362602617,-0.6154017143899786,0.18444448595896754,0.042376902616331424
17,sklearn,158,-0.3997341679178386,-0.3580643329884459,-0.5458808027811575,0.2247533100036972,-0.14614663486331886
17,sklearn,159,-0.6487142220233558,-0.5710874204282962,-0.8293420071092652,0.41462454468148563,-0.18062778508590938
17,sklearn,160,0.5177607589234359,0.513408884743024,0.5313284158460689,0.46780603484967376,0.013567656922633065
17,sklearn,161,0.27070046281303695,0.1926071132847983,0.2502320309828754,0.3106518738654627,-0.02046843183016156
17,sklearn,162,-0.5428213725789366,-0.5717861892695135,-0.6551434691269993,0.18239838945963632,-0.11232209654806269
17,sklearn,163,-1.116523984883256,-1.2045026377257662,-1.0719731909928676,0.2546226167615459,0.04455079389038841
17,sklearn,164,-1.106567605934213,-1.1135230074141231,-0.9101001105067716,0.19767692106349966,0.19646749542744146
17,sklearn,165,-0.38398063936647886,-0.5436947478122042,-0.45805191318174776,0.33268495159788375,-0.0740712738152689
17,sklearn,166,0.5757491653937902,0.6379635561951433,0.6009695541937052,0.30433105443199304,0.02522038879991506
17,sklearn,167,-0.8243681902436997,-0.7830543736892425,-0.8400092914353046,0.23868506588507007,-0.01564110119160489
17,sklearn,168,-0.46857530517741913,-0.47217765662983435,-0.6114031743126311,0.1611149476433371,-0.142827869135212
17,sklearn,169,0.329754539393203,0.22719456789780523,0.12194032013832334,0.4143902838342775,-0.20781421925487964
17,sklearn,170,-0.6056295480862376,-0.6483644703616056,-0.7760360102252957,0.16020667621820533,-0.17040646213905808
17,sklearn,171,-0.3271529765944858,-0.37575612971999794,0.12774628279918687,0.228175867314616,0.45489925939367265
17,sklearn,172,-0.7176879970708099,-0.466218317808697,-0.998214496875443,0.2980190796939265,-0.28052649980463307
17,sklearn,173,-0.6015382268785193,-0.7629772450005494,-0.7540959442802553,0.15519462384574742,-0.15255771740173596
17,sklearn,174,-0.4425205549445546,-0.3160675113910318,-1.079824148403767,0.34070862506530053,-0.6373035934592124
17,sklearn,175,-1.0352681440432108,-0.9099145572720677,-0.9177073901482817,0.22295927436081248,0.11756075389492904
17,sklearn,176,-0.275605722793948,-0.2383122662371322,-0.38607331544459456,0.3269704982152639,-0.11046759265064654
17,sklearn,177,1.4641503319761042,1.4866017001866951,1.4496443480020331,0.35473309755850235,-0.014505983974071102
17,sklearn,178,-1.124710360387248,-1.0884081534741028,-0.8784023599510284,0.20076419710788426,0.24630800043621948
17,sklearn,179,-1.9280057124252656,-1.8849296740706198,-1.808601044604146,0.25979763811458495,0.11940466782111958
17,sklearn,180,-1.1785269609180595,-1.238619080853025,-1.254643808006426,0.2113127676614406,-0.07611684708836641
17,sklearn,181,-1.3663202072707243,-1.447292888646056,-1.23174019676369,0.25234632485403286,0.13458001050703428
17,sklearn,182,0.8131038148910408,0.8549032888645439,0.9418351347557312,0.4301064044229249,0.12873131986469044
17,sklearn,183,-0.8425578195675223,-0.9515250886746062,-0.7137224987146209,0.3983313138105482,0.1288353208529014
17,sklearn,184,-0.8360491054468357,-0.750365713567317,-0.9707241922098078,0.23655798201980188,-0.13467508676297202
17,sklearn,185,-1.1800582936725992,-1.1692380369744682,-0.9682421892636182,0.1814687655059945,0.21181610440898102
17,sklearn,186,0.059452452686191426,-0.01951149319392037,-0.25876581284850975,0.2286744154112928,-0.3182182655347012
17,sklearn,187,-0.31835594285737295,-0.21545183379171184,-0.34231627890913074,0.1616182823022657,-0.02396033605175779
17,sklearn,188,-0.5592125959089826,-0.5464305849354077,-0.7764710373449084,0.24866777257517783,-0.21725844143592576
17,sklearn,189,-1.3485472721586855,-1.4375137887083222,-1.2122462164735595,0.20637280330872282,0.13630105568512607
17,sklearn,190,0.6092307809879784,0.617569846995983,0.5930543999025142,0.45857984553288816,-0.016176381085464264
17,sklearn,191,0.8669162989780769,0.8539494913756451,0.6756866402811159,0.27109468657496366,-0.19122965869696096
17,sklearn,192,-1.2795193825601114,-1.264262138681479,-1.241705987674485,0.3590805741899228,0.03781339488562652
17,sklearn,193,1.3294025351670198,1.3662034658766784,1.451468794713061,0.42014622421818193,0.12206625954604111
17,sklearn,194,-0.28207138022294054,-0.4564870775541915,-0.2406699800883061,0.16204392152416822,0.04140140013463445
17,sklearn,195,0.09885726476429418,0.07168526990381432,0.2064769182223105,0.35459713181312136,0.10761965345801633
17,sklearn,196,-0.6493950091304052,-0.8526135694986475,-0.2721049308514285,0.29120164240655205,0.37729007827897665
17,sklearn,197,0.49690045121606746,0.44922472628383014,0.35959339338888974,0.21031709073515825,-0.13730705782717773
17,sklearn,198,-0.5642949729869833,-0.718681399863968,-0.6430592469662706,0.27122438188317555,-0.07876427397928731
17,sklearn,199,-0.8141667705565858,-0.8295264617258955,-0.9115372317656654,0.19151338976634216,-0.09737046120907955
17,sklearn,200,-0.20451315578321477,-0.2157166716319571,-0.5751176047622995,0.3279878997677198,-0.3706044489790847
17,sklearn,201,-0.0620974533195604,-0.12601045035266234,-0.7301083028786701,0.394786347586469,-0.6680108495591097
17,sklearn,202,-0.9613225485076041,-0.8260559997929022,-1.0282223221440745,0.19786079210365035,-0.06689977363647037
17,sklearn,203,0.45966459820224337,0.4259118410823423,0.3952550879305252,0.4006304948670718,-0.06440951027171815
17,sklearn,204,-0.5665326458303305,-0.4276187952822332,-0.5886859543067509,0.2790505931745146,-0.022153308476420386
17,sklearn,205,0.0724091231903296,0.12484593434673802,-0.34436842496645337,0.34500208077076916,-0.416777548156783
17,sklearn,206,0.03202780905657905,0.05714660927339832,0.35434370347825705,0.2754205717260423,0.322315894421678
17,sklearn,207,0.6252647697776768,0.5247000406558849,0.6572134889441879,0.2848831265337975,0.0319487191665111
17,sklearn,208,-0.6320303106226525,-0.48939018881128005,-0.653368942022091,0.2405016816266762,-0.02133863139943848
17,sklearn,209,-0.0475631993215144,-0.19459155746879267,-0.0009319509466667597,0.22963815851374977,0.04663124837484764
17,sklearn,210,-0.8673178227285842,-0.9586993946872557,-1.3575323749382076,0.27614430932334116,-0.4902145522096234
17,sklearn,211,-0.013884209431200834,-0.10130439508129252,-0.2299788866029524,0.2509841445676633,-0.21609467717175157
17,sklearn,212,-0.0853935709802783,-0.13663908235547845,0.16645052043612196,0.2109800090322115,0.2518440914164003
17,sklearn,213,-1.2534658443078162,-1.1178919327890724,-1.165328152168179,0.37098781770439254,0.08813769213963707
17,sklearn,214,-0.7967970507702695,-0.7814703416089189,-0.6322935499884057,0.18261073549964085,0.16450350078186382
17,sklearn,215,-0.6900725184182117,-0.8496568683352842,-0.6965406237803924,0.2692283017823269,-0.006468105362180676
17,sklearn,216,-0.4385165874755487,-0.45163165565284646,-0.47923723029732557,0.14589836965073086,-0.04072064282177684
17,sklearn,217,-0.4787534422977127,-0.43239548674948985,-0.5823118552169397,0.17526057224430996,-0.10355841291922702
17,sklearn,218,-1.5252266707542694,-1.4415196568774267,-1.1482140698852046,0.31119681287430156,0.37701260086906485
17,sklearn,219,-0.36444340817389687,-0.2078316131842358,-0.5234086336093497,0.28856633063810266,-0.15896522543545288
17,sklearn,220,-1.0839464988600154,-1.0986522465422532,-1.021912696258335,0.179480038469493,0.062033802601680454
17,sklearn,221,-0.46123148023898836,-0.25480770620573645,-0.5159766055157569,0.3400257622731511,-0.0547451252767685
17,sklearn,222,-1.4352664369422423,-1.4572530044467222,-1.0932142859750975,0.32264923233195525,0.3420521509671448
17,sklearn,223,-0.34864985647195196,-0.3552248678939974,-0.13753347817160133,0.33031111626199156,0.21111637830035063
17,sklearn,224,-0.5729022372909734,-0.5724786607351203,-0.6385391855626406,0.23417633200751015,-0.0656369482716671
17,sklearn,225,-0.4765010159639559,-0.4769653248787567,-0.6570404609594984,0.32523730127780986,-0.18053944499554253
17,sklearn,226,-0.9598313908519506,-0.8509171928137454,-0.8317763216240177,0.2320392282958328,0.12805506922793286
17,sklearn,227,0.3809247342583646,0.42298370534987606,0.12112484056931727,0.2826142905300756,-0.2597998936890473
17,sklearn,228,-0.44940799569161427,-0.38602631169736223,-0.24294047264035612,0.20773651103256188,0.20646752305125815
17,sklearn,229,-0.48319808423288285,-0.6515629011876729,-0.452504686607206,0.19818312186893033,0.030693397625676855
17,sklearn,230,-1.8952066554914508,-1.8835865567997756,-1.8023295033815403,0.2401126118728084,0.09287715210991054
17,sklearn,231,-0.7993503395296728,-0.7813120661084157,-0.36905461145243024,0.24455643031414276,0.4302957280772426
17,sklearn,232,0.7130726011709515,0.818573587819394,0.6678625382642505,0.30741273473208414,-0.04521006290670104
17,sklearn,233,-0.8402642799631675,-0.8565693847944819,-1.0013047766249574,0.18178002883527622,-0.16104049666178988
17,sklearn,234,-0.9996054766512691,-0.982746611286719,-1.181077071679999,0.32935808980882325,-0.1814715950287299
17,sklearn,235,-0.7761703846391703,-0.7394291088156579,-1.0549454387253818,0.322086198060346,-0.2787750540862115
17,sklearn,236,-1.0908465474156832,-1.088636941775476,-0.8817055519793762,0.2241963526947633,0.20914099543630704
17,sklearn,237,0.06505620203794925,0.12525506070529013,0.25365324161562697,0.2819362901340448,0.1885970395776777
17,sklearn,238,-1.414842116800963,-1.3618005597422822,-1.4037071978200473,0.22514429086061422,0.011134918980915787
17,sklearn,239,-0.42652925109844075,-0.4251323413882284,-0.714143440995628,0.45078029244829787,-0.28761418989718723
17,sklearn,240,0.17414142604706007,0.23218677129578383,-0.37343485581638003,0.32296685777765216,-0.5475762818634401
17,sklearn,241,0.32812726077289256,0.4867337069064459,-0.1881236141350202,0.36249301602272044,-0.5162508749079128
17,sklearn,242,-0.5073137700594633,-0.6311180353598715,-0.5925396214420893,0.17456438194067628,-0.08522585138262595
17,sklearn,243,-1.7924864139391086,-1.9983073019941673,-1.5699715174067679,0.22778580487758812,0.2225148965323407
17,sklearn,244,-1.4397303589798172,-1.5461607599173013,-1.2641258081440325,0.20906771178071978,0.17560455083578463
17,sklearn,245,-0.5618004745642686,-0.6302477956803391,-0.7968738744106325,0.28360267366378,-0.23507339984636388
17,sklearn,246,-0.8621724277503945,-0.7729279427708797,-0.8691481587200549,0.2561846693665653,-0.006975730969660421
17,sklearn,247,0.24581580649131524,0.18705135690321414,0.3593975082974028,0.376213422473668,0.11358170180608756
17,sklearn,248,0.8916199643995608,0.9580318280282357,0.7174554310685779,0.2984259466947009,-0.17416453333098292
17,sklearn,249,0.9021855171163509,1.0719395952153017,0.7738965790010752,0.34772184658729566,-0.12828893811527564
17,sklearn,250,0.07816473302483884,0.10456225902735469,-0.0244327396725037,0.3188040251700704,-0.10259747269734254
17,sklearn,251,0.4185527611981904,0.41859361718428195,0.2051221625846651,0.36496026423970784,-0.2134305986135253
17,sklearn,252,-0.6029240231226766,-0.255331552000493,-0.6655333107073478,0.27785832313405995,-0.06260928758467121
17,sklearn,253,-1.2113537401929881,-1.322725621890232,-1.230529901227598,0.283792034699593,-0.01917616103460995
17,sklearn,254,0.8262099415335321,0.8347217576935555,0.5031819706852811,0.18636487844231162,-0.32302797084825097
17,sklearn,255,-0.9393128547869866,-0.9725612868641699,-0.7819186937742177,0.19440087243013615,0.15739416101276882
17,sklearn,256,-0.9643759634289099,-1.1722290743155166,-1.0479153622301585,0.20321891748604093,-0.08353939880124861
17,sklearn,257,-1.155457510522239,-1.0366947388938241,-0.9958082642088559,0.20370003251742533,0.15964924631338318
17,sklearn,258,-0.2512235393373278,-0.2259512542888135,-0.5336509915979608,0.36334604142137694,-0.28242745226063304
17,sklearn,259,0.15064466762505174,0.0912472625382591,-0.4282086267974208,0.26962309185733313,-0.5788532944224725
17,sklearn,260,-1.3706753003060261,-1.4787620294428834,-1.3763079080878482,0.22487542157255272,-0.005632607781822063
17,sklearn,261,0.4928914984439895,0.49214628692513973,0.4897924684300321,0.46782122562606937,-0.0030990300139573934
17,sklearn,262,-1.631029922833242,-1.712087164297033,-1.5261523585832872,0.2957777152742251,0.10487756424995487
17,sklearn,263,-0.2566036659685905,-0.12076977071408737,-0.5301171928057986,0.1938865076906733,-0.2735135268372081
17,sklearn,264,-1.2008047875846448,-1.352367272778337,-1.0007590365416092,0.17026211695519003,0.20004575104303557
17,sklearn,265,-0.825994326853255,-0.9324010876792495,-1.039608364415825,0.3278707540880115,-0.21361403756256991
17,sklearn,266,-0.9129954398353962,-0.955703166894724,-1.0796768305612385,0.22920192881300164,-0.16668139072584232
17,sklearn,267,-0.6413874965445678,-0.6085864515453083,-0.6335493655730318,0.2324951399513675,0.007838130971536073
17,sklearn,268,-0.6999323966960451,-0.7636009352511727,-0.2891452575508886,0.26034120184195847,0.4107871391451565
17,sklearn,269,0.7398814994388603,0.9292586534999259,0.6825669796417255,0.32531820476871903,-0.057314519797134755
17,sklearn,270,0.6017269346753382,0.6629241751001917,0.5514771710009807,0.2726523769640722,-0.05024976367435752
17,sklearn,271,0.23258416965184614,0.182985724326414,-0.1265221687363436,0.29057253409430966,-0.3591063383881897
17,sklearn,272,-0.6370566934971899,-0.7301253138683039,-0.7036070624027602,0.2084942382927047,-0.06655036890557031
17,sklearn,273,-0.08793514554810367,-0.21391260920620964,-0.35260303088207134,0.35022348578331547,-0.2646678853339677
17,sklearn,274,-0.12472852058108386,-0.2723382885895498,-0.4014122775287934,0.2920075847442122,-0.2766837569477095
17,sklearn,275,-0.18020755453044435,-0.11961035483097657,-0.24045428763892485,0.23224220920118743,-0.0602467331084805
17,sklearn,276,-1.2694597718211782,-1.2743429815042273,-1.556437500680723,0.25943025419006055,-0.28697772885954476
17,sklearn,277,-0.5158203920707325,-0.3036485334133021,-0.7577920694032967,0.28565811680058945,-0.2419716773325642
17,sklearn,278,-0.7763319184780347,-0.8402921203121446,-0.5625821645278357,0.33670196778845674,0.21374975395019902
17,sklearn,279,1.2453427272333226,1.1223129631928306,1.5806588499223984,0.40436968597659473,0.33531612268907574
17,sklearn,280,0.5503514598477315,0.4526785882072146,0.6162433878261044,0.4696449151802867,0.06589192797837296
17,sklearn,281,-0.64311192263854,-0.6998473655834431,-0.5993472981927823,0.312461322275915,0.04376462444575768
17,sklearn,282,-0.8423513943775548,-0.7993169058717194,-0.822093787941526,0.26971001639648423,0.020257606436028808
17,sklearn,283,-1.0895025967903442,-1.2167215166402203,-1.1782413639818543,0.22726875418970346,-0.08873876719151008
17,sklearn,284,0.13196448510562286,0.21343547433129637,-0.3118402252568795,0.3664681259769972,-0.44380471036250235
17,sklearn,285,0.4392659018961867,0.3724295620189685,0.3154982644806257,0.38258070954751366,-0.12376763741556102
17,sklearn,286,-0.4594828638293109,-0.48871504345911054,-0.598455986840218,0.18475487028789675,-0.13897312301090703
17,sklearn,287,-0.3223844484990641,-0.2185654620288009,-0.3276277731646515,0.14513473517024278,-0.005243324665587412
17,sklearn,288,0.28876410333533276,0.19646649502936506,0.3860252106143558,0.4118976944210503,0.09726110727902304
17,sklearn,289,-0.4912968315024864,-0.6192799327227302,-0.7371109835358922,0.20595743293854935,-0.24581415203340584
17,sklearn,290,0.49007038469420494,0.6103603908445699,0.621109971535482,0.3580530351026604,0.13103958684127703
17,sklearn,291,-0.8856429490713209,-0.8533460355127206,-0.6946946630411741,0.3473437349985242,0.1909482860301468
17,sklearn,292,0.7800661881985888,0.8725663074622153,0.6110588435336224,0.26818894156573214,-0.16900734466496636
17,sklearn,293,-0.5512887983694948,-0.5067064479244472,-0.7090753310398057,0.24216349763886524,-0.15778653267031084
17,sklearn,294,-1.394288210881769,-1.306987506754902,-1.370471078528971,0.21429198026539875,0.02381713235279781
17,sklearn,295,1.0464141629012853,1.2022836029537514,0.9961948103405569,0.33483902995597514,-0.0502193525607284
17,sklearn,296,-0.3307988341783455,-0.40131196302398076,-0.19357810494873817,0.16070655625050773,0.13722072922960732
17,sklearn,297,-0.7338235285283526,-0.8680236725367174,-0.8316199310143411,0.16033998246959785,-0.09779640248598842
17,sklearn,298,-1.0913353726672748,-1.094294244432775,-0.9720032716565257,0.17528397890862246,0.11933210101074909
17,sklearn,299,-0.530445013980661,-0.49268411754113134,-0.699671984984505,0.2473978067663217,-0.16922697100384398
18,sklearn,0,0.8047740307613365,0.8628067853549829,0.8241009105089567,0.20497848525655837,0.019326879747620263
18,sklearn,1,0.07353737625271467,0.054053731024418586,0.2615426751768837,0.2418853453724964,0.188005298924169
18,sklearn,2,0.5674442377728508,0.724698482251229,0.6894741795439145,0.2629494464132745,0.12202994177106374
18,sklearn,3,0.6017401549708574,0.5153347983088168,0.10103360442386844,0.30034856458568326,-0.500706550546989
18,sklearn,4,1.9532922383353497,1.9078121089094684,1.7881787675344993,0.280909370653167,-0.16511347080085037
18,sklearn,5,1.190553376078369,1.1815239884092437,0.8236208997581862,0.23711236958630008,-0.3669324763201829
18,sklearn,6,1.0180539741187462,1.1913804659790883,0.9903918699059933,0.18917315741375992,-0.027662104212752947
18,sklearn,7,0.40621299498080304,0.52857656433314,0.2359146501744238,0.1305017013740367,-0.17029834480637923
18,sklearn,8,0.4792420057871826,0.528120557390531,0.3879251115595306,0.16178861758616062,-0.09131689422765205
18,sklearn,9,1.4941204549398275,1.5134029498223929,1.2750278588521287,0.2790439237273794,-0.21909259608769882
18,sklearn,10,0.43416306929703435,0.38558224166008065,0.5712713915977599,0.24336386632992477,0.1371083223007255
18,sklearn,11,1.3692182753007698,1.2685812430522436,1.4868036326337988,0.2921028898513464,0.117585357333029
18,sklearn,12,1.9615902280648385,1.9451928709029944,1.7211647283423162,0.2830018020169375,-0.24042549972252236
18,sklearn,13,-0.356975527498265,-0.25949654625865737,-0.2331929863794926,0.18931135467019156,0.1237825411187724
18,sklearn,14,2.0754727250642357,2.212320056063323,1.7283549094733104,0.24687030634261406,-0.34711781559092536
18,sklearn,15,0.17833490950640046,0.2388625949086734,0.11696737751451636,0.2073219094126291,-0.061367531991884106
18,sklearn,16,0.05621384465224774,0.04310636732409058,0.15360236670579752,0.2275746394856209,0.09738852205354978
18,sklearn,17,0.6454882256060492,0.7536052108025213,0.749029653088086,0.23737113341595914,0.10354142748203676
18,sklearn,18,1.584600022112985,1.7157522074868492,1.2136369289077642,0.28673328321426017,-0.3709630932052208
18,sklearn,19,0.5097669956156285,0.5072593278525188,0.39000017928547237,0.29791581943570516,-0.11976681633015618
18,sklearn,20,1.0995925122793524,1.17553935340634,0.8822628407323938,0.2502414434825281,-0.2173296715469586
18,sklearn,21,0.6419257741824583,0.5424108191767559,0.8805745300455547,0.28874433024526325,0.23864875586309642
18,sklearn,22,0.5349297916242856,0.3994394220782581,0.9700295679560078,0.27766386085279304,0.43509977633172225
18,sklearn,23,0.5311489499107185,0.4530451014076996,-0.025711135260172213,0.3078910703024018,-0.5568600851708907
18,sklearn,24,0.7106520966719503,0.7121493568935264,0.5350979555462647,0.28984128439546597,-0.17555414112568557
18,sklearn,25,0.5307902863408885,0.6383189525445887,0.7684818496577872,0.17873210632952916,0.23769156331689867
18,sklearn,26,0.832669349296587,0.7877475778805493,1.2154718051699138,0.23433932440645278,0.38280245587332684
18,sklearn,27,2.2396202430191536,2.1671706821416414,1.7186341700669487,0.31692831578176145,-0.5209860729522049
18,sklearn,28,1.8179829649022892,1.8693311659440228,1.613394881934557,0.23261241494948806,-0.20458808296773223
18,sklearn,29,2.1557626550275453,2.115563519151778,1.7727425122867393,0.29536335503781697,-0.383020142740806
18,sklearn,30,1.0910883622377237,1.1353637708722792,0.9324663176747743,0.21702111638999397,-0.15862204456294937
18,sklearn,31,2.106562575204116,2.166911418273552,1.9793377441749511,0.32794691960570876,-0.12722483102916504
18,sklearn,32,1.2422923815431994,1.3882301930947336,0.9100451479074545,0.25742492615506146,-0.33224723363574493
18,sklearn,33,0.29398670875254024,0.18458645439222646,-0.052439078560063024,0.26071045337759985,-0.34642578731260326
18,sklearn,34,1.8251590081823483,1.9688888696111069,1.5763782499096326,0.27829278972106686,-0.24878075827271573
18,sklearn,35,1.5761354564291392,1.607088076179315,1.1953476351926167,0.3281375913673118,-0.38078782123652255
18,sklearn,36,0.12095279271441792,-0.03955713587017545,0.275052674180122,0.24774406104317948,0.1540998814657041
18,sklearn,37,0.6184927641083693,0.7735221555317873,1.0039067483859991,0.3463211962289913,0.38541398427762985
18,sklearn,38,0.5422712765054228,0.6069912920468727,0.44155810554112396,0.29231230314553247,-0.10071317096429888
18,sklearn,39,0.5092419676649975,0.575273522567505,0.15153604636514117,0.32778214613438295,-0.35770592129985634
18,sklearn,40,1.0928482439924552,1.0774349044502611,1.5639344020932837,0.28403885061554063,0.47108615810082854
18,sklearn,41,0.21009734628560187,0.17452935328075087,0.4448027686924618,0.2649182840867209,0.23470542240685996
18,sklearn,42,-0.33483073014866743,-0.21428606862946514,0.001728805777954534,0.26549276203762673,0.33655953592662197
18,sklearn,43,0.7056251082565792,0.7655981290653171,-0.024115492786899395,0.3406632389177741,-0.7297406010434786
18,sklearn,44,1.0017799228406308,1.0352788413891272,0.9281882690884364,0.20466809597967187,-0.07359165375219434
18,sklearn,45,-1.0415811247970068,-0.9240891076925088,-0.5042326450377685,0.4030230400829566,0.5373484797592383
18,sklearn,46,1.0315826107043917,1.0221238253913891,0.7502515630476587,0.2955984834224113,-0.281331047656733
18,sklearn,47,2.1971039029777244,2.2330188118206795,1.8437889254944135,0.2757351598335407,-0.35331497748331087
18,sklearn,48,0.6938059143700583,0.85335455713896,0.6749145012769695,0.1547780986853912,-0.018891413093088838
18,sklearn,49,2.2689588711647977,2.1664563231355527,2.003475141584026,0.22817521602471305,-0.2654837295807715
18,sklearn,50,-0.2374490266573524,-0.21043266419969653,-0.11018099149258731,0.28636413046278725,0.1272680351647651
18,sklearn,51,1.69436958691453,1.7895443018352344,1.2695653088369445,0.2797122411046723,-0.4248042780775856
18,sklearn,52,1.9209264325755735,2.0445980603219174,1.596474244358813,0.2629814619748088,-0.3244521882167606
18,sklearn,53,0.6982404663181186,0.4899910079049435,1.2752402370914568,0.29111660601808775,0.5769997707733382
18,sklearn,54,1.0817556945876392,1.1354448495710243,1.0141621385156636,0.24662394101789337,-0.06759355607197559
18,sklearn,55,-1.018999148208655,-1.1388716134422077,-0.5940352018427317,0.33006215382338666,0.42496394636592316
18,sklearn,56,0.44887583073543863,0.350074361657303,0.6860460557790633,0.27650483800793874,0.23717022504362467
18,sklearn,57,-0.15879533134261092,-0.10892150454373777,0.03609865012216851,0.20177423653446178,0.19489398146477943
18,sklearn,58,0.8108821419301167,0.9777371717748604,1.045362589297853,0.23417741387927557,0.23448044736773643
18,sklearn,59,1.1172091913601958,1.2351648335213026,1.3710747085418653,0.26443039261771206,0.2538655171816695
18,sklearn,60,0.6355920441175746,0.5674707869115581,0.6801318273492631,0.17632588756646053,0.0445397832316885
18,sklearn,61,1.46796243515477,1.4046663539478994,1.4587582261662906,0.2810323039314582,-0.009204208988479401
18,sklearn,62,0.8762905252369934,1.0254994534283146,1.0515488178407892,0.23152942795044965,0.17525829260379588
18,sklearn,63,1.2056322953617384,1.2773851124044384,1.008627321050855,0.29704278811902607,-0.19700497431088348
18,sklearn,64,1.040736712846571,1.1221187659044622,1.1061402889763166,0.22762746954908675,0.06540357612974557
18,sklearn,65,2.0443949356923077,1.836765160774012,1.6708093510098214,0.280403795469919,-0.37358558468248626
18,sklearn,66,2.121114470272946,2.2815503763274085,1.9870472358986522,0.26231078090972326,-0.1340672343742937
18,sklearn,67,0.4939995302505754,0.5854233118132665,0.2630297311935408,0.17274884245700775,-0.23096979905703463
18,sklearn,68,0.6469773051527985,0.6710488508460355,-0.02924012983436608,0.33144598405597264,-0.6762174349871646
18,sklearn,69,0.11385508387477498,0.11353787317415323,0.5761504292237332,0.2286204436521938,0.46229534534895816
18,sklearn,70,0.2757450704840774,0.261777955224999,-0.0799692954249398,0.27146491204382833,-0.3557143659090172
18,sklearn,71,1.0761408769934615,1.057600126756819,0.9942590779665705,0.2756865260423301,-0.08188179902689097
18,sklearn,72,0.8296032198529906,0.788109509104705,0.770963914453116,0.30836399797377295,-0.05863930539987461
18,sklearn,73,2.346490404084086,2.194850220258702,2.197078977979956,0.284705072087299,-0.14941142610412994
18,sklearn,74,-0.34124762461217584,-0.3087472388515338,-0.15711957293482293,0.26679578504850815,0.1841280516773529
18,sklearn,75,0.6435717963483663,0.8667044232719109,1.000047691680594,0.26259122872091195,0.3564758953322278
18,sklearn,76,0.5534393453319213,0.6481412179580082,0.5660981576510764,0.27513885990636805,0.01265881231915511
18,sklearn,77,-0.7514639591015384,-0.7161039663245956,-0.22939575612114727,0.2911628589544701,0.5220682029803911
18,sklearn,78,-0.7610493344724036,-0.8316658068282928,-0.7930430248625715,0.3430368786455443,-0.03199369039016786
18,sklearn,79,2.0924308954799495,2.029916146068229,1.8197264143682457,0.2992814405834686,-0.27270448111170387
18,sklearn,80,0.8159613572269326,0.7952743779401837,0.9455199531761185,0.25278678620255135,0.12955859594918584
18,sklearn,81,1.0359296632955073,1.1014585137454331,0.734578521477717,0.20118387268467813,-0.3013511418177903
18,sklearn,82,1.4505449450090375,1.4632296068054162,1.0882426427239675,0.31042842928194614,-0.36230230228507
18,sklearn,83,0.5359098437732548,0.3801228905658527,-0.038514097899533084,0.3228765070615895,-0.5744239416727879
18,sklearn,84,0.5437662970625368,0.5785281778672919,0.5645148767620363,0.291575448449313,0.020748579699499503
18,sklearn,85,1.9361759923629422,2.062928077215974,1.5823266782310759,0.29873775242774187,-0.3538493141318664
18,sklearn,86,1.6266099374004421,1.717703418638167,1.2392768626466975,0.2607884549666408,-0.3873330747537447
18,sklearn,87,2.317796383714246,2.3074821737482036,2.102171963909772,0.31099676232910556,-0.21562441980447433
18,sklearn,88,2.147333811992644,2.3024754984077274,2.3473961930409786,0.19785160330572246,0.20006238104833463
18,sklearn,89,-0.36348153171852376,-0.3015230746723063,-0.07490440307202384,0.2552653016834469,0.2885771286464999
18,sklearn,90,0.417500146114865,0.499567184018279,0.07291657795236972,0.22986405298948417,-0.3445835681624953
18,sklearn,91,1.0640467329908376,1.201723793674743,1.1043262005587309,0.3049646748589573,0.040279467567893246
18,sklearn,92,0.5237711612398478,0.6705958168203763,0.06822858263967646,0.2889096504997037,-0.45554257860017133
18,sklearn,93,0.6478393152393689,0.6386040405512725,0.11836475904485155,0.2284493973645803,-0.5294745561945173
18,sklearn,94,-0.2995982319981605,-0.5019094551780386,-0.18454765309986598,0.2939273255350974,0.11505057889829451
18,sklearn,95,0.17418046492248046,0.27025545677153195,0.4236765552304327,0.2701657597562144,0.24949609030795222
18,sklearn,96,0.6771924358990836,0.6211880463002323,0.9557129125833681,0.23432387357252898,0.2785204766842845
18,sklearn,97,2.022126583314417,1.8400079656789958,1.7288103753233566,0.29868868138749866,-0.2933162079910603
18,sklearn,98,0.04072327384628216,-0.0073522761173418286,0.2753027260331784,0.2331833079643901,0.23457945218689624
18,sklearn,99,0.5918835432217255,0.6947461826537124,0.5557114516243997,0.25656744313965346,-0.03617209159732582
18,sklearn,100,0.3775940733564723,0.32673239686340083,0.08071633080460927,0.25806755488154265,-0.29687774255186306
18,sklearn,101,-0.8139432260360817,-0.8001094625956686,-0.3270873440626145,0.2950804593390091,0.4868558819734672
18,sklearn,102,0.47862600993905047,0.46662873583085585,0.828216950923057,0.2711476566413281,0.34959094098400656
18,sklearn,103,0.2415293388166495,0.1872389790419381,0.6252502218100373,0.33237259041092604,0.3837208829933878
18,sklearn,104,0.1057016030944864,0.05842846702217072,0.31249749904089796,0.22355861262499896,0.20679589594641157
18,sklearn,105,1.031160985658932,0.9013816918374478,0.8895823512672241,0.2815223666008538,-0.14157863439170804
18,sklearn,106,1.8275493980646016,1.936757850907275,1.7735163106966239,0.26842064640768903,-0.05403308736797774
18,sklearn,107,2.631503549227341,2.9476286485602214,2.1525483912643644,0.30451520399646353,-0.4789551579629765
18,sklearn,108,0.20154082723404526,0.25778902880186777,0.5226618920101265,0.25014350148463854,0.3211210647760812
18,sklearn,109,0.49828132717793294,0.4287542943271207,0.12288317324866682,0.2139602889856422,-0.3753981539292661
18,sklearn,110,-0.5539778340894479,-0.42290836938119475,-0.25847413067599856,0.34491853633183645,0.29550370341344934
18,sklearn,111,0.6879099652127451,0.5597758699583668,0.6717068464419595,0.2621902442300484,-0.016203118770785507
18,sklearn,112,0.18591045351895522,0.09875719470893829,-0.13189251884425168,0.2370912876666708,-0.31780297236320687
18,sklearn,113,0.9650855220794814,1.0455704281221982,1.012526467437553,0.23375522975200824,0.04744094535807153
18,sklearn,114,0.8852854140358541,0.8761712585325399,0.4853158939229978,0.2742928503784976,-0.39996952011285636
18,sklearn,115,2.067098106473713,1.9107043633350607,1.7177568551609497,0.3056635865162971,-0.3493412513127634
18,sklearn,116,1.623540296866593,1.5908996644708135,1.4035464107755207,0.31317174575953877,-0.2199938860910724
18,sklearn,117,1.8396825164468238,1.906679668579418,1.9618363384378465,0.2706311286398415,0.12215382199102276
18,sklearn,118,1.7535750221553381,1.718629416197957,1.4796146268856196,0.27717165398901766,-0.2739603952697185
18,sklearn,119,1.13224306466101,1.0138805694783772,0.6933270004264234,0.22418840777513896,-0.4389160642345866
18,sklearn,120,1.7129787681128708,1.8397797683234494,1.5069749753900021,0.3340973955672924,-0.20600379272286862
18,sklearn,121,1.9261455187713357,1.997095738350578,1.3852797257516452,0.2831322835939179,-0.5408657930196905
18,sklearn,122,0.5494004026536279,0.5333312835500337,0.6896061192747531,0.13669384887192904,0.14020571662112524
18,sklearn,123,0.3576383276782618,0.157334997848318,0.3355245899077106,0.2294374882576211,-0.0221137377705512
18,sklearn,124,-0.20720210423328841,0.05865349139152645,0.10368607286518738,0.2496550844459138,0.3108881770984758
18,sklearn,125,1.7125039152086532,1.6968707174482227,1.403065592418093,0.2565851191350406,-0.30943832279056016
18,sklearn,126,1.0921134936461818,1.0671853963786622,0.868614510561275,0.3187826656680417,-0.2234989830849068
18,sklearn,127,-0.38396563778648535,-0.3005866446966624,-0.08252737343220762,0.290258693622873,0.30143826435427773
18,sklearn,128,1.2505206124147183,1.223785771808523,1.275990572668496,0.27302793443697354,0.025469960253777568
18,sklearn,129,1.9413763197063914,1.956854258111768,1.7580874770030026,0.2883516268844043,-0.18328884270338874
18,sklearn,130,0.4351938063643678,0.4439113212559761,-0.17140847349733335,0.29192753138132815,-0.6066022798617011
18,sklearn,131,0.30615122720320764,0.4255148745024944,0.7084193367872693,0.19669168030665993,0.4022681095840617
18,sklearn,132,0.5864136779133191,0.677313880800432,0.36858200685057607,0.28304369292212095,-0.21783167106274304
18,sklearn,133,1.4822054126037045,1.5673510259502883,1.0321251496263546,0.3001938779530849,-0.45008026297734993
18,sklearn,134,1.3395357221285729,1.2410472471591272,1.1940531781805834,0.27748950602419475,-0.14548254394798943
18,sklearn,135,0.38145822000065677,0.3780031651243551,0.5606354269583917,0.20637414527943093,0.17917720695773498
18,sklearn,136,0.20573006475411176,0.1914429582593739,0.19058986898043795,0.25680986257330085,-0.015140195773673815
18,sklearn,137,1.4957783411761394,1.616929546625288,1.1735327505252808,0.26491950398997255,-0.32224559065085856
18,sklearn,138,0.9207825022092702,0.9740758674871425,0.8655862029429908,0.27672722773889424,-0.055196299266279336
18,sklearn,139,2.1936821662216244,2.242750925013059,1.7011222353279898,0.30667904933302104,-0.4925599308936346
18,sklearn,140,-0.02040118714884772,0.020499730779557628,0.10078902858558259,0.27157262784531067,0.12119021573443031
18,sklearn,141,0.7996692657780617,0.933553741377942,0.739781035619357,0.17150218816847831,-0.0598882301587047
18,sklearn,142,0.5258347589479095,0.49889723033398753,0.4760379285191334,0.24901423438805043,-0.04979683042877614
18,sklearn,143,1.1079567087256612,1.1193599027125194,1.3146422542571372,0.25834716506619115,0.206685545531476
18,sklearn,144,0.7256770985066974,0.6149978022067141,0.4818730604509671,0.22230133331770105,-0.24380403805573025
18,sklearn,145,-0.3505411080281967,-0.5766106541763575,-0.1673195832757841,0.2569344800831546,0.1832215247524126
18,sklearn,146,-0.7947040399793567,-0.7357985722248855,-0.4057495190404401,0.2744967073351235,0.3889545209389166
18,sklearn,147,1.239144733653538,1.1637358812024166,1.135067775662943,0.23505517102876952,-0.10407695799059491
18,sklearn,148,-0.8137798160716225,-0.8286363168645423,-0.35073563402359476,0.25630357621408023,0.4630441820480278
18,sklearn,149,0.28211364082879803,0.31379623598850226,0.06673039641266687,0.2695823026293308,-0.21538324441613116
18,sklearn,150,1.915819018583967,1.9374203288589165,1.7663481615484455,0.25711562166834423,-0.14947085703552143
18,sklearn,151,-0.6274861423988614,-0.6343637042607712,-0.23196835495264345,0.300303991500164,0.3955177874462179
18,sklearn,152,-0.0940008136104249,-0.00331603824524096,0.33803639653294404,0.29774849866527253,0.43203721014336893
18,sklearn,153,1.166960376951673,1.001998972883918,1.3615969535622687,0.22118106318870645,0.19463657661059575
18,sklearn,154,-0.7943889869421664,-0.7475692341437219,-0.3411243751747639,0.45239531182446996,0.4532646117674025
18,sklearn,155,1.8069951803855013,1.7319802485936198,1.788992410181919,0.2633527686917315,-0.01800277020358232
18,sklearn,156,0.3193229537300612,0.3236259395038801,0.18397414442403992,0.22963135492141368,-0.13534880930602128
18,sklearn,157,1.2089685781373964,1.4055004996702094,0.9177752684716216,0.26070318929301606,-0.29119330966577484
18,sklearn,158,2.0911612148410077,2.0761893875237813,1.7298547288345842,0.31770210878776,-0.36130648600642346
18,sklearn,159,0.5530076289134508,0.45767720921244737,0.5632477906904736,0.25251227943537663,0.010240161777022805
18,sklearn,160,1.2271459787635641,1.3429763665286667,0.906163997524267,0.30583384047047635,-0.3209819812392971
18,sklearn,161,1.0279175201021435,1.0096383337647117,1.4904670014117647,0.2606969503430648,0.46254948130962115
18,sklearn,162,1.4425941800848312,1.3700101226862123,1.6020509642577911,0.3226573317576091,0.15945678417295994
18,sklearn,163,0.1134825924290917,0.08243551520458318,0.011351375860321866,0.20085041784252108,-0.10213121656876983
18,sklearn,164,-0.6580345982688507,-0.876069815483432,-0.24284088542056637,0.28590373974046024,0.4151937128482843
18,sklearn,165,0.5992809105549559,0.4504725547860612,0.791748641035781,0.27071508717409953,0.1924677304808251
18,sklearn,166,1.0707417477314092,1.1665975144845966,0.9304962243846937,0.1961625313277666,-0.14024552334671547
18,sklearn,167,1.7464861460635832,1.702321889993487,1.4129523319546893,0.2661499743775111,-0.33353381410889393
18,sklearn,168,0.7856792084671801,0.5727135562583847,0.7087663245394964,0.2557122922057719,-0.0769128839276837
18,sklearn,169,-0.13259245332763026,-0.06690554142878523,-0.11446476690495011,0.28883436500570814,0.018127686422680145
18,sklearn,170,0.6861022040443949,0.6466075946542886,0.45732496693433333,0.29234245406061926,-0.2287772371100616
18,sklearn,171,0.3833222380124628,0.4311810924353617,0.3857223519759039,0.2754911198343148,0.002400113963441086
18,sklearn,172,-0.35173333003055807,-0.2836810487595643,-0.07171365566429522,0.18232344108109494,0.28001967436626285
18,sklearn,173,0.9460907077701755,1.057243419036974,1.090670952518507,0.2921032499575967,0.14458024474833153
18,sklearn,174,0.42801256871664345,0.42215219140188615,1.0012117546862829,0.3039306878123498,0.5731991859696395
18,sklearn,175,1.1742133927928162,1.0699684485124112,1.1895600026381352,0.25585860199986826,0.015346609845318993
18,sklearn,176,1.1123822780405144,1.2079785050060385,0.979135030884974,0.22278237518174385,-0.13324724715554037
18,sklearn,177,1.2837354641382532,1.2216345819198466,1.0272764911325218,0.23383903131844005,-0.2564589730057314
18,sklearn,178,1.7890256594452225,1.8509717410108975,1.595823993583131,0.2951887658659831,-0.19320166586209142
18,sklearn,179,1.9229741392804947,1.8968698743432362,1.9453761757838866,0.28662692015620644,0.022402036503391898
18,sklearn,180,2.2803605862199197,2.3705025859027704,1.7702838506862442,0.30938059374081783,-0.5100767355336755
18,sklearn,181,0.6310944607920654,0.6737798559325163,-0.062251157063988316,0.3432070158398936,-0.6933456178560538
18,sklearn,182,1.3407837818001793,1.3876535612951437,1.17530883773387,0.26648181872073273,-0.16547494406630925
18,sklearn,183,-0.35339515820999146,-0.3501851221674009,0.005607747732776502,0.2795637425941838,0.35900290594276796
18,sklearn,184,1.5920849222980622,1.773120836544411,1.1942297331120857,0.3211010525476559,-0.3978551891859765
18,sklearn,185,0.9066462375002963,1.0151023813224662,0.8886307732569696,0.21900234039217786,-0.018015464243326673
18,sklearn,186,-0.015537342289151268,-0.04029151536978447,0.3098798592925309,0.2555966373989902,0.3254172015816822
18,sklearn,187,0.238392524696583,0.2884024797635392,0.34802606474345943,0.17657506467818626,0.10963354004687642
18,sklearn,188,1.2150940268194834,1.3188382965335044,1.2459891340730094,0.32294320283610745,0.030895107253525955
18,sklearn,189,1.8622814692644425,1.7232467935808973,1.4822853484268146,0.3302994773169254,-0.3799961208376279
18,sklearn,190,0.414179960010849,0.3068104185753005,0.3251854023028038,0.2674354660196278,-0.08899455770804521
18,sklearn,191,0.6771760201418473,0.6787040749541483,0.7096646617114315,0.2500608431218381,0.0324886415695842
18,sklearn,192,1.8824380880187073,2.028432418285265,1.4162630608670348,0.2765114248139617,-0.46617502715167247
18,sklearn,193,0.40914558607659274,0.33864283290400643,0.9378707054914024,0.2840753005066657,0.5287251194148097
18,sklearn,194,1.3957890054085091,1.1413216002893116,1.0467564085678926,0.24345497120274445,-0.3490325968406165
18,sklearn,195,1.6348702128040675,1.7156812824845853,1.1263164826965157,0.28524805164462846,-0.5085537301075518
18,sklearn,196,1.2036305670953666,1.0937614584211381,1.054637434462216,0.30977498203855225,-0.14899313263315062
18,sklearn,197,0.3663972815569836,0.42482649790653376,0.22587703531917747,0.11507587132215219,-0.14052024623780612
18,sklearn,198,0.2625648423726059,0.21641234220563277,0.4667868826752226,0.25774691465376093,0.2042220403026167
18,sklearn,199,0.12534235320167375,0.10930374824408016,0.2143420218159111,0.20128251136946862,0.08899966861423736
18,sklearn,200,0.5432342680698589,0.5422307047660181,0.32004071092159236,0.30261964674075864,-0.2231935571482665
18,sklearn,201,0.6363262025497168,0.6796663824759598,0.43717961620206225,0.21469926994819455,-0.19914658634765459
18,sklearn,202,-0.27999621743554814,-0.30600408163316817,-0.0035831311209992833,0.25907118954310276,0.27641308631454886
18,sklearn,203,1.1347289809213263,1.121241448724829,0.9668629951717254,0.1594846549983839,-0.167865985749601
18,sklearn,204,0.20195191543808422,0.2944343162026533,0.185511122347517,0.26183757380399336,-0.01644079309056723
18,sklearn,205,1.846114588758326,2.0348472766935246,1.3689209968407843,0.25880399439409185,-0.4771935919175416
18,sklearn,206,-0.07391795376924526,-0.10869653074943578,-0.08638648591858633,0.29049472909667634,-0.012468532149341072
18,sklearn,207,0.46478993473346514,0.3123233269736126,-0.04593268905177439,0.2904040560612989,-0.5107226237852396
18,sklearn,208,0.25175511459547467,0.3703898176020509,-0.0655349501922986,0.15553299629606626,-0.3172900647877733
18,sklearn,209,0.39123784528821526,0.5338196747811531,0.2878926739217551,0.23165691064839614,-0.10334517136646015
18,sklearn,210,1.6537958605256833,1.6768114896824386,1.5173159837407608,0.2951740642167024,-0.13647987678492246
18,sklearn,211,1.3949800453900574,1.420695579451371,1.2414036759765672,0.24188769686824155,-0.15357636941349018
18,sklearn,212,0.03950125157751125,-0.021512767530453225,0.44285022789489936,0.2963984593039531,0.4033489763173881
18,sklearn,213,0.7954887420395437,0.7743865547464495,0.49930336599739356,0.2868588432092124,-0.2961853760421501
18,sklearn,214,2.0570765401270257,2.0353086119006782,2.037122136375266,0.20303336622840548,-0.01995440375175983
18,sklearn,215,0.3954860712219284,0.36060893283360534,0.9431900482004743,0.28786657170838953,0.5477039769785459
18,sklearn,216,2.353379213950317,2.2051690248182254,2.2056327795638424,0.2886349656347915,-0.1477464343864745
18,sklearn,217,-0.8131365354648598,-0.7851471734388473,-0.6865791309253755,0.42009375701571317,0.12655740453948428
18,sklearn,218,0.20550265232817724,0.20419868144117295,0.3772494666789701,0.23614705605037006,0.17174681435079284
18,sklearn,219,0.3980586465318715,0.36350347188456666,0.7638281318328559,0.2423434995347545,0.3657694853009844
18,sklearn,220,1.0575369939547021,1.02368669888983,1.2304626436254145,0.2410403913837566,0.17292564967071233
18,sklearn,221,0.6906546534161222,0.6506070775073256,0.3371233764788748,0.3103187473844521,-0.3535312769372474
18,sklearn,222,-0.22200205262196848,-0.2737206708829682,0.15387924670015618,0.2737558557784,0.37588129932212466
18,sklearn,223,1.7932217243989217,2.015971851377436,1.9475789077180004,0.29136299538336785,0.15435718331907866
18,sklearn,224,0.09135892101669985,0.12829136925630802,0.20847407518247607,0.2530603129668809,0.11711515416577623
18,sklearn,225,2.3987323604507185,2.5901406191825473,2.161902124123074,0.2575022165844253,-0.23683023632764444
18,sklearn,226,1.6205953412189902,1.5083374867689612,1.5823224834799623,0.2640257358756965,-0.03827285773902789
18,sklearn,227,0.18757119250094328,0.3158284472870485,0.06045045632751744,0.2638664996592216,-0.12712073617342584
18,sklearn,228,0.35827017880478507,0.2728505256974717,-0.08982922212014,0.28780499608710347,-0.44809940092492506
18,sklearn,229,1.2306718607437173,1.4394304164850062,1.084898387687609,0.2085880100128605,-0.14577347305610822
18,sklearn,230,0.2447701739308879,0.1483963737345651,0.30915222347483606,0.26783887266387574,0.06438204954394816
18,sklearn,231,0.8350974780170171,0.8629281055976623,0.4398485295939789,0.188891247976333,-0.39524894842303815
18,sklearn,232,1.6779277044623249,1.6231545189484076,1.537178921635384,0.27039409232392747,-0.14074878282694092
18,sklearn,233,-0.4876187231278312,-0.45915129073588584,-0.14182427681945242,0.28861921899331805,0.3457944463083788
18,sklearn,234,2.2989456735609455,2.173532127800244,2.294122991172145,0.27236194997910207,-0.004822682388800459
18,sklearn,235,0.3026552162641719,0.14203919126708042,0.5117737656022214,0.2587513112597621,0.20911854933804952
18,sklearn,236,0.3392463193951974,0.44842041546773365,0.48014120050967524,0.2201816921745585,0.14089488111447784
18,sklearn,237,1.9914789918801867,2.0262566153948227,1.6104049668738618,0.30297256373843007,-0.3810740250063249
18,sklearn,238,1.3571192756735555,1.2356601197723092,1.0806629177351832,0.3017562740309094,-0.2764563579383723
18,sklearn,239,0.28459971384519445,0.2553724492635149,0.6682893637632961,0.2566287189928867,0.3836896499181016
18,sklearn,240,0.048639611110730785,-0.01836196551787464,0.22253112079418003,0.25646937756697585,0.17389150968344924
18,sklearn,241,0.134649199663394,-0.05649888989342258,0.2076857116685753,0.19156383193995716,0.0730365120051813
18,sklearn,242,-0.5649691802995374,-0.6521587705873286,-0.3032664362093591,0.36508145013027893,0.26170274409017824
18,sklearn,243,0.845590989133068,0.7583754364042077,0.6498171231046914,0.3161226555455728,-0.19577386602837654
18,sklearn,244,1.0500786537941058,0.8664996093166937,1.0734151746079306,0.2348869898788937,0.023336520813824757
18,sklearn,245,0.5228502092963814,0.2952092222834539,0.6166483155633449,0.22301073796050358,0.0937981062669635
18,sklearn,246,0.8341466565143496,0.7801003994583987,0.394929083601971,0.24821217483806274,-0.4392175729123786
18,sklearn,247,0.3265818656258021,0.37561299376310914,0.11177704967214908,0.27488691207205734,-0.21480481595365303
18,sklearn,248,1.3346638613047397,1.2045525537012993,1.0457759060866412,0.31723542163269014,-0.2888879552180985
18,sklearn,249,2.031195880965847,1.9635156242204732,1.7150633989007327,0.2774496678067816,-0.31613248206511413
18,sklearn,250,1.8466631321411766,2.01955215602273,1.551975908163974,0.2650164890060961,-0.2946872239772027
18,sklearn,251,0.36043525755552064,0.47708213107638264,0.5601072380780172,0.197442928345747,0.19967198052249657
18,sklearn,252,1.3799184648450167,1.4655100464228574,1.2131380490272363,0.2955122356976854,-0.16678041581778036
18,sklearn,253,2.476987755165045,2.691840734735056,2.304969461939015,0.27145385033154235,-0.17201829322603013
18,sklearn,254,1.7371075792673802,1.79152014118605,2.0672081646117855,0.20374258189662114,0.33010058534440523
18,sklearn,255,0.2858973018329699,0.32741080262952543,0.6548067593777631,0.24891955734899293,0.3689094575447932
18,sklearn,256,1.0244301717268707,1.0211421998217842,0.9509802038774131,0.22075058915164789,-0.07344996784945756
18,sklearn,257,0.39246857136734226,0.45256570651432526,0.1974894142693362,0.3031496411355703,-0.19497915709800606
18,sklearn,258,0.570134414922679,0.3693393612466859,0.5497984850409896,0.2770177542916945,-0.02033592988168942
18,sklearn,259,0.14079508671926821,-0.10813924018600513,0.06974705901436451,0.24794516174338416,-0.0710480277049037
18,sklearn,260,0.06935661111256072,0.14050787268821213,0.15745044132267694,0.16851155285529457,0.08809383021011621
18,sklearn,261,-0.11220226293138974,-0.04352024196089073,0.11710848054758927,0.2463482454559918,0.229310743478979
18,sklearn,262,0.5790624100348014,0.6378006533310063,0.4246597984365188,0.29648252112295437,-0.1544026115982826
18,sklearn,263,1.260821705876981,1.3678276725061045,1.0942177672007594,0.16334858892086812,-0.1666039386762217
18,sklearn,264,-0.4730063082055114,-0.37322276138018184,-0.07319493146729794,0.3161083837774144,0.3998113767382135
18,sklearn,265,0.9382440918668327,1.0403948969569279,1.0414170403822043,0.22253263463675768,0.10317294851537162
18,sklearn,266,1.1774989070418034,1.182611921288235,1.2060278148956023,0.2991948465674833,0.028528907853798913
18,sklearn,267,0.18508265390531897,0.32080672970958196,0.23158896131831952,0.21855389562897867,0.04650630741300055
18,sklearn,268,1.6063591974849245,1.5690866394818603,1.1591890302441996,0.27378612538637653,-0.4471701672407249
18,sklearn,269,1.0606025803129602,1.0277962235801361,0.6628966126867875,0.21917299356136388,-0.3977059676261727
18,sklearn,270,0.10429903706169702,-0.052648163713032436,-0.036320488327264755,0.29133023421851106,-0.14061952538896177
18,sklearn,271,1.177700664717479,1.230632281368145,0.9732492774427692,0.2678253819912519,-0.2044513872747098
18,sklearn,272,0.5192855410616445,0.5984397612697354,0.600107100239641,0.2828019518459111,0.0808215591779965
18,sklearn,273,2.1069030577610146,2.113794524532784,1.7717733505855549,0.244268553953258,-0.33512970717545976
18,sklearn,274,0.3449066429265161,0.32141792937087293,0.3516057070418981,0.2802504611936285,0.0066990641153819586
18,sklearn,275,0.3373888141601173,0.34232923650489633,0.5335434413302211,0.16780073865315606,0.19615462717010385
18,sklearn,276,0.3090323055687483,0.23853327090012727,-0.05252383245461534,0.21494809276189583,-0.3615561380233636
18,sklearn,277,0.9130045723253098,1.0853184656595456,0.730657817857602,0.21725433924745988,-0.18234675446770787
18,sklearn,278,0.468664877461186,0.5066975936489106,0.6653431592201278,0.23028283866887592,0.19667828175894175
18,sklearn,279,-0.2563188733634595,-0.3314586310599258,-0.12982975278934372,0.3241473017904768,0.12648912057411577
18,sklearn,280,1.2197059321614356,1.28244558180453,0.8650032327403627,0.2580212168194725,-0.3547026994210729
18,sklearn,281,1.9757484388493738,2.024513579690818,1.5904558983451187,0.27458850261257933,-0.3852925405042551
18,sklearn,282,0.3620861534387823,0.24874907688777528,0.9790115139241458,0.3014670071657727,0.6169253604853635
18,sklearn,283,1.5571555821216259,1.4656844106119704,1.4230499865325452,0.28604698611517265,-0.13410559558908064
18,sklearn,284,0.8603564259325397,0.9499393905541614,0.7801609201950903,0.2005634254173372,-0.08019550573744938
18,sklearn,285,1.7299672232098788,1.6943775329536923,1.570055536946584,0.2696021416111407,-0.15991168626329477
18,sklearn,286,0.6088844834703852,0.6406003956403136,0.6327517638031797,0.15654332022764023,0.023867280332794505
18,sklearn,287,0.25575332359136776,0.10789568786912682,0.4238838292776457,0.235083032776055,0.1681305056862779
18,sklearn,288,1.6598695231476168,1.6686076691616485,1.3739052244960885,0.2797815809158628,-0.2859642986515283
18,sklearn,289,1.352507133373956,1.4047011751513225,1.059752728681267,0.32081966835437686,-0.2927544046926891
18,sklearn,290,0.9155756667863032,0.8529571883183826,0.9951781064179182,0.25934439069796816,0.07960243963161495
18,sklearn,291,1.7400871909583073,1.7368176824202233,1.4906683083482708,0.26669363095970317,-0.24941888261003653
18,sklearn,292,0.27703575543975933,0.49350239966308296,0.005555586624556241,0.14793895125479695,-0.2714801688152031
18,sklearn,293,0.3206083845522838,0.09060740844458848,0.5342319224443131,0.27870427793338587,0.21362353789202926
18,sklearn,294,0.5150680398495715,0.6523400918967585,0.5986167586391513,0.3023225697099465,0.08354871878957981
18,sklearn,295,1.58310874906427,1.3070297879036579,1.2134537390017988,0.2500660072497498,-0.36965501006247115
18,sklearn,296,-0.035911606584669964,-0.13761254291204894,0.07654965359292554,0.1920651478669901,0.1124612601775955
18,sklearn,297,-0.22501545734698297,-0.03558187610718869,0.039695586720490894,0.24603342928600905,0.26471104406747387
18,sklearn,298,0.46924188522923926,0.5028682777982567,0.5905392105057201,0.32183486147049284,0.12129732527648085
18,sklearn,299,1.8202001923067974,1.7899974832541223,1.5661609287284417,0.2853863073431224,-0.2540392635783557
19,sklearn,0,0.8355921503023942,0.7422156548866772,1.2772245250706238,0.30365069299470976,0.4416323747682296
19,sklearn,1,0.35380724205016595,0.24749200468924532,0.028204835783492754,0.2667653276658869,-0.3256024062666732
19,sklearn,2,0.46508031892637214,0.426217212749253,0.6547123235496848,0.25801581786463335,0.18963200462331264
19,sklearn,3,-0.7926713463069761,-0.8304561934432427,-1.0454338885035952,0.2722790520221486,-0.2527625421966191
19,sklearn,4,-0.39677210036714705,-0.2186909230565902,-0.6165354123246409,0.2908138732996281,-0.21976331195749388
19,sklearn,5,0.8255208729639123,0.95826780715762,0.7432643994524231,0.2827487737181582,-0.08225647351148924
19,sklearn,6,1.1850281464041306,1.0063725102959988,0.7620516216688147,0.30010595010848584,-0.4229765247353159
19,sklearn,7,0.48483106774985346,0.516541158931191,0.8297970239050354,0.28924428954821924,0.34496595615518194
19,sklearn,8,0.8215663902885041,0.9583468107494285,0.7080749195862488,0.2931705861441438,-0.11349147070225529
19,sklearn,9,1.1876498813000458,1.2586033156312066,1.2101125071774135,0.27556795867714096,0.022462625877367692
19,sklearn,10,1.4154193595478715,1.4400517185145834,1.3467235045898747,0.2661257404986001,-0.0686958549579968
19,sklearn,11,1.2829692591383874,1.3455814821962822,1.4351316854830003,0.2844324445371132,0.15216242634461286
19,sklearn,12,0.6870662593136678,0.8074790180990146,0.7231910810408877,0.2860530878705769,0.03612482172721987
19,sklearn,13,0.7502514088300063,0.7553731105177552,0.48692355524471687,0.2719289357144443,-0.26332785358528943
19,sklearn,14,-0.23759158251023418,-0.19769401454857327,0.09960861554997535,0.3009554026599033,0.3372001980602095
19,sklearn,15,-0.21049793296023644,-0.22538822770429098,-0.09351679193770224,0.2968154085101038,0.11698114102253421
19,sklearn,16,0.4180977253592191,0.18364838208517031,0.21086073841829034,0.2577426065013914,-0.20723698694092874
19,sklearn,17,1.682883099814216,1.623564732385375,1.3924155478112326,0.2897654634654493,-0.29046755200298335
19,sklearn,18,0.07586046773652907,0.1747296499086804,-0.36401028811824787,0.28294770354402377,-0.439870755854777
19,sklearn,19,0.49990591898737713,0.48230941443082737,0.8059915317437554,0.27304658791527,0.30608561275637824
19,sklearn,20,1.6338002809299266,1.5904435446479406,1.3436330817350957,0.31880026119441157,-0.2901671991948309
19,sklearn,21,0.13629011542557393,0.08937094592413744,0.34316955075348776,0.3439230390387031,0.20687943532791384
19,sklearn,22,-0.82083075978255,-0.7969770387081061,-1.1416360740718705,0.2897563532661957,-0.32080531428932046
19,sklearn,23,-0.6417254449192396,-0.5437228991505738,-0.7038426970645029,0.2813342513212809,-0.06211725214526331
19,sklearn,24,0.03962790826865739,-0.029320020365318097,0.24975022424279736,0.286724311549642,0.21012231597413997
19,sklearn,25,0.8571115743100197,0.7189229398663461,0.6876782781734896,0.2745158796228789,-0.16943329613653013
19,sklearn,26,0.03529096159825781,-0.014003343819125394,-0.11299528358166455,0.2524403630526422,-0.14828624517992237
19,sklearn,27,1.374101609480532,1.351079484673295,1.5283308244413512,0.3004729159187594,0.1542292149608191
19,sklearn,28,1.200194270361686,1.3140443647418987,0.8372396111414195,0.34716688991938954,-0.3629546592202664
19,sklearn,29,0.43118275755157787,0.38075805260137,0.7611640922513203,0.2953277476348653,0.32998133469974245
19,sklearn,30,0.9898722960520658,0.8757430232285901,0.4291473642334367,0.3079619780045235,-0.5607249318186291
19,sklearn,31,0.6896770653720665,0.662141046835822,0.5191313600305367,0.28871371884841307,-0.1705457053415298
19,sklearn,32,0.3247484685299442,0.39461315512467027,-0.4435045098738293,0.3218502869350882,-0.7682529784037735
19,sklearn,33,1.8589072468893024,1.8672823394392735,1.9049986749189678,0.2750134316897638,0.04609142802966537
19,sklearn,34,1.3633764168240654,1.3626695743929305,1.010425700718928,0.29363137594926614,-0.3529507161051375
19,sklearn,35,-0.4769104948819959,-0.6756775716491902,-0.4058673715658285,0.3023536638066568,0.07104312331616736
19,sklearn,36,-0.13785820965134882,-0.25771935459917483,-1.0099036401503803,0.3214854764820036,-0.8720454304990315
19,sklearn,37,0.15282683043969914,-0.01307358652278734,-0.23532953708747506,0.2716779336686517,-0.3881563675271742
19,sklearn,38,-0.5226132929484292,-0.4718977256767666,-0.49978343129470737,0.2722234305531896,0.022829861653721806
19,sklearn,39,2.1988244269030193,2.202812436185006,1.687763831408163,0.28495656407146863,-0.5110605954948562
19,sklearn,40,0.2898193422755301,0.40494160366417087,-0.3707704747172915,0.2956448557178141,-0.6605898169928216
19,sklearn,41,-0.022395021821564193,-0.057239822387169376,-0.21859267583495523,0.3171712903179849,-0.19619765401339104
19,sklearn,42,0.3103078525583715,0.4146488959592996,0.27030800543026423,0.2765250430409882,-0.03999984712810728
19,sklearn,43,0.6401270019769277,0.6705021347130711,0.4050985943822045,0.27541722177124994,-0.2350284075947232
19,sklearn,44,1.1089856700706937,0.9497732862949704,1.4031697427556926,0.2950389984877188,0.2941840726849989
19,sklearn,45,0.5309793327439225,0.43129830812701403,0.41613117467674066,0.3116550903531082,-0.11484815806718185
19,sklearn,46,0.4994770954401716,0.8773872228374114,-0.7109783567498713,0.30636019325898756,-1.2104554521900428
19,sklearn,47,0.09347841348942051,0.0803216274039337,0.032679792012146436,0.2542441205441505,-0.06079862147727408
19,sklearn,48,0.22208676447123976,0.31263351222584423,0.4440536266250259,0.2884806082277175,0.22196686215378614
19,sklearn,49,0.44563113873534976,0.3731247467239045,0.5656021070749571,0.2888887270571697,0.1199709683396073
19,sklearn,50,0.23349833349189894,0.21084571886478193,0.15783840686794903,0.2892535351501356,-0.07565992662394991
19,sklearn,51,-0.2246676670715419,-0.2748839752238321,-0.31039476607786476,0.3002160222668673,-0.08572709900632286
19,sklearn,52,0.3165144750823937,0.30448057629923814,0.7740891371901757,0.28300459652027593,0.45757466210778197
19,sklearn,53,1.101835257487352,1.3572648212453682,1.2883347137542698,0.2803798426489269,0.18649945626691777
19,sklearn,54,0.21529587399554267,0.32563737862082787,0.5782497210899677,0.2836224785048642,0.3629538470944251
19,sklearn,55,0.5491114898484001,0.4996493034493488,0.1390086671834645,0.2954231415270331,-0.4101028226649356
19,sklearn,56,-0.20331926733657593,-0.3575468009935333,0.2535011806298062,0.2988866955587212,0.4568204479663821
19,sklearn,57,0.4808149321020301,0.47776484194351193,0.6212896356162467,0.2822234136299955,0.14047470351421665
19,sklearn,58,-0.6258220952723519,-0.7050834859270012,-0.8100702622362412,0.2644446754836174,-0.18424816696388935
19,sklearn,59,0.552297996709325,0.4633950699460387,0.3201780587721661,0.3247966914515257,-0.2321199379371589
19,sklearn,60,0.41673487111659135,0.46989275980927814,0.6640223209240217,0.4324791825677477,0.24728744980743034
19,sklearn,61,0.06767895914212943,0.0547155385934843,0.2554865348640263,0.28904944023257,0.18780757572189685
19,sklearn,62,0.24465276911236958,0.18596833985379083,-0.13556170870991302,0.27948043103056197,-0.38021447782228257
19,sklearn,63,-0.8445221143314043,-0.8266717045738387,-0.654354542687198,0.26857950064925834,0.1901675716442064
19,sklearn,64,-0.5579019402768252,-0.5190760141822757,-0.13005810793328454,0.3133009828394543,0.4278438323435406
19,sklearn,65,0.750242783485943,0.6464511748751829,0.6140847285599094,0.2654559037456098,-0.1361580549260336
19,sklearn,66,-0.7203376566410213,-0.6917788206111022,-0.731414397070937,0.22336329764417226,-0.011076740429915688
19,sklearn,67,-1.2439818219920669,-1.4182567625101712,-1.1370994478308614,0.2535524545667304,0.1068823741612055
19,sklearn,68,-0.22184928272363885,-0.09846016546889302,-0.8289279389807103,0.3171328755571449,-0.6070786562570714
19,sklearn,69,-0.44293940834654355,-0.5794051824750346,-0.7534910487874953,0.31290340030549746,-0.31055164044095174
19,sklearn,70,-1.5484210233709734,-1.5075600522887451,-1.291398571485118,0.29170308751785684,0.2570224518858555
19,sklearn,71,1.2269304152962157,1.172293285951072,0.6824238682079056,0.2940280042717734,-0.5445065470883101
19,sklearn,72,-0.5079864170393713,-0.48359291962022666,-0.6450537316036149,0.2847630378893698,-0.1370673145642436
19,sklearn,73,0.10271674963875474,0.3131330005519162,0.5628381405526159,0.2858419280637751,0.4601213909138612
19,sklearn,74,0.9327342108022808,0.9693819087593892,1.2135036693941874,0.31830710227004666,0.2807694585919066
19,sklearn,75,0.22274581120971845,0.08398704257809539,0.64985001905562,0.28578918439455264,0.42710420784590153
19,sklearn,76,-0.05967846171553151,-0.190534994757781,0.28304476939407586,0.28124820442171905,0.34272323110960734
19,sklearn,77,0.5512436247587496,0.5351217163293137,0.7799300087178569,0.3640061715008946,0.22868638395910734
19,sklearn,78,-0.052372557156606964,0.08453034469230888,-0.23253932364106333,0.2674359986198256,-0.18016676648445637
19,sklearn,79,0.7700111410821286,0.6528099257158677,0.7504153929689101,0.2637167870988665,-0.019595748113218514
19,sklearn,80,0.08307441632765467,-0.0549407459837149,-0.05723785272679294,0.26509453740031286,-0.1403122690544476
19,sklearn,81,-0.5440655755706248,-0.699871979779219,-0.593249119200685,0.2702549840179941,-0.04918354363006017
19,sklearn,82,-0.47606781351021865,-0.33740066377978073,-0.39555197968747535,0.2843643864050272,0.0805158338227433
19,sklearn,83,0.8137331480772011,0.8759125541601895,1.177515692036767,0.2757948662927438,0.363782543959566
19,sklearn,84,-0.025389623278374664,-0.045671593987588174,-0.16680087440290237,0.26837213410570115,-0.1414112511245277
19,sklearn,85,1.0104635873577776,0.9660316032537639,0.9925150503062596,0.2818616771717342,-0.017948537051518
19,sklearn,86,-0.5543430082372115,-0.4916918458250005,-0.3619303548332784,0.29705518532589764,0.1924126534039331
19,sklearn,87,1.7802653259772714,1.8451772301218783,1.4325162047797795,0.3112688795184659,-0.3477491211974919
19,sklearn,88,1.7473644858025583,1.7353430406395385,1.882182707251971,0.2222088695681302,0.1348182214494127
19,sklearn,89,-0.033458344884871594,-0.013520259281017532,-0.14218043135069625,0.27908705326751043,-0.10872208646582465
19,sklearn,90,1.6161825140558757,1.5866492581023004,1.5656182705431352,0.26504585805030395,-0.05056424351274047
19,sklearn,91,2.2634378026274087,2.278321980682237,2.118254942482177,0.33865560871464234,-0.14518286014523163
19,sklearn,92,1.8775493129017917,1.907144838459473,0.8275191705799889,0.4113589673553459,-1.0500301423218028
19,sklearn,93,0.7472952681702052,0.6136060816744974,0.4898009160610446,0.3156938487373361,-0.2574943521091606
19,sklearn,94,1.3885484068227656,1.3841117027909073,1.573069269543371,0.2967781862315,0.18452086272060542
19,sklearn,95,0.7508940073111876,0.7408888401446371,0.6697562526764251,0.37099338579519386,-0.08113775463476247
19,sklearn,96,0.7187986179275412,0.8064722368724523,0.46953848548691823,0.27978277647647826,-0.24926013244062295
19,sklearn,97,-0.5025626129253582,-0.45447763608255526,-0.10248039928180219,0.3063480541699712,0.400082213643556
19,sklearn,98,1.9285532631942326,2.163895351623969,1.8059519888889923,0.2783069044656547,-0.12260127430524026
19,sklearn,99,0.021831707108431686,0.0776965094947551,-0.18821902798738854,0.3279547430617703,-0.21005073509582023
19,sklearn,100,0.7510412810914062,0.713525917014196,0.7376362372013965,0.2927436754836831,-0.013405043890009738
19,sklearn,101,0.47750173389374756,0.4626979466830093,0.3415857495008261,0.359652746031399,-0.13591598439292146
19,sklearn,102,1.9241943709958576,2.021965480270216,1.8639201785668975,0.27621183030044,-0.06027419242896004
19,sklearn,103,0.8710319143437568,0.9542374177795141,0.7608068510175707,0.2730698678094414,-0.11022506332618609
19,sklearn,104,-0.18249194867537455,-0.2040569971653789,0.17490985499177825,0.2829688729519837,0.3574018036671528
19,sklearn,105,1.1501768621996775,1.158979002244805,1.0413451219978196,0.2824720409229155,-0.10883174020185793
19,sklearn,106,-1.434603885626125,-1.3842963414669611,-1.26479610259085,0.2659447564752531,0.16980778303527488
19,sklearn,107,-0.17635626855757863,-0.15446057270910785,-0.6632606196496997,0.2713531123988423,-0.4869043510921211
19,sklearn,108,0.5093712259939229,0.47952109259128,0.9054305697063185,0.2773278677520167,0.3960593437123956
19,sklearn,109,0.39764528509344826,0.34610490345935696,0.5656425743312532,0.27873124151153533,0.16799728923780494
19,sklearn,110,-0.1647790737802839,-0.2952656928038776,-0.6320199084840166,0.3315474576688032,-0.4672408347037327
19,sklearn,111,0.487938841145356,0.5116653584039343,0.2304600111961701,0.27575760646672737,-0.2574788299491859
19,sklearn,112,0.40400463645710594,0.3668091160119502,0.5895951459067099,0.2891891759512064,0.18559050944960398
19,sklearn,113,-0.8064134101308986,-0.7882893322723881,-0.6713406691678152,0.23289319736006395,0.13507274096308342
19,sklearn,114,0.36541862879282544,0.3558579448556734,0.36977529393971764,0.28172214957498154,0.004356665146892202
19,sklearn,115,-0.014035601347248239,-0.1626630893912731,-0.11551765445597084,0.30773778389141254,-0.1014820531087226
19,sklearn,116,-0.06179786354779865,-0.07852785143187165,-0.15106704354764133,0.2845760924736243,-0.08926917999984268
19,sklearn,117,1.2251083093977946,1.2520625047670826,0.6487826097287854,0.34425322553740756,-0.5763256996690092
19,sklearn,118,1.297706750281212,1.291235868247407,0.6528359205374983,0.3505490672476612,-0.6448708297437138
19,sklearn,119,2.31572290651943,2.1730655987050342,2.1232944587564875,0.30826002378928785,-0.19242844776294232
19,sklearn,120,0.520946418800087,0.5249762519735005,0.8398153812061278,0.27506456740652013,0.3188689624060408
19,sklearn,121,1.7438021138405873,1.754708282267257,1.5079760391182297,0.307453388238953,-0.2358260747223575
19,sklearn,122,-0.3594133416154598,-0.45253248336562746,-0.9189708710683888,0.2649703159471785,-0.559557529452929
19,sklearn,123,0.08979128981391384,0.144338197949677,-0.06684643777739296,0.2571663870634456,-0.15663772759130679
19,sklearn,124,-0.038649236165087225,0.07323018841838058,-0.004811068380046635,0.25825463176563457,0.03383816778504059
19,sklearn,125,-0.7246324944710287,-0.6894361556385316,-0.5204915895839326,0.30990100424455236,0.20414090488709613
19,sklearn,126,1.2900645881002795,1.2674161196704865,1.3189460623123104,0.2567838368791552,0.02888147421203091
19,sklearn,127,1.2521140617928093,1.2657438518344633,1.3299132642021103,0.287171630819273,0.07779920240930105
19,sklearn,128,0.10956500601974256,0.13749618477163952,0.4405062688360619,0.29694343431181197,0.33094126281631936
19,sklearn,129,1.587173250570247,1.8665244668024616,1.252850232301201,0.28439817852987154,-0.334323018269046
19,sklearn,130,-0.1399763981518566,-0.12765000413674168,-0.8261846595542313,0.29926168511696877,-0.6862082614023747
19,sklearn,131,0.5125012237744188,0.5653680204931104,0.5001809198439808,0.2854815336188055,-0.012320303930437926
19,sklearn,132,-0.08291327923440722,0.1053646086380722,0.21600552305823228,0.25240485352705305,0.2989188022926395
19,sklearn,133,0.39962659782794824,0.5728039312184123,0.3864037807397116,0.3147536984602169,-0.013222817088236638
19,sklearn,134,-0.2961581477407456,-0.3547756776143335,-0.6497126213072963,0.27261373727067306,-0.35355447356655073
19,sklearn,135,0.651312365748167,0.822799386247738,0.4508839519632506,0.31818099450140863,-0.20042841378491638
19,sklearn,136,1.7223989026224864,1.7294076782124228,1.7490574724496586,0.26746482849079173,0.026658569827172185
19,sklearn,137,-0.517123633746338,-0.528837592465641,-0.4586971231667114,0.2452125285595156,0.058426510579626556
19,sklearn,138,1.7075021355335849,1.6708244388801552,1.3566185504026134,0.2875832084440015,-0.3508835851309715
19,sklearn,139,0.0562711778964432,-0.05779234666311871,-0.9207038432543371,0.31634521564067997,-0.9769750211507803
19,sklearn,140,0.7728668274485015,0.6882231829853989,0.879121702512073,0.2696270612224803,0.10625487506357145
19,sklearn,141,0.3251603639338364,0.23468486500660807,-0.0716434529907577,0.27895350807232844,-0.3968038169245941
19,sklearn,142,1.275897296525654,1.3393997907874453,1.4306880763656107,0.2861066010667399,0.1547907798399566
19,sklearn,143,0.2964509693741594,0.07586651103857328,0.27567991674800485,0.36460880094389625,-0.02077105262615453
19,sklearn,144,0.7903952435692033,0.7741321538655187,0.6527706406282068,0.27456062936835834,-0.13762460294099654
19,sklearn,145,0.5458373899018347,0.5391070328103352,0.6729415735820101,0.408373494997963,0.1271041836801754
19,sklearn,146,1.3506344314850276,1.3250277546429956,1.4200476719006083,0.2476218917366984,0.06941324041558072
19,sklearn,147,-0.38108717553108906,-0.3326070883836943,-0.7597425200093388,0.3582227530498207,-0.3786553444782498
19,sklearn,148,0.8007390996451812,0.9001154621446763,-0.3431662801470292,0.3019173719755241,-1.1439053797922103
19,sklearn,149,-1.0216026315567852,-1.0626012073585747,-1.12759051960911,0.2708622210214668,-0.10598788805232484
19,sklearn,150,-0.26364597871973494,-0.24109064965321705,-0.13559361942601988,0.29946090089548305,0.12805235929371506
19,sklearn,151,0.8203818914011135,0.8319790465268111,1.0887666360367234,0.24600307101660487,0.2683847446356099
19,sklearn,152,0.601185256373862,0.5534284328436403,0.5967712723739993,0.2906131447183569,-0.004413983999862703
19,sklearn,153,1.1570889043038606,1.194579367566381,1.082919827985295,0.27358722072610664,-0.07416907631856562
19,sklearn,154,0.9514420315941472,1.0476632022234855,-0.07763788421643447,0.32230473669272275,-1.0290799158105817
19,sklearn,155,-0.5789316724679174,-0.5934563899502662,-0.6755746238360825,0.23568010290572147,-0.09664295136816503
19,sklearn,156,1.3501770827049553,1.334150920582106,1.33561759334847,0.26068423665059065,-0.014559489356485322
19,sklearn,157,0.609710683927162,0.6374212813110632,0.8238161599434566,0.25680667691093867,0.2141054760162946
19,sklearn,158,0.6450262446797749,0.5510243392803063,0.5275970876125111,0.2797071198496493,-0.11742915706726376
19,sklearn,159,-0.622327948223878,-0.7738214895707446,-0.5054694765656578,0.2664463048651531,0.11685847165822028
19,sklearn,160,-0.5601791585618352,-0.5544955250683776,-0.7218805188357607,0.2669236985375656,-0.16170136027392545
19,sklearn,161,0.6046283217477766,0.5598490878852288,0.46776596037905005,0.4236351084689847,-0.13686236136872654
19,sklearn,162,0.4662247744373204,0.5251223305981643,0.25998138006091587,0.28284886968792894,-0.20624339437640454
19,sklearn,163,-0.7868657276167906,-0.6385098341444313,-0.48411301612174995,0.3163049446459439,0.3027527114950407
19,sklearn,164,1.2660859370495958,1.0866823927326772,1.2522110591311773,0.2543097347385738,-0.013874877918418571
19,sklearn,165,0.4552142388892749,0.5537735448592553,0.7160150274500943,0.2687412185727151,0.26080078856081934
19,sklearn,166,0.08548502548904924,0.05139166022256713,0.5907411687041595,0.27413005939363877,0.5052561432151103
19,sklearn,167,1.713611550689705,1.6109159382826825,1.6789326836028247,0.273192423399395,-0.03467886708688028
19,sklearn,168,1.8915975357042822,1.814887857979919,0.9809208807707526,0.3425302245759783,-0.9106766549335297
19,sklearn,169,-0.08025877871076988,-0.03723776415687951,0.10947895605426616,0.30638156183880944,0.18973773476503603
19,sklearn,170,0.646874884607939,0.6467296189326811,1.0757846199477914,0.2724097882027898,0.42890973533985244
19,sklearn,171,0.26604523512981604,0.3845658405973128,0.5147869550311297,0.2941059709789181,0.24874171990131366
19,sklearn,172,2.0807616481622944,2.1828468255534985,2.0216619511538774,0.2749889648718184,-0.059099697008416996
19,sklearn,173,0.12587349743796636,0.18785308469662793,-0.4316742612615716,0.289053802500908,-0.557547758699538
19,sklearn,174,-1.1479348020559628,-1.1830273055695246,-1.0915448970829758,0.26457578540830357,0.056389904972987015
19,sklearn,175,2.075531952184571,2.0277017411445195,1.617782650729139,0.258464759777375,-0.4577493014554319
19,sklearn,176,0.5395586069262975,0.4561307809891891,0.5653189879106169,0.2849629188482308,0.02576038098431932
19,sklearn,177,-0.3157572021790552,-0.4691156759680719,-0.21758922373642697,0.2696275514325611,0.0981679784426282
19,sklearn,178,-0.8764609163573689,-0.8689504924439155,-0.8308336625239034,0.279106295393608,0.04562725383346544
19,sklearn,179,-0.30766259803364293,-0.297089506090904,-0.1002232826720384,0.3453274417743898,0.20743931536160454
19,sklearn,180,0.8729367439482756,0.8864470116426103,0.8737332751341107,0.28347376754692766,0.0007965311858351143
19,sklearn,181,0.7829777243221154,0.8020820076219379,0.08955739599133317,0.3207391040501493,-0.6934203283307823
19,sklearn,182,2.368004401363165,2.4065089871952967,2.0618307773529825,0.29256534365350817,-0.30617362401018244
19,sklearn,183,0.23314314244298964,0.3190500811736001,0.47533694822917383,0.28832875019152726,0.24219380578618419
19,sklearn,184,0.3054040248241714,0.308106155184901,-0.45235997229477753,0.30916875206721756,-0.7577639971189489
19,sklearn,185,0.8205950216985256,0.6405084455741654,0.6966280011871833,0.2731644661499753,-0.12396702051134234
19,sklearn,186,0.4125149813325505,0.3054924711460129,0.10078704113759152,0.2752324385454455,-0.311727940194959
19,sklearn,187,0.10301362042491133,0.16782423494542753,0.4924136935663448,0.2711039441081875,0.38940007314143343
19,sklearn,188,0.6991111240322909,0.6850659649805966,0.7113545241346468,0.27403662621177244,0.012243400102355917
19,sklearn,189,0.889022803296126,0.9538911543179772,0.6920049540088282,0.2978782138010828,-0.19701784928729782
19,sklearn,190,2.3977809761984865,2.641701726282989,1.7713365898142932,0.2848210892516968,-0.6264443863841933
19,sklearn,191,0.2457565861154831,0.33627401448673633,0.33109368608052847,0.283200216638436,0.08533709996504538
19,sklearn,192,-0.013994297451371651,-0.023568072996894125,0.013772676114777838,0.29788439044775966,0.02776697356614949
19,sklearn,193,-0.5288587644863716,-0.4494679396171543,0.031108854255680107,0.30726271307803604,0.5599676187420517
19,sklearn,194,0.1312698893986977,0.2645751456742147,-0.26698146096966013,0.2801825406203269,-0.3982513503683578
19,sklearn,195,-0.1479937735509523,-0.1444419874488328,0.14199176578170558,0.29504710628061376,0.2899855393326579
19,sklearn,196,0.2158019846090907,0.1757397160899241,0.35741203495853924,0.2853493871712815,0.14161005034944854
19,sklearn,197,0.709969477666426,0.9413718042091864,0.47441064532882926,0.2717400977700622,-0.23555883233759678
19,sklearn,198,1.3804375813417067,1.3163156652612285,1.1275659071055593,0.2850192400401286,-0.2528716742361474
19,sklearn,199,0.37180484142741665,0.3395620607061931,0.5479812413787322,0.25638357549344243,0.1761763999513155
19,sklearn,200,0.3519629278185631,0.2456944220841346,0.14032184198532782,0.29488773563475323,-0.21164108583323527
19,sklearn,201,1.2232540531611917,1.2088894446678518,0.8589218709494535,0.2819171447828815,-0.36433218221173824
19,sklearn,202,0.03206948739327674,-0.008519552797178531,0.0229982474917243,0.25482536421985086,-0.009071239901552439
19,sklearn,203,0.8086345303464828,0.7318719228159745,0.7090774905178145,0.26508331423552206,-0.09955703982866826
19,sklearn,204,0.9560068536361498,0.9820622420813775,1.096368422726675,0.27314269058946217,0.14036156909052522
19,sklearn,205,0.6425169907912895,0.7161307961749861,0.4031071829976316,0.2789272781693163,-0.23940980779365795
19,sklearn,206,0.6212867869761931,0.5891880841658137,0.3209382508940415,0.28561578585530156,-0.3003485360821516
19,sklearn,207,1.7267380524000813,1.7830912335305877,1.4636966503763862,0.2835205240006363,-0.2630414020236951
19,sklearn,208,0.9951177440274961,0.952837184811825,0.8064202144169377,0.2815171462089333,-0.1886975296105584
19,sklearn,209,0.18244033895964987,0.2058026546476901,0.17532371151498616,0.2393732581299137,-0.007116627444663709
19,sklearn,210,1.6996263330748838,1.6244440146851082,1.2573345214795735,0.30444410145240586,-0.4422918115953103
19,sklearn,211,0.2457609452959411,0.2653459636379243,0.8890263512163035,0.29259828849875785,0.6432654059203624
19,sklearn,212,0.5721030277521715,0.5323769044697999,0.6717173994482213,0.2791689263473452,0.09961437169604981
19,sklearn,213,0.5067874957772978,0.4780629297057579,0.9111395890240139,0.2608582500704112,0.40435209324671617
19,sklearn,214,0.12881661547353734,0.18492226106438955,0.049110645625098925,0.29491407583964163,-0.07970596984843842
19,sklearn,215,0.10148001414338623,0.1188532321615262,-0.6316859063823816,0.3138896030504152,-0.7331659205257679
19,sklearn,216,-1.0916759641772917,-1.1243448693558182,-1.1712763823902446,0.28961222049772667,-0.07960041821295283
19,sklearn,217,-1.0648945033101285,-1.0812848510443387,-0.9222258031979065,0.25791035814844837,0.142668700112222
19,sklearn,218,0.9488195858631358,0.8324665943948529,0.8313487132427166,0.3008463673164191,-0.11747087262041911
19,sklearn,219,0.316399781096793,0.4159443175978828,0.2186392353215325,0.2946704657497564,-0.0977605457752605
19,sklearn,220,1.3658736421988467,1.505139613963695,1.5130132281753408,0.27143967536706654,0.14713958597649412
19,sklearn,221,0.6325951562154704,0.6661941308768213,0.26649804354683937,0.273048234863283,-0.366097112668631
19,sklearn,222,1.2638861137618376,1.1317040707810833,0.9718351109030028,0.27534796612096785,-0.2920510028588348
19,sklearn,223,1.9311743062851092,2.1626885465704184,2.0048520950727724,0.29357420685654134,0.07367778878766318
19,sklearn,224,2.000051344070062,1.9535241320330963,0.8840175181694399,0.38559868626741695,-1.116033825900622
19,sklearn,225,0.8453891163030492,0.9285307504056161,0.7576632352733377,0.25836424495149635,-0.08772588102971157
19,sklearn,226,0.7707877984012848,0.7583561723106615,0.5583686886303543,0.27848098524097004,-0.21241910977093048
19,sklearn,227,0.8190272398154652,0.7995703619471908,0.6708140467211035,0.29009457557667906,-0.14821319309436176
19,sklearn,228,1.3156632703364137,1.2572840592102068,1.0930221954746964,0.32723837047620874,-0.22264107486171736
19,sklearn,229,1.58647557327274,1.4547282046661179,1.6675146252914006,0.27096445405754643,0.08103905201866057
19,sklearn,230,-0.30926414181159806,-0.46656441759640727,-0.753691433137277,0.2620007826824903,-0.444427291325679
19,sklearn,231,-0.053110833043136935,-0.11706194556341887,-0.1507204540028031,0.2862797022520715,-0.09760962095966616
19,sklearn,232,-0.005135714121718163,-0.07026666870969428,0.37838929777331565,0.27246174207927437,0.3835250118950338
19,sklearn,233,0.3952856027372655,0.37155602111011626,0.3376980378105703,0.28069823481694606,-0.0575875649266952
19,sklearn,234,0.7066393926212244,0.6336274296444293,0.48357400770447967,0.42803527887330856,-0.22306538491674477
19,sklearn,235,0.3213514963139955,0.2311101390111443,0.7413486717291908,0.3158781474802001,0.4199971754151953
19,sklearn,236,1.5644589003721565,1.4724541713680368,1.5312896130961944,0.2884998352284466,-0.033169287275962134
19,sklearn,237,1.0051530830964484,1.0239525165838097,0.6808558943024625,0.28532142029907787,-0.32429718879398584
19,sklearn,238,-0.32508623442930734,-0.29175376087684984,-0.46673477021905185,0.24087396810149558,-0.1416485357897445
19,sklearn,239,-1.4311446608025842,-1.4968058543938865,-1.2659933574587825,0.25709489113485334,0.16515130334380168
19,sklearn,240,-0.7643544024725067,-0.8067361459499436,-0.8357610576095809,0.2691494976543803,-0.07140665513707412
19,sklearn,241,1.6142895408498938,1.6480932978712688,1.3805041089944172,0.3066346777244828,-0.23378543185547662
19,sklearn,242,-0.03701955841769655,-0.034675005645737514,-0.39300683965380223,0.29050755748515633,-0.3559872812361057
19,sklearn,243,1.8184606397053154,1.7402948504091675,1.9740586758977416,0.25987861837988785,0.1555980361924263
19,sklearn,244,-0.8555009847261239,-0.7753837508126805,-0.7127300566769286,0.2650865925388893,0.14277092804919533
19,sklearn,245,0.32078211911053833,0.3507819534851631,0.29636845002479184,0.3073463333346888,-0.024413669085746492
19,sklearn,246,1.6645197642258325,1.793019627287231,1.5010552113298994,0.3044999422239958,-0.1634645528959331
19,sklearn,247,-0.17299993084756857,-0.22242282886918785,-0.7912578965422892,0.3149323241951797,-0.6182579656947206
19,sklearn,248,0.44197786405699185,0.4877848521381197,0.48234492792014905,0.27875191991960935,0.04036706386315719
19,sklearn,249,0.4392372734742227,0.4630922734363292,0.6506331147737336,0.38179564455675186,0.21139584129951094
19,sklearn,250,0.8680849527837954,0.9362560727574237,0.586086876005929,0.2878952945460896,-0.28199807677786637
19,sklearn,251,0.21096529193200042,0.24932396100779985,0.1851898022044658,0.30860932140693875,-0.02577548972753463
19,sklearn,252,-0.22595531960155318,-0.15303854842556747,-0.596225457940001,0.2811484845280996,-0.37027013833844785
19,sklearn,253,1.143832346753451,1.2013435802298085,1.188578573557936,0.28953391887311897,0.04474622680448492
19,sklearn,254,-0.11899797196389234,-0.24860970305346566,0.08700780022355659,0.27222563709782166,0.20600577218744892
19,sklearn,255,0.41352709604554955,0.4682213325730537,0.7717704694710132,0.257053743796219,0.3582433734254637
19,sklearn,256,1.4141599204507498,1.426109073972304,1.353365609417402,0.31442772439973565,-0.06079431103334776
19,sklearn,257,0.7391132538359437,0.7393571931540684,0.7144927098814762,0.2981908584718749,-0.024620543954467555
19,sklearn,258,1.092671758946406,1.0949229471175181,0.9170533035009765,0.2779664139977896,-0.17561845544542942
19,sklearn,259,1.531904715570294,1.6366858904989683,1.0015573133929454,0.3138060558543492,-0.5303474021773487
19,sklearn,260,-0.4286695969889687,-0.5142157201724451,-0.6371662899510895,0.25751314029997113,-0.20849669296212076
19,sklearn,261,0.5060114350493303,0.5973096962202851,0.23210855567629096,0.2571278368081215,-0.27390287937303937
19,sklearn,262,1.0711702503770866,1.1049068029648257,0.34505281268870114,0.2781838336747671,-0.7261174376883854
19,sklearn,263,-0.6590213250074161,-0.7184236230721073,-0.4074000095711572,0.2765962889936188,0.2516213154362589
19,sklearn,264,0.8741767783270573,0.7797417478587183,0.47354132839605434,0.27614820495143627,-0.400635449931003
19,sklearn,265,1.009926052544616,1.004426626644542,1.042812798795632,0.2598843266968077,0.03288674625101584
19,sklearn,266,0.43064031212282194,0.19903338326499037,0.4710460163891472,0.2781179814883686,0.04040570426632528
19,sklearn,267,0.44346464828712034,0.4923281872290996,0.3263004205784208,0.30490657993878933,-0.11716422770869955
19,sklearn,268,0.5768310934579438,0.4268120406234128,0.13839753391421006,0.32211009902866133,-0.43843355954373375
19,sklearn,269,0.5516288278550286,0.5344990827560886,1.0271071465676593,0.2648345027826629,0.4754783187126307
19,sklearn,270,0.7190950784354633,0.6022372339953233,0.40774874478530165,0.29520899954862007,-0.3113463336501616
19,sklearn,271,-0.0010342464169979249,0.0786218490049388,-0.03145858296227644,0.28636759326901556,-0.030424336545278513
19,sklearn,272,1.5689101683098254,1.4735401511560589,0.9671656304342218,0.3108874418592054,-0.6017445378756037
19,sklearn,273,1.0401987797045926,1.1246750383392285,1.0050569489841354,0.24074060201327185,-0.03514183072045718
19,sklearn,274,1.392217216166144,1.3926855700061245,1.3839345486764945,0.27343720175534186,-0.008282667489649453
19,sklearn,275,-0.72288115445523,-0.6551531461655744,-0.6988053118921034,0.2551208580359929,0.02407584256312667
19,sklearn,276,0.829345774316984,0.8179307064124607,0.6846981735982673,0.29628184619202175,-0.14464760071871663
19,sklearn,277,-0.9588054147971101,-0.8714262782430641,-1.1554066742129852,0.28067043991492524,-0.19660125941587503
19,sklearn,278,1.150028449957313,1.1967155874081632,0.8879074202559529,0.2911735233402902,-0.2621210297013601
19,sklearn,279,-0.4120117066042907,-0.44957181870466495,-0.44431604532848823,0.301425773798821,-0.03230433872419752
19,sklearn,280,-0.8609935711599856,-0.8624110689657775,-0.5017751512111612,0.3164724370918455,0.3592184199488244
19,sklearn,281,0.7529795841742634,0.6858179810573236,0.9993593364289808,0.27757076249319595,0.24637975225471742
19,sklearn,282,1.19567162126248,1.081306178802468,1.300340792967111,0.27245437515289606,0.10466917170463086
19,sklearn,283,1.509727191705259,1.613526977573499,1.1300387544502994,0.29632237131801026,-0.3796884372549596
19,sklearn,284,-0.29108453014210467,-0.41655288056106754,-0.8226383331850524,0.3339337723326178,-0.5315538030429477
19,sklearn,285,-0.033806421035472004,0.039653355511215835,0.2996856911917458,0.24097107358263198,0.3334921122272178
19,sklearn,286,1.4254514692031828,1.4775827357714773,1.6449468533608549,0.2533707176320398,0.2194953841576721
19,sklearn,287,-0.08497633214683917,-0.1216728026935863,-0.17831656738082913,0.24999233516657907,-0.09334023523398996
19,sklearn,288,0.2625331342183572,0.2617133893952738,-0.09933798219221046,0.29516225139182695,-0.3618711164105677
19,sklearn,289,1.7673905167883373,1.745137176932272,1.4501041959219894,0.275656149993542,-0.3172863208663479
19,sklearn,290,1.2192473058906996,1.156369020924078,1.3746709281758198,0.27306467335045154,0.1554236222851202
19,sklearn,291,-0.025811117794524052,0.032896001017770765,0.0480140282077226,0.32549658361799433,0.07382514600224666
19,sklearn,292,0.02022552895480656,0.04352212061544024,-0.2109654747239098,0.28678557299167134,-0.23119100367871637
19,sklearn,293,0.10240588251685825,0.08578611595903109,0.30592328773960276,0.2911254960236553,0.2035174052227445
19,sklearn,294,0.6934546863523542,0.6840036153527325,0.7388006991260134,0.27788806442918346,0.04534601277365924
19,sklearn,295,0.776205633903027,0.8589836977535945,0.6382238848924704,0.27540137442990403,-0.1379817490105566
19,sklearn,296,1.1716990635672508,1.2504244081464446,1.215446174422139,0.27510669902952584,0.04374711085488814
19,sklearn,297,0.25291771274110586,0.4112273005881537,0.3692845454456588,0.2796837242847586,0.11636683270455295
19,sklearn,298,1.3499733741081854,1.4747077723565385,1.399465906472428,0.27463528833994233,0.04949253236424256
19,sklearn,299,0.5046529206065224,0.689250295963788,0.44087145981735,0.2701525759311478,-0.06378146078917246
20,sklearn,0,-0.4245204664227644,-0.3813500863784184,-0.20409398094858888,0.49939318163902524,0.22042648547417554
20,sklearn,1,-0.6647601597186266,-0.5515381561629373,-0.14174096226668187,0.3655014067770637,0.5230191974519447
20,sklearn,2,0.5619622008643077,0.5353013760643363,0.07225989899087981,0.3478175172160252,-0.4897023018734279
20,sklearn,3,0.6396466328788867,0.5764503150778602,0.413819939524235,0.3938322483067033,-0.22582669335465166
20,sklearn,4,-0.3473530855666408,-0.41237856927210337,-0.3881576942771323,0.3337005488674759,-0.04080460871049152
20,sklearn,5,-0.6708105536482948,-0.6805440214606865,-0.9143955312979841,0.3221294541494296,-0.24358497764968934
20,sklearn,6,-0.18636128403043994,-0.25309833098998724,0.2466175543077953,0.432142304248501,0.43297883833823525
20,sklearn,7,0.015458470233455868,0.17094985781963132,-0.046727256717869814,0.34664123955190074,-0.06218572695132568
20,sklearn,8,0.495886564129536,0.5521161065630741,0.5951094006515998,0.3009844090342233,0.09922283652206376
20,sklearn,9,-0.0847856587301502,-0.06289977237480146,-0.40057023512313616,0.3083155870405113,-0.31578457639298596
20,sklearn,10,0.20740467088279713,0.2934380975075931,0.30727309965330996,0.29464496784881883,0.09986842877051283
20,sklearn,11,0.09438892966242873,0.12516818736662944,-0.13512798757511835,0.27467969647730256,-0.22951691723754708
20,sklearn,12,1.3332707375210529,1.3482904629791155,0.7576374920754465,0.43992013451682666,-0.5756332454456063
20,sklearn,13,-0.09811676941109065,-0.260839800051485,0.016538149264924584,0.3578656621468656,0.11465491867601524
20,sklearn,14,-0.6206434120183904,-0.753994481620573,-0.7461325145659212,0.2654568972700901,-0.12548910254753087
20,sklearn,15,0.38326574541983777,0.41978242706675445,0.511885827417069,0.1608243251399016,0.12862008199723124
20,sklearn,16,0.4381350520711833,0.5979443081149503,0.04159718577506499,0.37227979837696024,-0.3965378662961183
20,sklearn,17,0.5784131247684212,0.544805908152335,-0.08379248647355153,0.384228418169388,-0.6622056112419727
20,sklearn,18,0.06274211784286206,-0.016065091022435918,-0.11511914032013237,0.3091985961130921,-0.17786125816299442
20,sklearn,19,0.16528737712241098,0.2991557686503213,0.04195038445388999,0.22729091431897325,-0.123336992668521
20,sklearn,20,0.27393039919910944,0.21460740082202387,0.7036061435655485,0.337588936284787,0.42967574436643907
20,sklearn,21,-0.04302189488844632,0.07305958942310264,-0.3033513595180719,0.32513605894159303,-0.2603294646296256
20,sklearn,22,-1.223497267540512,-1.3463900737784442,-0.12251145196310098,0.44136277095371684,1.100985815577411
20,sklearn,23,-0.7879422216395928,-0.6998243707646439,0.07257950059964191,0.4321082268470582,0.8605217222392347
20,sklearn,24,0.3849098152265412,0.36977721065860303,0.2683910572915833,0.35261211772553264,-0.11651875793495792
20,sklearn,25,-0.619709144456468,-0.7253267488622543,-0.6931693191507247,0.29364829457857067,-0.0734601746942567
20,sklearn,26,0.3917519168999486,0.5572227578075704,0.5889535643561503,0.2786160840114057,0.19720164745620172
20,sklearn,27,-0.43260887692183925,-0.6702079788218146,-0.4453191845872073,0.30853877661045365,-0.01271030766536807
20,sklearn,28,-0.09900807271123958,-0.21787460995554903,-0.3313160973174831,0.36874448814240207,-0.23230802460624356
20,sklearn,29,-0.18124226054392176,-0.06615620075803857,-0.5786468540136358,0.3136844185607503,-0.397404593469714
20,sklearn,30,-0.016314169371558662,-0.13923095193363297,-0.3305549746942096,0.3683581778926778,-0.3142408053226509
20,sklearn,31,1.2717786017863362,1.4675496048673364,1.023806853107562,0.272202751388417,-0.24797174867877425
20,sklearn,32,0.3801787321263783,0.4732064253687373,0.22046572561851496,0.32195390905544896,-0.15971300650786335
20,sklearn,33,-0.17653772543646662,-0.16473857264688488,-0.03685538429317825,0.4147443192064639,0.13968234114328837
20,sklearn,34,0.8532536394196576,0.7925677792868262,0.8693039134648508,0.24002657117292486,0.016050274045193214
20,sklearn,35,-0.3347402762531563,-0.13033655477626707,-0.3697839711972293,0.3237347691232243,-0.035043694944073
20,sklearn,36,-0.4766188975291795,-0.4822360543990574,-0.1495269740110472,0.4218212904499781,0.3270919235181323
20,sklearn,37,-0.22232657971903363,-0.23505990739230984,0.04207038149917608,0.2535398132609012,0.2643969612182097
20,sklearn,38,-0.12746487890644786,-0.10626327211183367,-0.205741299647745,0.417724407157092,-0.07827642074129715
20,sklearn,39,0.20251802277028752,0.27176622406353296,0.3753208112189248,0.2046960187926785,0.17280278844863728
20,sklearn,40,-0.16545095178198344,-0.09859511983052556,0.06811818941086667,0.37100407582575723,0.2335691411928501
20,sklearn,41,-1.056750634950585,-1.1996339201766697,-0.19278707488174307,0.4273168898581683,0.863963560068842
20,sklearn,42,-1.1934204895795757,-1.161318776659819,-0.141911595646107,0.38179908182668343,1.0515088939334687
20,sklearn,43,0.8400725046945174,0.8312612082663065,0.8164415665354552,0.2688186913523899,-0.023630938159062254
20,sklearn,44,-0.1732343231916588,-0.0014747188234078557,-0.2544483867411085,0.36708163873056965,-0.08121406354944968
20,sklearn,45,-0.29641492121856705,-0.31802006026202856,-0.29007735846340044,0.3508678849096485,0.006337562755166615
20,sklearn,46,0.6479462678903972,0.5032078749011075,0.1450929384891131,0.3421632765291884,-0.5028533294012841
20,sklearn,47,0.4100525470510018,0.2705225490853542,-0.091767473751172,0.4583612741164178,-0.5018200208021738
20,sklearn,48,0.696544625292852,0.7492253899721264,0.26507336354826716,0.3315865479871578,-0.43147126174458483
20,sklearn,49,0.4737783643660555,0.6180747855704793,0.3153157797713795,0.2139559259561272,-0.15846258459467605
20,sklearn,50,0.5082756024306953,0.5364246591028079,0.3433573800995484,0.36287950442815925,-0.16491822233114684
20,sklearn,51,1.115006329333219,1.2561183870806665,0.7168692545055473,0.3737272107167632,-0.3981370748276718
20,sklearn,52,-0.672427824995958,-0.7590113184180582,-0.40334288604506696,0.28068574858333084,0.26908493895089103
20,sklearn,53,0.17963023556902818,0.3055718896624551,-0.11590535688142456,0.3188226972051458,-0.29553559245045274
20,sklearn,54,-1.4946070795602178,-1.4671442190332793,-1.1302109293590021,0.3126922983513562,0.36439615020121563
20,sklearn,55,1.094117071747049,1.0594856191174593,0.5519154615776434,0.3937997889230702,-0.5422016101694056
20,sklearn,56,0.1681746105981285,0.1758211348821785,0.028315017975649504,0.3568376202828146,-0.139859592622479
20,sklearn,57,-0.6521726002508408,-0.6337245552199429,-0.21963671591693856,0.4172204656099871,0.4325358843339022
20,sklearn,58,-0.023836626203057806,0.09670832603978323,-0.10007558186245102,0.17158094305916874,-0.07623895565939322
20,sklearn,59,-0.484966912829407,-0.5030348494436688,-0.018775522409830714,0.3166006949016102,0.4661913904195763
20,sklearn,60,1.1679962357684035,1.1178737415743674,0.5526859772593706,0.39661493196514164,-0.6153102585090329
20,sklearn,61,0.2874080942101709,0.23843798738379576,-0.06072392735490517,0.2775225831464894,-0.34813202156507606
20,sklearn,62,0.3158392845975354,0.27346617818817026,0.43100516568335534,0.33349774519455166,0.11516588108581993
20,sklearn,63,-0.30510495368163604,-0.0955287436779893,-0.13066056505399803,0.3862884208352519,0.174444388627638
20,sklearn,64,-0.6281118087181647,-0.542028675075747,0.03025868493144568,0.3155461549875228,0.6583704936496104
20,sklearn,65,0.37127064738566773,0.5126057551582472,0.09045790433967804,0.30549513850561316,-0.2808127430459897
20,sklearn,66,-0.37727386763664106,-0.460139450124858,-0.09511908532453628,0.32190008320042224,0.2821547823121048
20,sklearn,67,-0.9893002498807011,-0.9461426899335817,-0.6929855858821163,0.3335959157576611,0.29631466399858475
20,sklearn,68,0.6784117254589631,0.717936415137368,0.7597655938961552,0.2529392167977954,0.08135386843719206
20,sklearn,69,0.4207636147158168,0.34773941672080355,0.45684520846846866,0.34907924203145335,0.03608159375265185
20,sklearn,70,-0.0696576235752559,-0.1956675573061282,0.2633871034458286,0.3675478018796434,0.3330447270210845
20,sklearn,71,0.36467698741612875,0.25566789311678,0.671545249097298,0.2963649169820661,0.3068682616811692
20,sklearn,72,-0.2584974682753924,-0.1701852570780847,-0.31350184962693817,0.36709271718165226,-0.055004381351545784
20,sklearn,73,-0.7183422266113003,-0.701074964630648,-0.36604145854051673,0.4143888594966478,0.3523007680707836
20,sklearn,74,-1.37979599346765,-1.5433903558210011,-1.2663115465507424,0.36866777386606286,0.11348444691690762
20,sklearn,75,-0.9413147846682783,-1.1224061042999425,-0.7736167802014027,0.2112055669550348,0.16769800446687566
20,sklearn,76,0.7065612554095986,0.6784859950109511,0.27845053487680405,0.3479621714568487,-0.42811072053279453
20,sklearn,77,-0.4240349082630591,-0.629649707712848,-0.16486241094660725,0.36759984260448514,0.25917249731645187
20,sklearn,78,-0.012370788999412907,0.17553237970171645,-0.10279580919744813,0.3632247626805435,-0.09042502019803522
20,sklearn,79,0.46356336223456107,0.5610519251991175,0.11142847474523254,0.35008065298910496,-0.35213488748932853
20,sklearn,80,0.9029656332415892,0.8805757044289519,1.012841419518089,0.27784891853990407,0.10987578627649985
20,sklearn,81,-0.10468431499250985,0.004515756469257018,-0.13129344796617248,0.3856985835669737,-0.02660913297366263
20,sklearn,82,-0.49621219725839116,-0.5330879205934672,-0.22772321228167325,0.27382046486681594,0.2684889849767179
20,sklearn,83,0.30039327818083517,0.37023274851215643,0.33567392038767707,0.3645426694558256,0.035280642206841906
20,sklearn,84,1.3779598449277195,1.4148609394736087,0.5790843134974786,0.4001082705731452,-0.7988755314302409
20,sklearn,85,-0.21568143828288389,-0.3169105491460076,-0.17931374614940854,0.37570619275259637,0.03636769213347535
20,sklearn,86,0.319475825549355,0.49339066916962737,0.2152121543878076,0.33442091068415974,-0.10426367116154739
20,sklearn,87,0.7811824904936474,0.7754402371422,0.44636163179693433,0.37407859075700844,-0.3348208586967131
20,sklearn,88,0.518483005275843,0.7158764088591772,-0.04747572938420053,0.4541483512105682,-0.5659587346600435
20,sklearn,89,-1.5319499701764436,-1.595167323967356,-1.0714028753994107,0.2943238024698804,0.46054709477703293
20,sklearn,90,0.6565628692173945,0.7580042209045574,0.3985134098303913,0.39467638620879547,-0.2580494593870032
20,sklearn,91,-0.3757809657095754,-0.42485103221677223,-0.2540102083673128,0.39452119757651305,0.12177075734226261
20,sklearn,92,0.18299681692592767,0.19839864631167015,-0.04409100165922908,0.36565086071067193,-0.22708781858515675
20,sklearn,93,-0.5523722882711495,-0.5755252186056139,-0.9101283493694869,0.286431496350303,-0.35775606109833746
20,sklearn,94,0.30565177061224785,0.18469837895523344,0.14809252181272203,0.34845691957883335,-0.15755924879952582
20,sklearn,95,-0.14536862260727468,-0.2122431632901915,-0.12600599047201477,0.4140827747660057,0.019362632135259905
20,sklearn,96,-0.7555528710199745,-0.5128346450129342,-0.44821104513822885,0.2835338506376298,0.30734182588174563
20,sklearn,97,-0.47834823444577107,-0.5960098637753523,-0.047315313622299016,0.2648168613319448,0.43103292082347205
20,sklearn,98,0.5686294740212079,0.5442006934684253,0.777471227233618,0.29859317354769327,0.20884175321241005
20,sklearn,99,0.05056329667735571,0.18110503437420541,-0.11787532441085946,0.39494163650787184,-0.16843862108821517
20,sklearn,100,-0.5735770762289154,-0.5670420888650214,-0.365618122500063,0.2817362574746009,0.20795895372885242
20,sklearn,101,-0.7123770194337447,-0.8296692704514683,-0.434775695279197,0.3005804147284654,0.27760132415454764
20,sklearn,102,-0.3450542218509554,-0.3276511482403443,-0.20933074196360613,0.3848158091030715,0.13572347988734929
20,sklearn,103,-0.18513960950468544,-0.11776977126914213,-0.5154210683585676,0.29785287262775617,-0.33028145885388216
20,sklearn,104,0.35209726616013126,0.420604516639505,0.20510101745785647,0.28586625369701196,-0.1469962487022748
20,sklearn,105,0.06723052760292147,0.17450430680937556,-0.24955432518842624,0.29655130111711786,-0.3167848527913477
20,sklearn,106,-0.20069502255786853,-0.10284128518780955,-0.11764352038490555,0.39512192393675194,0.08305150217296298
20,sklearn,107,0.12214658276620613,0.14171377658517703,0.04468556758295117,0.31031329022550613,-0.07746101518325496
20,sklearn,108,-0.717461629619774,-0.7252058082841789,-0.5426206119164432,0.35817768218903423,0.17484101770333083
20,sklearn,109,-0.2525846946897605,-0.3959615127246442,-0.17655999575149384,0.4876469188947141,0.07602469893826669
20,sklearn,110,0.39876780140832646,0.5784866500690447,0.4733502947218424,0.4006489051036897,0.07458249331351596
20,sklearn,111,0.5549442645427392,0.5376346436646859,0.11004924222524126,0.3772026946884414,-0.4448950223174979
20,sklearn,112,-0.05823176877682873,-0.24989584071612997,0.1670195987835923,0.3425951234090208,0.22525136756042102
20,sklearn,113,-0.08891728524131992,-0.03297002962956995,-0.14904754402014309,0.4709108188962015,-0.060130258778823165
20,sklearn,114,0.13662034915278976,0.010097840236409666,-0.18640513380994195,0.299089138943763,-0.3230254829627317
20,sklearn,115,-0.2115990374984651,-0.15141343612223607,-0.3250595700102936,0.328654725373028,-0.11346053251182853
20,sklearn,116,-0.20272486421073965,-0.1504481471521033,-0.34705978775726054,0.349332930797118,-0.1443349235465209
20,sklearn,117,0.38419353617261437,0.27964488952740735,0.4283424355437635,0.4043874009887815,0.04414889937114913
20,sklearn,118,-0.5420449994411259,-0.5917445131124566,0.13878638320392955,0.4151440262703613,0.6808313826450555
20,sklearn,119,-0.7109650232309869,-0.8696556560666812,-0.7005727397691057,0.20660423898699998,0.010392283461881147
20,sklearn,120,1.2043462024041987,1.2378009834970032,1.1586918528897003,0.27979005722481537,-0.045654349514498316
20,sklearn,121,-0.08165347726818406,-0.08268529494920833,-0.20117127438912785,0.22836254855843965,-0.11951779712094379
20,sklearn,122,0.3563859309456656,0.29051010740166283,0.5108419001257767,0.31236760698591004,0.15445596918011106
20,sklearn,123,-0.7996097314081319,-0.8202183473905563,-0.8700473139515337,0.3221277541485199,-0.07043758254340182
20,sklearn,124,-0.20269945977676573,-0.22755632715301932,-0.1722732345926241,0.18676629039085482,0.03042622518414162
20,sklearn,125,0.7935276896071726,0.7495499512235227,0.9181790732814332,0.26412568295249506,0.12465138367426065
20,sklearn,126,0.6015925863137161,0.6431177533838888,0.39409835925905545,0.26799190051399535,-0.2074942270546607
20,sklearn,127,-0.2150606348248576,-0.28305293724413305,-0.28762243013208444,0.37697932677982426,-0.07256179530722684
20,sklearn,128,0.4945659339300672,0.43320627266883255,0.3728668527653909,0.3762444404154976,-0.12169908116467631
20,sklearn,129,-0.7259167273732035,-0.795680434612734,-0.3752042399826929,0.4125524789871302,0.35071248739051053
20,sklearn,130,0.6873022185677373,0.6678629918900637,0.4367596385678514,0.40066476982809973,-0.25054257999988594
20,sklearn,131,-0.43315823469700643,-0.41978277311061774,-0.39724835600709696,0.3108099958495452,0.03590987868990947
20,sklearn,132,0.16871104848923407,0.05612427472274667,0.14610918709012477,0.35130251421844955,-0.022601861399109302
20,sklearn,133,0.8527849042203899,0.8686336181609495,0.8600254533102643,0.26283990683390374,0.007240549089874371
20,sklearn,134,0.2509442721239979,0.10261809469304797,0.6380737260407963,0.33878671870519655,0.38712945391679837
20,sklearn,135,0.13210205407862785,0.029438508002358088,-0.16662000003855404,0.3567927880856653,-0.2987220541171819
20,sklearn,136,0.2411739918660581,0.21440932867129947,-0.3598375209853293,0.37013000663670453,-0.6010115128513873
20,sklearn,137,0.2409570361670194,0.1920605993602676,-0.1277824619819854,0.29904984162636084,-0.3687394981490048
20,sklearn,138,-0.28071855223561537,-0.2917107705290533,-0.2730221496313696,0.38871727512849874,0.007696402604245756
20,sklearn,139,0.5171509252018947,0.2335362628852325,0.3104820436266955,0.3171039038239532,-0.20666888157519914
20,sklearn,140,-0.5302557514221774,-0.49677475718759184,-0.5535523194474097,0.2158937539615926,-0.023296568025232278
20,sklearn,141,-0.057886037091911646,-0.17939671073788716,-0.10291317357239826,0.3763832459632559,-0.04502713648048662
20,sklearn,142,0.33012723557009016,0.3867949687264464,0.15403115090335806,0.33714400387565424,-0.1760960846667321
20,sklearn,143,0.4402806202194559,0.270318184466242,0.12480218228778961,0.3102629487446401,-0.3154784379316663
20,sklearn,144,0.03375043508992691,-0.23160796301013975,0.35725392409707624,0.4110749509678969,0.3235034890071493
20,sklearn,145,-0.5205760889641711,-0.5903236855862424,-0.34099145564384337,0.22309912554447373,0.1795846333203277
20,sklearn,146,-1.5501631523489137,-1.668063877275338,-1.3126070913882382,0.37304217700604114,0.2375560609606755
20,sklearn,147,-0.18186897802598012,-0.08302400822248181,-0.2867394370178946,0.3868393574866914,-0.1048704589919145
20,sklearn,148,-0.4492322317061196,-0.44821883301344906,-0.5130884782589495,0.262220974092743,-0.06385624655282995
20,sklearn,149,0.28787407462861386,0.11223510706041556,-0.21952320143087523,0.3646537249406866,-0.5073972760594891
20,sklearn,150,0.37019957360024286,0.5341864380695578,0.06551541319299492,0.2761383165019948,-0.30468416040724794
20,sklearn,151,-0.45863703399157096,-0.6533489993300191,-0.04209763397024702,0.3472026625074016,0.41653940002132395
20,sklearn,152,-0.03133464522856998,0.12725713412020745,-0.047282826416342516,0.33443720146400124,-0.01594818118777254
20,sklearn,153,-0.3687324844318619,-0.33366868180425513,-0.18252766791867714,0.3900698143229871,0.18620481651318477
20,sklearn,154,-1.0106841395774335,-0.9850480065535041,-0.005394854058177856,0.37748964364666643,1.0052892855192557
20,sklearn,155,0.45178745906825246,0.3821611592865522,0.22450901004839618,0.36635633180771626,-0.22727844901985628
20,sklearn,156,-0.1983814617707208,-0.19712501980058036,-0.43463890990679843,0.35551371312557906,-0.23625744813607763
20,sklearn,157,0.5502582991657816,0.4678186832468435,0.5724258227547834,0.3586700964696871,0.02216752358900176
20,sklearn,158,0.13218237880693806,0.17485784207791474,0.33782304173163524,0.32264687389288366,0.20564066292469718
20,sklearn,159,-1.097472277431785,-1.0885569296577833,-1.0567673101808586,0.362707454219842,0.04070496725092654
20,sklearn,160,-0.3135209177830689,-0.3050061349918666,-0.3920591561966824,0.30960489700056193,-0.07853823841361351
20,sklearn,161,0.87598551371856,0.9116498185548477,0.9146688958762743,0.23070124580268456,0.038683382157714274
20,sklearn,162,-0.796144536562182,-0.7901773217677658,-0.7631526107982687,0.32224258956894725,0.0329919257639133
20,sklearn,163,0.92034149940372,0.7884797012466577,0.936044159411078,0.2994806605443346,0.015702660007357983
20,sklearn,164,-0.45116750814253276,-0.42170010854185713,-0.2372879909059269,0.3843225871877056,0.21387951723660587
20,sklearn,165,-0.2537522503275264,-0.21594763490373892,0.07343841178108956,0.39895186486767525,0.32719066210861597
20,sklearn,166,0.6906017372455086,0.7657713318986157,0.4465427325639766,0.24580990192838983,-0.24405900468153197
20,sklearn,167,-0.4534449867274703,-0.39877211986461286,-0.11347445701561121,0.3092346930583782,0.3399705297118591
20,sklearn,168,-0.07540141838080622,-0.09573594169734688,0.16711540711469386,0.3706170532957553,0.24251682549550008
20,sklearn,169,-0.5565219309768566,-0.5011130616708441,-0.04865715268419102,0.3366623897088603,0.5078647782926656
20,sklearn,170,-0.23366264713616036,-0.22533649058273014,-0.3936190923928158,0.35827731839584415,-0.15995644525665542
20,sklearn,171,-0.38434341066370037,-0.4409616724930609,-0.5378412085923019,0.3171188758353579,-0.15349779792860152
20,sklearn,172,1.164831643196739,1.104238334258995,1.0320544887045209,0.3013943778057472,-0.13277715449221805
20,sklearn,173,-0.531584441836313,-0.7510055965347192,-0.6927311702422072,0.30292496869405405,-0.16114672840589417
20,sklearn,174,-0.20989622256147566,-0.13866492675500658,0.138934138758537,0.2956098442473145,0.34883036132001266
20,sklearn,175,0.7650288266416233,0.5487861177303,0.7401534815586337,0.31875748692036027,-0.02487534508298961
20,sklearn,176,-0.3831898274619303,-0.15484691885443014,-0.16308034723135378,0.3507589911019348,0.22010948023057653
20,sklearn,177,-0.5751067753988596,-0.5342928588569616,-0.49838076686274135,0.40573999616087125,0.07672600853611822
20,sklearn,178,0.09425402392015492,-0.06799234247951699,0.1809080378506991,0.239549864651024,0.08665401393054417
20,sklearn,179,-0.46201960778989615,-0.5026642476972651,-1.1777998967559777,0.36230733903480405,-0.7157802889660816
20,sklearn,180,0.7362513061001443,0.8344387638269991,0.28786912991675706,0.3710613210741428,-0.44838217618338727
20,sklearn,181,-0.5938499792786323,-0.6756288150798134,-0.3910208652171221,0.2932637433815225,0.20282911406151016
20,sklearn,182,-0.9143486877614693,-0.9892627700229973,-0.3240128213333797,0.3183355646531425,0.5903358664280896
20,sklearn,183,-0.24363958418476805,-0.23124948841496826,-0.22035833810639538,0.3188101277969203,0.023281246078372675
20,sklearn,184,-0.44533865050757937,-0.38451261124446356,-0.3315843978530033,0.35533357412644456,0.11375425265457606
20,sklearn,185,-0.19413877075090813,-0.19033684364046344,0.04562717167482955,0.3542954955667245,0.23976594242573768
20,sklearn,186,-0.49240887292586266,-0.46213794902852057,0.07824827337309426,0.27496080143540264,0.5706571462989569
20,sklearn,187,0.208028279812783,0.20905102498552902,0.12315333705737563,0.2794543416976585,-0.08487494275540736
20,sklearn,188,-0.2989502400320716,-0.37234524253003237,-0.050570918215081306,0.4436874579190779,0.2483793218169903
20,sklearn,189,-0.20185832241806678,-0.1753416005282597,0.06619108030169762,0.36622546437703934,0.2680494027197644
20,sklearn,190,0.46092798841963406,0.4064161882927517,0.3692850867677544,0.35009620416100173,-0.09164290165187966
20,sklearn,191,-0.4205955762511896,-0.5093861931068635,-0.4484978075451007,0.3628676596866056,-0.027902231293911117
20,sklearn,192,0.782493605943053,0.6663834320943182,0.7147043207454651,0.3010945833740078,-0.06778928519758787
20,sklearn,193,-0.11342374908977387,-0.2049104133131443,-0.164523981345309,0.27416785184615194,-0.051100232255535116
20,sklearn,194,-0.4201753319833299,-0.6014379379110768,-0.28846201359160606,0.3328978367688572,0.13171331839172384
20,sklearn,195,0.2705370840303727,0.24890367325531168,0.08634200451367358,0.36149660485913415,-0.1841950795166991
20,sklearn,196,0.8084310199067412,0.5767036492515014,0.3681159680355748,0.373202824428266,-0.4403150518711664
20,sklearn,197,0.2637925347085356,0.42155034220523924,-0.058229072152728545,0.46612834506259393,-0.32202160686126413
20,sklearn,198,1.3745175200186757,1.2490943045594813,0.7130049804703731,0.4255077621273732,-0.6615125395483026
20,sklearn,199,0.07296424649588207,0.0906652497572453,-0.060068543008156006,0.3910184109705088,-0.13303278950403807
20,sklearn,200,-1.3842345724949248,-1.4537622101922378,-0.14634730155522524,0.44689537778065463,1.2378872709396995
20,sklearn,201,0.13455788999719254,0.17301893476060248,0.44244075900570046,0.23857465545739528,0.3078828690085079
20,sklearn,202,-0.3623412279193906,-0.17858512043691274,-0.2947275342493816,0.25465383758759064,0.06761369367000902
20,sklearn,203,-0.297992765227024,-0.24884560891318946,-0.18598275810082798,0.33095656341530133,0.11201000712619602
20,sklearn,204,0.33840089023250836,0.4769398619345929,0.4935795832945944,0.40148131337021997,0.15517869306208604
20,sklearn,205,-0.1171947206129457,-0.06111690255371993,-0.06961298006367311,0.36637884197983006,0.04758174054927258
20,sklearn,206,0.1818170489471519,0.07462093087986738,-0.009620322402364767,0.2711183125664706,-0.19143737134951666
20,sklearn,207,-0.47021944797026316,-0.4911511404641736,-0.058446088141106856,0.42743090149757873,0.4117733598291563
20,sklearn,208,-0.5795286045694005,-0.6033056403209248,-0.12475683732998455,0.3693042608182772,0.4547717672394159
20,sklearn,209,-0.8474764168391412,-0.9762074703516974,-0.6009400342182971,0.3133212914041933,0.2465363826208441
20,sklearn,210,-0.34157011942423077,-0.46342117102947333,-0.2657396832177694,0.33761455971700266,0.07583043620646135
20,sklearn,211,1.1995530520174111,1.266463045392422,0.6102279622332145,0.4048298188238696,-0.5893250897841966
20,sklearn,212,-0.07456460753429556,-0.17074435080398076,-0.16776360114091649,0.36060204574191457,-0.09319899360662093
20,sklearn,213,0.42501668914730745,0.38652852511780433,0.25639008207757374,0.34212703692821134,-0.1686266070697337
20,sklearn,214,0.02588679382326775,0.18978707215522686,-0.2538940704550612,0.43230606824063716,-0.27978086427832893
20,sklearn,215,0.12049665627115372,0.16921073175184512,0.40643509338311157,0.4109863942579244,0.2859384371119579
20,sklearn,216,0.26122050140815267,0.3492527373004739,0.2435905300361858,0.37185482364281297,-0.017629971371966868
20,sklearn,217,0.835173817194842,0.9064639290930625,0.4745660376374916,0.360202695231148,-0.36060777955735035
20,sklearn,218,-1.3647890166907377,-1.148016641023884,-0.13871953200459153,0.440899954111353,1.2260694846861462
20,sklearn,219,1.082346214324061,1.146597029510239,0.632223011533176,0.39346105036982965,-0.450123202790885
20,sklearn,220,-0.3976329751817202,-0.2825334110626913,0.22106650981274534,0.39375832873767647,0.6186994849944656
20,sklearn,221,-0.6632134888676531,-0.7206542012542845,-0.03012823458663627,0.3563871338486824,0.6330852542810168
20,sklearn,222,0.1284431880208493,0.11771656020464545,0.3792699990266444,0.41048883843865464,0.25082681100579507
20,sklearn,223,-0.28992646529537236,-0.46809328706399433,-0.11546654359949393,0.3364324305247592,0.17445992169587843
20,sklearn,224,-0.22030114412070873,-0.24737476206407563,0.1263602235195851,0.39737140217122224,0.3466613676402938
20,sklearn,225,-0.49128099468739495,-0.5272184846042928,-0.11950352123648833,0.39704112831479477,0.3717774734509066
20,sklearn,226,0.05257873949250236,0.2232366952942915,0.20952013664577596,0.3526580179416027,0.1569413971532736
20,sklearn,227,-0.35644578717214265,-0.30716946858351096,-0.10923660149132619,0.40471168403207597,0.24720918568081646
20,sklearn,228,-1.043719149128413,-1.0165712971598402,-0.19839187111167078,0.42156523429924864,0.8453272780167422
20,sklearn,229,-0.4627942926701093,-0.3649283458192003,-0.05272896541882144,0.44307826821876894,0.41006532725128786
20,sklearn,230,0.3863140469198926,0.44571896250224324,0.3743427667765049,0.44225911471062607,-0.011971280143387664
20,sklearn,231,0.22718402495450046,0.18715060926861798,0.04673495358599444,0.3613217976510611,-0.18044907136850602
20,sklearn,232,0.27067209180782276,0.31562706409201646,0.0402671301480364,0.3157732839170357,-0.23040496165978636
20,sklearn,233,-0.395142805571419,-0.3026853978860716,-0.3855719770258519,0.21536944718242218,0.009570828545567123
20,sklearn,234,-0.559131263991581,-0.5829471540360501,-0.2753620033683193,0.38131653051825903,0.2837692606232617
20,sklearn,235,0.768359028385293,0.6751799778351008,0.37395649912520845,0.41496671184095074,-0.39440252926008457
20,sklearn,236,0.43881793424684,0.5690820131071364,0.1753252136004222,0.3215378945229973,-0.2634927206464178
20,sklearn,237,0.023464025312898984,0.0015962514663973339,-0.3373231067214224,0.35528196051933036,-0.3607871320343214
20,sklearn,238,0.5980385539680572,0.46229420663192355,0.5150052275641785,0.39112622988144796,-0.08303332640387862
20,sklearn,239,1.3701287022318174,1.4019761606560182,0.6033810332374134,0.4033443667545019,-0.7667476689944039
20,sklearn,240,0.15883080964097784,0.12864950843786957,0.36250534009259017,0.33927644524090317,0.20367453045161232
20,sklearn,241,0.3136592915156246,0.23813339053776128,0.10961749172036139,0.36496242905596077,-0.2040417997952632
20,sklearn,242,-0.25933192954182827,-0.24876131670707874,0.02894325028591105,0.372634372326298,0.2882751798277393
20,sklearn,243,0.06596954712732189,0.18458342327696697,-0.0001498200800078564,0.30344357579095554,-0.06611936720732975
20,sklearn,244,-0.05526194831769746,0.03929084282368589,-0.1365696849421969,0.4093817837951658,-0.08130773662449944
20,sklearn,245,0.5128333005109456,0.4839715291921016,0.7220547899059078,0.34340656158030913,0.2092214893949622
20,sklearn,246,-0.38258763596547146,-0.3116106122601996,-0.04667529150886285,0.4224153018272434,0.3359123444566086
20,sklearn,247,-0.26267891456790315,-0.3928554140555139,-0.020673891037811032,0.3478549244172559,0.24200502353009212
20,sklearn,248,0.04794063063028853,0.1958896813495721,-0.16087474385946487,0.4057526202297072,-0.2088153744897534
20,sklearn,249,-0.3448835648396642,-0.49745285072627754,-0.19309427037771432,0.4944176653156785,0.1517892944619499
20,sklearn,250,-0.12248779153131206,-0.20592889681879256,-0.14321096449575244,0.361454255141011,-0.020723172964440373
20,sklearn,251,0.35966513597022687,0.23705349425715694,0.1751021924715106,0.3584736626018312,-0.18456294349871627
20,sklearn,252,-0.34440463410272304,-0.3161317374584178,-0.33348583452896907,0.27023037570888925,0.010918799573753968
20,sklearn,253,-0.7308739091173537,-0.8474307520123923,-0.40777890802448447,0.3144907698331716,0.32309500109286926
20,sklearn,254,0.526079384708036,0.4803194273208673,0.1674544441128134,0.4947394652099226,-0.35862494059522254
20,sklearn,255,0.9633300029750356,0.8669512272857671,0.747057490420219,0.22919149673673445,-0.2162725125548166
20,sklearn,256,-0.14796553830232223,-0.09828388321575408,0.10410100411682777,0.35384981607688737,0.25206654241915
20,sklearn,257,0.5858810654156562,0.6065075416022765,0.27193516374687343,0.3331961827311821,-0.3139459016687828
20,sklearn,258,-0.1945378240750089,-0.22315847147008722,-0.2861318712865373,0.350141915387719,-0.09159404721152836
20,sklearn,259,-0.964729777654472,-0.9778369286692489,-1.232199608088953,0.37233947418164154,-0.267469830434481
20,sklearn,260,-0.5576277961104952,-0.42773310090262484,0.07400578909461997,0.463318937155744,0.6316335852051151
20,sklearn,261,1.0818426750612047,1.0376523895856702,0.7728832248998425,0.4354955032819843,-0.30895945016136217
20,sklearn,262,-0.5620200399207425,-0.7503519758379446,-0.4589118406276098,0.20040168407974757,0.10310819929313264
20,sklearn,263,-0.3124362089413505,-0.27964064321341936,-0.18759814663528385,0.3778075147315638,0.12483806230606664
20,sklearn,264,-0.6967588449583423,-0.6353563009143006,-0.39413489438538374,0.2929762803735821,0.30262395057295854
20,sklearn,265,0.4695932461884291,0.4739716483047606,0.5956206419264838,0.32491035897534837,0.12602739573805466
20,sklearn,266,-0.5302150793379026,-0.2917369982052053,-0.28282778781503204,0.2948831187565467,0.24738729152287053
20,sklearn,267,-0.3541901519446551,-0.5905429799752007,-0.09988632032823341,0.34897266575575536,0.25430383161642167
20,sklearn,268,0.08150898122067118,-0.07390424689352779,0.31977967570020605,0.3872853816357257,0.23827069447953486
20,sklearn,269,-0.4046759625418501,-0.45190077789677907,-0.40635580044088293,0.22400594950085675,-0.00167983789903281
20,sklearn,270,-0.39417180936564733,-0.5597415531631187,0.013727870055614488,0.3633622091411661,0.4078996794212618
20,sklearn,271,0.4466923064578966,0.49664319042544114,0.12196901230264157,0.33586149261176584,-0.324723294155255
20,sklearn,272,0.7007850603961383,0.5110789365061115,0.6609511200814193,0.3553561856597256,-0.039833940314718985
20,sklearn,273,-0.10463205023991626,-0.14159217612495686,-0.05611689567768252,0.3798153250225222,0.04851515456223374
20,sklearn,274,0.218878927814006,0.24087366716977243,0.31122006671618063,0.35166129293638426,0.09234113890217463
20,sklearn,275,0.8090685601469787,0.7408794676296171,0.8506327986232884,0.2081165909895875,0.041564238476309745
20,sklearn,276,-0.36617187878690965,-0.3911962838776704,-0.21397382784696273,0.36288347285894645,0.15219805093994693
20,sklearn,277,0.09145265635502475,0.17998005172732678,0.11075632993949869,0.35740441458036554,0.019303673584473935
20,sklearn,278,0.5111677621633071,0.5263175588499232,0.19076217049329447,0.3082114615282334,-0.3204055916700126
20,sklearn,279,0.027953402571529007,0.060062569747629725,-0.05072467752943188,0.36828833324565563,-0.07867808010096089
20,sklearn,280,-0.036092238231201196,0.031080793688239253,-0.004127011752665943,0.3478392432382023,0.03196522647853525
20,sklearn,281,-0.09053369118541926,0.013266141065783277,-0.15129784744013364,0.22279454099891172,-0.060764156254714374
20,sklearn,282,0.42620764410877443,0.4378669735828165,0.3483768323752381,0.351739156906771,-0.07783081173353634
20,sklearn,283,0.4318763496037325,0.5577267034354382,0.12975354708453857,0.35641755040312717,-0.30212280251919393
20,sklearn,284,-1.0275359598257818,-1.0977434941703503,-0.12706136408707547,0.37267072799793094,0.9004745957387064
20,sklearn,285,0.3006198065147251,0.29830607493133027,-0.0899128385119341,0.4606094494679693,-0.3905326450266592
20,sklearn,286,-0.17585755062011565,-0.0835414273303655,-0.22585876050923392,0.44939824808067924,-0.05000120988911827
20,sklearn,287,-0.05323083821925112,0.1325034260356831,-0.12996033685144592,0.45766642214272174,-0.0767294986321948
20,sklearn,288,0.10222934095328623,0.16958762634055652,0.02261908699586357,0.3717301541825965,-0.07961025395742266
20,sklearn,289,-0.0010259882720063465,0.07381698289352537,-0.06941389145574117,0.33890146491345874,-0.06838790318373483
20,sklearn,290,0.03418259582518196,0.26535813962886967,-0.250546138702366,0.3488063330242429,-0.28472873452754793
20,sklearn,291,-0.2581916881465196,-0.0940670599533398,-0.33052035160302884,0.3446329629975793,-0.07232866345650923
20,sklearn,292,-0.7136777515672074,-0.7573315436812962,-0.913956322625463,0.34638611997611823,-0.20027857105825564
20,sklearn,293,0.4825760092050839,0.466551522598228,0.18713154845620306,0.2954338459164849,-0.29544446074888087
20,sklearn,294,0.3357360497989076,0.1732530644111152,0.19153501123617556,0.33964313984566863,-0.14420103856273203
20,sklearn,295,1.1736963655217956,1.2402377889930174,1.2360024276797716,0.3115927538220939,0.06230606215797607
20,sklearn,296,0.50201927698861,0.5376573770762508,0.2704981671641917,0.34679513546764645,-0.23152110982441831
20,sklearn,297,-0.6621840871567589,-0.651834554472771,-0.7730909762772917,0.34557985606535946,-0.11090688912053281
20,sklearn,298,0.11796288640688968,0.05355072762330024,0.23786189141957026,0.40716963309986276,0.11989900501268058
20,sklearn,299,0.1065406552277919,-0.05304899995348915,0.06871603855631125,0.2562471424728501,-0.03782461667148064
21,sklearn,0,-0.7562131086493307,-0.7166314036433802,-0.7884067793103018,0.21011419469690282,-0.03219367066097112
21,sklearn,1,-0.7138480151682366,-0.6014104688137896,0.030683243576374863,0.3969343255703984,0.7445312587446115
21,sklearn,2,0.8927236785809237,0.9270777135772544,0.8901339097663143,0.2972892615385577,-0.0025897688146093722
21,sklearn,3,-0.6061162852526547,-0.5820113812567392,0.09635649383104194,0.3570206831833684,0.7024727790836967
21,sklearn,4,0.04197430286211154,0.08169704467507156,-0.1838019225264036,0.4336835975170489,-0.22577622538851513
21,sklearn,5,0.06028573430968931,0.03253051091866585,-0.024691769773033556,0.16707763597812986,-0.08497750408272287
21,sklearn,6,-0.09931560129294772,-0.18493229167993552,0.5053046549812796,0.3732963624412388,0.6046202562742273
21,sklearn,7,1.6922833457528068,1.8951746997923353,1.7126569986225562,0.28931585183351705,0.020373652869749348
21,sklearn,8,-0.017576880335188116,-0.025087705387396665,-0.18348061785262093,0.4162129685124108,-0.16590373751743281
21,sklearn,9,-0.5987419417416107,-0.7037124191051233,-0.4106173208221131,0.3896284976528263,0.18812462091949755
21,sklearn,10,-0.3769428969892718,-0.17124810802249552,-0.3239298386434255,0.3953033193737678,0.0530130583458463
21,sklearn,11,0.38992411501305957,0.38179693274977045,0.4170334513671037,0.23456846434822373,0.02710933635404411
21,sklearn,12,0.12626489978084124,0.05053828510488617,0.08799859233611773,0.27681464815652385,-0.03826630744472351
21,sklearn,13,-0.18408484443959128,-0.26693226473947385,0.08015198866170259,0.40072209705422,0.26423683310129387
21,sklearn,14,-0.7099176711534587,-0.6247831235463266,0.5310072573704643,0.4188577588335825,1.240924928523923
21,sklearn,15,0.5685899325343087,0.533367732689205,0.5852455420951017,0.24679020565904447,0.01665560956079304
21,sklearn,16,-0.43076173486463104,-0.4782609001499837,-0.6098608485665817,0.4094746182076133,-0.1790991137019507
21,sklearn,17,-0.819237516072109,-0.8148260637724523,-0.8086442461238885,0.32273022212354957,0.010593269948220518
21,sklearn,18,2.065002644466823,2.1043950340823243,1.6496422162607365,0.3781707000927665,-0.4153604282060863
21,sklearn,19,-0.32317081757988625,-0.37665345916674386,-0.2916316269822712,0.25986050049313314,0.03153919059761506
21,sklearn,20,0.5622654074672078,0.5960574376527488,0.6014133155062247,0.2731052426565044,0.03914790803901691
21,sklearn,21,0.07490260877220545,0.06103156458535203,0.2352031796554419,0.3492444356792418,0.16030057088323646
21,sklearn,22,0.04352176337574787,0.13235651718549563,-0.0632064721400134,0.2024754984998876,-0.10672823551576127
21,sklearn,23,-0.4458360717955535,-0.5005420393541425,-0.3609008250912833,0.35869374648928526,0.08493524670427022
21,sklearn,24,0.05409381417809406,0.10099933858545823,-0.18745568443280192,0.40643226799348176,-0.24154949861089597
21,sklearn,25,0.04228649464248593,0.006220353798100972,-0.17018951618053357,0.21836682161878115,-0.2124760108230195
21,sklearn,26,0.8088927908485317,0.8519293379307247,0.8214210979826397,0.20920635588965192,0.012528307134108019
21,sklearn,27,-0.29320289930569493,-0.3400302403504468,0.015480406435173677,0.3227000074630408,0.3086833057408686
21,sklearn,28,-0.4520545421886349,-0.43338644838194224,-0.46394569227910143,0.41596328559657836,-0.01189115009046654
21,sklearn,29,0.27293183733411247,0.3823305498809956,0.7054540549688939,0.3854236907136002,0.43252221763478144
21,sklearn,30,1.3502431849358516,1.4081674279172447,1.127525406114012,0.3763887203608181,-0.22271777882183952
21,sklearn,31,-0.5931644510643836,-0.4323119817889778,0.17584994978554747,0.3866923745509992,0.7690144008499311
21,sklearn,32,-0.810544828580565,-0.920500389686068,-0.5493458972486689,0.3278841233837098,0.2611989313318961
21,sklearn,33,-0.3791283078290483,-0.3536211049173774,-0.33827458501353025,0.26878869234125,0.04085372281551808
21,sklearn,34,2.017034753651696,1.8478644054398878,1.8440516244506586,0.2693603583393592,-0.1729831292010373
21,sklearn,35,1.1842624613849686,1.2107981609281147,1.0533952125149835,0.2190504657580365,-0.13086724886998513
21,sklearn,36,0.023462624022793387,-0.14434542352663868,0.1055027952849299,0.5082037873664162,0.0820401712621365
21,sklearn,37,1.1438288212652887,1.0883477292361436,0.9592366920849198,0.24090404495221332,-0.18459212918036894
21,sklearn,38,1.5679405509281223,1.482272609362112,1.1314733502978243,0.4907055474593035,-0.4364672006302981
21,sklearn,39,-0.7479058962632767,-0.935909314553579,-0.9039623119428386,0.29653269162574186,-0.15605641567956186
21,sklearn,40,-0.3962335520220568,-0.4529959250599761,-0.3202459090624368,0.271471227733607,0.07598764295962002
21,sklearn,41,0.30472573018437465,0.34238615409464673,0.17800858107584716,0.2558903510366118,-0.1267171491085275
21,sklearn,42,0.09773915476904482,0.23675858111580206,0.34348570970411885,0.19847887456396668,0.24574655493507402
21,sklearn,43,0.7237265956967548,0.7490745219410176,0.7205076563092714,0.18173543821092605,-0.0032189393874834105
21,sklearn,44,-0.4780523048171761,-0.46806030329100623,-0.8242175936943106,0.3701310496791076,-0.3461652888771345
21,sklearn,45,-1.1057761967172546,-1.080634414261401,-0.5917095368599696,0.31005103849498766,0.514066659857285
21,sklearn,46,0.06327193875448986,0.017092857643449047,-0.17923848305072454,0.24624763750320944,-0.2425104218052144
21,sklearn,47,-0.06171399186193985,-0.12349632216051541,0.15224918885215288,0.44108178360923195,0.21396318071409273
21,sklearn,48,-0.28540240082242374,-0.40646788156291846,-0.6262868941081896,0.3131851549186231,-0.34088449328576587
21,sklearn,49,-0.4186783246970024,-0.3915645265522978,-0.4865955566964262,0.3231331156294206,-0.06791723199942379
21,sklearn,50,0.014992843204069822,-0.07506797052668926,0.18522453744953893,0.3738564994656976,0.1702316942454691
21,sklearn,51,1.0929935027694864,1.2470440287452744,1.140906761107562,0.17986182532875927,0.04791325833807569
21,sklearn,52,0.16988514691368728,0.29752538942273915,-0.09584597073850176,0.27983426622840085,-0.26573111765218904
21,sklearn,53,-0.24838424827405595,-0.3655260512119653,-0.3958119873144721,0.3543305675608029,-0.14742773904041614
21,sklearn,54,1.2172106476905287,1.2953847109118148,1.329294030806027,0.2855545674001817,0.11208338311549837
21,sklearn,55,-0.8373158189590644,-0.8216050227714617,-1.0282206870597834,0.2952283841111344,-0.19090486810071905
21,sklearn,56,0.05820120751654412,0.08394179791736579,-0.06609633843048845,0.19814402642398463,-0.12429754594703257
21,sklearn,57,0.023485453394976943,0.09325700864644178,-0.07050525908296734,0.19075179317643834,-0.09399071247794429
21,sklearn,58,1.0109799552970975,0.8523669900262295,0.8908929050733949,0.23459928437965122,-0.12008705022370258
21,sklearn,59,-0.4218835542735588,-0.31804634312059676,-0.9030991320395287,0.3728549002906152,-0.48121557776596996
21,sklearn,60,-0.8022531401258506,-0.8055029070203924,-1.057920051726974,0.32704750507062874,-0.2556669116011234
21,sklearn,61,-0.05871220064139032,-0.2195979602305892,-0.001109771977567675,0.20132276537150012,0.05760242866382265
21,sklearn,62,0.06821203808257878,0.04035330500881033,-0.15497552793035574,0.27194621429966,-0.22318756601293452
21,sklearn,63,1.1162833542752961,1.0327930368806708,1.086346941173236,0.22141305267624087,-0.029936413102060078
21,sklearn,64,0.807141340595877,1.0199394813100429,0.5536834028558122,0.2722960618207837,-0.25345793774006486
21,sklearn,65,-0.6969806509232253,-0.7025486611715838,-0.637058828493335,0.3706584028544054,0.059921822429890303
21,sklearn,66,-0.7710878318024103,-0.7954207381255594,-0.3460318411932155,0.3747300822072746,0.42505599060919474
21,sklearn,67,-1.0448493716251703,-1.0105435606976434,-0.9186578470671627,0.3884595621345078,0.12619152455800764
21,sklearn,68,-0.2960828048108698,-0.16521799657855846,-0.3917033042123155,0.2842888097964908,-0.09562049940144568
21,sklearn,69,0.17193359892149285,0.056354503529170194,-0.11466993328332631,0.28146331603854724,-0.28660353220481916
21,sklearn,70,-0.6685999751694005,-0.8179094217019515,0.2883586318839608,0.41910119336196283,0.9569586070533613
21,sklearn,71,2.526523640683054,2.5155754733929014,1.8103046575689863,0.4762303165121885,-0.7162189831140675
21,sklearn,72,1.1292649388108047,1.0971328887972174,0.8559198552169232,0.3221419988376454,-0.27334508359388154
21,sklearn,73,-0.45944250871071396,-0.5429217057775082,-0.46184692648832915,0.3116222237818839,-0.0024044177776151865
21,sklearn,74,0.10607364468683665,0.10607783433701318,0.018173872613147957,0.5446576659659004,-0.0878997720736887
21,sklearn,75,-0.3115167714094068,-0.477489856144944,0.05468725826897369,0.25893177333063344,0.3662040296783805
21,sklearn,76,-0.1203532369368362,-0.15598919599575967,-0.13384380623510683,0.2501148543650346,-0.013490569298270638
21,sklearn,77,1.803793797807356,1.6410514463063206,1.27044644506719,0.5026906755034665,-0.533347352740166
21,sklearn,78,0.06447800272995072,0.09725787824725776,-0.02130198319857257,0.2059349001739155,-0.08577998592852329
21,sklearn,79,-0.6583839290087663,-0.764457311959913,-1.1691232193950896,0.3031473665322173,-0.5107392903863233
21,sklearn,80,-0.32822053652589006,-0.14302933589236178,-0.08057576038198633,0.35091741476079386,0.24764477614390373
21,sklearn,81,-0.4015889287427338,-0.4073889111489677,-0.1620353885683734,0.21420337820596566,0.23955354017436037
21,sklearn,82,1.0500797572009386,1.0469820361037112,0.77391427424622,0.25074016934416815,-0.27616548295471866
21,sklearn,83,0.02720793201934324,0.06028670668861349,0.46724962119383395,0.3736967475717305,0.4400416891744907
21,sklearn,84,1.146959309961337,1.283628366041062,1.0649893354277609,0.2212928358309744,-0.08196997453357624
21,sklearn,85,0.2012560416423526,0.3339370831988142,0.10778911670581692,0.2792225017733098,-0.09346692493653569
21,sklearn,86,0.8469239954708364,0.8020064462333959,0.5621872856231462,0.21935972837582932,-0.2847367098476902
21,sklearn,87,-1.1782025365409978,-1.249498913200725,-0.8664323494340866,0.35041192353450057,0.3117701871069112
21,sklearn,88,-1.224715831930482,-1.3597164821149752,-1.325220399221573,0.19177404476602122,-0.10050456729109092
21,sklearn,89,-0.3255480014433832,-0.40874427393004265,-0.24494960537683852,0.25066664101373154,0.08059839606654468
21,sklearn,90,0.8560455609208086,0.7798771325882605,0.7818475225757968,0.21176490674398785,-0.07419803834501182
21,sklearn,91,0.6664165438439739,0.7109181445851176,0.3734034070698087,0.22734766865507575,-0.2930131367741652
21,sklearn,92,0.6818674196569485,0.5939106439840078,0.49067082092564895,0.21994458062325586,-0.19119659873129957
21,sklearn,93,-0.7029264980976447,-0.6821373946116148,-0.6528345649787992,0.3062740208661372,0.05009193311884552
21,sklearn,94,-0.5606923469342124,-0.3793713784666859,0.058083831875793024,0.3375909283636684,0.6187761788100055
21,sklearn,95,-0.9145907242507368,-0.9451665377237389,-0.7799751283498395,0.3383891687110403,0.13461559590089733
21,sklearn,96,-0.35786649772164014,-0.2882143700780111,-0.2626802074462997,0.2505824195111846,0.09518629027534042
21,sklearn,97,-0.27296346703215857,-0.3373697317654766,-0.21253314782199428,0.36637100328400796,0.060430319210164285
21,sklearn,98,0.9793938793080691,1.1032728653295423,0.768454668628852,0.3408222075326768,-0.21093921067921706
21,sklearn,99,-0.07174957986176861,-0.13100441810579921,-0.10939464813705513,0.2403477851398591,-0.03764506827528652
21,sklearn,100,-0.7936508929277389,-0.7263391845459348,-1.088184197430481,0.2849944284682855,-0.29453330450274195
21,sklearn,101,0.5557511466193971,0.4776142745616999,0.4359894106169149,0.2941885492827956,-0.11976173600248219
21,sklearn,102,0.467767671717447,0.5068213244790118,0.39819627169475336,0.32378291006669346,-0.06957140002269363
21,sklearn,103,-0.41921574927243954,-0.3867376889947012,-0.4206108839736551,0.250473600697981,-0.0013951347012155502
21,sklearn,104,-0.3726688680218685,-0.3047349693343039,0.006742412954956478,0.21855177087237518,0.37941128097682497
21,sklearn,105,1.3131304107686168,1.299646267110038,1.2175540091012937,0.24223554514404383,-0.09557640166732306
21,sklearn,106,0.13638650005214253,0.035042383301201005,-0.04399720501448101,0.28362887122738883,-0.18038370506662355
21,sklearn,107,-0.35941279770595097,-0.3450295618080684,-0.21694406951811107,0.3576038768650765,0.1424687281878399
21,sklearn,108,-1.1050903240323404,-1.1238471838601014,-1.1176830696619522,0.1758968037469522,-0.012592745629611768
21,sklearn,109,-0.3372177686226162,-0.4440821277388762,-0.7640232316993734,0.3292604256127053,-0.42680546307675715
21,sklearn,110,-0.9689140284522482,-0.907183047941865,-1.2345318647521655,0.25973057546458383,-0.2656178362999173
21,sklearn,111,2.040024495833619,2.0132361945441732,1.762698053507858,0.3156162695402054,-0.27732644232576087
21,sklearn,112,-0.08928046258398825,-0.10989242402226718,0.03148574408483018,0.4789092331265982,0.12076620666881843
21,sklearn,113,-0.8846983296386475,-0.9285334957691199,-1.0296502182458562,0.2895610299912798,-0.14495188860720876
21,sklearn,114,-0.45331717355733114,-0.5206959787772375,0.021369852852583193,0.3284364676437762,0.47468702640991434
21,sklearn,115,-0.48558349568235526,-0.5874669416165119,0.11740482699018884,0.40012190872524944,0.6029883226725441
21,sklearn,116,-0.2815858275343396,-0.3739403797957159,0.19986838260416917,0.36677742789225587,0.48145421013850875
21,sklearn,117,-0.17081025451930104,-0.29822777867993167,0.11455775114867706,0.23805000480525082,0.2853680056679781
21,sklearn,118,-0.2917276007706807,-0.2440339708577912,-0.28350982480423426,0.22385490363726787,0.008217775966446461
21,sklearn,119,0.48206039033307746,0.5564643052009599,0.5620720145107043,0.2038728057859494,0.08001162417762686
21,sklearn,120,-0.15774988623936112,-0.2708300138893973,0.03538929200708196,0.2780840603532696,0.19313917824644308
21,sklearn,121,1.7862710134334698,1.8992847688279508,1.5427399878700658,0.31212638555095057,-0.243531025563404
21,sklearn,122,-0.7614472751068013,-0.9488458336414162,-0.4890561265716702,0.36237600835496026,0.27239114853513113
21,sklearn,123,-0.4324833471588292,-0.37492304764674794,-0.34095972490489146,0.18915545595139382,0.09152362225393773
21,sklearn,124,-0.4721962108215708,-0.6135520767151441,-0.8172667286951989,0.32970250565080017,-0.3450705178736281
21,sklearn,125,-0.12378921158543815,-0.059743582940866055,-0.030170453967370392,0.22527246449624042,0.09361875761806776
21,sklearn,126,-0.4546982296137729,-0.5364338756818334,0.17313299156261674,0.3627053140671734,0.6278312211763897
21,sklearn,127,0.5635877849786426,0.660897431912927,0.6349670461540615,0.2256164755034027,0.07137926117541893
21,sklearn,128,0.4202001750934538,0.33813603350191584,0.5950376361914902,0.18745331569001009,0.17483746109803638
21,sklearn,129,-0.9032781714916872,-1.1021570393041271,-0.7163662111163802,0.3787214252432696,0.186911960375307
21,sklearn,130,0.08941122450914007,0.067528680506101,-0.24314388714251667,0.4724661816544025,-0.33255511165165674
21,sklearn,131,-1.0175619561800038,-1.0838436370791342,-0.9625484567614233,0.30034489835655914,0.05501349941858047
21,sklearn,132,-0.3572320631388847,-0.2988924028689328,0.11108607494554157,0.3124234696671073,0.4683181380844263
21,sklearn,133,0.11282338473371373,0.21107442791591896,0.019864583290020832,0.16994823460951164,-0.0929588014436929
21,sklearn,134,-0.26014055797890584,-0.3169036828742878,-0.09269473593138766,0.25088377631224995,0.16744582204751818
21,sklearn,135,0.9960797999572734,1.157190837174738,0.8796759863903283,0.1904991217149651,-0.11640381356694507
21,sklearn,136,0.5112913622758888,0.5194373201845084,0.6192036262962031,0.22081318686103776,0.10791226402031429
21,sklearn,137,-0.2540977663886077,-0.3476980266959237,0.26933962828731506,0.3673770242249515,0.5234373946759228
21,sklearn,138,-0.8440305570221838,-0.8229996251928571,-0.7943277298949898,0.27286313218558794,0.04970282712719398
21,sklearn,139,0.6746892351602224,0.5039104792926179,0.39470532886355514,0.278338435544625,-0.27998390629666725
21,sklearn,140,-0.12465713354726193,-0.13343783356469055,-0.9817820159925248,0.38152878009628605,-0.8571248824452629
21,sklearn,141,-1.3622991337545245,-1.4036637086855333,-0.9130680193612695,0.3714287904342237,0.449231114393255
21,sklearn,142,-0.6114626008152855,-0.4231361748401385,0.06548335217811818,0.39803764584609413,0.6769459529934037
21,sklearn,143,0.3939110613181942,0.46074972525049745,0.11506105540964118,0.21134175878583683,-0.278850005908553
21,sklearn,144,-0.8038762412535483,-0.8760164786029658,-0.9986950998520747,0.34745303261253685,-0.19481885859852643
21,sklearn,145,1.993005371992879,2.04964628010889,1.5304631634661936,0.48059211693672554,-0.4625422085266855
21,sklearn,146,0.22034621716867914,0.3066728694365076,0.29297647012883044,0.3006051134559896,0.0726302529601513
21,sklearn,147,-0.3806114520338918,-0.2253706595610836,-0.02555659840230362,0.3551391086144123,0.3550548536315882
21,sklearn,148,-0.3573448547024702,-0.3653727468000179,0.2975958768200222,0.3468886429945475,0.6549407315224924
21,sklearn,149,-0.31333647663995734,-0.35974577260460194,0.006350034044278807,0.3423072095671325,0.31968651068423615
21,sklearn,150,1.4148742715523541,1.3102919749013757,1.3770038585743158,0.20921347003669893,-0.03787041297803828
21,sklearn,151,-1.3888163570028942,-1.534540272371573,-1.3525928486564753,0.19055999981709387,0.03622350834641885
21,sklearn,152,-0.2444615642581652,-0.23671041897123957,-0.018891390856326407,0.31482778036101094,0.2255701734018388
21,sklearn,153,-0.07667575300373446,-0.2449322037177108,0.5000150130971592,0.4024552670107387,0.5766907661008936
21,sklearn,154,-0.4211999274789908,-0.3172439553206532,0.10998885446449691,0.3942601462684269,0.5311887819434877
21,sklearn,155,-0.5060329200019651,-0.4358835489736373,-0.6157121542756556,0.3897657078246974,-0.10967923427369053
21,sklearn,156,0.08366572845989176,0.052740588187328505,-0.17458719188523375,0.2632702877885831,-0.2582529203451255
21,sklearn,157,0.01613598595627147,-0.07815564913621664,-0.16697026032179352,0.34478581740450814,-0.183106246278065
21,sklearn,158,-0.21277205103363975,-0.14771240834036084,-0.20989228494770273,0.21500548396164013,0.0028797660859370133
21,sklearn,159,-1.1465952218199402,-1.2606219325481391,-1.1373519063016237,0.3489851423759364,0.009243315518316475
21,sklearn,160,-0.16802619510418967,-0.14510825565447394,0.09550546619481892,0.3750151914971263,0.2635316612990086
21,sklearn,161,-0.20464826961198282,-0.28397046775640045,-0.5286766364233282,0.4441000744112503,-0.3240283668113454
21,sklearn,162,-0.1394070903744581,-0.14409416259467284,-0.495299110553828,0.4750081040907776,-0.35589202017936994
21,sklearn,163,-0.4464249320126346,-0.4575134550332925,-0.6498519892641639,0.3776493854175043,-0.20342705725152926
21,sklearn,164,0.6278331721416837,0.595276601776989,0.5851995374639589,0.2974755776583441,-0.04263363467772474
21,sklearn,165,-1.385851435803702,-1.5077443644762218,-1.3036816674465914,0.19915032101352012,0.08216976835711054
21,sklearn,166,-0.5023682450407555,-0.31625347901530687,0.20953819788355332,0.3642424844415996,0.7119064429243088
21,sklearn,167,0.8397594453214838,0.7032825287142521,0.7255778272298752,0.23025979089573068,-0.11418161809160865
21,sklearn,168,-0.13998358700605995,-0.05988790015971569,-0.16495011871456988,0.3633644710073466,-0.02496653170850993
21,sklearn,169,0.9295672792292837,0.8919674625019942,1.086213703165864,0.2076379032232141,0.15664642393658035
21,sklearn,170,-0.7109436540551762,-0.6380356789909052,-0.49050567715014415,0.3239877252365341,0.22043797690503208
21,sklearn,171,-0.4286113050599085,-0.3661523719710652,-0.5660308012644903,0.4409066192942486,-0.13741949620458183
21,sklearn,172,-0.3135337518931015,-0.4833861804495149,-0.28775392243503983,0.2955673938161697,0.025779829458061676
21,sklearn,173,-0.6693101095411252,-0.5525281383128722,0.40515872554054244,0.40780169979821346,1.0744688350816678
21,sklearn,174,0.03060014822211901,0.1317047299156433,-0.4426216311424209,0.3118449899408535,-0.4732217793645399
21,sklearn,175,-0.5354454825039219,-0.5048818710306406,-0.43126951666073854,0.34506474198324155,0.10417596584318334
21,sklearn,176,-0.6974151449467003,-0.7459028445644028,-0.27533205934750526,0.3824550129921968,0.42208308559919505
21,sklearn,177,0.43908223183480527,0.46294383704004566,0.39077264240020604,0.25199140958510147,-0.04830958943459923
21,sklearn,178,-0.2549833338410923,0.005402185810393367,0.08945922874202417,0.28047247322356395,0.34444256258311645
21,sklearn,179,-0.25480746289198064,-0.28725388029990484,-0.41438920446486094,0.3183899296438658,-0.1595817415728803
21,sklearn,180,0.7546232844122982,0.7541181838203059,0.6350299332633504,0.28987226590486315,-0.11959335114894776
21,sklearn,181,0.5005208845473883,0.4726147940655633,-0.046669982557740575,0.25449560085272954,-0.5471908671051289
21,sklearn,182,-0.5261766204787697,-0.6094606352638648,0.3572708854450193,0.34012397747772294,0.883447505923789
21,sklearn,183,-0.26081369837807145,-0.20461601148842265,0.04014479992797959,0.2846616705496793,0.30095849830605104
21,sklearn,184,-0.4355460043933041,-0.4087836955072295,-0.07476971150373579,0.4236332615500229,0.3607762928895683
21,sklearn,185,0.09796080820018094,0.11053926736377893,-0.03935436340866039,0.2709715440371022,-0.13731517160884132
21,sklearn,186,2.399629006298112,2.4458718620002964,1.9396387725338915,0.2810776237333767,-0.4599902337642203
21,sklearn,187,-1.2045945984853543,-1.2297641052514023,-1.0547786212603145,0.3553395219054492,0.1498159772250398
21,sklearn,188,-0.8690529684341773,-0.934134869674458,-0.9156241485952892,0.32783720833545876,-0.046571180161111836
21,sklearn,189,0.964896095396765,1.2548393251743364,0.9136243975580296,0.2541660833120249,-0.05127169783873542
21,sklearn,190,0.22999046586706828,0.27072078712797804,0.45394304046900213,0.32424320572651194,0.22395257460193385
21,sklearn,191,-0.8023083067419904,-0.6969325833246842,-0.8241715820569606,0.19416812117225649,-0.021863275314970232
21,sklearn,192,-0.8369554777719975,-0.7117102562284391,-0.9967482692622411,0.20499651773590788,-0.1597927914902436
21,sklearn,193,0.7324612439358387,0.7045988609462083,0.43030505242759354,0.30133189571111935,-0.30215619150824513
21,sklearn,194,-0.6464244030297208,-0.6775656625732782,-1.0905794271350118,0.28578488051545814,-0.44415502410529095
21,sklearn,195,-0.4758672191922364,-0.41664045099741553,-0.2680041762927736,0.38784363156622526,0.20786304289946278
21,sklearn,196,-0.29671808148907536,-0.19744330723802705,-0.07371330638174811,0.3316661856786427,0.22300477510732725
21,sklearn,197,-0.5952546935924694,-0.4552283127655398,-0.6830128149862666,0.2296914107180672,-0.08775812139379724
21,sklearn,198,1.6164002255189767,1.507563531768674,1.5618276550784902,0.17591895420878306,-0.05457257044048647
21,sklearn,199,-0.11410356711585457,-0.15736265605652608,-0.08197032042453634,0.16406895170430094,0.03213324669131823
21,sklearn,200,-0.2182439735736567,-0.3432370811738452,-0.4005400563003687,0.4654200137151603,-0.182296082726712
21,sklearn,201,-0.25233830595594253,-0.34150364751012874,-0.54679258154008,0.34713366356180986,-0.2944542755841375
21,sklearn,202,-0.5336905417302742,-0.4484803805544946,-0.4750522247383362,0.3368114884184576,0.058638316991938
21,sklearn,203,-0.3963899391292247,-0.5541598049963012,0.02511977022867029,0.35103473775722394,0.421509709357895
21,sklearn,204,-0.09006208355698575,-0.1967257083836273,-0.014672282327572006,0.2939961123466144,0.07538980122941374
21,sklearn,205,-0.47368147987882947,-0.5203088355494884,-0.33361034915884424,0.28701277170875245,0.14007113071998523
21,sklearn,206,0.5595032851301643,0.6191564945246544,0.5253140572932224,0.2555747370336563,-0.03418922783694189
21,sklearn,207,0.03959617279985435,0.14879226051910605,-0.18113450381375706,0.3165715166667696,-0.2207306766136114
21,sklearn,208,-0.015573506675365334,0.058427417106182364,-0.26072759407560575,0.3373067286700924,-0.24515408740024042
21,sklearn,209,0.4990604198923088,0.3838765675008926,0.2111479483374028,0.281888165312576,-0.287912471554906
21,sklearn,210,-0.5687501736009574,-0.4391514222772187,-0.09187859964063438,0.3364203531108513,0.476871573960323
21,sklearn,211,-0.5962863576199986,-0.7018547822904259,-0.29819160444324666,0.2127423574133188,0.29809475317675194
21,sklearn,212,1.37116903443009,1.4902915779814374,1.1515098888117148,0.24651381626847502,-0.21965914561837518
21,sklearn,213,-0.7919300886922699,-0.8714271078845147,-0.8886147583287798,0.3168835896063292,-0.0966846696365099
21,sklearn,214,-0.15465409564314667,-0.1617587766935683,0.07123334532937342,0.23495689198314026,0.2258874409725201
21,sklearn,215,2.298300774089178,2.258254477184021,1.6275467010111768,0.4852997534218558,-0.6707540730780011
21,sklearn,216,-0.7324882593995465,-0.7344146997665225,0.20660532996591385,0.45935322043607224,0.9390935893654604
21,sklearn,217,0.24204317050389318,0.43423997868540476,0.18385279612412475,0.2084651765571354,-0.05819037437976843
21,sklearn,218,-0.7395724697256488,-0.9161973992797051,-0.8995027340075392,0.3180276456588876,-0.1599302642818904
21,sklearn,219,-0.3034740773168939,-0.205193630448319,-0.3119638272516294,0.24928146047965283,-0.008489749934735502
21,sklearn,220,1.7819176853981147,1.736042836589061,1.8109282768198547,0.18359916230299247,0.029010591421740006
21,sklearn,221,-0.8545362739266031,-0.9270957832330172,-0.3814547426704129,0.30322901204884006,0.47308153125619024
21,sklearn,222,-0.37854408236388976,-0.4924805703296728,-0.1268034533996616,0.29597466855327886,0.25174062896422816
21,sklearn,223,0.8050965499749657,0.8412115393027519,0.43030108438285497,0.2684095605684354,-0.37479546559211074
21,sklearn,224,-0.19742512115519095,-0.21967921513461255,-0.3110437619722477,0.43541046015945867,-0.11361864081705675
21,sklearn,225,-0.6687674642932468,-0.748260858371343,-0.09340892965560155,0.4425428318375112,0.5753585346376453
21,sklearn,226,-0.8159640040645786,-0.7530798181666265,-1.003899298707433,0.338265229022553,-0.18793529464285452
21,sklearn,227,-0.43528616522388636,-0.30838101156856207,0.024429060503848632,0.27909257672938653,0.459715225727735
21,sklearn,228,0.9930869804731471,1.172661776752083,1.0781789937096207,0.27708176050060457,0.08509201323647353
21,sklearn,229,-0.13978928420060077,-0.06685015335470515,-0.07377034503599411,0.19742644391323363,0.06601893916460666
21,sklearn,230,-0.7441139512010994,-0.6968623269171623,0.14888905438865407,0.3269011272566869,0.8930030055897534
21,sklearn,231,-0.6087639154046305,-0.43848723798972766,-0.4972416731690057,0.3439876444910515,0.11152224223562479
21,sklearn,232,-0.9642786387873324,-0.988023728460697,-0.7316957672523685,0.28282346181956125,0.23258287153496393
21,sklearn,233,1.9013871992078766,1.7463737793661582,1.8334327556713497,0.228595983643368,-0.06795444353652691
21,sklearn,234,0.19262664665954504,0.2686063298696071,0.16109147342483698,0.4490153045056646,-0.03153517323470806
21,sklearn,235,-1.0936783478962688,-1.0850516572838744,-0.10280181817007872,0.4054944065323358,0.9908765297261901
21,sklearn,236,-0.0010438239589457,-0.09787015353674304,-0.11426693730616222,0.3201633179717767,-0.11322311334721652
21,sklearn,237,-0.1781869809859531,-0.19355210218015395,-0.3634725318440353,0.41613887467247335,-0.18528555085808218
21,sklearn,238,-0.5720663063006428,-0.45375360807216314,-0.3609374871982487,0.2810295887626269,0.21112881910239412
21,sklearn,239,-0.9111007639149642,-0.8617006908017129,-0.6882935302651694,0.33493693907348593,0.22280723364979482
21,sklearn,240,-0.29068198076360663,-0.28955573398895484,-0.5943027866974271,0.3406600902801843,-0.30362080593382046
21,sklearn,241,-0.6641627719112588,-0.7300399966166982,-0.583498457947643,0.3879040107029796,0.08066431396361584
21,sklearn,242,-0.8792974905717167,-0.9882993146040677,-0.8167763491035309,0.3111389381301896,0.06252114146818577
21,sklearn,243,-0.7299893130681646,-0.7093400836126897,-0.1958761119646475,0.23081709781471405,0.5341132011035171
21,sklearn,244,-0.33624591336947046,-0.28728874777982033,-0.22923907234989205,0.4226847210708618,0.10700684101957841
21,sklearn,245,-0.5706454995926004,-0.5979792608583939,0.06360589484740231,0.3671533998669836,0.6342513944400027
21,sklearn,246,-0.2280598827469186,-0.22966219738121674,0.10278216007241259,0.45438802141232615,0.33084204281933116
21,sklearn,247,-0.372810367850759,-0.3219460427054021,0.021780664816211548,0.3544420089107975,0.39459103266697054
21,sklearn,248,-0.22370673741874722,-0.28500705961693634,0.45733582669566974,0.37829100412646044,0.681042564114417
21,sklearn,249,-0.7356008201989936,-0.7983729194029014,-0.9397684230207606,0.221121025964349,-0.20416760282176694
21,sklearn,250,-0.45697337613062367,-0.4480633466555055,-0.3812245745058913,0.3074770615803074,0.07574880162473235
21,sklearn,251,-0.34739299586854383,-0.3412715188982559,-0.1471492771797518,0.33062681824912327,0.20024371868879204
21,sklearn,252,0.9768338132300488,0.9222595327656574,0.8147683149128238,0.22311734186208898,-0.16206549831722505
21,sklearn,253,-0.1912916339242367,-0.2009931568962577,0.10125169496928432,0.3895640038724419,0.292543328893521
21,sklearn,254,-0.9678749017919839,-0.8940088494489786,0.38139082842717364,0.43671070167450954,1.3492657302191575
21,sklearn,255,-0.09466581713537758,-0.20590626821489358,-0.2437812982686811,0.23836724531648934,-0.14911548113330353
21,sklearn,256,-0.2199093024454455,-0.2774922310278172,-0.06710931036616419,0.45404082602030305,0.1527999920792813
21,sklearn,257,0.5998713275297425,0.3053240102722641,0.5052737607991586,0.3368740666491607,-0.09459756673058384
21,sklearn,258,-0.4938997081537654,-0.424745473007828,-0.8480743750474797,0.20852264577355742,-0.35417466689371435
21,sklearn,259,-0.46183633593764306,-0.40597421071834117,-0.44526105023758333,0.41883436749296393,0.016575285700059728
21,sklearn,260,-0.5290833879802043,-0.4878816861871056,-0.06579082182076945,0.2543482893313178,0.4632925661594348
21,sklearn,261,0.08377416662429732,0.13272274706128112,0.19341649335802735,0.27736261042177807,0.10964232673373003
21,sklearn,262,-0.9551898321570393,-1.0133062073943222,-0.8671306643116843,0.2045930284195343,0.08805916784535506
21,sklearn,263,-0.0437359706395575,0.05633346609359677,-0.024612317039435894,0.2412830636042406,0.01912365360012161
21,sklearn,264,-0.9030005861943892,-0.8316416802063736,-1.2035007682235452,0.2909470945891783,-0.30050018202915607
21,sklearn,265,1.6363335879504077,1.6809462471282197,1.3455082731533858,0.42825051829492466,-0.2908253147970219
21,sklearn,266,-0.40999779034056244,-0.29885026161071726,0.12083806800953134,0.3461423057757546,0.5308358583500938
21,sklearn,267,-0.7580388283880132,-0.7346137314597089,-0.9770170309096908,0.22039115884817895,-0.21897820252167766
21,sklearn,268,-0.3555371232134672,-0.4016697052191898,0.09813213233249307,0.3258807549221974,0.45366925554596027
21,sklearn,269,-0.7852338207257361,-0.7415572643705047,-0.6808620596406172,0.34829716155514373,0.10437176108511892
21,sklearn,270,-0.19563669876516443,-0.2839952070308281,-0.14216046560623585,0.42617484765572605,0.05347623315892858
21,sklearn,271,-0.26088062084955765,-0.25668964300073366,0.05671912810904889,0.3917976792888818,0.31759974895860654
21,sklearn,272,-0.6402113783022898,-0.706549563080556,0.10584515848929765,0.3764071424613116,0.7460565367915875
21,sklearn,273,0.3907912376281752,0.4410150355302337,-0.38990611201297565,0.5703032774633109,-0.7806973496411509
21,sklearn,274,-1.4294869461554782,-1.215065303170882,-0.9932426099371812,0.30928804296002865,0.43624433621829706
21,sklearn,275,0.9103083066938471,0.8934292883759306,0.7476511577868106,0.2315598623620183,-0.16265714890703653
21,sklearn,276,0.0016820777221155936,-0.12597555095680432,-0.1475690628779649,0.26448337725471865,-0.1492511406000805
21,sklearn,277,1.6809600352311143,1.9132441537388711,1.6306061067177495,0.2852121831944652,-0.05035392851336473
21,sklearn,278,-0.20160675190728305,-0.33433861105922735,-0.899954734278182,0.34268333286008823,-0.6983479823708989
21,sklearn,279,-0.6091455595874409,-0.7144522691245287,-0.1199148250814952,0.3623016354814085,0.4892307345059457
21,sklearn,280,-0.3487072758397447,-0.3650769051566366,-0.10370917924276579,0.3450829872539984,0.2449980965969789
21,sklearn,281,-0.2564628194043682,-0.3638570638212238,-0.02198668981545282,0.4289303889149275,0.2344761295889154
21,sklearn,282,0.08853491956006576,0.1544477479924634,-0.11518545228369348,0.43844821844765025,-0.20372037184375924
21,sklearn,283,-0.5916519505909194,-0.612712367574161,-0.8319104575775986,0.36395851333128115,-0.24025850698667928
21,sklearn,284,-0.2702759355273049,-0.23105356101101712,0.019021975309583272,0.2774815293673127,0.28929791083688816
21,sklearn,285,-0.0914848972749992,-0.2589884204800279,-0.30328472779943816,0.35358096438897707,-0.21179983052443896
21,sklearn,286,-1.3919931537309098,-1.7289848137237838,-0.8505625554654159,0.4127744102574659,0.5414305982654939
21,sklearn,287,-0.18975761648043432,-0.13598093501025676,-0.07030021056138747,0.1782898448190572,0.11945740591904686
21,sklearn,288,-0.1074518631019969,-0.2811335213350216,0.38915172113620145,0.42194091233504455,0.49660358423819834
21,sklearn,289,0.40503036274853693,0.1340006021065181,-0.05669553266622529,0.2325923872890729,-0.4617258954147622
21,sklearn,290,0.01620829252173739,0.02615310835896716,-0.2805591561349381,0.2382535761445044,-0.2967674486566755
21,sklearn,291,-0.535396800193504,-0.5306057763288302,-0.4580330560054513,0.3135957725245229,0.0773637441880527
21,sklearn,292,0.22997564287478306,0.24903189705971873,-0.04816658513422478,0.19680506729087213,-0.27814222800900784
21,sklearn,293,-0.4498505189635594,-0.4061535623186167,-0.009427604558332803,0.31263117623032133,0.4404229144052266
21,sklearn,294,0.7136556782870471,0.7686977700641203,0.4787198232861867,0.3056838008931109,-0.23493585500086045
21,sklearn,295,0.2897096931882025,0.23837919814821917,0.08535535520476678,0.21521332928205034,-0.20435433798343572
21,sklearn,296,-0.38099205859670726,-0.45699914944665787,-0.0131443498865913,0.2734259787283647,0.36784770871011596
21,sklearn,297,1.933577709594189,1.8852374733789157,1.840864765624982,0.2792746042548364,-0.09271294396920715
21,sklearn,298,1.198217518762379,1.3075202643884105,0.9727882887413273,0.2355288139998636,-0.22542923002105164
21,sklearn,299,-0.5806737706254468,-0.5788385299478832,-0.9972669577014686,0.31670520006364045,-0.4165931870760218
22,sklearn,0,-1.3707248285293294,-1.5196674410267312,-1.2970346454286599,0.34725730671505084,0.07369018310066955
22,sklearn,1,-1.3381107005280857,-1.0881796920183815,-1.2589064585602134,0.35554185202701855,0.07920424196787224
22,sklearn,2,-1.3838827760687393,-1.3465872848175282,-1.0782451884298414,0.3440009291406536,0.3056375876388979
22,sklearn,3,-2.123407882106267,-2.2186491620843762,-1.9010348124624201,0.37266272848432425,0.22237306964384684
22,sklearn,4,-1.2599470090815097,-1.3225284871966567,-1.3504763410225475,0.37799672419826325,-0.09052933194103785
22,sklearn,5,-0.9195259487391092,-0.7433392500847341,-1.1469749840325623,0.3458816982607593,-0.22744903529345306
22,sklearn,6,-1.7896069165184285,-1.825376314160805,-1.7636101688792056,0.4231819011539885,0.025996747639222884
22,sklearn,7,-1.2344083822102228,-1.1669414711679376,-1.182074571841964,0.3732019303932253,0.05233381036825868
22,sklearn,8,-0.9592052814274357,-1.0523375118304874,-0.7949305344292679,0.4346096042315025,0.1642747469981678
22,sklearn,9,-2.231841464200303,-2.349631096962331,-2.1316074821863307,0.435699853710807,0.10023398201397216
22,sklearn,10,-1.4864712674905154,-1.274551845055024,-1.1435028164082777,0.37347004530631384,0.3429684510822377
22,sklearn,11,-0.5902629271925912,-0.6139692298004308,-1.0245636174860326,0.34407345662959643,-0.4343006902934414
22,sklearn,12,-1.9635962764300152,-1.9605432612598277,-1.5953615476432592,0.43860468589433227,0.368234728786756
22,sklearn,13,-1.9763514945954483,-1.9910276031881051,-1.4876505755303775,0.3764577507567843,0.48870091906507085
22,sklearn,14,-1.9840731631934663,-2.013713963219898,-1.7115853689911482,0.3522677775285974,0.27248779420231806
22,sklearn,15,-2.1976114154767243,-2.208874960333454,-1.6719648710675798,0.3425131856789407,0.5256465444091445
22,sklearn,16,-0.14440093832785517,-0.07803094352343144,-0.05912424037607167,0.3568909665855848,0.0852766979517835
22,sklearn,17,-1.8103825921811971,-1.9036801869977236,-1.490993760247008,0.437850578928178,0.3193888319341891
22,sklearn,18,-1.098378517255132,-0.9585844861699314,-0.9030170482900584,0.37662539508731874,0.19536146896507356
22,sklearn,19,-2.680315896658534,-2.6653437738613874,-2.6695949519251574,0.35363483692842906,0.01072094473337648
22,sklearn,20,-0.20305193522181794,-0.09057372376920728,-0.9386085797198476,0.3632990858725722,-0.7355566444980296
22,sklearn,21,-0.2052778410008634,-0.24956334561208446,-0.72047862919975,0.34540092926095306,-0.5152007881988866
22,sklearn,22,-1.2559231555523964,-1.2523282997575564,-0.8978281904472549,0.3640322299267161,0.3580949651051415
22,sklearn,23,-2.313300251550197,-2.240324750314085,-1.9827256242687898,0.38394055808213123,0.3305746272814072
22,sklearn,24,-2.8081202558956506,-2.7480511938501087,-2.7353630834525386,0.36757215705375745,0.07275717244311197
22,sklearn,25,-0.3679607727607157,-0.353106275234742,-0.6777069199119072,0.44906581027820613,-0.30974614715119153
22,sklearn,26,-2.6764063567846383,-2.5186916093495615,-1.9579861455314571,0.36411047986236916,0.7184202112531812
22,sklearn,27,-2.801313473334838,-2.8598392197676468,-2.543435733708492,0.33959547850175176,0.2578777396263461
22,sklearn,28,-1.225404453515771,-1.2168357013499265,-1.2050391302384984,0.3461047395388496,0.020365323277272696
22,sklearn,29,-0.5610517362884611,-0.6460615166847716,-0.998382162815302,0.37182844070341314,-0.43733042652684095
22,sklearn,30,-2.12644359230453,-2.0852016900526595,-2.042775154842353,0.3832828386649602,0.083668437462177
22,sklearn,31,-2.4709806434763255,-2.484098170990196,-2.6540585569760324,0.3377676379230091,-0.18307791349970692
22,sklearn,32,-1.6575308864597147,-1.6447869157646973,-1.7426168412387,0.3698225070959902,-0.08508595477898528
22,sklearn,33,-1.1554460058362055,-1.2435906784076707,-1.3236556588465245,0.37924646924385874,-0.16820965301031898
22,sklearn,34,-1.7556238672403806,-1.9438194388675605,-1.4334415012426724,0.34581393316600223,0.3221823659977081
22,sklearn,35,-1.2858784711804838,-1.4050475918893048,-1.4441295521297839,0.3807840243552373,-0.15825108094930007
22,sklearn,36,-1.7264178637591199,-1.6515511747104452,-1.7547057567926618,0.33402451740974776,-0.028287893033541955
22,sklearn,37,-1.769663596452948,-1.8158134129957648,-1.428808145820141,0.34843799500788736,0.340855450632807
22,sklearn,38,-1.2970345946565485,-1.40440712484917,-1.279755747606763,0.34648732082856865,0.01727884704978555
22,sklearn,39,-1.6418323031969226,-1.7812103308765197,-1.3485144461843586,0.3378753953005108,0.2933178570125641
22,sklearn,40,-1.819675432066812,-1.7870532681466929,-1.8793048601562283,0.39113192324880475,-0.05962942808941629
22,sklearn,41,-1.6312065783659373,-1.6542465648861229,-1.8601563903508662,0.35723379857200394,-0.22894981198492892
22,sklearn,42,-1.66173635385772,-1.7338870848134673,-1.4757192997546706,0.35233390845374457,0.18601705410304925
22,sklearn,43,-1.0364395468100038,-1.1701096122770958,-0.9103159086155976,0.3315064964762079,0.1261236381944062
22,sklearn,44,-1.4738633497305402,-1.5064135059844839,-0.9928093194942962,0.34582572993525534,0.48105403023624405
22,sklearn,45,-1.45883153942813,-1.5203492688180846,-1.6226279748243027,0.38499362490299804,-0.16379643539617272
22,sklearn,46,0.2802104983464862,0.2325801158235839,-0.16429347979509323,0.35815654415447157,-0.44450397814157944
22,sklearn,47,-1.3049250531900805,-1.2327006730108805,-1.0491364532243637,0.39060755833692457,0.2557885999657168
22,sklearn,48,-1.4194335301907004,-1.481492482126581,-1.2294593847222934,0.5876781101043922,0.18997414546840696
22,sklearn,49,-1.9354970828497855,-1.8204527834065805,-1.6405951890794448,0.34068614182694035,0.2949018937703407
22,sklearn,50,-1.5976566577506572,-1.5168601338424943,-1.7411494900388966,0.3499959360242378,-0.1434928322882394
22,sklearn,51,-1.8390042470627026,-1.8182756198826127,-2.0385862005093287,0.3843487760785444,-0.1995819534466261
22,sklearn,52,-0.9862559947041927,-0.9535464720612671,-1.3974149976029562,0.3533535214449758,-0.4111590028987635
22,sklearn,53,-1.48050090509436,-1.4761484628940071,-1.2196108056567532,0.4355601540898323,0.2608900994376069
22,sklearn,54,-2.044582076282716,-2.2485223661689595,-1.6671132104776767,0.34991766086989223,0.37746886580503913
22,sklearn,55,-1.404146386633346,-1.4045017483355882,-1.172581042852947,0.35960476148076154,0.23156534378039884
22,sklearn,56,-1.2592697379504476,-1.1538235460637127,-1.5268898718020871,0.35652148385566573,-0.2676201338516395
22,sklearn,57,-0.35649512842689257,-0.538550664703669,-0.4697973464913936,0.35306891209544283,-0.11330221806450103
22,sklearn,58,-0.9669359133259909,-1.0078162289509318,-1.4943174086119146,0.34740093835871744,-0.5273814952859237
22,sklearn,59,-0.7402997692942019,-0.7743971067354669,-0.9673387920456431,0.36664462618955357,-0.22703902275144117
22,sklearn,60,-1.1724775077358234,-1.0906042134313358,-1.178544032866954,0.5080210974586151,-0.006066525131130707
22,sklearn,61,-0.4602203603380979,-0.4100220058152224,-0.9488640368475174,0.3422260952281163,-0.48864367650941953
22,sklearn,62,-0.23368573482687405,-0.21595309724291448,-0.6217362453011415,0.4087705982328766,-0.3880505104742674
22,sklearn,63,-0.4704084859563353,-0.7275107174799871,-1.08646509076069,0.3685681087352654,-0.6160566048043548
22,sklearn,64,-1.0567108748708334,-1.1113114750201438,-0.7734246184367191,0.36515046057179085,0.2832862564341143
22,sklearn,65,-0.9869062822829134,-0.9580789729598946,-1.138019212743096,0.4066348983936365,-0.15111293046018248
22,sklearn,66,-2.8055855634279627,-2.819806644745482,-2.065559657320847,0.35660559237959155,0.7400259061071157
22,sklearn,67,-1.9402780089800191,-1.9134304101498856,-1.5939642123401683,0.33697381512341845,0.34631379663985085
22,sklearn,68,-1.052762262524499,-1.1698655883824234,-1.1790744574977357,0.5250060076472073,-0.12631219497323665
22,sklearn,69,-1.6024860930334421,-1.7059309062936927,-1.1643014017709383,0.3573885781656913,0.4381846912625038
22,sklearn,70,-1.1593375492968754,-1.2583767940350736,-1.2722291591599806,0.43009132309052595,-0.1128916098631052
22,sklearn,71,-2.3614597044120957,-2.3243142083626553,-2.47536148791081,0.3731427152974501,-0.11390178349871416
22,sklearn,72,-1.4113456277517429,-1.2905280634267107,-1.3786282869868334,0.3493051644023379,0.03271734076490951
22,sklearn,73,-1.3060901542401617,-1.4598870126575694,-1.5252356273255199,0.3509822100810093,-0.21914547308535814
22,sklearn,74,-2.2539322600089156,-2.2901280238434656,-1.7620683417949081,0.5213427847545898,0.49186391821400743
22,sklearn,75,-1.1168330750082949,-1.145172141302761,-1.2394798529697155,0.3361545448811593,-0.12264677796142065
22,sklearn,76,-0.43606912905227635,-0.5653250567719934,-0.48613895925089423,0.3521291828490393,-0.05006983019861788
22,sklearn,77,-2.831391287555519,-2.6653708474691493,-2.512974487496974,0.3889008484874498,0.3184168000585448
22,sklearn,78,-1.1605527999081824,-1.024629157575454,-1.4688487662792582,0.3399260963939318,-0.3082959663710758
22,sklearn,79,-1.3403379283632857,-1.313070045681086,-1.2102964857405922,0.3478766166272142,0.13004144262269346
22,sklearn,80,-0.3165520464726813,-0.35018136486170276,-0.9319948313892876,0.38888349435280206,-0.6154427849166063
22,sklearn,81,-1.0397068901872975,-1.1683858047570759,-0.9571970694942529,0.5009962905467907,0.08250982069304458
22,sklearn,82,-1.020205557566162,-1.176623708939012,-0.943566471042133,0.3480668648068877,0.07663908652402895
22,sklearn,83,-1.7532370777460287,-1.816006561363175,-1.7443786547265567,0.41985548656813265,0.008858423019471928
22,sklearn,84,-0.34742728340323126,-0.435076792439583,-0.44884541559592783,0.37795645391894406,-0.10141813219269658
22,sklearn,85,-1.8898629712298372,-1.9195993883353957,-1.6569332632080105,0.36911994752081356,0.23292970802182666
22,sklearn,86,-0.2687101619777279,-0.20058896746993543,-0.6795024329027122,0.33763005840522264,-0.41079227092498427
22,sklearn,87,-1.8339647753712112,-1.8215515668586428,-1.4282926630043828,0.3371617140746831,0.4056721123668283
22,sklearn,88,-1.7959003821836514,-1.7829768519131712,-1.6900247988626624,0.34886510650451846,0.10587558332098901
22,sklearn,89,-0.48967263167383157,-0.3607176555325955,-0.9796240521772468,0.3910591588672824,-0.4899514205034152
22,sklearn,90,-1.109186378177778,-1.0859554670926739,-1.400948207606202,0.35746335867875906,-0.2917618294284241
22,sklearn,91,-2.7822529757818426,-2.855666265819662,-2.7353268021849715,0.37081634116559326,0.046926173596871124
22,sklearn,92,-0.638553929128042,-0.8432911091247357,-1.013533407525225,0.34067118297936827,-0.37497947839718293
22,sklearn,93,-0.3079704700470506,-0.3955862371598998,-0.8860687098423536,0.33924239172418647,-0.5780982397953031
22,sklearn,94,-2.084061673576212,-2.252412563440242,-1.8886808626844012,0.36799442502479035,0.1953808108918107
22,sklearn,95,-2.3217946691529243,-2.5102627759767127,-2.307949838638109,0.3538651434457433,0.013844830514815332
22,sklearn,96,-1.2023825766245242,-1.2695807852131586,-1.0500717664190304,0.34952496111755027,0.15231081020549375
22,sklearn,97,-1.3554580028495224,-1.6363436854298161,-1.2179050406063094,0.34701069259419376,0.137552962243213
22,sklearn,98,-1.0148542514287187,-1.1374661055354063,-1.182033885873233,0.4407633216126913,-0.16717963444451445
22,sklearn,99,-0.6687683199047569,-0.68258466752842,-1.1468978260273968,0.37265176834550945,-0.4781295061226398
22,sklearn,100,-2.2572904993048453,-2.2113879142963397,-2.4808389794037105,0.3817188504730464,-0.2235484800988652
22,sklearn,101,-1.9633275914486663,-1.8517577542680752,-2.322740952340091,0.40398228039904227,-0.3594133608914245
22,sklearn,102,-1.2194841084865111,-1.2504999154711152,-1.3343585274697016,0.4779022756312488,-0.11487441898319051
22,sklearn,103,-1.0218204371678279,-1.0584336373086831,-1.0111852235327374,0.5101370156506416,0.010635213635090457
22,sklearn,104,-1.4673449823068343,-1.563600011201418,-1.2622558563519952,0.33527271737975956,0.20508912595483908
22,sklearn,105,-1.133593827339873,-1.075723310301506,-1.0073532217959897,0.3681830254339133,0.12624060554388317
22,sklearn,106,0.2308516811634374,0.22786812051900682,0.10892604052308386,0.5082831685525213,-0.12192564064035355
22,sklearn,107,-0.7206743732807761,-0.6833981309802302,-0.9362777489936693,0.3442263441514742,-0.21560337571289323
22,sklearn,108,-2.1189327615683307,-2.2796140166867156,-2.1175776456609903,0.33452750738105835,0.0013551159073403873
22,sklearn,109,-1.7094167928739248,-1.6850989044293243,-1.7263738105485729,0.42350711179870015,-0.01695701767464808
22,sklearn,110,-2.7792512481621983,-2.7723352696960997,-2.1791023312453,0.3600730176113948,0.6001489169168983
22,sklearn,111,-1.138237099174331,-1.0016665438350283,-1.4553512111168985,0.3431133878244214,-0.31711411194256756
22,sklearn,112,-1.6646818543411557,-1.7160551310414265,-0.9102721071245403,0.39349832861753226,0.7544097472166154
22,sklearn,113,-1.0287403334712473,-0.8967326945047006,-1.3335791038845368,0.5102768575509965,-0.30483877041328955
22,sklearn,114,-0.39693872628628213,-0.5037819150666085,-0.6847986078523114,0.3758024386273255,-0.28785988156602926
22,sklearn,115,-1.1912245804602482,-1.239997422258868,-1.4738282035638761,0.3575917772103887,-0.28260362310362797
22,sklearn,116,-1.4417994470313726,-1.4308555607321287,-1.0526366870635355,0.343894199439828,0.3891627599678371
22,sklearn,117,-0.6664734211483512,-0.6971885201657947,-0.6439566592779888,0.42092807778662295,0.022516761870362334
22,sklearn,118,-1.1805208592339953,-1.2050587493503626,-1.2433828542102567,0.3497934696960201,-0.06286199497626144
22,sklearn,119,0.07398171950626053,0.2018965480140258,-0.07902708901817768,0.3548316972310628,-0.1530088085244382
22,sklearn,120,-0.32088476367758956,-0.133890497916954,-0.49196633986922045,0.3673424644688154,-0.1710815761916309
22,sklearn,121,-0.7318380829619502,-0.7098542630496408,-0.6913098447135457,0.3742292568997776,0.04052823824840446
22,sklearn,122,-1.3014868147034764,-1.34924258954688,-0.8540230172653924,0.3920278753979601,0.44746379743808395
22,sklearn,123,-0.5219164622689401,-0.5120659796957948,-0.700398416109639,0.3879178672625887,-0.17848195384069898
22,sklearn,124,-1.3770318471754268,-1.5044628096843446,-1.0149486098340788,0.34348896376377547,0.36208323734134806
22,sklearn,125,-1.3710407857798006,-1.3047649344674874,-1.1183835858203945,0.34396363805995267,0.25265719995940605
22,sklearn,126,-1.8856355046628035,-1.799087333962505,-2.222905806366514,0.45205935578540324,-0.3372703017037104
22,sklearn,127,-1.322164352199801,-1.2916847580938062,-1.1897442169390082,0.33974981156372724,0.13242013526079277
22,sklearn,128,-0.8193511287434347,-0.9088480902324287,-1.0699192402854596,0.46048220168039816,-0.25056811154202485
22,sklearn,129,-2.514188070395911,-2.6300073330444844,-2.422402783724893,0.33863638728433565,0.09178528667101826
22,sklearn,130,-1.7946041793469094,-1.728147580411808,-1.6292395301023,0.3883632739908125,0.16536464924460947
22,sklearn,131,-1.7558885083546674,-1.6253404926196595,-1.450309113146691,0.3464476665406611,0.3055793952079764
22,sklearn,132,-1.6131482408759374,-1.492940949905546,-1.2903063029291708,0.3372457642258677,0.32284193794676663
22,sklearn,133,-1.3700102442720148,-1.3251886667895114,-0.9994369864834569,0.35070053521537997,0.3705732577885579
22,sklearn,134,-1.1362474755078231,-1.49643681662298,-1.1069198951858752,0.523582818952569,0.029327580321947933
22,sklearn,135,-0.9055919018198038,-1.0800394496813417,-1.4043712080913267,0.3468301126704027,-0.4987793062715229
22,sklearn,136,-1.3368131748306114,-1.546725998314358,-1.2159531826467092,0.43149231706801355,0.1208599921839022
22,sklearn,137,-0.9894297429555537,-0.8740000151297374,-0.6978857164285781,0.41104301676764754,0.29154402652697564
22,sklearn,138,0.041428194619244574,0.23061963305176092,0.09000372424903347,0.38342022966910677,0.048575529629788894
22,sklearn,139,-1.1640397326575667,-1.162297493774157,-1.4156944048554152,0.37122638794162033,-0.25165467219784854
22,sklearn,140,-2.1807439333537557,-2.0393733616602305,-2.2452574962246246,0.36499773170915834,-0.06451356287086885
22,sklearn,141,-2.4106481384935816,-2.449022065787612,-1.8470192893096158,0.3798336223721396,0.5636288491839658
22,sklearn,142,-1.0838626258357815,-1.0884271316232623,-0.9585199925962335,0.3359992437365826,0.12534263323954797
22,sklearn,143,-1.0231528880126524,-1.1947192059792837,-0.7412253038785845,0.36805163319221723,0.2819275841340678
22,sklearn,144,-1.2660864450642366,-1.1858328027406617,-1.5653816642717544,0.34536001672978595,-0.2992952192075178
22,sklearn,145,-1.5321035923696515,-1.5451931805252703,-1.4665032100297672,0.3530836385560283,0.0656003823398843
22,sklearn,146,-1.6329845868655393,-1.6269588666012091,-1.45672044460896,0.3285835064453344,0.17626414225657916
22,sklearn,147,-0.4784741538167081,-0.4683209053307556,-0.7666110972343265,0.3407204130833314,-0.2881369434176184
22,sklearn,148,-0.9583279631063004,-0.8678370234925556,-0.9910065628107869,0.3563056710383335,-0.0326785997044865
22,sklearn,149,-0.3904878575805425,-0.5212590711449874,-0.9378521721954085,0.39143265786286324,-0.547364314614866
22,sklearn,150,-1.9936257167634182,-2.051273206417456,-1.6260670360491805,0.3626229846260204,0.3675586807142377
22,sklearn,151,-2.089971661354543,-2.3300436552521444,-1.5755218252517516,0.3419517650073375,0.5144498361027914
22,sklearn,152,0.120702085763296,0.07611628752351726,0.01695192141977131,0.3625772899705611,-0.10375016434352469
22,sklearn,153,-0.016169769722796434,-0.07794261962507579,0.30280891502995466,0.4122107749617686,0.3189786847527511
22,sklearn,154,-1.1424941481226987,-1.1188587271610149,-0.7428571757164839,0.3631109298511299,0.39963697240621476
22,sklearn,155,-3.1895610194168005,-3.251215120511687,-2.50303586787604,0.35935145001562646,0.6865251515407604
22,sklearn,156,-2.247856764844631,-2.376808464086663,-2.1423390899067734,0.36214617387084475,0.10551767493785746
22,sklearn,157,-2.4080862094285678,-2.3279915743641393,-1.9651397031913689,0.3875503152948197,0.4429465062371989
22,sklearn,158,-1.5825889166298768,-1.5715834301567164,-1.1786357235459581,0.3535290165010276,0.40395319308391864
22,sklearn,159,-1.109860327386461,-1.1067145122009898,-1.411362285916324,0.3400970663295567,-0.30150195852986306
22,sklearn,160,-0.8129545745997953,-0.8253814215389005,-0.7339377686104358,0.3598248902654012,0.07901680598935945
22,sklearn,161,0.01776925237395066,0.1651099714924216,0.12053057953150592,0.3598793384567263,0.10276132715755526
22,sklearn,162,-2.4857770892069886,-2.426654931900272,-2.5397312436688306,0.3638773341442367,-0.05395415446184204
22,sklearn,163,-1.6114297336968055,-1.5644585200329986,-1.4428718061647992,0.376004633920099,0.16855792753200638
22,sklearn,164,-2.711829605261796,-2.664765968313431,-2.0703534453492622,0.3694374980857179,0.6414761599125338
22,sklearn,165,-1.316615168230383,-1.419012732011823,-1.1191679628864044,0.3535144244207088,0.19744720534397864
22,sklearn,166,-0.7075894836981205,-0.693945461569863,-0.8963657690582938,0.3705596022757536,-0.18877628536017332
22,sklearn,167,-0.8429271809912544,-0.8778761394237398,-1.1742987594368355,0.3655601389250611,-0.33137157844558107
22,sklearn,168,-0.4794139225035582,-0.4967099098016328,-0.9101035548879342,0.3918025077719074,-0.43068963238437596
22,sklearn,169,0.22823014037830092,0.20791955416392874,0.3404076831427876,0.40632702611212035,0.11217754276448666
22,sklearn,170,-2.4734183309927222,-2.442518330196105,-2.5526146388142354,0.4253196744658127,-0.07919630782151321
22,sklearn,171,-0.9090851307077814,-0.9013846359366902,-1.3008162368821807,0.3364944487777952,-0.3917311061743993
22,sklearn,172,-1.89508197118537,-1.9113942059148232,-1.4407348371416475,0.3539624128063111,0.4543471340437224
22,sklearn,173,-0.8851667223797313,-0.9371197490835564,-0.8342745109771386,0.3710565159280068,0.0508922114025927
22,sklearn,174,-2.3806568169433135,-2.4087136931020354,-2.136151174960414,0.42309083994637575,0.24450564198289948
22,sklearn,175,-0.20599582228176672,-0.2295790488163807,-0.7470983666800564,0.33402554198428047,-0.5411025443982896
22,sklearn,176,-1.5443248229473645,-1.6516388218773037,-1.305499649215946,0.40388161877523804,0.23882517373141843
22,sklearn,177,-0.8661238313089316,-0.8805571229532356,-1.1490071315490518,0.46588365449185015,-0.2828833002401202
22,sklearn,178,0.0737698578924304,0.0605169330755175,-0.1876209334790797,0.3580905348015045,-0.2613907913715101
22,sklearn,179,-1.7765843289509111,-1.6087278214280138,-1.7484607390628302,0.4017843843324833,0.028123589888080947
22,sklearn,180,-2.380431606588432,-2.338146691291325,-2.5807480337286783,0.3466514616232005,-0.20031642714024622
22,sklearn,181,-2.4144572156034823,-2.4305960762393752,-1.9640905711437888,0.4584007432439049,0.45036664445969343
22,sklearn,182,-0.9515891242687825,-0.9153740248302595,-1.2203716113062164,0.4289912869986059,-0.2687824870374339
22,sklearn,183,-0.40694909930399104,-0.36856358824536173,-0.5513650252863549,0.3674034705938452,-0.14441592598236386
22,sklearn,184,-0.7525846911470822,-0.774161338168121,-0.6555871109042872,0.40163675961702516,0.09699758024279492
22,sklearn,185,-1.2967452185681276,-1.2902349765151706,-1.270489462142514,0.35622844844979135,0.02625575642561362
22,sklearn,186,-2.23744446421824,-2.1673106658612205,-2.454241972540512,0.3651152507752035,-0.21679750832227196
22,sklearn,187,-2.2161798397438535,-2.3764577367105377,-1.6888178630219164,0.36748208627657125,0.5273619767219371
22,sklearn,188,-1.216638455747742,-1.2136395056049682,-1.1504043205146548,0.34988939354608123,0.0662341352330873
22,sklearn,189,-1.3276487678273128,-1.3716857509591753,-1.3310067460804058,0.3473104132562559,-0.0033579782530930302
22,sklearn,190,-2.0455995953652217,-2.1336082945952146,-1.91280179256632,0.3700622638283333,0.13279780279890163
22,sklearn,191,-2.0186408471678683,-1.8747157806660306,-2.064328286673689,0.36638316894373407,-0.04568743950582066
22,sklearn,192,-1.85072719027339,-2.0174119275709366,-1.6688692793038271,0.33265152439579415,0.18185791096956283
22,sklearn,193,-2.053924155920656,-1.9283948203046237,-2.316031953586247,0.3593026853532191,-0.2621077976655912
22,sklearn,194,-0.7728135864867924,-0.7520250681251134,-1.2924230586316128,0.37452371172826454,-0.5196094721448203
22,sklearn,195,-1.5139736783147215,-1.5915367701599064,-1.4407594736207159,0.3402874186507989,0.07321420469400564
22,sklearn,196,-1.451993824500677,-1.5271002350711576,-1.0164547902380914,0.37436396703917635,0.43553903426258556
22,sklearn,197,-1.2808785004362973,-1.2545916637161119,-1.0297196553925954,0.3560560426955028,0.2511588450437019
22,sklearn,198,-2.6329004720142306,-2.6556254124808465,-2.5222147834578372,0.3370454144263914,0.11068568855639338
22,sklearn,199,-0.8688692418562357,-0.8145929690739494,-1.034302562353309,0.35025439394099306,-0.16543332049707338
22,sklearn,200,-1.0151993781649367,-1.180448814771003,-1.3222587629029654,0.3632473778373796,-0.30705938473802874
22,sklearn,201,-0.1897035826460074,-0.16471573127856848,-0.7987813477383039,0.3808766672922873,-0.6090777650922965
22,sklearn,202,-0.593686288871676,-0.5297391575027152,-0.6710966621499903,0.37539351733728427,-0.07741037327831435
22,sklearn,203,-1.6957733403538464,-1.6091601514287142,-1.4964606089840853,0.3494879201861044,0.19931273136976113
22,sklearn,204,-1.9242644462679126,-1.8226505656237026,-1.8511243442545755,0.40857823299972346,0.0731401020133371
22,sklearn,205,-0.5616958864059348,-0.742301890710855,-1.0768002621180486,0.5030865664463227,-0.5151043757121138
22,sklearn,206,-2.541479426968485,-2.3961370762072365,-2.2506341447872806,0.3781810875191085,0.2908452821812042
22,sklearn,207,-1.6963526308163965,-1.533394956435157,-1.3660852420635354,0.3759505859760285,0.3302673887528611
22,sklearn,208,-1.7242241891981605,-1.8213978181087986,-1.6788260889524818,0.4153314155581025,0.045398100245678696
22,sklearn,209,-0.6565150142837214,-0.6256388744454963,-1.0027656466070187,0.35752440295747145,-0.34625063232329734
22,sklearn,210,-0.580236454064403,-0.5366427212069468,-1.1293223291965937,0.38586011044329555,-0.5490858751321906
22,sklearn,211,-1.0767860366588025,-1.057532545112862,-1.4981355342788802,0.3542171059594184,-0.4213494976200778
22,sklearn,212,-0.972017809819566,-1.045848741380478,-1.2630297177982825,0.36789906983699305,-0.29101190797871657
22,sklearn,213,-1.797626461844192,-1.7707378333643813,-1.2629221048299488,0.3502198058468446,0.5347043570142431
22,sklearn,214,-0.7575803699683668,-0.6836453466434739,-1.114788169519917,0.3552179530485668,-0.35720779955155035
22,sklearn,215,-2.0894855844629805,-2.127907079183372,-2.005585190895477,0.38486795427180104,0.08390039356750334
22,sklearn,216,-1.8393154625073578,-1.7356329508358401,-1.9022921889932363,0.40277010843118594,-0.06297672648587849
22,sklearn,217,-0.9322950089864859,-0.7523263041098716,-1.0155805548842736,0.3387701784324292,-0.0832855458977877
22,sklearn,218,-1.1347771766010246,-1.1215911094147013,-1.4618746070180286,0.34422247265514344,-0.327097430417004
22,sklearn,219,-1.190603892049738,-1.0656259082512343,-1.1372487213954052,0.3297808906480487,0.053355170654332706
22,sklearn,220,-1.4680231866957578,-1.5210941038922783,-1.2922980666596269,0.3548205480580589,0.17572512003613094
22,sklearn,221,-1.3846667269052035,-1.4121828566967187,-1.5477481001592004,0.40891953167572076,-0.16308137325399685
22,sklearn,222,-0.4019985548621682,-0.396126693538945,-0.6818069946853438,0.34240407474924467,-0.2798084398231756
22,sklearn,223,-1.5562652707826194,-1.6669407715320532,-1.6373033833439141,0.3337137018675955,-0.08103811256129467
22,sklearn,224,-0.47504300413659195,-0.47929553218220294,-0.520822098252788,0.3444709366669523,-0.04577909411619607
22,sklearn,225,-1.7019342717132604,-1.7180192387406703,-1.4277385861422864,0.3464653079326854,0.27419568557097396
22,sklearn,226,-1.8272950896473694,-1.903523310245642,-1.319839675106362,0.3469460240506488,0.5074554145410075
22,sklearn,227,-0.6362929386262237,-0.8495103410070062,-0.6791225521691473,0.351102109802982,-0.042829613542923584
22,sklearn,228,-0.8877205330285151,-0.9107860675888637,-0.8964682238631347,0.41867873558581015,-0.008747690834619681
22,sklearn,229,-0.19568324270949145,-0.34010883604509157,-0.8501987211164437,0.38348782422516087,-0.6545154784069522
22,sklearn,230,-2.113587311456071,-2.0493220014809874,-2.047413323331087,0.35431081535705006,0.0661739881249841
22,sklearn,231,-0.6218093961097965,-0.6174487606427187,-0.8042457148280633,0.35820795252558685,-0.18243631871826682
22,sklearn,232,-0.24877375023745324,-0.15530347933375943,-0.7133695017250226,0.3362705094228412,-0.4645957514875693
22,sklearn,233,-1.8319919658605766,-1.9188561276416065,-1.394018679547976,0.3457597791946697,0.43797328631260046
22,sklearn,234,-1.5698835222341967,-1.510352832180925,-1.1697733319354597,0.3508019181853494,0.40011019029873696
22,sklearn,235,-1.2944358528904398,-1.398187722311553,-1.3177938610318751,0.47265680999261633,-0.023358008141435294
22,sklearn,236,-2.8840945031113385,-2.9840249118886772,-2.7987076558451847,0.3404744010912074,0.08538684726615386
22,sklearn,237,-1.856546817698054,-1.8492066416318502,-1.358391787645557,0.36616456505316697,0.49815503005249706
22,sklearn,238,-0.5326461058269565,-0.516122176547866,-1.0121126336957875,0.3400400685276087,-0.47946652786883104
22,sklearn,239,-1.6996554267271882,-1.6893536823517765,-0.9115590424728044,0.43915007369343684,0.7880963842543838
22,sklearn,240,-1.0675033558212117,-0.9593814980547084,-1.375357886725169,0.33685926162192226,-0.3078545309039573
22,sklearn,241,-1.800437280859668,-1.7491766196015555,-2.217018647047924,0.37737125557463985,-0.41658136618825603
22,sklearn,242,-1.1995324596993335,-1.106291071544884,-1.5704879920769095,0.34342425317271597,-0.37095553237757595
22,sklearn,243,-1.671893914797006,-1.702454255100598,-1.6517491820470944,0.37181609500602214,0.020144732749911576
22,sklearn,244,-2.093029728781649,-2.121347187617559,-1.9537369520212788,0.37065680048782124,0.13929277676037
22,sklearn,245,-1.3388801102984609,-1.3531692606617585,-1.1001929525646243,0.3682738101587006,0.23868715773383653
22,sklearn,246,-1.2179809903738674,-1.154383867512827,-0.901360753654572,0.3407556928414931,0.3166202367192954
22,sklearn,247,-1.58840039494117,-1.4647534367776214,-1.6377467052615664,0.34483834329701213,-0.04934631032039638
22,sklearn,248,-0.10335695508613624,-0.1665861786980145,-0.5590400087818868,0.3422154208452351,-0.4556830536957505
22,sklearn,249,-1.1915890919838241,-1.2734498276029753,-0.9737077460983201,0.4190631338840728,0.217881345885504
22,sklearn,250,-1.386873733553938,-1.3109139458765073,-1.16226871258832,0.35254065339649715,0.22460502096561807
22,sklearn,251,-1.1097423941174016,-1.0300765191673098,-1.3329115055730192,0.336239534505217,-0.22316911145561757
22,sklearn,252,-1.1453414339526735,-1.0475743894188958,-1.013515788122291,0.3476744495120979,0.1318256458303826
22,sklearn,253,-1.3962801270374037,-1.2775653898733368,-1.4979508765836407,0.35105435482346514,-0.101670749546237
22,sklearn,254,-1.057376780869803,-0.9897449824502541,-1.0902821241129672,0.35460206663240174,-0.0329053432431643
22,sklearn,255,-1.394836173117122,-1.4256063911260213,-1.0124294019826232,0.354676502775443,0.3824067711344987
22,sklearn,256,-1.998208721617326,-2.017420891088482,-2.1028705473746534,0.3903129345453723,-0.1046618257573273
22,sklearn,257,-0.9026774846691751,-0.9597697783345812,-1.2737123224446876,0.35732553455414484,-0.3710348377755125
22,sklearn,258,-2.2597571317115945,-2.2699729885986666,-1.8858576096735753,0.37003321699655944,0.37389952203801924
22,sklearn,259,0.004490523081103065,0.135605153448792,-0.15807762403257897,0.4001638368273406,-0.16256814711368203
22,sklearn,260,-1.0051543399010856,-0.9435101398536477,-0.9786671546575256,0.36480164149939637,0.026487185243559974
22,sklearn,261,-1.8082251108154328,-1.7179289585372892,-1.3834044804653525,0.3614101219920837,0.42482063035008033
22,sklearn,262,-2.0815078957168858,-2.1265750953971256,-1.6606654418462696,0.35592748736857094,0.42084245387061614
22,sklearn,263,-1.1367004727997303,-1.1160965950405097,-0.805413588005405,0.3585114929324684,0.33128688479432533
22,sklearn,264,0.1956214398756289,0.1844346543792771,0.28496146843514314,0.47209806422463857,0.08934002855951423
22,sklearn,265,-0.84078228222994,-0.9469662011360379,-0.5249203722172258,0.4342024912885021,0.31586191001271424
22,sklearn,266,-1.5948594518406152,-1.3620162088234282,-1.4198062872710189,0.3617006820474545,0.1750531645695963
22,sklearn,267,-0.4764964787251197,-0.33194383837196034,-0.4192092690235807,0.36958627568244706,0.057287209701539
22,sklearn,268,-1.8202621407078867,-1.8654262606316319,-1.6578070997638346,0.403002451182847,0.16245504094405216
22,sklearn,269,-0.7322865478421594,-0.6448131470904843,-0.6826920763508024,0.3673169151637738,0.049594471491356984
22,sklearn,270,-0.7951361760699919,-0.6422947784239461,-1.3530462309699551,0.3781811229399922,-0.5579100548999633
22,sklearn,271,-0.5676710855264825,-0.384173903660934,-0.6626390556807635,0.35537227520281206,-0.09496797015428105
22,sklearn,272,-2.5841821051615823,-2.615338272985823,-2.099879704127863,0.36261609423774227,0.48430240103371913
22,sklearn,273,0.03061452216334193,-0.18626228632614067,-0.5528524995369981,0.35339996982656907,-0.58346702170034
22,sklearn,274,-1.9688239254243294,-1.933996110028892,-2.1504667530506385,0.41798089698827356,-0.18164282762630912
22,sklearn,275,-1.6263913710223117,-1.7281981574676477,-1.5599725693756135,0.34461891354833096,0.06641880164669822
22,sklearn,276,-0.35351171112108515,-0.44586228696505603,-0.7731935423920326,0.340395439173686,-0.4196818312709475
22,sklearn,277,-0.7181164210156574,-0.675105795357563,-1.102564874216899,0.35110139203981444,-0.38444845320124155
22,sklearn,278,-2.6978813995597055,-2.677633169131556,-2.5607043809500585,0.35606959750800105,0.13717701860964704
22,sklearn,279,-0.1572212717530554,-0.09244682177310969,0.4293649958534118,0.39068582543195957,0.5865862676064673
22,sklearn,280,-2.193748425230612,-1.9474156609267443,-1.6394651080755782,0.348496542634188,0.5542833171550337
22,sklearn,281,0.02058321099526811,-0.22369071134548635,-0.34285340885017845,0.33982058200608034,-0.36343661984544656
22,sklearn,282,-0.9432229793793606,-0.9609399084441747,-0.9975493695283628,0.3701454640262095,-0.0543263901490022
22,sklearn,283,-1.7534714555058297,-1.7253261934149093,-1.7703605153391528,0.34358589381301813,-0.016889059833323117
22,sklearn,284,-0.9670537201552323,-0.9004357140258602,-1.178778787215693,0.49460572771030753,-0.21172506706046068
22,sklearn,285,-0.479183732436043,-0.4858641578910215,-0.6019402940907241,0.41314554167868506,-0.12275656165468113
22,sklearn,286,-1.3322598295961612,-1.3930681115539707,-1.297368165826967,0.38413246865593065,0.03489166376919428
22,sklearn,287,-1.4184432661002235,-1.321848898330755,-1.3700210172617844,0.34124216289106846,0.04842224883843915
22,sklearn,288,-1.4978844194610397,-1.1965875291408703,-1.4879677767349175,0.3449652965660587,0.009916642726122138
22,sklearn,289,-1.2992269706650768,-1.156425679413269,-1.3006246981127738,0.45055527632545217,-0.0013977274476970614
22,sklearn,290,-1.0008480835972917,-0.9578786302657211,-1.4439619094224572,0.3518197824964967,-0.44311382582516545
22,sklearn,291,-0.04037020556848575,-0.05660522637766606,-0.5647595271424564,0.38320014030037286,-0.5243893215739706
22,sklearn,292,-1.24378477740166,-1.265747924206579,-1.2147450081405893,0.3433825441954614,0.029039769261070658
22,sklearn,293,-1.3119865406821782,-1.2492560192884201,-1.2524915156918741,0.34852731143144106,0.059495024990304124
22,sklearn,294,-1.0239473848568155,-1.1177007551846552,-1.0374871929954406,0.33913978999019423,-0.013539808138625098
22,sklearn,295,-2.344305520052909,-2.4575584731783486,-1.6966731050044075,0.3694081453806177,0.6476324150485016
22,sklearn,296,-2.209624629528289,-2.477873870257937,-2.33462935101554,0.36144469620115377,-0.12500472148725095
22,sklearn,297,-2.2714020169116718,-2.323430932543524,-2.221631427637295,0.37077049383605387,0.04977058927437694
22,sklearn,298,-0.8238807035851086,-0.9452629194288628,-0.7407483199146867,0.3521102422810697,0.08313238367042186
22,sklearn,299,-1.373175529019369,-1.3825345018476887,-0.9412161860528059,0.38179306138590974,0.43195934296656313
23,sklearn,0,-0.6394729725689206,-0.6515693375546819,-0.8068216246193174,0.2590078941709273,-0.16734865205039684
23,sklearn,1,-0.4528963643654815,-0.45412324144171085,-0.6197200275011383,0.2550328738487881,-0.16682366313565683
23,sklearn,2,-0.6711871175190438,-0.5487600968327085,-0.5670568827036675,0.22644402452580195,0.10413023481537631
23,sklearn,3,-1.1774371276570128,-1.2653935427542216,-1.190644088032002,0.1851560146623938,-0.01320696037498914
23,sklearn,4,-1.3907937834322706,-1.2880630881732196,-1.619158121871699,0.29336539457805155,-0.2283643384394285
23,sklearn,5,-1.1695484109380638,-1.0970162812628679,-1.0982123719692538,0.3351576889904331,0.07133603896881002
23,sklearn,6,-0.33099797966713923,-0.29970695751595905,0.08084261046916907,0.19490931082571358,0.4118405901363083
23,sklearn,7,-0.36052899417659656,-0.3641920307610229,-0.6785627262491616,0.3409639185489369,-0.318033732072565
23,sklearn,8,-1.8317472098440324,-1.793200548162247,-1.9384164648660303,0.3877417104822593,-0.10666925502199787
23,sklearn,9,-0.7994049975861655,-0.6972149500558922,-0.5228553875350599,0.2900417346915174,0.27654961005110557
23,sklearn,10,-0.3085780167922857,-0.3521835491934149,0.051282296312827214,0.40973476979225143,0.3598603131051129
23,sklearn,11,-0.6178400595073797,-0.6552115764363208,-0.11850121452310702,0.33892112139988,0.4993388449842727
23,sklearn,12,-1.4296918245225412,-1.5168668318382599,-1.451537899576799,0.33463530078842735,-0.02184607505425773
23,sklearn,13,-2.133039667882909,-2.1151741610089005,-2.0691566018419536,0.18559529896504912,0.0638830660409555
23,sklearn,14,-1.4152657443955896,-1.2912288227070112,-1.2449768288788192,0.2595052462361573,0.1702889155167704
23,sklearn,15,-1.2164526070178838,-1.196630311873515,-0.7079522946200498,0.3950959064286609,0.508500312397834
23,sklearn,16,-1.2373140127331566,-1.3183808111353836,-1.6297413349079832,0.28098523872536413,-0.3924273221748267
23,sklearn,17,-1.112144430415314,-1.1537339746701003,-1.2818741638322138,0.36675755686698625,-0.16972973341689968
23,sklearn,18,-1.1695727581733781,-1.1270374328132793,-1.4353872365862443,0.5077976617378676,-0.2658144784128662
23,sklearn,19,0.08575653757959245,0.0685286121410347,-0.1318646384825044,0.18740401348230168,-0.21762117606209685
23,sklearn,20,-0.39361685590035755,-0.42218701489595667,-0.6660119169928009,0.2784796856143155,-0.2723950610924434
23,sklearn,21,-0.11899157908561486,-0.1872401677196972,-0.38880708539456066,0.345757152798182,-0.2698155063089458
23,sklearn,22,-0.9257352753164956,-0.8960228779432711,-0.8051040050229403,0.21412557654188885,0.12063127029355525
23,sklearn,23,-0.9862730787603917,-0.8157810066994893,-1.2399903067728104,0.29432876338010217,-0.2537172280124187
23,sklearn,24,-1.0607470130763559,-1.1180828104727352,-1.1314251104283883,0.23365490731748095,-0.07067809735203245
23,sklearn,25,-0.10363167833354109,-0.17542028869419124,0.17391770894106173,0.2382216356399093,0.2775493872746028
23,sklearn,26,-2.3365484494269286,-2.3237168744377716,-2.8234766815218677,0.28936192662457805,-0.4869282320949391
23,sklearn,27,-0.768399333829652,-0.941277872825327,-0.9051477802075283,0.29298479720067655,-0.1367484463778763
23,sklearn,28,-0.7453296488589168,-0.7655516627540886,-1.1322806432729635,0.24057477625664095,-0.3869509944140467
23,sklearn,29,-2.2261020262050466,-2.1779386722115093,-2.729532321144788,0.4081897292232768,-0.5034302949397413
23,sklearn,30,-0.7223402981139309,-0.7118571740627849,-1.2101215684971294,0.2420609677250858,-0.4877812703831985
23,sklearn,31,-0.2743803351581042,-0.11223199010228194,-0.3326764228560819,0.2769729469389448,-0.05829608769797767
23,sklearn,32,0.49235314473289815,0.4192154944403817,0.1017783104326142,0.32234611002934116,-0.39057483430028395
23,sklearn,33,-2.5531748418043767,-2.7674923274501895,-2.036033001405066,0.45686757179252224,0.5171418403993107
23,sklearn,34,-1.8330114876074877,-1.9322529465860165,-1.757749328391938,0.4385573473832555,0.07526215921554957
23,sklearn,35,-1.6037144665411953,-1.6628059071864296,-2.043651771533348,0.37740149048849086,-0.43993730499215267
23,sklearn,36,-0.8346573496907664,-0.8866123654034743,-0.6188132053039013,0.28619895097685877,0.21584414438686517
23,sklearn,37,-2.3346317978146685,-2.2549077054911666,-1.74898100229791,0.3131006729924412,0.5856507955167585
23,sklearn,38,-0.9406830824664518,-0.832469657496179,-1.0870072910928528,0.2216427739894759,-0.14632420862640094
23,sklearn,39,-1.6180187735345082,-1.3929384321539686,-1.2897126753050614,0.19233380095408895,0.3283060982294468
23,sklearn,40,-1.1831443374255113,-1.187284875457454,-1.4655766600835207,0.41352162759146166,-0.28243232265800944
23,sklearn,41,-0.34034499288871245,-0.2971493333861296,-0.37673436689163964,0.3287478512120865,-0.03638937400292719
23,sklearn,42,-0.2867361379227112,-0.1474025382964909,-1.1361514953569838,0.38411515457955553,-0.8494153574342727
23,sklearn,43,-1.1814008184478506,-1.2474839466643781,-1.5368517502201087,0.2985565100514711,-0.35545093177225806
23,sklearn,44,-1.3904711933941898,-1.459166451387618,-1.4484125630967313,0.22398664671832094,-0.05794136970254149
23,sklearn,45,-2.158362331573028,-2.1438681476969914,-1.717531590977437,0.4022708183253234,0.44083074059559113
23,sklearn,46,-1.0468907139308479,-1.1718443810145212,-1.1301591182449613,0.16796886356191099,-0.08326840431411342
23,sklearn,47,-0.5265165186614897,-0.4970453755572166,-0.8319294381256412,0.2875125534391359,-0.3054129194641515
23,sklearn,48,-2.1996815132484997,-2.1367946535304188,-2.364186482147794,0.45649384933576004,-0.1645049688992941
23,sklearn,49,-2.085048106918652,-2.0705110464171543,-2.6048942237793327,0.35102652164264386,-0.5198461168606805
23,sklearn,50,-1.523169558279565,-1.4390030754316934,-1.3144811648042989,0.22431432086453357,0.20868839347526613
23,sklearn,51,-1.2288025147355095,-1.1387466915524178,-1.0651009511310008,0.4056336232195915,0.16370156360450872
23,sklearn,52,-0.8530885901951091,-0.7632191020697648,-0.8805518378216277,0.2561201723611077,-0.02746324762651864
23,sklearn,53,-0.92984481782446,-1.0073604001320766,-1.039371856831643,0.2373379742936084,-0.10952703900718297
23,sklearn,54,-0.4465690015694251,-0.43680303432356016,-1.1043830467164497,0.2559464150809652,-0.6578140451470247
23,sklearn,55,-0.8484177877000962,-0.9353429191301942,-1.2941454565689625,0.3682258563698881,-0.4457276688688663
23,sklearn,56,-1.6545730416877462,-1.5716423225598086,-1.521390697060916,0.3229495391009041,0.13318234462683032
23,sklearn,57,-1.3401119171902205,-1.4912499199327256,-1.405996771717021,0.3174882426684883,-0.06588485452680048
23,sklearn,58,-0.9193327050887449,-0.6908854345789043,-1.3266818713878124,0.2235001122844707,-0.4073491662990675
23,sklearn,59,-2.0284967956791697,-2.0019990421080163,-1.5893875596693832,0.26251752882465296,0.4391092360097866
23,sklearn,60,-0.7483444976807117,-0.8030844545286917,-0.6256198499489116,0.1907535319851037,0.12272464773180003
23,sklearn,61,-0.7625902219672909,-0.6531665282366651,-0.5235453418748719,0.34353814832151514,0.23904488009241898
23,sklearn,62,-1.5048972725266545,-1.3278864637156396,-1.4062861209446638,0.18761155693755033,0.09861115158199074
23,sklearn,63,-0.6483934412911513,-0.7545459915300439,-0.9703781078075195,0.26749002574994746,-0.32198466651636826
23,sklearn,64,-2.133756157055142,-2.1072320173679944,-1.7990359963634859,0.23713203739715555,0.33472016069165633
23,sklearn,65,-1.4783086926798727,-1.5380602076102274,-1.2635116544331382,0.3697772288286513,0.21479703824673457
23,sklearn,66,0.9451738603410249,0.8230958842663435,-0.14198116561366092,0.5798141233340148,-1.0871550259546858
23,sklearn,67,-2.768986093595284,-2.8750090020006143,-2.6638164770519666,0.1595524517625809,0.10516961654331736
23,sklearn,68,-1.5015198118614317,-1.5473095781591646,-1.4168748317925548,0.47581037645943736,0.08464498006887688
23,sklearn,69,-1.2213460141343486,-1.3264157897799085,-1.006507437050189,0.36619260434320317,0.21483857708415965
23,sklearn,70,-0.40781111880479703,-0.39612748752314314,-0.5847716283288094,0.2563049750713236,-0.17696050952401232
23,sklearn,71,-1.0076600211647202,-0.9256523488342592,-0.986338376060111,0.3996587142142288,0.02132164510460921
23,sklearn,72,-0.17213279098581613,-0.1469023070987675,-0.10638983719330497,0.3147674915702625,0.06574295379251116
23,sklearn,73,0.23145856673390586,0.3066966687467287,0.34757981371231494,0.290876858914081,0.11612124697840909
23,sklearn,74,-1.3156747625954959,-1.265462943028291,-1.1946167724779642,0.20096906564904835,0.12105799011753171
23,sklearn,75,-0.9116511445550034,-0.8644192073404163,-1.062238130877489,0.21252628606276533,-0.15058698632248568
23,sklearn,76,-1.8144992516652367,-1.8542165299204405,-1.8981161518600729,0.4419142849344887,-0.08361690019483614
23,sklearn,77,-0.443588371659869,-0.36885822662719436,-0.869701948749892,0.2476507324869431,-0.42611357709002307
23,sklearn,78,-0.6102782410485795,-0.5937537346141581,-0.3599594717573851,0.24008563837834412,0.25031876929119445
23,sklearn,79,-2.852252239104814,-2.685166592928083,-2.494128961810148,0.18292555184303658,0.3581232772946663
23,sklearn,80,-1.7445024668349363,-1.6127914121088445,-1.7476658745100266,0.23427256830930887,-0.0031634076750903795
23,sklearn,81,-1.3185175994836607,-1.2062947659376444,-1.3566223760483282,0.2264750173768023,-0.0381047765646676
23,sklearn,82,-1.1101848803967886,-1.0178328683976163,-1.091267205720797,0.24993018668433153,0.01891767467599159
23,sklearn,83,-1.0955836728961694,-1.0321293257164215,-0.9732385147945095,0.21182679029005633,0.12234515810165991
23,sklearn,84,-0.6422681362115971,-0.6589256423669775,-0.9047941260362649,0.24673709921166925,-0.2625259898246678
23,sklearn,85,0.36068932069062926,0.43031243789559137,-0.10680005622933919,0.29343648667258554,-0.46748937691996845
23,sklearn,86,-0.4273876409612489,-0.28613044285903183,-0.7154712788485185,0.2796448233983636,-0.28808363788726954
23,sklearn,87,-0.8101294200737915,-0.9282829036837583,-1.0939830281682674,0.27608617188219625,-0.2838536080944759
23,sklearn,88,-2.1158335884161783,-2.1825898663920995,-2.134990822973137,0.22347815739369128,-0.019157234556958613
23,sklearn,89,-2.3343678886844357,-2.3770344803131986,-3.0776902252380083,0.3520098601732661,-0.7433223365535726
23,sklearn,90,-0.9215549811089618,-1.0005246690856868,-0.7116187908463161,0.22306727785938113,0.20993619026264576
23,sklearn,91,-2.6930233724960457,-2.576414179652856,-2.3029954667886585,0.4761033978254718,0.3900279057073872
23,sklearn,92,-0.2697295864146355,-0.1612666158743839,-0.6117841317538648,0.36914109675850626,-0.3420545453392293
23,sklearn,93,-2.2254500431437774,-2.239665654597456,-2.2299139900224887,0.3365473018600703,-0.004463946878711322
23,sklearn,94,-0.3538001034599517,-0.22273045304919517,-0.734842476798093,0.33660325249642675,-0.3810423733381413
23,sklearn,95,-0.6833835133528241,-0.5963712773859491,-0.41897837919238157,0.3061301556296553,0.26440513416044253
23,sklearn,96,-0.8781614108887587,-0.8345340506561468,-1.2137892118456435,0.2762944461452949,-0.3356278009568848
23,sklearn,97,-2.163828533307095,-2.150216843844902,-2.0954023534874935,0.26407208821146105,0.06842617981960153
23,sklearn,98,-1.3868630900246264,-1.3053021859324274,-1.3093111752858277,0.19494956947685657,0.07755191473879863
23,sklearn,99,-0.6064430745277614,-0.5570720864035772,-1.0014240368383156,0.24361546284651975,-0.39498096231055424
23,sklearn,100,-1.4031127967229637,-1.2495754068583984,-1.1941160915880715,0.19932809225930043,0.2089967051348922
23,sklearn,101,-1.9391102163566942,-1.889128514624371,-1.9851239907328377,0.5128047430594472,-0.04601377437614351
23,sklearn,102,-0.3818810402555716,-0.4244300494062818,-0.12276728305152318,0.3812561661366336,0.25911375720404844
23,sklearn,103,-2.1660154979524577,-2.182183318941136,-2.3439266977341475,0.28817620842925706,-0.1779111997816898
23,sklearn,104,-0.2257153610010923,-0.15748215899555867,-0.3440183762465665,0.33080086925459434,-0.11830301524547421
23,sklearn,105,-1.406868384670652,-1.4113357164829081,-1.664088924843007,0.26946817469454154,-0.25722054017235507
23,sklearn,106,-1.2571659894017686,-1.2909726224321336,-0.7978547760399053,0.241854701978044,0.4593112133618633
23,sklearn,107,-0.649474602779605,-0.6160221854910441,-0.450040591452499,0.23496187956612324,0.19943401132710603
23,sklearn,108,-0.4404826329315487,-0.36536581692927333,-0.5351337942020677,0.2696769296073498,-0.09465116127051904
23,sklearn,109,-3.048290849247306,-2.896466597576949,-3.323657605157649,0.34344285488040543,-0.2753667559103432
23,sklearn,110,-2.2002354641015116,-2.0423417007686018,-1.7430437016054157,0.34586203125291853,0.45719176249609594
23,sklearn,111,0.24571767898364183,0.2842497129645021,-0.24365876271545517,0.39847824386849195,-0.489376441699097
23,sklearn,112,-0.13339490776696822,-0.08647448364263605,-0.08562478683146679,0.24325286603581017,0.047770120935501426
23,sklearn,113,-0.8232524009219903,-0.8684855677106301,-0.7009303457492919,0.26379204559977254,0.12232205517269834
23,sklearn,114,-0.9859561932646574,-0.8875986826415454,-0.9451549618145805,0.3284660534522647,0.04080123145007697
23,sklearn,115,-1.7264429500207927,-1.7473174766474446,-1.4963667044258884,0.3226558460695379,0.23007624559490436
23,sklearn,116,-1.7874530959879817,-1.7781257254615987,-2.190173948347855,0.30964028098736146,-0.4027208523598733
23,sklearn,117,-0.8713754026899179,-0.9745168138701269,-0.6301568702165099,0.2672107995286937,0.24121853247340796
23,sklearn,118,-0.46996965658518175,-0.6096473811260686,-0.9077264321992615,0.2415034380519267,-0.4377567756140798
23,sklearn,119,-0.1745992733063148,-0.2346093317105151,-0.08194784425894852,0.31491981708173117,0.09265142904736628
23,sklearn,120,-1.6673428716774734,-1.6751128049426904,-1.230621365739772,0.5350051418769584,0.4367215059377014
23,sklearn,121,-2.410998692384866,-2.3701095352547163,-2.546453591288248,0.26585152137377643,-0.13545489890338214
23,sklearn,122,-1.0165480111641538,-1.0574696115725295,-0.959016600996172,0.16361626664655676,0.0575314101679818
23,sklearn,123,0.5949605155581744,0.6721311904606952,-0.224461782437821,0.5088573390024557,-0.8194222979959954
23,sklearn,124,-1.620472830777401,-1.7374870331490562,-1.6165441061280958,0.4136472918902444,0.00392872464930516
23,sklearn,125,-0.5459478118483779,-0.5460400441910322,-1.0844658833770922,0.2775407536313821,-0.5385180715287142
23,sklearn,126,-0.6650107403049486,-0.7436413672813343,-0.958193197719055,0.32594417079320354,-0.2931824574141064
23,sklearn,127,0.05027050238170305,0.009695758638702971,0.015640893208953344,0.32114836854765877,-0.03462960917274971
23,sklearn,128,-1.0368198013191248,-1.080006828314415,-0.9861383492304299,0.21945766087332486,0.0506814520886949
23,sklearn,129,-1.2631196922476433,-1.2222843134157133,-1.2150191423525243,0.21113577646571682,0.04810054989511903
23,sklearn,130,-1.2429248710770329,-1.0970602082717154,-1.4738836379963516,0.26185854036266726,-0.23095876691931871
23,sklearn,131,0.030221546983499936,0.08600251866131242,0.03352746721954958,0.3215630337175391,0.003305920236049642
23,sklearn,132,-0.9213879296118287,-1.0159964857117554,-0.8092129919807078,0.20280814948313586,0.11217493763112085
23,sklearn,133,-1.0782601516283885,-1.2765228419803796,-0.8822383460571288,0.352888737291377,0.1960218055712597
23,sklearn,134,-0.3877099624482955,-0.29061956176863346,-0.5381777817898978,0.3249374275233059,-0.15046781934160236
23,sklearn,135,-1.8852346801416455,-1.8223406050489843,-1.6336117951134739,0.4472333205668218,0.25162288502817165
23,sklearn,136,0.4196290523583409,0.4287731065002737,-0.34026872526062135,0.47690800307114223,-0.7598977776189623
23,sklearn,137,-1.5807720017914486,-1.6164411640394214,-1.5791869962432088,0.25719140192470485,0.001585005548239815
23,sklearn,138,-1.509947529044001,-1.70401722539288,-1.7102113007235928,0.27932227667696685,-0.20026377167959186
23,sklearn,139,-2.590724401398361,-2.7469325298592837,-2.0512968154131244,0.579443144145489,0.5394275859852367
23,sklearn,140,0.25254368463008614,0.3293316675851603,0.10096709061891573,0.30558665169083377,-0.1515765940111704
23,sklearn,141,-0.9890210641618048,-1.1150468359475874,-0.9019975869637236,0.22407199971913447,0.08702347719808123
23,sklearn,142,-1.8819826706341702,-1.7725343770849435,-1.7435245162699786,0.21725608743593208,0.13845815436419162
23,sklearn,143,-1.133556308402759,-1.0652768254899423,-1.3229011551303103,0.2231891820011142,-0.18934484672755136
23,sklearn,144,-1.6063835837431846,-1.6574787639813873,-1.4993441551412658,0.24703068095114653,0.10703942860191873
23,sklearn,145,-0.46389458185332905,-0.4517487151956002,-0.32125036665333795,0.33526778415636654,0.1426442151999911
23,sklearn,146,-1.459956815211844,-1.5364964566652908,-1.5281843980118097,0.3954592298194832,-0.06822758279996566
23,sklearn,147,-1.7179355313486901,-1.721596073860055,-2.4941108018822007,0.45206483202559444,-0.7761752705335105
23,sklearn,148,-1.0557381910211736,-1.0436399759256136,-1.3467924240864164,0.27345840556070933,-0.2910542330652428
23,sklearn,149,-1.3487087429862834,-1.446313038541417,-1.5308248065530847,0.2435914599013075,-0.18211606356680132
23,sklearn,150,-0.8491651735374142,-1.0309885897894937,-0.6219082022350193,0.17846823722012653,0.22725697130239486
23,sklearn,151,-0.8834795808875938,-0.8933324785896549,-0.9390733845855124,0.2764897791722695,-0.055593803697918553
23,sklearn,152,-0.35901113879644786,-0.1172476981587223,-1.0490896669118257,0.26241796252067534,-0.6900785281153778
23,sklearn,153,-0.8568598549858848,-0.8603137023090208,-0.7991266927014422,0.23630678433651267,0.057733162284442585
23,sklearn,154,-0.12799970084461093,-0.2318978706983134,0.1723590124111496,0.3181755244250852,0.3003587132557605
23,sklearn,155,0.1502450402803075,0.1857355195956836,0.3002297847706643,0.25238087215998795,0.14998474449035681
23,sklearn,156,-1.0310964199952237,-1.0395742840196955,-0.7727580886230072,0.28086524951447345,0.2583383313722165
23,sklearn,157,-2.1163318570012937,-2.3799438629338656,-1.2993306200996457,0.32728524626835775,0.8170012369016479
23,sklearn,158,-1.0508315118194549,-0.9652900807665401,-1.004538476539338,0.2581078091752336,0.04629303528011697
23,sklearn,159,-0.7655356546063492,-0.6733799416383568,-0.47624124306405946,0.17767767487539501,0.28929441154228974
23,sklearn,160,-1.8437566230013323,-2.077134687793336,-1.8129799587810496,0.3891639921154979,0.03077666422028269
23,sklearn,161,-0.7117537807820334,-0.7313064370187684,-1.1812209415383563,0.26953945266689305,-0.4694671607563229
23,sklearn,162,-0.776301085013851,-0.7409902247111553,-0.30488436635781824,0.4260004196253735,0.47141671865603274
23,sklearn,163,-0.5446682241398755,-0.7081617172592449,-0.8314619404426082,0.24847787797656667,-0.28679371630273276
23,sklearn,164,-1.0386370168854668,-1.2209229173720018,-1.072255799017988,0.23733343301028995,-0.03361878213252112
23,sklearn,165,0.05836139105081223,-0.01608111775659664,0.27138802878487667,0.25752512656862697,0.21302663773406444
23,sklearn,166,-0.5372675775813504,-0.5824399981521629,-0.3583847880445532,0.28853100709450974,0.17888278953679715
23,sklearn,167,-2.154715750838693,-2.2711007053055297,-3.198469889362052,0.411217762125948,-1.0437541385233589
23,sklearn,168,-1.833839685994579,-1.8219917887859374,-2.020903702112463,0.43916499942172804,-0.18706401611788404
23,sklearn,169,-0.3348395228308347,-0.23287766520076164,-0.6635656785230495,0.22509383195220037,-0.3287261556922148
23,sklearn,170,-0.5358112137012828,-0.5826483470733443,-0.09130899169449691,0.25371403835626377,0.4445022220067859
23,sklearn,171,-1.007778359773204,-1.0342707455059215,-0.6453975319865748,0.24645464993932184,0.36238082778662917
23,sklearn,172,-1.70144392003564,-1.5803469504265217,-1.9582190201796408,0.38657373912260673,-0.25677510014400085
23,sklearn,173,0.6049783411758292,0.698437668986531,0.09117141639296733,0.29997021261647927,-0.5138069247828618
23,sklearn,174,-2.162630068355904,-2.0558631821576268,-2.084032936517019,0.24492394271032428,0.07859713183888495
23,sklearn,175,-0.5976164895498755,-0.49558223395441026,-0.6691694712765397,0.22750470674398526,-0.07155298172666424
23,sklearn,176,-1.1164592934753546,-1.0640335347571277,-1.1980347940156975,0.33254253764932273,-0.0815755005403429
23,sklearn,177,-1.0755816778171878,-0.976871857149145,-1.0488977041404652,0.2900261533420347,0.026683973676722594
23,sklearn,178,-0.8447280661151568,-0.9193641396397131,-0.9443571567742808,0.3216456285953338,-0.09962909065912395
23,sklearn,179,0.8129990727955438,0.8618602114223556,0.36940140586804304,0.40163700770596594,-0.4435976669275008
23,sklearn,180,-2.080642642005831,-2.127993931690861,-2.0806879892178003,0.22145263865919937,-4.534721196947089e-05
23,sklearn,181,-0.5782047966387551,-0.6328234040493195,-0.8163112276372004,0.28434577551853796,-0.2381064309984453
23,sklearn,182,0.5111177750673166,0.43539728321862137,-0.04142260537968312,0.3280062798279708,-0.5525403804469997
23,sklearn,183,0.3003518841328292,0.3486169014133866,-0.2461297711645969,0.39912180993257,-0.5464816552974261
23,sklearn,184,-0.9219764016504626,-0.9086961130864372,-1.129583911524449,0.31397549573837147,-0.20760750987398646
23,sklearn,185,-1.7872185810972216,-1.8072122965947761,-2.4369165978498444,0.40221148852217187,-0.6496980167526227
23,sklearn,186,0.11324495440273447,0.11515500421756601,-0.16281467810456007,0.267147065171812,-0.27605963250729454
23,sklearn,187,-0.849950283783349,-0.8037333992496314,-1.0149269309918765,0.22680177163457302,-0.16497664720852745
23,sklearn,188,-0.7134393614254604,-0.5852129610379552,-0.09304027288445837,0.23640029621979183,0.620399088541002
23,sklearn,189,-1.2701131653817797,-1.1777360273939343,-1.1811457486997412,0.22941868881457117,0.08896741668203845
23,sklearn,190,-1.1615015700477207,-1.0763569892595368,-0.9578412496013726,0.22677581132265054,0.20366032044634808
23,sklearn,191,-0.03813698786349955,0.008669869690473134,-0.209757792216557,0.38881608393364664,-0.17162080435305743
23,sklearn,192,-1.8301113931235764,-1.7963044343142476,-1.3629896692279075,0.456580430469136,0.46712172389566886
23,sklearn,193,-0.39681663297727754,-0.3987801149652021,-0.4751373620349426,0.4309268975308146,-0.07832072905766507
23,sklearn,194,-1.6917283926127862,-1.612091030599104,-2.074450658845585,0.26892567496949543,-0.3827222662327987
23,sklearn,195,-0.5566388382018622,-0.43502710216536467,-0.8271858059979351,0.39749487776685927,-0.2705469677960729
23,sklearn,196,-2.93506773280271,-2.815335178630878,-3.1208362605252304,0.3001825834028898,-0.18576852772252028
23,sklearn,197,-1.6248083826445752,-1.7513110767397724,-1.7120920989005555,0.4996513018820142,-0.0872837162559803
23,sklearn,198,-2.5120121344346007,-2.378518524359962,-2.284548298551826,0.19105539087289253,0.22746383588277475
23,sklearn,199,-1.6477554743171656,-1.5566169993799104,-1.2508383580957272,0.3363094302293649,0.39691711622143844
23,sklearn,200,-2.039722007941709,-2.036026250708225,-2.1427787925757684,0.3017358588273872,-0.10305678463405954
23,sklearn,201,-2.663776337713656,-2.5744503895466893,-2.586297479991657,0.14046772128642285,0.07747885772199892
23,sklearn,202,-0.2045534589116589,-0.24260572576071793,-0.09355624700888399,0.4398761455908317,0.11099721190277492
23,sklearn,203,-1.1969087568634391,-1.138233970847206,-0.9826937941203155,0.22410365105645677,0.21421496274312357
23,sklearn,204,-1.3193978326411022,-1.247472624888446,-1.135574426187688,0.2312958611179895,0.18382340645341433
23,sklearn,205,-1.2467529520932472,-1.291872508080062,-0.8260967129642296,0.2550563909977123,0.4206562391290176
23,sklearn,206,-0.936903563919093,-0.9482751268567823,-0.547211407604749,0.2619700043809404,0.38969215631434406
23,sklearn,207,-2.2026601912081007,-2.246813422476099,-2.5186170243339916,0.2774153607683561,-0.31595683312589085
23,sklearn,208,-1.1002898576837066,-0.9771167526830409,-1.232190990331361,0.2431634680400422,-0.13190113264765446
23,sklearn,209,-2.4343402730693366,-2.416600209734786,-2.4049554547850107,0.23198835091014972,0.02938481828432593
23,sklearn,210,-2.551731777203107,-2.4097767116764843,-2.078723318079767,0.4489140262964107,0.4730084591233399
23,sklearn,211,-1.0555430589274069,-1.0182376257068844,-0.7281311936884265,0.26775259425566095,0.32741186523898036
23,sklearn,212,-1.6056355314014417,-1.696756951371242,-1.523107210173066,0.23830102754430343,0.08252832122837561
23,sklearn,213,-1.768455306983096,-1.8647777880822738,-1.2009954878409772,0.35883356679100686,0.5674598191421187
23,sklearn,214,-0.9710512646905788,-1.0434875318411398,-0.9313258367290018,0.27549211138958,0.039725427961576965
23,sklearn,215,-1.9746284214625904,-1.9571782049301747,-1.7015864631287414,0.2958287881686778,0.27304195833384903
23,sklearn,216,-0.23174128313582554,-0.3421936038851426,-0.002798354835157113,0.3242645001751732,0.22894292830066842
23,sklearn,217,-0.2464848054392737,-0.40105060193612246,0.19501357740037406,0.3200968919585413,0.44149838283964776
23,sklearn,218,-0.7685048710333421,-0.6814129748643312,-1.0383240596337941,0.24431917521071878,-0.26981918860045206
23,sklearn,219,-1.9802169189380239,-1.972104227873201,-2.0889429391885983,0.41736614014717055,-0.10872602025057443
23,sklearn,220,0.0859364424003588,0.17571108152232223,-0.30500026892187293,0.3623916943729624,-0.39093671132223173
23,sklearn,221,-0.3651364682560145,-0.2700924812763279,-0.9417759429785661,0.24649209749006024,-0.5766394747225516
23,sklearn,222,-2.617486120778708,-2.6701887505025943,-2.3366606046838427,0.4368898884074086,0.28082551609486517
23,sklearn,223,-1.3541457354729096,-1.4653198550118236,-1.497303037930422,0.22359456316767137,-0.14315730245751235
23,sklearn,224,-0.002681232478586551,0.19782868931748043,-0.6362122539802755,0.27439709063101486,-0.6335310215016889
23,sklearn,225,-1.148566106188427,-1.2772006671836313,-0.808557775557027,0.3166948593817958,0.3400083306313999
23,sklearn,226,-1.162487792653515,-1.4109700018640274,-1.5035220909674365,0.26831927950040585,-0.3410342983139214
23,sklearn,227,-3.482839666539767,-3.5296102492919315,-3.182829623039815,0.2673176386383138,0.300010043499952
23,sklearn,228,0.28004686431689957,0.2600897508222833,-0.12851334057142338,0.265371481765704,-0.40856020488832295
23,sklearn,229,-0.29671531333284645,-0.35511688343827585,-0.3094800739140453,0.29992064644917277,-0.012764760581198853
23,sklearn,230,-1.3208905826005108,-1.2104271539997085,-1.2056779549176895,0.2333630331254079,0.11521262768282137
23,sklearn,231,-0.13541650633654762,-0.01598696416060215,0.2038140593644968,0.28225202269333655,0.33923056570104443
23,sklearn,232,-0.5126738218311339,-0.49457966089684857,-0.27613817636968463,0.419273483344863,0.23653564546144923
23,sklearn,233,0.6357794861415444,0.6199027445499318,0.2881160764795325,0.29165199562161775,-0.3476634096620119
23,sklearn,234,-1.0544191921455852,-1.0250218190522837,-1.073981865410019,0.2264982906175971,-0.01956267326443384
23,sklearn,235,-0.5224957053134631,-0.6081500444466806,-0.5409712349377429,0.3619395075651626,-0.018475529624279785
23,sklearn,236,-2.7620327072359325,-2.8323983195362965,-2.5650887135320346,0.17950108824461866,0.19694399370389792
23,sklearn,237,-1.1457154718789502,-1.269863972108918,-1.240701258558829,0.2187328942735653,-0.09498578667987889
23,sklearn,238,-1.2556384958365565,-1.385027867826249,-1.3908385445645166,0.1689956543566975,-0.1352000487279601
23,sklearn,239,-0.5940936376559185,-0.5647216957562944,-0.3403783037327486,0.35779804467818427,0.2537153339231699
23,sklearn,240,0.481715229367746,0.588609977120925,-0.37417711426934375,0.4831695728859087,-0.8558923436370898
23,sklearn,241,-2.496724600333719,-2.4718344403727808,-2.3495992677366004,0.35487024137889106,0.14712533259711869
23,sklearn,242,-0.5642753185489624,-0.5961388943207186,-0.5238895311223644,0.41877278041481775,0.04038578742659804
23,sklearn,243,-0.8199315524087794,-0.8800037828299392,-0.9322511731067991,0.32957791272941395,-0.1123196206980197
23,sklearn,244,-0.826786093047454,-0.8005438974320602,-0.950450212081499,0.2591585643640343,-0.12366411903404506
23,sklearn,245,-1.1687258034477823,-1.1545435266330193,-1.021316621632586,0.17797871236102686,0.14740918181519636
23,sklearn,246,-2.1423218274707305,-2.1239408699321642,-2.1239964205347945,0.42340540490574646,0.018325406935935984
23,sklearn,247,-1.1543148462437884,-0.8700138154617995,-1.203675720901522,0.272658237991509,-0.049360874657733644
23,sklearn,248,-2.8064126905501174,-2.805812482528234,-3.1822602943553235,0.3144226476582008,-0.3758476038052061
23,sklearn,249,-1.3766540863337027,-1.2674989159557957,-1.6100071565218101,0.6887822001647905,-0.23335307018810747
23,sklearn,250,-1.0323803376671885,-1.1723653601084933,-0.8978364322682921,0.1942453542044315,0.13454390539889638
23,sklearn,251,-2.3840279279058016,-2.3631854113253374,-2.411444450357905,0.2949679973929889,-0.027416522452103465
23,sklearn,252,-1.746755819861148,-1.6729187646587569,-1.6154050117431211,0.3194307606179018,0.1313508081180268
23,sklearn,253,-1.0068610149253026,-0.9199053946672058,-0.6303034424740659,0.3841283040028345,0.37655757245123667
23,sklearn,254,-3.0083281516259515,-3.1423236907103083,-3.0193355245090387,0.30266080408945717,-0.011007372883087285
23,sklearn,255,-3.57913288189192,-3.489502688734915,-3.1700400856503848,0.2590703869935854,0.40909279624153516
23,sklearn,256,-0.5795547837340485,-0.5074097929574353,-0.6535903035503523,0.23065735946763918,-0.07403551981630385
23,sklearn,257,-1.2849072680404454,-1.3790083135261497,-1.1087624046184033,0.24513559218058795,0.17614486342204216
23,sklearn,258,-2.8139769388769356,-2.8429228634389276,-2.3274231828388494,0.6027006754733858,0.48655375603808615
23,sklearn,259,-1.1957659230591409,-1.1057246269770824,-1.3551808103969805,0.22347283863553483,-0.1594148873378396
23,sklearn,260,-0.8376305483565352,-0.7346930446239552,-0.5080922923656388,0.17547547091819513,0.32953825599089637
23,sklearn,261,-1.070841597545179,-0.8855806901380798,-0.7714555690941296,0.2940321488378373,0.29938602845104945
23,sklearn,262,-0.4481143594398309,-0.4640169832335494,-0.1242186699551695,0.23224347389829306,0.3238956894846614
23,sklearn,263,0.034651727414746814,0.09489304018410166,0.1926974276010469,0.36903978181917485,0.1580457001863001
23,sklearn,264,-2.427409319722176,-2.3967459019428055,-2.5236786901779666,0.32334418573850554,-0.09626937045579043
23,sklearn,265,-2.168290479463872,-2.3997514837448626,-2.0080980064660494,0.2615447473552493,0.16019247299782258
23,sklearn,266,-1.0439065124321316,-0.962917536291696,-0.7697032352705833,0.18600895124400252,0.27420327716154835
23,sklearn,267,-1.9723245504307625,-1.8730542245553816,-1.9352493952288583,0.49940320882165185,0.037075155201904186
23,sklearn,268,-1.6136020859921971,-1.760953680539053,-1.7680367327193025,0.21152490638595908,-0.15443464672710538
23,sklearn,269,-2.471351307755531,-2.319623427922776,-2.2719171410445753,0.4437923711804081,0.19943416671095582
23,sklearn,270,-0.043680889440448734,-0.025846010594098082,-0.2793706750977165,0.3832252705165972,-0.23568978565726778
23,sklearn,271,-0.4042416849094382,-0.3686423720281491,-0.6013292635474627,0.2746592563048396,-0.19708757863802456
23,sklearn,272,-1.9188196289067272,-1.9984844542343194,-1.759997810334987,0.23040522107666447,0.15882181857174027
23,sklearn,273,-2.327004653405867,-2.254206946349951,-2.289441519117716,0.38414451197089494,0.037563134288150835
23,sklearn,274,-0.6716433129848597,-0.6768951203656054,-0.9114337597353881,0.242702169513236,-0.2397904467505284
23,sklearn,275,-1.015439877608691,-1.1367634800132915,-0.7044207079531262,0.30883556826881986,0.31101916965556486
23,sklearn,276,-2.175254580423627,-2.208702578031083,-2.2891413838080155,0.333025552057192,-0.11388680338438828
23,sklearn,277,-0.46493483871399977,-0.36071801562071415,-0.4371299824256667,0.2826803722779237,0.02780485628833307
23,sklearn,278,-0.9005535948767542,-0.963181540151148,-0.9280236976957781,0.2123059894036744,-0.027470102819023845
23,sklearn,279,-1.726037000250556,-1.7749817046974907,-2.399398102362781,0.35345725283631235,-0.673361102112225
23,sklearn,280,-1.1313110200837513,-1.0962633631950158,-1.1032686015334718,0.14893975967250794,0.028042418550279447
23,sklearn,281,-1.3746077416195628,-1.3310866838870754,-1.3955743562981553,0.19253507005060483,-0.02096661467859251
23,sklearn,282,-0.9593656982367769,-1.1281973099376315,-1.1564476823594845,0.20351361991666256,-0.1970819841227076
23,sklearn,283,-2.362986568983712,-2.406280467829514,-2.2596453811943675,0.36956977756090087,0.10334118778934442
23,sklearn,284,-0.9882010466408694,-1.0747883822749411,-0.8250716075748699,0.2034762628241693,0.16312943906599953
23,sklearn,285,-0.9423272054278165,-1.0281567585971139,-1.1151050398966547,0.24045294829837235,-0.1727778344688382
23,sklearn,286,-2.598559370729677,-2.6120727494713054,-2.352558885647788,0.45626833575777614,0.24600048508188888
23,sklearn,287,-1.789073281369188,-2.0482071564962725,-1.9505350446327512,0.2824938224991765,-0.1614617632635631
23,sklearn,288,-1.9592683531711859,-2.0206122974260667,-2.192502050214763,0.41505486836525357,-0.23323369704357733
23,sklearn,289,-0.6906126827053467,-0.6183059850598812,-0.7745125781394435,0.3609401742540477,-0.08389989543409682
23,sklearn,290,-1.4457482520204388,-1.4856995597068483,-1.18128120629531,0.2682337407277352,0.2644670457251288
23,sklearn,291,-1.686717095783664,-1.5095028307427567,-1.9259276256039115,0.3082780184475265,-0.2392105298202476
23,sklearn,292,-0.5343764579498196,-0.8645144415828174,-0.2631238430584091,0.2711033444428752,0.2712526148914105
23,sklearn,293,-1.0840343018242544,-1.188256816434339,-0.7388246083164347,0.2370885853785498,0.3452096935078197
23,sklearn,294,-0.7432900736208781,-0.6630444805493745,-0.7796820870472772,0.19653801476305732,-0.036392013426399084
23,sklearn,295,-1.9911133079647036,-1.8841621110026587,-2.4896254663193957,0.2757686106173099,-0.4985121583546921
23,sklearn,296,-1.2456993128170173,-1.2149344297697064,-1.0142567327627532,0.22651104830752594,0.2314425800542641
23,sklearn,297,-0.853408755550746,-0.8709257271860465,-0.6791130218735404,0.273069625159851,0.17429573367720563
23,sklearn,298,-1.8669125407210814,-1.8489301815240025,-1.6167034062000596,0.17501436935350378,0.2502091345210218
23,sklearn,299,-0.955213459790969,-0.9128154985388879,-1.1430633536390644,0.21890390842065036,-0.18784989384809536
24,sklearn,0,-2.782403860334396,-2.6127002590073136,-2.4794900868869263,0.28472489729941436,0.30291377344746984
24,sklearn,1,-2.4925644509215594,-2.2444415570233365,-2.5026271900103723,0.18444966959870687,-0.010062739088812833
24,sklearn,2,-1.3793723613173579,-1.4208526498577088,-1.452209655964836,0.2213259512384138,-0.07283729464747823
24,sklearn,3,-1.2519050187555418,-1.1843413989510008,-1.7414582360786852,0.28195346880192884,-0.4895532173231434
24,sklearn,4,-1.2034410487633087,-1.1952929463348212,-1.2341077209660725,0.2736712955452161,-0.030666672202763756
24,sklearn,5,-2.246200623949576,-2.2607251756821083,-2.2735289688655413,0.26904190524566757,-0.027328344915965364
24,sklearn,6,-1.1865298589394286,-1.1771079679860832,-1.36764136786676,0.2774400043776074,-0.1811115089273314
24,sklearn,7,-1.081183497157701,-1.042550481580971,-0.8315065250430003,0.3318935433389117,0.24967697211470075
24,sklearn,8,-1.4282038846278649,-1.3016662166384072,-1.7824479810502112,0.3361777846681405,-0.35424409642234633
24,sklearn,9,-1.505460037793505,-1.5285262213179522,-1.2764140589452353,0.1799817409383267,0.22904597884826972
24,sklearn,10,-1.168010486315163,-1.183169068995424,-0.9551111183130168,0.2820743812558283,0.21289936800214626
24,sklearn,11,-1.5023428121176146,-1.7096731448914666,-1.4806177255576642,0.26199902862770574,0.021725086559950313
24,sklearn,12,-2.2269338719599885,-2.2094646280496812,-2.134979956750513,0.22847804648627262,0.09195391520947549
24,sklearn,13,-1.2379286984341913,-1.2102718807565183,-1.3737694823633433,0.24835765043067637,-0.135840783929152
24,sklearn,14,-2.1305324635090352,-2.3299010973886114,-2.0727867185267854,0.265368129095874,0.057745744982249825
24,sklearn,15,-1.9125859199269868,-2.0766347722064635,-2.1233541356494072,0.26322883928763496,-0.21076821572242044
24,sklearn,16,-1.9041445090044755,-1.8727869336495078,-1.5572145317204757,0.2247201386643,0.34692997728399977
24,sklearn,17,-0.713880994554353,-0.6842409495813128,-0.8470006261170937,0.26396921580913046,-0.13311963156274065
24,sklearn,18,0.7470334134338421,0.8426896020473893,0.2890104200859014,0.2637469501593161,-0.4580229933479407
24,sklearn,19,-2.1054166387573305,-2.355746643929864,-2.0139474338748506,0.19629503973854004,0.0914692048824799
24,sklearn,20,-1.0660909223204178,-1.0357885526943011,-1.091427949380261,0.23919085807759227,-0.025337027059843198
24,sklearn,21,1.1853105378692155,1.1259339703284157,1.1550452087498542,0.21030628252969116,-0.030265329119361306
24,sklearn,22,-2.4876170030099205,-2.5828260026950365,-2.362517709052913,0.29321070491193324,0.1250992939570077
24,sklearn,23,-0.7438051480357332,-0.8636261164497464,-0.36630172940591876,0.21411914076386274,0.3775034186298144
24,sklearn,24,-1.402298040108507,-1.3569681699754632,-1.317088342882137,0.2901300628873015,0.08520969722637006
24,sklearn,25,-2.605777751113706,-2.6307296871095804,-2.281160944526988,0.34179334719810345,0.3246168065867181
24,sklearn,26,-2.0358481710297065,-1.9986624733590157,-2.217571483952348,0.3019685923750431,-0.18172331292264143
24,sklearn,27,-1.8122717683703837,-1.7567066763170063,-1.5015669588491463,0.275805943536063,0.31070480952123747
24,sklearn,28,-2.385646134645772,-2.362909156732159,-2.324640472104349,0.257917388195752,0.06100566254142281
24,sklearn,29,-0.20031310157987375,-0.16833223021446284,-0.24783940542808125,0.2577535518244736,-0.047526303848207496
24,sklearn,30,-1.5166007543900115,-1.526390931785186,-1.5115118886100039,0.27583111832476387,0.0050888657800076675
24,sklearn,31,-0.9905961737435734,-1.0478113230604011,-0.8128009952256257,0.28302553675547165,0.1777951785179478
24,sklearn,32,-2.037439941559885,-2.1451507964610212,-1.8835103551581938,0.28207169690716166,0.1539295864016914
24,sklearn,33,-1.035148162665356,-1.136113418777472,-1.307513675357061,0.2875271039767901,-0.27236551269170506
24,sklearn,34,-2.606963631860322,-2.667350683706754,-2.3953614353298605,0.2461118836210269,0.21160219653046175
24,sklearn,35,-0.9926942513384062,-0.9588920646195283,-1.0366752495454108,0.2743910771471349,-0.04398099820700463
24,sklearn,36,-2.2672199659341876,-2.321360405772072,-2.2903811002498387,0.2914538514628827,-0.023161134315651033
24,sklearn,37,0.02734961807474201,0.014676126349657778,-0.3557927835217711,0.23547781411657667,-0.38314240159651314
24,sklearn,38,-1.8404681470028483,-1.7223309885671578,-2.00599163672128,0.24641269341025465,-0.16552348971843167
24,sklearn,39,-1.1379503059590528,-1.1028256675999486,-1.4765245466346215,0.3324060395249253,-0.33857424067556874
24,sklearn,40,-1.6041072677110335,-1.5883027365365725,-1.1981642354795703,0.3125105617523174,0.4059430322314632
24,sklearn,41,-2.464413546536101,-2.4040935805900796,-2.2832579947856075,0.2653329191290736,0.18115555175049325
24,sklearn,42,0.003514762820833406,0.18449861621632127,-0.46710050829714334,0.250488321601834,-0.47061527111797674
24,sklearn,43,-1.2680230681234055,-1.3181389022304648,-1.2762540077097064,0.2819168666732167,-0.008230939586300945
24,sklearn,44,-1.6543511453663915,-1.675294938015164,-1.8100796454350174,0.24356753669857653,-0.15572850006862593
24,sklearn,45,0.25695490730200343,0.4303344153337749,0.1610679094853964,0.2485480791456963,-0.09588699781660703
24,sklearn,46,-1.2608324705309493,-1.115067340664965,-1.3752916567569073,0.35037460876877513,-0.11445918622595808
24,sklearn,47,-2.9337407146279997,-2.837252483326628,-2.6326525995359304,0.24231646796395312,0.30108811509206923
24,sklearn,48,-1.8012415179690682,-1.744059033757568,-1.8832263270977698,0.18131097844827906,-0.08198480912870165
24,sklearn,49,-0.6773115199746432,-0.6012231601706707,-0.5107336115336096,0.21767485078100005,0.1665779084410336
24,sklearn,50,-0.9830152655562776,-1.0695733036287665,-0.9585649258748177,0.2758125893567646,0.02445033968145993
24,sklearn,51,-1.586642027351431,-1.6441333859349274,-1.0860731275322717,0.35228094238715885,0.5005688998191593
24,sklearn,52,-0.08452954887051217,-0.03861236039708125,-0.445802106050742,0.2479637953697031,-0.3612725571802298
24,sklearn,53,0.20565588260594175,0.20367821716478124,-0.3811340216085597,0.25919648845982807,-0.5867899042145015
24,sklearn,54,-1.1465364633413926,-1.1250894743146564,-0.7933521239407497,0.26189243342355034,0.35318433940064287
24,sklearn,55,-1.9453085682093019,-1.8081194689045668,-2.1665296679167714,0.25271148877074673,-0.2212210997074695
24,sklearn,56,-1.2009483522448423,-1.2316703998861318,-1.369691892057972,0.3690210435374623,-0.16874353981312962
24,sklearn,57,1.0269549603880717,1.1300437621059516,0.5570945929755453,0.2659667149400677,-0.46986036741252635
24,sklearn,58,-1.1142192548786927,-1.2978744026599085,-0.9758016727397489,0.29867928891407114,0.13841758213894373
24,sklearn,59,-2.7936066384274056,-2.8963036979427454,-2.179094148067705,0.2755746279140565,0.6145124903597008
24,sklearn,60,-1.3034270330244508,-1.3253017177331181,-1.1621995891888588,0.28334997081257285,0.14122744383559205
24,sklearn,61,-2.5803919015177814,-2.7002633705356773,-2.378234110162243,0.23826457197865733,0.20215779135553857
24,sklearn,62,-0.3074910783698881,-0.15980438832023516,-0.07139374900784645,0.38982628997423696,0.23609732936204164
24,sklearn,63,-2.168374154629081,-2.1028707464482967,-2.016443111186831,0.21960189325982277,0.15193104344225006
24,sklearn,64,-1.0670102446022778,-0.9313418239651216,-1.4159805511281078,0.3158654211611474,-0.34897030652583005
24,sklearn,65,-1.5521131183117685,-1.4297389413684747,-1.6938568214471346,0.31786529228134475,-0.1417437031353661
24,sklearn,66,-1.422041737148423,-1.3269797266583694,-1.8988947688817532,0.3002126817339704,-0.47685303173333016
24,sklearn,67,1.194451890261976,1.3260050741764204,0.2791592410548134,0.29388483386005154,-0.9152926492071627
24,sklearn,68,-2.0866382492185145,-2.0959659798388883,-2.1765323204192697,0.2568157491711585,-0.08989407120075521
24,sklearn,69,-0.764723052154536,-0.5637082114498284,-1.267592123203034,0.5261804585508869,-0.5028690710484981
24,sklearn,70,-2.0688549872962043,-2.1738776881773236,-1.8743879211011745,0.26005694000870894,0.19446706619502985
24,sklearn,71,-0.3757378112240386,-0.28964887053411115,-0.19457157715079632,0.3272895686367762,0.18116623407324228
24,sklearn,72,-2.596358528614381,-2.560728898779522,-2.3243742539491876,0.17037292078202212,0.2719842746651935
24,sklearn,73,-1.3685198466582955,-1.3639775538390155,-1.6949767376092026,0.3059794056747107,-0.32645689095090713
24,sklearn,74,0.6694226566091519,0.7592133359619979,0.8947241375185513,0.27276273090297265,0.2253014809093994
24,sklearn,75,-0.18908520802149614,-0.11668056480700627,0.3327452592085933,0.2543899641038742,0.5218304672300895
24,sklearn,76,-1.834870028876855,-1.9097633536745742,-2.0207043621695995,0.2595548155101281,-0.18583433329274457
24,sklearn,77,-2.6798127527277096,-2.5633284114327615,-2.5000178689378885,0.25786888688698717,0.1797948837898211
24,sklearn,78,-0.9350568715178252,-0.9430307474129401,-1.7235875954692617,0.29957318554136114,-0.7885307239514364
24,sklearn,79,-2.9942291810428006,-2.865820216782105,-2.5568521902341956,0.29607882556843934,0.4373769908086049
24,sklearn,80,-1.6834652623312347,-1.6435619899287541,-1.9412098598254133,0.2730422358643008,-0.25774459749417855
24,sklearn,81,-1.1250201270902205,-1.086678594148185,-1.6719066452464304,0.3703931312602905,-0.5468865181562099
24,sklearn,82,-2.607387634595542,-2.523978047901528,-2.448123254976032,0.1850439311359827,0.1592643796195099
24,sklearn,83,-1.1281636394621237,-1.1855086372178694,-0.9187822213154639,0.3440242928936684,0.20938141814665978
24,sklearn,84,-1.7537541422875853,-1.8094148053778887,-2.0744116895215754,0.34812958483888473,-0.3206575472339901
24,sklearn,85,0.7428257699840939,0.7547243404501746,0.8167376932508148,0.174591025176033,0.07391192326672091
24,sklearn,86,-2.024187195600598,-2.1911040260242562,-2.343833077275365,0.26375922740416863,-0.31964588167476693
24,sklearn,87,-1.3566255571542938,-1.2450688704124986,-1.0140984890271199,0.2500503532487309,0.34252706812717393
24,sklearn,88,-2.1299136406609045,-2.1246367262712273,-2.094563508092543,0.2228200374896249,0.03535013256836139
24,sklearn,89,0.39359166619961383,0.3168020419087985,0.7135157130474497,0.2516908267512424,0.3199240468478358
24,sklearn,90,-2.1032306946600725,-2.091696743262197,-2.0249938857326555,0.2443679906951041,0.07823680892741702
24,sklearn,91,-1.276621638964178,-1.3328650051924424,-1.6427315046749698,0.30021248723795674,-0.36610986571079174
24,sklearn,92,-1.2325816642094773,-1.2138579335945132,-1.1602690171063017,0.3905862796733832,0.07231264710317564
24,sklearn,93,-1.9757622767085603,-2.0141965594355886,-2.1846383366443973,0.25916540840048136,-0.20887605993583702
24,sklearn,94,-0.4095233912081202,-0.30223065514903463,-0.6523183633509504,0.24733750892856876,-0.2427949721428302
24,sklearn,95,-1.1656269287312389,-1.2252123274074989,-1.2787382977037094,0.29498647254724614,-0.11311136897247054
24,sklearn,96,-1.8894120145739683,-1.8082264610102665,-1.3186362752367202,0.26861637774858427,0.5707757393372481
24,sklearn,97,-0.9586690522508803,-1.0075512986132247,-1.4740132667252226,0.2858686112361478,-0.5153442144743423
24,sklearn,98,-0.13705449191946528,0.013853171462351987,-0.021260017319519875,0.2499202225654311,0.11579447459994541
24,sklearn,99,-1.3041450758063968,-1.2163108755577048,-0.9931319592375161,0.2771857863065776,0.31101311656888075
24,sklearn,100,-1.6235739988767404,-1.5013942538650291,-1.0670947220523388,0.38469560726534213,0.5564792768244016
24,sklearn,101,-1.4814742301917165,-1.3378400135411277,-1.5882630839274228,0.27358587609545476,-0.10678885373570624
24,sklearn,102,0.6138483288855344,0.5676492367025878,0.033819716618154416,0.24906596490409721,-0.58002861226738
24,sklearn,103,-1.8581515261623087,-1.8190171449482022,-1.4878126185842824,0.22057810833819352,0.37033890757802634
24,sklearn,104,-2.824856424127243,-2.9122881552582713,-2.5967536797867936,0.29257652766694897,0.22810274434044953
24,sklearn,105,-2.1652235518081167,-2.1356922957698834,-2.4292675552925616,0.2648498328300233,-0.2640440034844449
24,sklearn,106,-1.657450921141321,-1.76272591306091,-1.7383902251777954,0.23480558079416164,-0.08093930403647431
24,sklearn,107,-0.9825005004404758,-1.1667478606302295,-0.9046048489274554,0.39328184820892176,0.07789565151302036
24,sklearn,108,-2.7767726803128925,-2.840937657049616,-2.4814591351084516,0.28310244592720296,0.29531354520444086
24,sklearn,109,-0.8225068606709185,-0.8030601162466972,-1.1196471188073573,0.3065237962040689,-0.29714025813643885
24,sklearn,110,-1.553564699679055,-1.4519013236745124,-1.553950869955493,0.275100940603613,-0.0003861702764378361
24,sklearn,111,-0.4660635303063545,-0.21336554561116244,-0.30576318401693925,0.17307136104699125,0.16030034628941525
24,sklearn,112,-2.7484508111336603,-2.7956740252065653,-2.0100098020426884,0.3061968854539652,0.7384410090909719
24,sklearn,113,-0.9893640545834035,-0.9728739469348083,-0.7157224399692836,0.32883434551237756,0.27364161461411984
24,sklearn,114,-1.1057016191777418,-1.138442797384463,-1.4308750021740124,0.1903087901324791,-0.32517338299627063
24,sklearn,115,-2.32718480882299,-2.337072570567202,-2.1883731179737254,0.2512321271930491,0.13881169084926448
24,sklearn,116,-0.4529789304594547,-0.37363201040584726,-0.8315823113065193,0.35254479098552743,-0.3786033808470646
24,sklearn,117,1.0344319503293053,1.0745994064505722,0.9791314330928174,0.13254832741233108,-0.05530051723648799
24,sklearn,118,-0.8884735407282442,-0.9837585299319721,-0.6333544969997291,0.3362431235732806,0.2551190437285151
24,sklearn,119,-1.0059219327948372,-1.1092893676836277,-1.1327645251862108,0.3770717302191029,-0.12684259239137363
24,sklearn,120,-0.8149609680135198,-0.8570681534010122,-0.7143924587912274,0.4500669993330142,0.10056850922229243
24,sklearn,121,0.9261405600411959,0.8197842726397807,0.7629072515226909,0.16340176569632836,-0.16323330851850504
24,sklearn,122,-0.24347667748822882,-0.23847822042333344,-0.03395285969705242,0.24947324647360772,0.2095238177911764
24,sklearn,123,-1.162093541188359,-1.1391982824960492,-0.8397325934258291,0.3736662634528135,0.32236094776253
24,sklearn,124,-1.409047227832974,-1.4549920179530078,-1.5164873033641015,0.31556573496521234,-0.10744007553112755
24,sklearn,125,-1.0435509601429542,-1.1895567717652107,-1.4424872742173207,0.2843210456209288,-0.39893631407436647
24,sklearn,126,-2.560686248959714,-2.518549327927625,-2.425675044322695,0.2725733358594165,0.13501120463701932
24,sklearn,127,-1.508993385129758,-1.5995723020956611,-1.5565666180988273,0.24114829958396736,-0.04757323296906946
24,sklearn,128,-1.3337012247107756,-1.278453496099108,-1.140827202236128,0.14906002054059364,0.19287402247464747
24,sklearn,129,-1.803162961603355,-1.8616067277024024,-2.317214542072115,0.27579751614596204,-0.51405158046876
24,sklearn,130,0.8526385714630696,0.8006173705134938,0.4350846583703287,0.22191260345213154,-0.4175539130927409
24,sklearn,131,-0.6683836159954425,-0.6004451255806096,-0.9713125208041902,0.26681480226551574,-0.3029289048087477
24,sklearn,132,-1.1440567846147913,-1.1683948653572167,-1.264579144166639,0.2494179927420394,-0.12052235955184765
24,sklearn,133,-0.9259284928565557,-0.9711905236870519,-1.219753472758054,0.4840242324121963,-0.29382497990149825
24,sklearn,134,-0.923552661397145,-0.7011039033869888,-0.6092289103577286,0.24363159534478593,0.31432375103941634
24,sklearn,135,1.492443654256597,1.429009342346242,1.167933893496354,0.20003801086603443,-0.3245097607602432
24,sklearn,136,-2.431662848253012,-2.4413926407364333,-2.0537547149336888,0.25886714213618917,0.37790813331932327
24,sklearn,137,-1.299933852213898,-1.3531612339705683,-1.6999109650963717,0.2885754160592857,-0.39997711288247384
24,sklearn,138,0.5159679981271451,0.4376224479266724,-0.014737956091309456,0.24209726567230744,-0.5307059542184546
24,sklearn,139,-1.9523855098493719,-1.9311663416362121,-2.126194472524382,0.26706592457374634,-0.17380896267501034
24,sklearn,140,0.3625210866224062,0.4213078770568708,-0.07933452231935689,0.22403009619557634,-0.44185560894176307
24,sklearn,141,-2.058486137296869,-2.071142890664834,-1.6779602876601345,0.28092351336334875,0.3805258496367343
24,sklearn,142,0.06839616968979328,0.14437586615641118,-0.10834215267651359,0.33915933488189076,-0.17673832236630688
24,sklearn,143,-1.8758851655428759,-1.9326190066820002,-1.7257421490922624,0.24192922630002056,0.15014301645061345
24,sklearn,144,-2.5306647997838323,-2.674501180825461,-2.4890597638185525,0.2649026820457713,0.04160503596527976
24,sklearn,145,-1.3393884887780179,-1.273966966856011,-1.2284535411100848,0.2979030162728311,0.1109349476679331
24,sklearn,146,-2.4319430308992835,-2.338640629617247,-2.1854988254546086,0.17162549031418117,0.24644420544467494
24,sklearn,147,-1.379180049296452,-1.4902827699466221,-1.5682617765838245,0.324469161789001,-0.18908172728737238
24,sklearn,148,-1.430840050312295,-1.410689803937917,-1.897699403458553,0.3361175678513855,-0.4668593531462579
24,sklearn,149,-2.2244400950310923,-2.3577904955449585,-2.361072345045443,0.2673706883928245,-0.13663225001435064
24,sklearn,150,-2.5275601346119796,-2.445627963469068,-2.239265035783241,0.24139105937611002,0.2882950988287387
24,sklearn,151,-2.5514037834676704,-2.429903503593823,-2.2334383784299376,0.3073514788998328,0.31796540503773274
24,sklearn,152,-0.7918949567397379,-0.753629054617523,-0.4295009413481381,0.31039391414925466,0.36239401539159977
24,sklearn,153,-1.4174798897825567,-1.4910507276187792,-1.122955774873077,0.3838106089744159,0.2945241149094797
24,sklearn,154,-1.6342646616559338,-1.7067413056873537,-1.684480444558373,0.2797614620993326,-0.05021578290243922
24,sklearn,155,-2.258347723225738,-2.4586694833360037,-2.2630982973976845,0.21313208248808405,-0.0047505741719464645
24,sklearn,156,-2.580282985661709,-2.3534141381706584,-2.5483927318862314,0.2875960029824724,0.03189025377547772
24,sklearn,157,-2.672242642376347,-2.7932226266168687,-2.4751985658524767,0.1761116032848539,0.19704407652387035
24,sklearn,158,-2.189261412878329,-2.186963906072624,-1.6764916331680055,0.26247269962021186,0.5127697797103234
24,sklearn,159,-2.7394818420061453,-2.6742609410667955,-1.941781143121581,0.3009199435884985,0.7977006988845643
24,sklearn,160,-2.290584023501409,-2.4027440141945196,-2.2088484202490353,0.2510789250921872,0.08173560325237395
24,sklearn,161,-1.3041618115362987,-1.4129843047540023,-1.1777895259379747,0.2876566196316051,0.12637228559832403
24,sklearn,162,-1.3252717490653194,-1.1619630504438803,-1.6601484883125224,0.30981569785038443,-0.33487673924720296
24,sklearn,163,-1.7395473471884144,-1.8142284243033993,-1.6419399192579078,0.2283488234982704,0.09760742793050659
24,sklearn,164,-1.2666773860898568,-1.181190387587726,-1.8149412730599757,0.28371373152801665,-0.5482638869701189
24,sklearn,165,-1.5755586443197194,-1.79655131546994,-1.5878589136795007,0.20220014817042947,-0.012300269359781346
24,sklearn,166,-2.3549871852829467,-2.3692414752376343,-2.2844024186684067,0.2393673624616299,0.07058476661454005
24,sklearn,167,-1.06214106669243,-1.2781421751845214,-1.2268470657084194,0.35686649368840445,-0.16470599901598937
24,sklearn,168,-0.9636262688555193,-0.7964828539776299,-0.6694639957387611,0.2734857054594117,0.29416227311675813
24,sklearn,169,-1.0806322714961656,-1.1043246333536256,-0.6959495220738283,0.29577912052880106,0.38468274942233727
24,sklearn,170,-2.3069856898287537,-2.3399993933050727,-2.0663817675432554,0.21599169709231075,0.24060392228549832
24,sklearn,171,-1.1714577647847895,-1.3628693832847343,-1.00721658453039,0.2726824519958727,0.1642411802543995
24,sklearn,172,-1.0817120092616312,-1.0107345251368731,-1.0309616800076924,0.24917429252203524,0.05075032925393885
24,sklearn,173,-0.8776306066989085,-0.7676313673853526,-0.9963474495306244,0.4540675416335292,-0.11871684283171591
24,sklearn,174,-1.1256947873650758,-1.0469662195653384,-0.8025597068459014,0.3450791239132373,0.3231350805191744
24,sklearn,175,-2.6713559924679684,-2.5792307507341783,-2.3663173891051343,0.2605537883134645,0.30503860336283406
24,sklearn,176,-0.6095230509452388,-0.6332646718792551,-0.42354805092470826,0.2340773095340592,0.18597500002053058
24,sklearn,177,-0.8901662658324816,-1.006290584735649,-0.9567310110378173,0.24422174045507272,-0.06656474520533573
24,sklearn,178,-1.4010495597572263,-1.2220331959501403,-0.9504062671366356,0.25179657329232147,0.4506432926205908
24,sklearn,179,-1.791078070048512,-1.832055901614726,-1.8289267984997437,0.23531699146026247,-0.03784872845123166
24,sklearn,180,-0.11597282761557204,-0.10354921111548776,-0.41346817495356447,0.26189400501542415,-0.29749534733799243
24,sklearn,181,0.5994855498948821,0.595439619518826,0.21866562294768244,0.262280765919729,-0.3808199269471997
24,sklearn,182,-2.508374591252,-2.598461318985427,-2.3857814664129045,0.2659561113080948,0.12259312483909568
24,sklearn,183,-1.9755198566834697,-1.824514252819967,-1.8089830276271233,0.2010504119128836,0.16653682905634648
24,sklearn,184,-0.19188082154847308,-0.2550192847587777,-0.31846465635211985,0.27752890188814067,-0.12658383480364677
24,sklearn,185,-1.2015467106451436,-1.0831529315415263,-0.9956793084693984,0.3097605522635877,0.20586740217574517
24,sklearn,186,-1.0060566357250997,-0.9672534068460682,-0.9761770004039221,0.2760293391167538,0.029879635321177656
24,sklearn,187,-1.1097183664267676,-1.2581283289915641,-1.2047904800231954,0.2824440911497248,-0.09507211359642787
24,sklearn,188,-0.25392553787106403,-0.2426110483937247,-0.46353652757460395,0.22471085387059306,-0.20961098970353992
24,sklearn,189,-2.795915835809193,-2.986447684579311,-2.6087148002369034,0.23942258671046496,0.1872010355722895
24,sklearn,190,-1.3306416220464627,-1.3849069849355686,-1.1738526500976292,0.2342394902661347,0.15678897194883357
24,sklearn,191,-0.3158132345989918,-0.35133182742179936,-0.06680843156232896,0.40895539325553754,0.24900480303666284
24,sklearn,192,-1.5193308621516144,-1.524349654904592,-1.1732389061714343,0.1987491224863277,0.34609195598018005
24,sklearn,193,-0.9115754020740645,-0.9219016385599291,-1.2003303902972178,0.2955656090005566,-0.28875498822315326
24,sklearn,194,-1.8447191753136016,-1.8482242745626294,-1.5928070315909935,0.3250032119685256,0.2519121437226082
24,sklearn,195,-0.8776292980446825,-0.8713494567484027,-1.086985516489758,0.28733877115856177,-0.20935621844507546
24,sklearn,196,-1.11170077063445,-1.2097874741409276,-1.4975102511334821,0.3839413074095861,-0.3858094804990322
24,sklearn,197,0.661952921209949,0.4610541472157842,0.10112233706971097,0.24912196297246855,-0.560830584140238
24,sklearn,198,-0.6154850058864147,-0.553800265573591,-0.9160539938444927,0.28146588774776277,-0.30056898795807796
24,sklearn,199,-2.051057811500362,-2.119214199084681,-2.120109327965533,0.2694984947790911,-0.06905151646517105
24,sklearn,200,-1.2953161744996784,-1.3321681332305242,-1.3878858713162359,0.28245068392758416,-0.09256969681655747
24,sklearn,201,-2.4465112584972366,-2.3225366041807893,-2.31630810764565,0.18812737222416812,0.13020315085158662
24,sklearn,202,-2.1791013061058515,-2.2125511440911523,-2.0020504622910806,0.18367807381766374,0.17705084381477088
24,sklearn,203,-1.3644949424322648,-1.519004453223067,-1.5089756555849707,0.2996048368650999,-0.14448071315270594
24,sklearn,204,-2.898343343948783,-2.787083954668763,-2.3107828243229633,0.2718992581582309,0.5875605196258196
24,sklearn,205,-1.7212757420360618,-1.9325477640774045,-1.4982174510766004,0.26864747512859205,0.2230582909594614
24,sklearn,206,-0.9779470889184343,-1.296053836307906,-0.7418957880878381,0.33652076386972934,0.23605130083059622
24,sklearn,207,-1.4093073072906996,-1.2505363091401112,-1.334948628590233,0.27044662404889913,0.07435867870046664
24,sklearn,208,-1.1331896090462865,-1.2693531677926604,-1.2861697207963374,0.257170058444045,-0.15298011175005088
24,sklearn,209,-2.81024975855086,-2.9954471127340248,-2.573843660715962,0.26579563946608903,0.23640609783489808
24,sklearn,210,-0.8325601363065818,-0.8371405403134567,-1.198565622469781,0.4620617474122759,-0.36600548616319917
24,sklearn,211,-2.021280478207506,-1.895718238027903,-1.9251044512577664,0.24608538520780604,0.09617602694973959
24,sklearn,212,-1.528866770199082,-1.6624830652768536,-1.5635325956373727,0.23442962918997834,-0.034665825438290776
24,sklearn,213,-0.686596403253485,-0.8978749952538237,-1.0119877096952976,0.3586566452348213,-0.3253913064418126
24,sklearn,214,-3.0287729977139,-2.9260231535742043,-2.5553451455873706,0.2383141463276294,0.4734278521265294
24,sklearn,215,-1.033648661565838,-0.908824174364733,-0.9359210572155376,0.24677540482015395,0.09772760435030037
24,sklearn,216,-2.1871834404921353,-2.270272880129968,-1.7038736210443872,0.257240115586688,0.4833098194477481
24,sklearn,217,-0.5908985547503236,-0.5409184507336782,-0.8027118342424373,0.2390156307195453,-0.2118132794921137
24,sklearn,218,-1.8604256291148893,-1.8543981225057096,-1.9290655495739468,0.3364772555857095,-0.06863992045905754
24,sklearn,219,-1.175761868101512,-1.1360353039238755,-1.1584644007218472,0.2572966896095499,0.017297467379664866
24,sklearn,220,-2.0154091282605524,-1.9376158215688188,-1.8892840427981028,0.2898597563771227,0.1261250854624496
24,sklearn,221,-1.0919905093319933,-1.055548130336181,-1.650175976990802,0.3829237597598259,-0.5581854676588087
24,sklearn,222,-1.5473854332538917,-1.50941686951411,-1.417211461712368,0.3204925079306169,0.13017397154152377
24,sklearn,223,-1.904263273715466,-1.9704938455509118,-1.4671652431295286,0.29175755583791313,0.43709803058593755
24,sklearn,224,0.64363161713536,0.5526258727853534,0.44653453302585433,0.183821466880009,-0.19709708410950566
24,sklearn,225,-1.131412808113139,-1.1359520673098515,-1.4069895765323341,0.34720272927259255,-0.2755767684191952
24,sklearn,226,-1.8406550268054578,-1.7402242262350403,-2.3998550255075664,0.3217540972890614,-0.5591999987021086
24,sklearn,227,-1.7815970904125575,-1.7263127607197601,-2.1883747465013386,0.28571454716395817,-0.406777656088781
24,sklearn,228,-1.5574817486863017,-1.6612915486779656,-1.7026099663354692,0.23629246602038287,-0.1451282176491675
24,sklearn,229,-2.473979427931503,-2.4847413259633035,-2.4141699332560353,0.2166156694362053,0.0598094946754677
24,sklearn,230,-0.5607583906792647,-0.6439019899864085,-0.7047504703076442,0.3357799185684323,-0.14399207962837945
24,sklearn,231,-0.8536421453745646,-0.958861656298365,-1.034033990707524,0.2937469361918895,-0.18039184533295938
24,sklearn,232,-0.4539663867009826,-0.36318443534960415,-0.5018253309701706,0.2440742087019642,-0.047858944269187964
24,sklearn,233,-1.5574161430210796,-1.453903559320696,-1.801659717108656,0.21086228332548182,-0.24424357408757635
24,sklearn,234,-1.1456087001288728,-0.9708792911352884,-0.9493341477317259,0.27538836399626404,0.19627455239714697
24,sklearn,235,0.7710732267241669,0.8687318285340422,0.8475744921476007,0.1613569138019527,0.07650126542343383
24,sklearn,236,-2.1431638103654977,-2.2559072298655556,-2.4098451803025327,0.280938865931494,-0.26668136993703495
24,sklearn,237,-0.08426875985791615,-0.07154908592010556,-0.21773850131191352,0.3795885324287229,-0.13346974145399737
24,sklearn,238,-3.02761583533656,-3.0469154043589044,-2.5681607332409726,0.2261761238788809,0.45945510209558726
24,sklearn,239,-1.775182376219045,-1.733196766225486,-1.7593089744308656,0.2726718527260085,0.01587340178817942
24,sklearn,240,-2.220379480885456,-2.320763857276207,-2.2485546198812045,0.21146431883264513,-0.02817513899574875
24,sklearn,241,-2.229346901713319,-2.2394289139311105,-2.1715832953200795,0.21745684957753914,0.05776360639323963
24,sklearn,242,-1.5847201014724297,-1.544297340092161,-1.7869211323391028,0.2477216752825577,-0.20220103086667307
24,sklearn,243,-0.6887510018480439,-0.621910153978401,-0.3062826854881422,0.298601572061532,0.38246831635990175
24,sklearn,244,-1.1084668082893088,-1.173207008080199,-1.0713661904800347,0.2736341172108435,0.037100617809274095
24,sklearn,245,-1.4702094488831832,-1.4651774082157552,-1.9506953373988054,0.2549977255601082,-0.48048588851562224
24,sklearn,246,-2.9556558282446526,-2.9118929004852734,-2.3790331163782383,0.2888378623248712,0.5766227118664142
24,sklearn,247,-2.178266766075071,-2.173058498469739,-1.8924957701648424,0.30186196863666226,0.2857709959102288
24,sklearn,248,0.8693421979873139,0.752069721062728,0.25333730380774,0.294337478185401,-0.6160048941795739
24,sklearn,249,-1.2898295182768347,-1.390937506659979,-0.9810501165519838,0.24680038348118896,0.30877940172485085
24,sklearn,250,-1.277168596249848,-1.333409452354157,-1.494752276033239,0.2501406845336678,-0.217583679783391
24,sklearn,251,-1.0532355385798686,-0.9623482738619267,-1.0746647303796735,0.3494167549263557,-0.021429191799804848
24,sklearn,252,-2.8165791602957535,-2.805227180900078,-2.4377601287078505,0.21269673442343673,0.378819031587903
24,sklearn,253,-1.3573156890212374,-1.4520774980106241,-1.6272397576022328,0.2449108733783991,-0.2699240685809954
24,sklearn,254,-1.868899008284995,-2.0139614854952264,-1.8880055070716253,0.24983594508242415,-0.019106498786630288
24,sklearn,255,-0.06430035662690325,-0.1841660128390608,-0.2327037502434024,0.24008363725029994,-0.16840339361649914
24,sklearn,256,-0.934192219096318,-0.8236840478898488,-0.8132441015357301,0.3881989393545787,0.12094811756058788
24,sklearn,257,-0.7508827090944814,-0.7200204146068212,-1.01759855131818,0.2203067297767661,-0.2667158422236986
24,sklearn,258,-1.7658690367686796,-1.930947216606266,-1.747149964392328,0.25245887489592134,0.01871907237635151
24,sklearn,259,-1.0878986270719289,-1.0334471259891842,-1.369411504116993,0.28895076726832625,-0.2815128770450641
24,sklearn,260,-3.014058525170716,-3.0436308572663604,-2.4874673805466436,0.22560814038400553,0.5265911446240725
24,sklearn,261,-1.274475162762088,-1.2901503214336507,-1.1626461449986785,0.2321669277743053,0.11182901776340959
24,sklearn,262,-1.4607789027837856,-1.4852873846708912,-1.5702063495645913,0.2646465207313516,-0.10942744678080563
24,sklearn,263,-1.2366139860437,-1.3429288058202546,-1.4439907387549837,0.2778405147459276,-0.20737675271128375
24,sklearn,264,-1.1181123694859296,-0.9564411185990873,-0.7652070263453794,0.4139905748340463,0.3529053431405502
24,sklearn,265,-2.1576052282073697,-2.180519282110124,-2.0803769111626824,0.20335471226364982,0.07722831704468724
24,sklearn,266,-0.9854328827512814,-0.7964901630627407,-0.854241645281391,0.21624839150791383,0.13119123746989036
24,sklearn,267,-1.2304947080205026,-1.080844792761366,-1.2060802021009565,0.33543399555099446,0.024414505919546192
24,sklearn,268,-1.9062735310848162,-1.836004768874191,-1.661596762590083,0.2565620332501165,0.2446767684947333
24,sklearn,269,-1.773409285912872,-1.919213222740923,-1.7615204255995174,0.29671719842761873,0.011888860313354677
24,sklearn,270,-2.2855131822504986,-2.3988841046924705,-2.2599699473987442,0.2727547472074193,0.02554323485175436
24,sklearn,271,-1.06592756310954,-1.2001791412399552,-1.2438739330701765,0.3004305236412858,-0.1779463699606365
24,sklearn,272,-1.4192393764675681,-1.47788220796312,-1.2206689920263258,0.26686893404946327,0.1985703844412423
24,sklearn,273,-0.648388162009875,-0.4318438498992151,-0.6681853290598951,0.3179691650326204,-0.019797167050020104
24,sklearn,274,-1.6974898324758905,-1.7831945276115275,-1.9226905070746767,0.2524507082344912,-0.22520067459878623
24,sklearn,275,-2.802067255385238,-2.6932015016008113,-2.4631168969033403,0.18944092422673442,0.3389503584818976
24,sklearn,276,-1.7240101075390375,-1.7973942373018186,-1.5809351677369534,0.2632013929731102,0.14307493980208408
24,sklearn,277,-0.9263923223631159,-0.9863375502923017,-1.0720505451715354,0.2878744161242552,-0.14565822280841956
24,sklearn,278,-0.07422387890240251,-0.1282212257808987,-0.35479642361387675,0.23941079627384787,-0.28057254471147425
24,sklearn,279,-2.3231916012536566,-2.114755250549608,-1.8958831277844013,0.3041552416284462,0.4273084734692554
24,sklearn,280,-1.100342218957769,-0.9956903882991497,-0.6929323246038948,0.2930852185978854,0.4074098943538742
24,sklearn,281,-2.3315741875745006,-2.3327231913204094,-2.253011903166957,0.250249593978955,0.07856228440754354
24,sklearn,282,-0.55735761931998,-0.5114671177318357,-0.5166757461462623,0.342644971300608,0.04068187317371763
24,sklearn,283,-0.08988099804585403,-0.11968721929049968,-0.004188424213431574,0.24062102022084686,0.08569257383242246
24,sklearn,284,-1.0844845364801785,-0.9213418140744978,-1.1672989995893204,0.2523776927683336,-0.08281446310914187
24,sklearn,285,-1.8147897266354218,-1.8306607119923455,-1.8201511277712932,0.27642298510149355,-0.005361401135871358
24,sklearn,286,-1.5215801140828322,-1.4494026867479697,-1.7523036526392097,0.24784803748508094,-0.2307235385563775
24,sklearn,287,-0.7327441276753586,-0.6269098864572453,-1.120740774267631,0.35290348528662324,-0.3879966465922724
24,sklearn,288,-0.8050433239369967,-0.875684125788785,-0.38626963011456894,0.27615138662911193,0.4187736938224278
24,sklearn,289,-0.3834459802622079,-0.28075839368281696,-0.41174125178435617,0.27603615564425976,-0.02829527152214828
24,sklearn,290,-1.2490528070567666,-1.3423617621628627,-1.2270613761221565,0.3136286580850292,0.02199143093461009
24,sklearn,291,-0.674519871533664,-0.6950666850593918,-1.048907514486359,0.481000802352723,-0.3743876429526951
24,sklearn,292,-1.5434762955786456,-1.5047030363242115,-1.7350886216028982,0.32997661031867465,-0.1916123260242526
24,sklearn,293,-1.0162371899188123,-0.9601250563030905,-0.9356179503668685,0.31934201292217335,0.08061923955194383
24,sklearn,294,-1.4174196985403684,-1.4196910334777877,-1.2002891200035801,0.16518493890916236,0.2171305785367883
24,sklearn,295,-1.5114946511344964,-1.4110310009131104,-1.596903439954385,0.22366315762083563,-0.08540878881988867
24,sklearn,296,0.5627498690345685,0.5102658327665301,0.6870651254763942,0.13989676987129787,0.12431525644182573
24,sklearn,297,-1.2247921186650528,-1.3208100280598838,-1.3612857715841695,0.28700653520183494,-0.13649365291911675
24,sklearn,298,-1.4397599916278567,-1.3482934363406902,-1.0645537587437417,0.25087880390795686,0.37520623288411503
24,sklearn,299,-1.09762730499355,-1.0152717495340782,-1.1226200249866451,0.27741649138144236,-0.024992719993095047
