species,wavelength,framework,hf_row,actual,predicted,predicted_sd,residual
H2O,2.6975000000000002,sklearn,16,7.881501788271095e-05,8.946069229159089e-05,2.3750487763394414e-05,1.0645674408879942e-05
H2O,2.6975000000000002,sklearn,44,0.0001964401765953,0.00029727773307142115,2.4148589258417207e-05,0.00010083755647612115
H2O,2.6975000000000002,sklearn,79,0.000174950196502,0.00012297027521544372,2.4331445128275058e-05,-5.197992128655628e-05
H2O,2.6975000000000002,sklearn,67,8.96370451609536e-05,0.00010059464340184492,2.3592136385543596e-05,1.0957598240891325e-05
H2O,2.6975000000000002,sklearn,34,0.0002998302215005,0.0002885881919311555,2.4168651594855607e-05,-1.1242029569344543e-05
H2O,2.6975000000000002,sklearn,30,0.0001355051847409,0.0001117292538792798,2.5122439555535044e-05,-2.3775930861620202e-05
H2O,2.6975000000000002,sklearn,58,8.67197669278581e-05,8.273112300769225e-05,2.3584124437274395e-05,-3.9886439201658485e-06
H2O,2.6975000000000002,sklearn,74,4.88599046987683e-05,4.736860102234417e-05,2.3757273876564097e-05,-1.491303676424132e-06
H2O,2.6975000000000002,sklearn,85,0.000218617652523,0.00015785045657104807,2.466573555775241e-05,-6.076719595195194e-05
H2O,2.6975000000000002,sklearn,54,0.0001950054438019,0.0001722539739985557,2.440167767376252e-05,-2.2751469803344312e-05
H2O,2.6975000000000002,sklearn,49,7.33792948742669e-05,2.2447523748853597e-05,2.3883368141876946e-05,-5.09317711254133e-05
H2O,2.6975000000000002,sklearn,6,0.0002473515062271,0.0002082179577078725,2.430628239457193e-05,-3.9133548519227495e-05
H2O,2.6975000000000002,sklearn,87,0.0001038254008438,8.803673793499669e-05,2.2948006036041958e-05,-1.578866290880331e-05
H2O,2.6975000000000002,sklearn,11,0.0001187587834316,0.00011985389086178905,2.4223432265196038e-05,1.0951074301890416e-06
H2O,2.6975000000000002,sklearn,82,0.0001058158239792,0.00011293049315317604,2.3043804883223513e-05,7.1146691739760375e-06
H2O,2.6975000000000002,sklearn,41,0.0001418688156496,0.00016988633907009145,2.3153316252761304e-05,2.8017523420491465e-05
H2O,2.6975000000000002,sklearn,22,9.007535155563696e-05,6.307345359506073e-05,2.3997575039126034e-05,-2.7001897960576225e-05
H2O,2.6975000000000002,sklearn,19,8.017450341230053e-05,8.739158286215293e-05,2.317155986910375e-05,7.2170794498524e-06
H2O,2.6975000000000002,sklearn,35,8.4429288737799e-05,7.296782694347741e-05,2.4910000345529053e-05,-1.1461461794321591e-05
H2O,2.6975000000000002,sklearn,64,0.0002926103095959,0.00022785998156864946,2.3888953111373017e-05,-6.475032802725052e-05
H2O,2.6975000000000002,sklearn,47,9.69969169811778e-05,8.407059709194236e-05,2.4226223704882216e-05,-1.292631988923544e-05
H2O,2.6975000000000002,sklearn,12,0.000261753987503,0.0002628114225479468,2.2165417737497797e-05,1.0574350449467904e-06
H2O,2.6975000000000002,sklearn,53,8.464465194686598e-05,0.00010687202712531305,2.4107819721209833e-05,2.222737517844707e-05
H2O,2.6975000000000002,sklearn,14,4.384336697802225e-05,4.3564961730058646e-05,2.3448095495357746e-05,-2.78405247963604e-07
H2O,2.6975000000000002,sklearn,13,0.0001274383899736,0.00014517490449101564,2.472992658519767e-05,1.7736514517415646e-05
H2O,2.6975000000000002,sklearn,66,0.0001436677200939,0.00015233988992225043,2.4190195395073992e-05,8.672169828350426e-06
H2O,2.6975000000000002,sklearn,36,0.000155122687556,0.00015411188206562685,2.4529620468706543e-05,-1.010805490373151e-06
H2O,2.6975000000000002,sklearn,65,0.0003155394705145,0.00026147949914739584,2.4723712007960214e-05,-5.4059971367104176e-05
H2O,2.6975000000000002,sklearn,77,0.0001657518899836,0.00015431698269669197,2.3659301302691572e-05,-1.1434907286908037e-05
H2O,2.6975000000000002,sklearn,8,0.000146668827546,0.00015470315687107213,2.4858291855644156e-05,8.034329325072148e-06
H2O,2.6975000000000002,gpboost_exact,16,7.881501788271095e-05,8.946082601548282e-05,2.3750414721343853e-05,1.0645808132771873e-05
H2O,2.6975000000000002,gpboost_exact,44,0.0001964401765953,0.00029727774220817955,2.4148504864826228e-05,0.00010083756561287955
H2O,2.6975000000000002,gpboost_exact,79,0.000174950196502,0.00012297048875880274,2.4331368078752835e-05,-5.197970774319726e-05
H2O,2.6975000000000002,gpboost_exact,67,8.96370451609536e-05,0.0001005946345725139,2.3592071051517934e-05,1.09575894115603e-05
H2O,2.6975000000000002,gpboost_exact,34,0.0002998302215005,0.00028858804357849357,2.4168575001923476e-05,-1.1242177922006458e-05
H2O,2.6975000000000002,gpboost_exact,30,0.0001355051847409,0.00011172931247184278,2.5122336019986566e-05,-2.3775872269057218e-05
H2O,2.6975000000000002,gpboost_exact,58,8.67197669278581e-05,8.273118380859481e-05,2.358405903206212e-05,-3.988583119263287e-06
H2O,2.6975000000000002,gpboost_exact,74,4.88599046987683e-05,4.7368704018609467e-05,2.3757203530652103e-05,-1.491200680158834e-06
H2O,2.6975000000000002,gpboost_exact,85,0.000218617652523,0.00015785050621960065,2.4665649532267685e-05,-6.0767146303399364e-05
H2O,2.6975000000000002,gpboost_exact,54,0.0001950054438019,0.00017225399818850774,2.4401591617018876e-05,-2.275144561339227e-05
H2O,2.6975000000000002,gpboost_exact,49,7.33792948742669e-05,2.244766739603119e-05,2.388329558693828e-05,-5.09316274782357e-05
H2O,2.6975000000000002,gpboost_exact,6,0.0002473515062271,0.00020821783404913636,2.430620028924872e-05,-3.913367217796363e-05
H2O,2.6975000000000002,gpboost_exact,87,0.0001038254008438,8.803678350558852e-05,2.294795533876867e-05,-1.578861733821148e-05
H2O,2.6975000000000002,gpboost_exact,11,0.0001187587834316,0.00011985383559501085,2.422335467784044e-05,1.0950521634108407e-06
H2O,2.6975000000000002,gpboost_exact,82,0.0001058158239792,0.00011293046442600062,2.3043749966302818e-05,7.114640446800614e-06
H2O,2.6975000000000002,gpboost_exact,41,0.0001418688156496,0.00016988607144272604,2.315325998653801e-05,2.8017255793126046e-05
H2O,2.6975000000000002,gpboost_exact,22,9.007535155563696e-05,6.307360678663434e-05,2.3997507123127644e-05,-2.7001744769002622e-05
H2O,2.6975000000000002,gpboost_exact,19,8.017450341230053e-05,8.739153026539391e-05,2.3171504741627284e-05,7.21702685309338e-06
H2O,2.6975000000000002,gpboost_exact,35,8.4429288737799e-05,7.296781296726405e-05,2.4909907513010677e-05,-1.1461475770534952e-05
H2O,2.6975000000000002,gpboost_exact,64,0.0002926103095959,0.00022786003071438528,2.3888878215451647e-05,-6.47502788815147e-05
H2O,2.6975000000000002,gpboost_exact,47,9.69969169811778e-05,8.40707639611993e-05,2.4226143042298792e-05,-1.2926153019978502e-05
H2O,2.6975000000000002,gpboost_exact,12,0.000261753987503,0.0002628113164734628,2.2165377832675153e-05,1.0573289704627958e-06
H2O,2.6975000000000002,gpboost_exact,53,8.464465194686598e-05,0.00010687199992349099,2.4107740970461385e-05,2.2227347976625002e-05
H2O,2.6975000000000002,gpboost_exact,14,4.384336697802225e-05,4.356499517051185e-05,2.3448041775211365e-05,-2.78371807510398e-07
H2O,2.6975000000000002,gpboost_exact,13,0.0001274383899736,0.00014517486761762884,2.472983723743683e-05,1.7736477644028842e-05
H2O,2.6975000000000002,gpboost_exact,66,0.0001436677200939,0.00015233978379321637,2.4190119663878653e-05,8.672063699316371e-06
H2O,2.6975000000000002,gpboost_exact,36,0.000155122687556,0.0001541118871442546,2.4529531725399525e-05,-1.0108004117453928e-06
H2O,2.6975000000000002,gpboost_exact,65,0.0003155394705145,0.00026147944188070315,2.4723627494671085e-05,-5.4060028633796866e-05
H2O,2.6975000000000002,gpboost_exact,77,0.0001657518899836,0.00015431700259576527,2.3659232016650736e-05,-1.1434887387834735e-05
H2O,2.6975000000000002,gpboost_exact,8,0.000146668827546,0.0001547029754341912,2.485819948259296e-05,8.03414788819122e-06
H2O,2.6975000000000002,gpboost_vecchia,16,7.881501788271095e-05,9.468345382968735e-05,2.4076164250301475e-05,1.58684359469764e-05
H2O,2.6975000000000002,gpboost_vecchia,44,0.0001964401765953,0.0003003806937956421,2.4285532288390226e-05,0.00010394051720034208
H2O,2.6975000000000002,gpboost_vecchia,79,0.000174950196502,0.0001238121348031027,2.446209688789515e-05,-5.113806169889729e-05
H2O,2.6975000000000002,gpboost_vecchia,67,8.96370451609536e-05,9.250481168702473e-05,2.4068095927401792e-05,2.8677665260711302e-06
H2O,2.6975000000000002,gpboost_vecchia,34,0.0002998302215005,0.0002786286485192168,2.4346505017164904e-05,-2.120157298128323e-05
H2O,2.6975000000000002,gpboost_vecchia,30,0.0001355051847409,9.73317230531394e-05,2.4535812158695688e-05,-3.81734616877606e-05
H2O,2.6975000000000002,gpboost_vecchia,58,8.67197669278581e-05,8.023991031303311e-05,2.417118292551314e-05,-6.479856614824989e-06
H2O,2.6975000000000002,gpboost_vecchia,74,4.88599046987683e-05,5.686292034129002e-05,2.4185981613768076e-05,8.00301564252172e-06
H2O,2.6975000000000002,gpboost_vecchia,85,0.000218617652523,0.0001553842134048665,2.461432895266104e-05,-6.32334391181335e-05
H2O,2.6975000000000002,gpboost_vecchia,54,0.0001950054438019,0.00017091261630986694,2.4470241637782674e-05,-2.4092827492033065e-05
H2O,2.6975000000000002,gpboost_vecchia,49,7.33792948742669e-05,3.90676875412203e-05,2.43214458267717e-05,-3.43116073330466e-05
H2O,2.6975000000000002,gpboost_vecchia,6,0.0002473515062271,0.00020239909082357213,2.4448253891987133e-05,-4.495241540352786e-05
H2O,2.6975000000000002,gpboost_vecchia,87,0.0001038254008438,8.783389274680438e-05,2.374027715094699e-05,-1.599150809699562e-05
H2O,2.6975000000000002,gpboost_vecchia,11,0.0001187587834316,0.00011518398083778996,2.454751439701068e-05,-3.574802593810046e-06
H2O,2.6975000000000002,gpboost_vecchia,82,0.0001058158239792,0.00010968944898466255,2.3877872435161995e-05,3.873625005462541e-06
H2O,2.6975000000000002,gpboost_vecchia,41,0.0001418688156496,0.00015523263346524808,2.3965783581465903e-05,1.3363817815648088e-05
H2O,2.6975000000000002,gpboost_vecchia,22,9.007535155563696e-05,7.337652470273596e-05,2.4342247441742987e-05,-1.6698826852901003e-05
H2O,2.6975000000000002,gpboost_vecchia,19,8.017450341230053e-05,8.340514375883168e-05,2.3979275079229752e-05,3.230640346531152e-06
H2O,2.6975000000000002,gpboost_vecchia,35,8.4429288737799e-05,6.357872909903549e-05,2.4685132278457964e-05,-2.0850559638763505e-05
H2O,2.6975000000000002,gpboost_vecchia,64,0.0002926103095959,0.00022814632286058376,2.428970792274421e-05,-6.446398673531621e-05
H2O,2.6975000000000002,gpboost_vecchia,47,9.69969169811778e-05,9.408290920025325e-05,2.44076113218065e-05,-2.914007780924552e-06
H2O,2.6975000000000002,gpboost_vecchia,12,0.000261753987503,0.0002547427655433681,2.3293391980760176e-05,-7.011221959631899e-06
H2O,2.6975000000000002,gpboost_vecchia,53,8.464465194686598e-05,0.00010568614179386654,2.445764886384894e-05,2.104148984700056e-05
H2O,2.6975000000000002,gpboost_vecchia,14,4.384336697802225e-05,4.9653255516487696e-05,2.4043374903106017e-05,5.809888538465445e-06
H2O,2.6975000000000002,gpboost_vecchia,13,0.0001274383899736,0.00013580203048195284,2.4487991533770892e-05,8.363640508352846e-06
H2O,2.6975000000000002,gpboost_vecchia,66,0.0001436677200939,0.0001414829827759629,2.444103613893554e-05,-2.184737317937111e-06
H2O,2.6975000000000002,gpboost_vecchia,36,0.000155122687556,0.00015109617756735725,2.4525078698928118e-05,-4.026509988642752e-06
H2O,2.6975000000000002,gpboost_vecchia,65,0.0003155394705145,0.0002526511117951601,2.4703762743813446e-05,-6.288835871933992e-05
H2O,2.6975000000000002,gpboost_vecchia,77,0.0001657518899836,0.000153715934318387,2.417810367965996e-05,-1.203595566521301e-05
H2O,2.6975000000000002,gpboost_vecchia,8,0.000146668827546,0.00013981692765859934,2.4726605237079818e-05,-6.8518998874006454e-06
HCN,2.9975,sklearn,16,0.0002057148110709,0.00020470489647079587,3.806971521828945e-05,-1.009914600104124e-06
HCN,2.9975,sklearn,44,0.0002460086887025,0.00025917319065956395,3.8864521214688196e-05,1.3164501957063938e-05
HCN,2.9975,sklearn,79,0.0003681175156477,0.0002459645480970882,3.926679580304358e-05,-0.00012215296755061178
HCN,2.9975,sklearn,67,0.0001447120582646,0.00016671620909540892,3.770819341103879e-05,2.2004150830808917e-05
HCN,2.9975,sklearn,34,0.0003181317607643,0.0002989772181199157,3.885063902091432e-05,-1.91545426443843e-05
HCN,2.9975,sklearn,30,0.0001400732872247,0.00014736816947657054,4.103661143594646e-05,7.294882251870547e-06
HCN,2.9975,sklearn,58,9.170241087998276e-05,0.00010681505976408921,3.7596026957888474e-05,1.5112648884106454e-05
HCN,2.9975,sklearn,74,0.0001173453099117,0.00011408331298072406,3.8018693601056284e-05,-3.2619969309759445e-06
HCN,2.9975,sklearn,85,0.000303169177488,0.0002481844031526951,3.9894483904219966e-05,-5.4984774335304915e-05
HCN,2.9975,sklearn,54,0.0002889930169192,0.000264121921880915,3.931052778527201e-05,-2.4871095038285008e-05
HCN,2.9975,sklearn,49,0.0001617569585727,0.00011761597148912345,3.82475624213246e-05,-4.4140987083576545e-05
HCN,2.9975,sklearn,6,0.0002301103536132,0.00021198314652084874,3.9126062337147e-05,-1.8127207092351268e-05
HCN,2.9975,sklearn,87,0.0002176215791692,0.00018593214397675362,3.655974611422418e-05,-3.168943519244637e-05
HCN,2.9975,sklearn,11,0.0003091744411707,0.00032775241201621233,3.8827967026026556e-05,1.8577970845512308e-05
HCN,2.9975,sklearn,82,0.0002063826573483,0.00018576421249596507,3.667869451216364e-05,-2.0618444852334926e-05
HCN,2.9975,sklearn,41,0.0002271443777682,0.0002492705360020551,3.673650364737214e-05,2.212615823385508e-05
HCN,2.9975,sklearn,22,0.0002640589536271,0.00019760380298829895,3.8521235558772364e-05,-6.645515063880103e-05
HCN,2.9975,sklearn,19,8.549267148720887e-05,0.00010305138737611449,3.6876975671689664e-05,1.755871588890562e-05
HCN,2.9975,sklearn,35,0.0001084223810748,0.00013341724092206115,4.049045891623806e-05,2.4994859847261153e-05
HCN,2.9975,sklearn,64,0.0003554539543003,0.0003346263138748255,3.822276109397766e-05,-2.0827640425474488e-05
HCN,2.9975,sklearn,47,0.0002328128380484,0.00021433205223148584,3.892820113802533e-05,-1.848078581691417e-05
HCN,2.9975,sklearn,12,0.0002822924620333,0.0002705205363889279,3.5182336340723023e-05,-1.1771925644372071e-05
HCN,2.9975,sklearn,53,0.0001516049735142,0.00017664324565523791,3.860662935788579e-05,2.5038272141037908e-05
HCN,2.9975,sklearn,14,0.0001102666353573,0.0001153020495196902,3.739922829078198e-05,5.035414162390196e-06
HCN,2.9975,sklearn,13,0.0002397663117344,0.0002800680260326273,4.011796391247301e-05,4.03017142982273e-05
HCN,2.9975,sklearn,66,0.000255587583204,0.0002566498565576718,3.884543414940017e-05,1.0622733536718083e-06
HCN,2.9975,sklearn,36,0.0002586746408026,0.0002268199013852099,3.958311416002476e-05,-3.1854739417390133e-05
HCN,2.9975,sklearn,65,0.0003800175793146,0.00029846171787286947,3.9923840776433566e-05,-8.155586144173053e-05
HCN,2.9975,sklearn,77,0.0001974701276872,0.00022248750211096506,3.7804991880172546e-05,2.501737442376506e-05
HCN,2.9975,sklearn,8,0.0001299123236964,0.00013919377471639566,4.0182575091517447e-05,9.281451019995665e-06
HCN,2.9975,gpboost_exact,16,0.0002057148110709,0.00020470348408497846,3.806916463106385e-05,-1.0113269859215286e-06
HCN,2.9975,gpboost_exact,44,0.0002460086887025,0.0002591704075850882,3.8864002165419813e-05,1.3161718882588201e-05
HCN,2.9975,gpboost_exact,79,0.0003681175156477,0.00024597004529555776,3.9266310325546564e-05,-0.00012214747035214224
HCN,2.9975,gpboost_exact,67,0.0001447120582646,0.00016671676376947127,3.7707613399633316e-05,2.2004705504871267e-05
HCN,2.9975,gpboost_exact,34,0.0003181317607643,0.0002989791634986108,3.8850100573398536e-05,-1.91525972656892e-05
HCN,2.9975,gpboost_exact,30,0.0001400732872247,0.0001473701699892825,4.103628489090189e-05,7.2968827645824945e-06
HCN,2.9975,gpboost_exact,58,9.170241087998276e-05,0.00010681536305160946,3.759540384186453e-05,1.5112952171626701e-05
HCN,2.9975,gpboost_exact,74,0.0001173453099117,0.0001140823101198569,3.8018115576896416e-05,-3.2629997918431024e-06
HCN,2.9975,gpboost_exact,85,0.000303169177488,0.00024818593454035943,3.989400818669074e-05,-5.498324294764056e-05
HCN,2.9975,gpboost_exact,54,0.0002889930169192,0.0002641220421236862,3.931000331592192e-05,-2.487097479551381e-05
HCN,2.9975,gpboost_exact,49,0.0001617569585727,0.0001176158838360044,3.824697985257195e-05,-4.414107473669559e-05
HCN,2.9975,gpboost_exact,6,0.0002301103536132,0.00021198564450969305,3.912553482933409e-05,-1.8124709103506956e-05
HCN,2.9975,gpboost_exact,87,0.0002176215791692,0.00018593174120072126,3.6559151798199736e-05,-3.168983796847873e-05
HCN,2.9975,gpboost_exact,11,0.0003091744411707,0.0003277530532745641,3.8827372310408224e-05,1.8578612103864066e-05
HCN,2.9975,gpboost_exact,82,0.0002063826573483,0.0001857643486725163,3.6678075362256654e-05,-2.061830867578369e-05
HCN,2.9975,gpboost_exact,41,0.0002271443777682,0.00024927065881752474,3.6735844462251414e-05,2.2126281049324734e-05
HCN,2.9975,gpboost_exact,22,0.0002640589536271,0.00019760378166236355,3.852069033933209e-05,-6.645517196473644e-05
HCN,2.9975,gpboost_exact,19,8.549267148720887e-05,0.00010305159501529502,3.687635570404316e-05,1.7558923528086155e-05
HCN,2.9975,gpboost_exact,35,0.0001084223810748,0.0001334205432145335,4.0490041168657974e-05,2.4998162139733504e-05
HCN,2.9975,gpboost_exact,64,0.0003554539543003,0.00033462323888125233,3.822217273007729e-05,-2.083071541904768e-05
HCN,2.9975,gpboost_exact,47,0.0002328128380484,0.0002143306542788116,3.892765168174468e-05,-1.8482183769588417e-05
HCN,2.9975,gpboost_exact,12,0.0002822924620333,0.0002705202953525181,3.5181721669312126e-05,-1.177216668078187e-05
HCN,2.9975,gpboost_exact,53,0.0001516049735142,0.00017664371402821707,3.860602706062211e-05,2.5038740514017063e-05
HCN,2.9975,gpboost_exact,14,0.0001102666353573,0.00011530089339580301,3.7398637137892945e-05,5.034258038503006e-06
HCN,2.9975,gpboost_exact,13,0.0002397663117344,0.00028007040542392636,4.011753777505658e-05,4.0304093689526364e-05
HCN,2.9975,gpboost_exact,66,0.000255587583204,0.0002566519437850908,3.884487542122625e-05,1.0643605810908125e-06
HCN,2.9975,gpboost_exact,36,0.0002586746408026,0.00022682081471065964,3.958260509441102e-05,-3.1853826091940386e-05
HCN,2.9975,gpboost_exact,65,0.0003800175793146,0.00029846571124162585,3.9923327661231e-05,-8.155186807297414e-05
HCN,2.9975,gpboost_exact,77,0.0001974701276872,0.00022248731120668667,3.7804394570709885e-05,2.501718351948667e-05
HCN,2.9975,gpboost_exact,8,0.0001299123236964,0.00013919400588604977,4.018206584717736e-05,9.281682189649776e-06
HCN,2.9975,gpboost_vecchia,16,0.0002057148110709,0.0002197927681362703,3.9799178765454584e-05,1.4077957065370295e-05
HCN,2.9975,gpboost_vecchia,44,0.0002460086887025,0.00027119617200352,4.03412274451607e-05,2.518748330102e-05
HCN,2.9975,gpboost_vecchia,79,0.0003681175156477,0.00022634473788282454,4.065383494516723e-05,-0.00014177277776487545
HCN,2.9975,gpboost_vecchia,67,0.0001447120582646,0.0001603903725343949,3.9644162891886925e-05,1.5678314269794902e-05
HCN,2.9975,gpboost_vecchia,34,0.0003181317607643,0.00028392781302126826,4.0425871990039955e-05,-3.420394774303174e-05
HCN,2.9975,gpboost_vecchia,30,0.0001400732872247,0.0001335485986808122,4.132171537171611e-05,-6.524688543887807e-06
HCN,2.9975,gpboost_vecchia,58,9.170241087998276e-05,0.00010392098861854434,3.978406486464306e-05,1.2218577738561578e-05
HCN,2.9975,gpboost_vecchia,74,0.0001173453099117,0.00012313082888985885,3.992003215355396e-05,5.7855189781588415e-06
HCN,2.9975,gpboost_vecchia,85,0.000303169177488,0.00024304673696621992,4.111087778938323e-05,-6.012244052178007e-05
HCN,2.9975,gpboost_vecchia,54,0.0002889930169192,0.00026619357148794574,4.0761941947705014e-05,-2.279944543125427e-05
HCN,2.9975,gpboost_vecchia,49,0.0001617569585727,0.00012748599521983982,4.017853340051066e-05,-3.4270963352860166e-05
HCN,2.9975,gpboost_vecchia,6,0.0002301103536132,0.0002006917487697842,4.0640495609342375e-05,-2.94186048434158e-05
HCN,2.9975,gpboost_vecchia,87,0.0002176215791692,0.0001939817148214306,3.878149907719542e-05,-2.3639864347769406e-05
HCN,2.9975,gpboost_vecchia,11,0.0003091744411707,0.0003206862917633037,4.073959794923171e-05,1.1511850592603695e-05
HCN,2.9975,gpboost_vecchia,82,0.0002063826573483,0.00018485300015157468,3.901317939401871e-05,-2.152965719672532e-05
HCN,2.9975,gpboost_vecchia,41,0.0002271443777682,0.00024299264441558956,3.921400088655562e-05,1.5848266647389554e-05
HCN,2.9975,gpboost_vecchia,22,0.0002640589536271,0.0002077172969894294,4.025168662161234e-05,-5.6341656637670597e-05
HCN,2.9975,gpboost_vecchia,19,8.549267148720887e-05,0.00010294389198468401,3.918783725405612e-05,1.7451220497475143e-05
HCN,2.9975,gpboost_vecchia,35,0.0001084223810748,0.00011558799935670037,4.138956218863475e-05,7.165618281900372e-06
HCN,2.9975,gpboost_vecchia,64,0.0003554539543003,0.00034679675226066627,4.0142631819269276e-05,-8.657202039633743e-06
HCN,2.9975,gpboost_vecchia,47,0.0002328128380484,0.00022609880642292037,4.0551609145997646e-05,-6.714031625479637e-06
HCN,2.9975,gpboost_vecchia,12,0.0002822924620333,0.0002704915756123555,3.77421444870652e-05,-1.1800886420944474e-05
HCN,2.9975,gpboost_vecchia,53,0.0001516049735142,0.00017231125186738152,4.05515260243419e-05,2.0706278353181516e-05
HCN,2.9975,gpboost_vecchia,14,0.0001102666353573,0.000122583187205789,3.9481710938951823e-05,1.2316551848489006e-05
HCN,2.9975,gpboost_vecchia,13,0.0002397663117344,0.00025902895172463466,4.099416934037948e-05,1.926263999023467e-05
HCN,2.9975,gpboost_vecchia,66,0.000255587583204,0.0002443128497505997,4.05429778949807e-05,-1.127473345340031e-05
HCN,2.9975,gpboost_vecchia,36,0.0002586746408026,0.0002273209384619235,4.0935544502892156e-05,-3.1353702340676526e-05
HCN,2.9975,gpboost_vecchia,65,0.0003800175793146,0.000281235158210369,4.1292882889109746e-05,-9.878242110423102e-05
HCN,2.9975,gpboost_vecchia,77,0.0001974701276872,0.00022246456096393624,3.9833839948847396e-05,2.4994433276736238e-05
HCN,2.9975,gpboost_vecchia,8,0.0001299123236964,0.00013624508500636063,4.1454232002472924e-05,6.332761309960636e-06
CH4,3.3125,sklearn,16,0.000395778522297,0.00026781792672670997,7.133898304938538e-05,-0.00012796059557029
CH4,3.3125,sklearn,44,0.000113292166185,0.00014982254380972824,7.429751129588764e-05,3.653037762472823e-05
CH4,3.3125,sklearn,79,0.0001990405107886,0.0001265608301627064,7.17970394083656e-05,-7.247968062589359e-05
CH4,3.3125,sklearn,67,0.0001251417550185,0.00011699336629845349,6.98641025120541e-05,-8.148388720046512e-06
CH4,3.3125,sklearn,34,0.0001862148200995,0.000285044948529258,7.296067779291376e-05,9.883012842975799e-05
CH4,3.3125,sklearn,30,0.0001490539151776,0.00013396699011188458,7.753663445070763e-05,-1.508692506571542e-05
CH4,3.3125,sklearn,58,7.662454879363951e-05,7.844844498634235e-05,7.051380726557056e-05,1.8238961927028385e-06
CH4,3.3125,sklearn,74,7.577121294370967e-05,9.833657653275946e-05,7.10464411067925e-05,2.256536358904979e-05
CH4,3.3125,sklearn,85,0.0001403244907633,0.00010117187290065461,7.49197379077082e-05,-3.9152617862645386e-05
CH4,3.3125,sklearn,54,0.000172874756255,0.0002356260196199695,7.476730792493124e-05,6.27512633649695e-05
CH4,3.3125,sklearn,49,0.0002686780328957,0.0002871956631304992,7.162154723079763e-05,1.8517630234799202e-05
CH4,3.3125,sklearn,6,0.0001342480860422,7.766989556717033e-05,7.416535244175225e-05,-5.657819047502968e-05
CH4,3.3125,sklearn,87,0.0004316324709879,0.00029178965871508224,6.367858434903708e-05,-0.00013984281227281774
CH4,3.3125,sklearn,11,0.0005148956188015,0.00037320168266607404,7.370773896907319e-05,-0.00014169393613542593
CH4,3.3125,sklearn,82,0.0001250348466951,8.963875760678771e-05,6.71692525151318e-05,-3.539608908831227e-05
CH4,3.3125,sklearn,41,0.0002476378068089,0.0002974937022102873,6.869614078581022e-05,4.9855895401387275e-05
CH4,3.3125,sklearn,22,0.0005778865156985,0.0005210371072502254,6.95032805280185e-05,-5.6849408448274535e-05
CH4,3.3125,sklearn,19,6.421614808832415e-05,7.572165762696043e-05,6.715285029793744e-05,1.150550953863628e-05
CH4,3.3125,sklearn,35,8.06634668591446e-05,5.7047803182946975e-05,7.622103150830972e-05,-2.3615663676197627e-05
CH4,3.3125,sklearn,64,0.0001922573436287,0.0003088130149858185,7.248080073668987e-05,0.00011655567135711848
CH4,3.3125,sklearn,47,0.0003752965899804,0.00036839011078026193,7.365544680235786e-05,-6.906479200138058e-06
CH4,3.3125,sklearn,12,0.0001775619666747,0.00016512094636887405,6.150686583512655e-05,-1.2441020305825948e-05
CH4,3.3125,sklearn,53,0.0001253922617981,0.00014210090050104625,7.394277643173162e-05,1.6708638702946234e-05
CH4,3.3125,sklearn,14,9.252985339435134e-05,0.0001077672911837717,6.460503134463448e-05,1.523743778942036e-05
CH4,3.3125,sklearn,13,0.0001550065541091,0.0001991951404973952,7.547612648437952e-05,4.41885863882952e-05
CH4,3.3125,sklearn,66,0.0002012671245183,0.00019290892670292408,7.273031982254313e-05,-8.358197815375927e-06
CH4,3.3125,sklearn,36,0.0002907993430984,0.0002865645857462316,7.538987105707303e-05,-4.234757352168433e-06
CH4,3.3125,sklearn,65,0.0001988513028701,0.00022640076811468186,7.510870012959606e-05,2.754946524458185e-05
CH4,3.3125,sklearn,77,0.0001308050044165,0.0001382747898175924,7.108351415004177e-05,7.469785401092408e-06
CH4,3.3125,sklearn,8,0.0001268688844931,0.0001044844307287118,7.692554494685901e-05,-2.23844537643882e-05
CH4,3.3125,gpboost_exact,16,0.000395778522297,0.0002678108024504436,7.134546364776194e-05,-0.00012796771984655638
CH4,3.3125,gpboost_exact,44,0.000113292166185,0.0001498303884425639,7.43035579183467e-05,3.6538222257563883e-05
CH4,3.3125,gpboost_exact,79,0.0001990405107886,0.00012656235368058331,7.180281715909755e-05,-7.247815710801668e-05
CH4,3.3125,gpboost_exact,67,0.0001251417550185,0.00011699589489950255,6.987085408159971e-05,-8.145860118997453e-06
CH4,3.3125,gpboost_exact,34,0.0001862148200995,0.00028504152858712935,7.296691701853266e-05,9.882670848762934e-05
CH4,3.3125,gpboost_exact,30,0.0001490539151776,0.00013396790956257047,7.754179829213721e-05,-1.508600561502953e-05
CH4,3.3125,gpboost_exact,58,7.662454879363951e-05,7.844871604760365e-05,7.052065600415628e-05,1.8241672539641386e-06
CH4,3.3125,gpboost_exact,74,7.577121294370967e-05,9.834651434825493e-05,7.105296851230601e-05,2.2575301404545263e-05
CH4,3.3125,gpboost_exact,85,0.0001403244907633,0.00010117311637954534,7.492551631374918e-05,-3.915137438375466e-05
CH4,3.3125,gpboost_exact,54,0.000172874756255,0.0002356160703116637,7.477324905193794e-05,6.27413140566637e-05
CH4,3.3125,gpboost_exact,49,0.0002686780328957,0.00028719538114792633,7.162777686854733e-05,1.851734825222633e-05
CH4,3.3125,gpboost_exact,6,0.0001342480860422,7.767467007372515e-05,7.417131874753323e-05,-5.6573415968474863e-05
CH4,3.3125,gpboost_exact,87,0.0004316324709879,0.00029178579968931685,6.368505858402772e-05,-0.00013984667129858313
CH4,3.3125,gpboost_exact,11,0.0005148956188015,0.0003731899099048274,7.37138902858645e-05,-0.0001417057088966726
CH4,3.3125,gpboost_exact,82,0.0001250348466951,8.964417398262625e-05,6.717607690341594e-05,-3.539067271247374e-05
CH4,3.3125,gpboost_exact,41,0.0002476378068089,0.00029749387171769707,6.870334862849856e-05,4.9856064908797065e-05
CH4,3.3125,gpboost_exact,22,0.0005778865156985,0.0005210266483620824,6.950941858211218e-05,-5.6859867336417564e-05
CH4,3.3125,gpboost_exact,19,6.421614808832415e-05,7.572150432998874e-05,6.715971770151603e-05,1.1505356241664591e-05
CH4,3.3125,gpboost_exact,35,8.06634668591446e-05,5.705220725157705e-05,7.62264230338812e-05,-2.3611259607567555e-05
CH4,3.3125,gpboost_exact,64,0.0001922573436287,0.0003088080313535824,7.24872615456707e-05,0.00011655068772488243
CH4,3.3125,gpboost_exact,47,0.0003752965899804,0.000368396208457605,7.366154480777914e-05,-6.90038152279497e-06
CH4,3.3125,gpboost_exact,12,0.0001775619666747,0.0001651207837566781,6.151397533148165e-05,-1.24411829180219e-05
CH4,3.3125,gpboost_exact,53,0.0001253922617981,0.00014210218381005096,7.394896053666386e-05,1.670992201195095e-05
CH4,3.3125,gpboost_exact,14,9.252985339435134e-05,0.0001077729051772367,6.461146659919703e-05,1.5243051782885356e-05
CH4,3.3125,gpboost_exact,13,0.0001550065541091,0.00019919732947090365,7.548176713194302e-05,4.419077536180365e-05
CH4,3.3125,gpboost_exact,66,0.0002012671245183,0.00019290709419565163,7.273655726742696e-05,-8.360030322648372e-06
CH4,3.3125,gpboost_exact,36,0.0002907993430984,0.0002865611486575213,7.539566897062325e-05,-4.238194440878704e-06
CH4,3.3125,gpboost_exact,65,0.0001988513028701,0.00022639610717605676,7.511445105438445e-05,2.754480430595675e-05
CH4,3.3125,gpboost_exact,77,0.0001308050044165,0.00013827750769421684,7.109009047647218e-05,7.47250327771685e-06
CH4,3.3125,gpboost_exact,8,0.0001268688844931,0.00010448827619197227,7.693105932453142e-05,-2.238060830112773e-05
CH4,3.3125,gpboost_vecchia,16,0.000395778522297,0.00026017751469503957,7.131614846551082e-05,-0.0001356010076019604
CH4,3.3125,gpboost_vecchia,44,0.000113292166185,0.00015746016401253527,7.441989344418209e-05,4.4167997827535265e-05
CH4,3.3125,gpboost_vecchia,79,0.0001990405107886,0.0001188820993319796,7.152019128512058e-05,-8.015841145662039e-05
CH4,3.3125,gpboost_vecchia,67,0.0001251417550185,0.00011429232830648625,6.974952065427832e-05,-1.084942671201375e-05
CH4,3.3125,gpboost_vecchia,34,0.0001862148200995,0.00029170385672933584,7.29085489931804e-05,0.00010548903662983583
CH4,3.3125,gpboost_vecchia,30,0.0001490539151776,0.0001425636852193612,7.778384508222388e-05,-6.490229958238812e-06
CH4,3.3125,gpboost_vecchia,58,7.662454879363951e-05,7.932372425290354e-05,7.036731836903464e-05,2.69917545926403e-06
CH4,3.3125,gpboost_vecchia,74,7.577121294370967e-05,0.00010483992532807771,7.094293867839341e-05,2.906871238436805e-05
CH4,3.3125,gpboost_vecchia,85,0.0001403244907633,9.678814697577128e-05,7.48502039438008e-05,-4.3536343787528716e-05
CH4,3.3125,gpboost_vecchia,54,0.000172874756255,0.00023535214724364878,7.478790018918911e-05,6.247739098864878e-05
CH4,3.3125,gpboost_vecchia,49,0.0002686780328957,0.00027821374029884417,7.147359148409179e-05,9.535707403144169e-06
CH4,3.3125,gpboost_vecchia,6,0.0001342480860422,7.655747572559397e-05,7.415477480083704e-05,-5.7690610316606035e-05
CH4,3.3125,gpboost_vecchia,87,0.0004316324709879,0.00028598819434703975,6.320323295305241e-05,-0.00014564427664086023
CH4,3.3125,gpboost_vecchia,11,0.0005148956188015,0.0003631975757613804,7.356198505072536e-05,-0.00015169804304011956
CH4,3.3125,gpboost_vecchia,82,0.0001250348466951,9.344262011738633e-05,6.691778131464754e-05,-3.1592226577713655e-05
CH4,3.3125,gpboost_vecchia,41,0.0002476378068089,0.00030465792283314655,6.848050636817463e-05,5.7020116024246545e-05
CH4,3.3125,gpboost_vecchia,22,0.0005778865156985,0.0005074401774807123,6.918624617394039e-05,-7.04463382177877e-05
CH4,3.3125,gpboost_vecchia,19,6.421614808832415e-05,7.666796962717734e-05,6.689799130227751e-05,1.2451821538853188e-05
CH4,3.3125,gpboost_vecchia,35,8.06634668591446e-05,6.403819530828144e-05,7.61692549050511e-05,-1.662527155086316e-05
CH4,3.3125,gpboost_vecchia,64,0.0001922573436287,0.0003054717178619138,7.245428766420102e-05,0.00011321437423321383
CH4,3.3125,gpboost_vecchia,47,0.0003752965899804,0.00036748569114105386,7.361247359162544e-05,-7.810898839346128e-06
CH4,3.3125,gpboost_vecchia,12,0.0001775619666747,0.00016166487005438298,6.097261357803903e-05,-1.5897096620317013e-05
CH4,3.3125,gpboost_vecchia,53,0.0001253922617981,0.0001448558907181988,7.388430416953484e-05,1.946362892009878e-05
CH4,3.3125,gpboost_vecchia,14,9.252985339435134e-05,0.00010761947135781674,6.403169416794128e-05,1.5089617963465397e-05
CH4,3.3125,gpboost_vecchia,13,0.0001550065541091,0.0002023569257126866,7.554515472997593e-05,4.735037160358659e-05
CH4,3.3125,gpboost_vecchia,66,0.0002012671245183,0.0001900204538983371,7.263765082994074e-05,-1.1246670619962902e-05
CH4,3.3125,gpboost_vecchia,36,0.0002907993430984,0.00027635722610339796,7.540581762049117e-05,-1.4442116995002047e-05
CH4,3.3125,gpboost_vecchia,65,0.0001988513028701,0.0002304227639778536,7.497417052190202e-05,3.157146110775358e-05
CH4,3.3125,gpboost_vecchia,77,0.0001308050044165,0.00014499541213932059,7.099713663990081e-05,1.4190407722820592e-05
CH4,3.3125,gpboost_vecchia,8,0.0001268688844931,0.00010583716966682978,7.692243544985556e-05,-2.103171482627022e-05
H2S,3.8525,sklearn,16,0.0015039116756202,0.0010326014783420597,0.00021789871476575912,-0.0004713101972781402
H2S,3.8525,sklearn,44,0.0004035009917214,0.0006743981786242177,0.0002236938289390797,0.00027089718690281774
H2S,3.8525,sklearn,79,0.0006592488813341,0.00041256688459116064,0.00021798920578524036,-0.00024668199674293933
H2S,3.8525,sklearn,67,0.000494335085519,0.0005548538468599497,0.00021526323614486488,6.051876134094967e-05
H2S,3.8525,sklearn,34,0.0006017231397918,0.0008793741864368524,0.0002213939641795243,0.0002776510466450525
H2S,3.8525,sklearn,30,0.0005835111657651,0.0004427404491570922,0.00022910371881174237,-0.00014077071660800777
H2S,3.8525,sklearn,58,0.0003964356588008,0.00035992758556568157,0.00021719223265746434,-3.650807323511842e-05
H2S,3.8525,sklearn,74,0.0004026028660769,0.0004616194044577507,0.00021756050270879085,5.90165383808507e-05
H2S,3.8525,sklearn,85,0.0004829437535689,0.00042283196231273604,0.00022504585474962597,-6.011179125616395e-05
H2S,3.8525,sklearn,54,0.0006248057625673,0.0007555880237681317,0.00022480820052959923,0.00013078226120083177
H2S,3.8525,sklearn,49,0.0009015266402691,0.0009457986934204646,0.00021831650061731938,4.4272053151364534e-05
H2S,3.8525,sklearn,6,0.0004810814317332,0.0003146430359232974,0.00022348580611377316,-0.00016643839580990258
H2S,3.8525,sklearn,87,0.0015404992663851,0.0011100970805606736,0.00020005115065651686,-0.00043040218582442646
H2S,3.8525,sklearn,11,0.0009294468274527,0.0009308289364679578,0.00022319078313360612,1.3821090152578343e-06
H2S,3.8525,sklearn,82,0.0004598841912082,0.0003984573038040299,0.0002090729639284245,-6.142688740417012e-05
H2S,3.8525,sklearn,41,0.0008449268033289,0.0010138084058641062,0.00021379149655240695,0.00016888160253520615
H2S,3.8525,sklearn,22,0.0016651379073342,0.0014073836678310462,0.00021343295263864557,-0.00025775423950315387
H2S,3.8525,sklearn,19,0.0002978925641674,0.00034221672759326337,0.00020928921175250315,4.432416342586338e-05
H2S,3.8525,sklearn,35,0.0003437349425838,0.00023486717272981877,0.00022716058828712164,-0.00010886776985398125
H2S,3.8525,sklearn,64,0.0006459172473386,0.0010963589585942083,0.00022071039584006856,0.00045044171125560833
H2S,3.8525,sklearn,47,0.0013094818211582,0.0014146668494175328,0.00022265467711888397,0.00010518502825933285
H2S,3.8525,sklearn,12,0.0006140252559698,0.0006274451175241472,0.0001964258270137024,1.3419861554347262e-05
H2S,3.8525,sklearn,53,0.0005107036460511,0.0005974433071040615,0.00022358401033961144,8.673966105296146e-05
H2S,3.8525,sklearn,14,0.000469017208906,0.0005636717511010734,0.00020287654738170453,9.465454219507346e-05
H2S,3.8525,sklearn,13,0.000537216215306,0.0006958377489765051,0.00022568130301330687,0.0001586215336705051
H2S,3.8525,sklearn,66,0.000746141815238,0.0008103129869983802,0.00022098605322099746,6.417117176038014e-05
H2S,3.8525,sklearn,36,0.0011266884173225,0.001054300608688168,0.0002259569186857586,-7.238780863433195e-05
H2S,3.8525,sklearn,65,0.0006625406542994,0.000738813841678164,0.0002255482213992947,7.627318737876395e-05
H2S,3.8525,sklearn,77,0.0005382692983595,0.0006595036981125296,0.00021770896906193865,0.00012123439975302952
H2S,3.8525,sklearn,8,0.0005279495246807,0.0004865527302051493,0.00022896287436143857,-4.1396794475550744e-05
H2S,3.8525,gpboost_exact,16,0.0015039116756202,0.0010326006977529564,0.00021789814146172036,-0.0004713109778672435
H2S,3.8525,gpboost_exact,44,0.0004035009917214,0.0006744008695914998,0.0002236930661088995,0.00027089987787009987
H2S,3.8525,gpboost_exact,79,0.0006592488813341,0.00041256699758657477,0.00021798852015023215,-0.0002466818837475252
H2S,3.8525,gpboost_exact,67,0.000494335085519,0.0005548547700876757,0.000215262765819224,6.051968456867571e-05
H2S,3.8525,gpboost_exact,34,0.0006017231397918,0.0008793725784606947,0.00022139328148748484,0.00027764943866889476
H2S,3.8525,gpboost_exact,30,0.0005835111657651,0.0004427408219076861,0.00022910270228508993,-0.00014077034385741387
H2S,3.8525,gpboost_exact,58,0.0003964356588008,0.00035992714253860967,0.00021719173852869535,-3.6508516262190316e-05
H2S,3.8525,gpboost_exact,74,0.0004026028660769,0.00046162140236642436,0.00021755994376513802,5.901853628952438e-05
H2S,3.8525,gpboost_exact,85,0.0004829437535689,0.0004228315304463846,0.0002250450195396689,-6.011222312251539e-05
H2S,3.8525,gpboost_exact,54,0.0006248057625673,0.0007555848956560597,0.0002248073879315312,0.00013077913308875977
H2S,3.8525,gpboost_exact,49,0.0009015266402691,0.000945797030531331,0.0002183158756960957,4.427039026223096e-05
H2S,3.8525,gpboost_exact,6,0.0004810814317332,0.0003146459186115456,0.00022348503215903077,-0.00016643551312165437
H2S,3.8525,gpboost_exact,87,0.0015404992663851,0.0011100954014645556,0.00020005088133266785,-0.00043040386492054447
H2S,3.8525,gpboost_exact,11,0.0009294468274527,0.0009308251748327027,0.00022319004390963532,1.3783473800027058e-06
H2S,3.8525,gpboost_exact,82,0.0004598841912082,0.0003984585225686498,0.00020907262172677196,-6.142566863955024e-05
H2S,3.8525,gpboost_exact,41,0.0008449268033289,0.0010138085285605167,0.0002137911405187379,0.0001688817252316167
H2S,3.8525,gpboost_exact,22,0.0016651379073342,0.0014073787218685076,0.0002134324054804263,-0.0002577591854656925
H2S,3.8525,gpboost_exact,19,0.0002978925641674,0.00034221701180583796,0.00020928887838805453,4.432444763843797e-05
H2S,3.8525,gpboost_exact,35,0.0003437349425838,0.00023486879943246917,0.00022715964689172042,-0.00010886614315133085
H2S,3.8525,gpboost_exact,64,0.0006459172473386,0.0010963563070584509,0.00022070976142713464,0.0004504390597198509
H2S,3.8525,gpboost_exact,47,0.0013094818211582,0.0014146684909963712,0.0002226539402819814,0.00010518666983817121
H2S,3.8525,gpboost_exact,12,0.0006140252559698,0.000627444618627876,0.0001964257839935038,1.341936265807607e-05
H2S,3.8525,gpboost_exact,53,0.0005107036460511,0.0005974436620967518,0.00022358326524418907,8.674001604565176e-05
H2S,3.8525,gpboost_exact,14,0.000469017208906,0.0005636737757186488,0.00020287624677638608,9.465656681264883e-05
H2S,3.8525,gpboost_exact,13,0.000537216215306,0.0006958385159096256,0.00022568043478169656,0.00015862230060362562
H2S,3.8525,gpboost_exact,66,0.000746141815238,0.0008103133325434034,0.0002209853759890758,6.41715173054034e-05
H2S,3.8525,gpboost_exact,36,0.0011266884173225,0.001054299121260014,0.0002259560596355519,-7.23892960624859e-05
H2S,3.8525,gpboost_exact,65,0.0006625406542994,0.0007388121851052413,0.00022554736193080828,7.627153080584127e-05
H2S,3.8525,gpboost_exact,77,0.0005382692983595,0.0006595040937191624,0.0002177084139014603,0.00012123479535966237
H2S,3.8525,gpboost_exact,8,0.0005279495246807,0.00048655362423408595,0.0002289618975142463,-4.139590044661409e-05
H2S,3.8525,gpboost_vecchia,16,0.0015039116756202,0.0010297409502998927,0.0002035433743554175,-0.0004741707253203072
H2S,3.8525,gpboost_vecchia,44,0.0004035009917214,0.0006724217566236477,0.00021333273481977054,0.00026892076490224774
H2S,3.8525,gpboost_vecchia,79,0.0006592488813341,0.00037128758716928166,0.0002043185734235831,-0.0002879612941648183
H2S,3.8525,gpboost_vecchia,67,0.000494335085519,0.0005715185195634515,0.0001984892816347132,7.718343404445151e-05
H2S,3.8525,gpboost_vecchia,34,0.0006017231397918,0.000926782748512302,0.00020832428950019378,0.000325059608720502
H2S,3.8525,gpboost_vecchia,30,0.0005835111657651,0.00047397172124507626,0.00022440810319230688,-0.00010953944452002373
H2S,3.8525,gpboost_vecchia,58,0.0003964356588008,0.00035552356597133355,0.00020007935251601403,-4.0912092829466435e-05
H2S,3.8525,gpboost_vecchia,74,0.0004026028660769,0.0004636438697419643,0.0002022263375159298,6.10410036650643e-05
H2S,3.8525,gpboost_vecchia,85,0.0004829437535689,0.0004143667727683757,0.00021444397811747886,-6.857698080052428e-05
H2S,3.8525,gpboost_vecchia,54,0.0006248057625673,0.0007826770856335309,0.00021426102760630688,0.00015787132306623096
H2S,3.8525,gpboost_vecchia,49,0.0009015266402691,0.0008931304417559518,0.00020397908666075325,-8.396198513148227e-06
H2S,3.8525,gpboost_vecchia,6,0.0004810814317332,0.0002904880073754526,0.00021231385085100285,-0.00019059342435774737
H2S,3.8525,gpboost_vecchia,87,0.0015404992663851,0.0010970749821453487,0.00017910839990305688,-0.0004434242842397513
H2S,3.8525,gpboost_vecchia,11,0.0009294468274527,0.0009081036342389934,0.00021007928240964589,-2.1343193213706592e-05
H2S,3.8525,gpboost_vecchia,82,0.0004598841912082,0.0003938989498676372,0.00018991745569580225,-6.598524134056284e-05
H2S,3.8525,gpboost_vecchia,41,0.0008449268033289,0.0010522962331526312,0.00019403595803839445,0.00020736942982373119
H2S,3.8525,gpboost_vecchia,22,0.0016651379073342,0.0013799566010274343,0.00019707936409874737,-0.0002851813063067658
H2S,3.8525,gpboost_vecchia,19,0.0002978925641674,0.000345343722258276,0.00018980101677962404,4.7451158090876006e-05
H2S,3.8525,gpboost_vecchia,35,0.0003437349425838,0.0002561895779563579,0.00021875478969158227,-8.754536462744213e-05
H2S,3.8525,gpboost_vecchia,64,0.0006459172473386,0.0010980386285422308,0.0002068256562804865,0.0004521213812036308
H2S,3.8525,gpboost_vecchia,47,0.0013094818211582,0.0013457574225647245,0.0002105497250811792,3.6275601406524517e-05
H2S,3.8525,gpboost_vecchia,12,0.0006140252559698,0.0005851156070056612,0.00017184577064372487,-2.8909648964138752e-05
H2S,3.8525,gpboost_vecchia,53,0.0005107036460511,0.0006043897633115705,0.00021116985996066508,9.368611726047048e-05
H2S,3.8525,gpboost_vecchia,14,0.000469017208906,0.0005452344958641779,0.00018126395254444724,7.621728695817787e-05
H2S,3.8525,gpboost_vecchia,13,0.000537216215306,0.0007083453400060306,0.0002169108365915592,0.00017112912470003058
H2S,3.8525,gpboost_vecchia,66,0.000746141815238,0.0008142773678672484,0.00020745179540124448,6.813555262924834e-05
H2S,3.8525,gpboost_vecchia,36,0.0011266884173225,0.0010043677574685659,0.00021622055291694385,-0.00012232065985393406
H2S,3.8525,gpboost_vecchia,65,0.0006625406542994,0.0007463073430545458,0.0002146697586906057,8.376668875514578e-05
H2S,3.8525,gpboost_vecchia,77,0.0005382692983595,0.0006804392725376224,0.00020233669684285898,0.00014216997417812233
H2S,3.8525,gpboost_vecchia,8,0.0005279495246807,0.0004872051323369113,0.00022087851011000551,-4.074439234378875e-05
CO2,4.2575,sklearn,16,0.000448416557471,0.00047359112237503793,0.00010010100504064666,2.5174564904037922e-05
CO2,4.2575,sklearn,44,0.0008167661169913,0.0008924585350534607,0.00010399133274522706,7.569241806216066e-05
CO2,4.2575,sklearn,79,0.001234193245308,0.0010147989141643656,0.00010449327941827266,-0.00021939433114363436
CO2,4.2575,sklearn,67,0.000874259475031,0.0008988962222624177,9.808036903467287e-05,2.4636747231417773e-05
CO2,4.2575,sklearn,34,0.0012419884484642,0.0012214728308625276,0.00010278718118569769,-2.0515617601672524e-05
CO2,4.2575,sklearn,30,0.0010266959137267,0.000809548450821097,0.00011277459046464476,-0.00021714746290560295
CO2,4.2575,sklearn,58,0.0009108233892777,0.0007834577593235022,9.771621855053323e-05,-0.0001273656299541978
CO2,4.2575,sklearn,74,0.0002674936111194,0.00029297227898633746,9.956094048580543e-05,2.5478667866937483e-05
CO2,4.2575,sklearn,85,0.0009284151422881,0.0007554700976687356,0.00010709035939550882,-0.0001729450446193644
CO2,4.2575,sklearn,54,0.0007564991878711,0.0007646510311041218,0.00010524514391360219,8.151843233021789e-06
CO2,4.2575,sklearn,49,0.0004576422307921,0.00014772215956215394,0.00010087079047933364,-0.0003099200712299461
CO2,4.2575,sklearn,6,0.0010532732479762,0.0009376718409673108,0.0001044682728390316,-0.00011560140700888927
CO2,4.2575,sklearn,87,0.0006072352608165,0.000556516100858462,9.314428374797552e-05,-5.0719159958037986e-05
CO2,4.2575,sklearn,11,0.0006905215452251,0.0008087409235276419,0.00010289922579671561,0.00011821937830254188
CO2,4.2575,sklearn,82,0.0008435767828161,0.0008542240787936967,9.422058645673824e-05,1.0647295977596729e-05
CO2,4.2575,sklearn,41,0.000884694782842,0.0010406234773862285,9.419422749746257e-05,0.0001559286945442285
CO2,4.2575,sklearn,22,0.0004915712392629,0.00036084637045491697,0.00010096295874155243,-0.000130724868807983
CO2,4.2575,sklearn,19,0.0006620139502134,0.0007027913290976828,9.483559165648185e-05,4.077737888428287e-05
CO2,4.2575,sklearn,35,0.000769117727912,0.0006993581106744629,0.000109909354607493,-6.975961723753709e-05
CO2,4.2575,sklearn,64,0.0009849634566248,0.0008053529431713962,0.0001008068821777963,-0.0001796105134534038
CO2,4.2575,sklearn,47,0.0007731978477948,0.0006879015032800113,0.00010348352528174736,-8.529634451478866e-05
CO2,4.2575,sklearn,12,0.0011232914345941,0.0012004451654334337,8.816092555469335e-05,7.715373083933366e-05
CO2,4.2575,sklearn,53,0.0009321312911802,0.000998445576041226,0.00010237106590774981,6.631428486102598e-05
CO2,4.2575,sklearn,14,0.0006178114649751,0.000613974329378932,9.564377250806508e-05,-3.837135596167999e-06
CO2,4.2575,sklearn,13,0.0009457562671271,0.0010574183490651185,0.00010825214892231736,0.00011166208193801844
CO2,4.2575,sklearn,66,0.0012384664371058,0.0013058619199901125,0.00010263562768674914,6.739548288431244e-05
CO2,4.2575,sklearn,36,0.0008510523670072,0.0009154398664982662,0.00010635341873099835,6.43874994910663e-05
CO2,4.2575,sklearn,65,0.0013569087938096,0.0013571878717996886,0.00010679156118405997,2.790779900885103e-07
CO2,4.2575,sklearn,77,0.0010876902136409,0.0010899479945047873,9.904356597563601e-05,2.2577808638873063e-06
CO2,4.2575,sklearn,8,0.0010682817343579,0.0010887387473062496,0.00010849943350117658,2.0457012948349625e-05
CO2,4.2575,gpboost_exact,16,0.000448416557471,0.00047359173502963854,0.00010010077813698918,2.517517755863853e-05
CO2,4.2575,gpboost_exact,44,0.0008167661169913,0.0008924606317189564,0.00010399128836400772,7.56945147276564e-05
CO2,4.2575,gpboost_exact,79,0.001234193245308,0.0010147892915783527,0.00010449279320000908,-0.0002194039537296473
CO2,4.2575,gpboost_exact,67,0.000874259475031,0.000898894955939647,9.808000996872026e-05,2.4635480908647063e-05
CO2,4.2575,gpboost_exact,34,0.0012419884484642,0.0012214714226340124,0.00010278690695582854,-2.051702583018766e-05
CO2,4.2575,gpboost_exact,30,0.0010266959137267,0.0008095428837062448,0.0001127744641227418,-0.00021715303002045518
CO2,4.2575,gpboost_exact,58,0.0009108233892777,0.0007834551738665387,9.771592107869856e-05,-0.00012736821541116123
CO2,4.2575,gpboost_exact,74,0.0002674936111194,0.0002929750719181638,9.956067917782404e-05,2.5481460798763833e-05
CO2,4.2575,gpboost_exact,85,0.0009284151422881,0.0007554677322681202,0.0001070900352208842,-0.00017294741001997978
CO2,4.2575,gpboost_exact,54,0.0007564991878711,0.000764651441076734,0.00010524502398167667,8.152253205634071e-06
CO2,4.2575,gpboost_exact,49,0.0004576422307921,0.00014772767279754744,0.00010087056560410531,-0.0003099145579945526
CO2,4.2575,gpboost_exact,6,0.0010532732479762,0.0009376686644563428,0.00010446810205256062,-0.00011560458351985727
CO2,4.2575,gpboost_exact,87,0.0006072352608165,0.0005565170793730555,9.314368989649385e-05,-5.071818144344452e-05
CO2,4.2575,gpboost_exact,11,0.0006905215452251,0.0008087424618233001,0.00010289903814187932,0.00011822091659820005
CO2,4.2575,gpboost_exact,82,0.0008435767828161,0.0008542256124836054,9.422017509059926e-05,1.0648829667505417e-05
CO2,4.2575,gpboost_exact,41,0.000884694782842,0.0010406248371985592,9.419386540108185e-05,0.00015593005435655916
CO2,4.2575,gpboost_exact,22,0.0004915712392629,0.00036085114379807564,0.00010096244009091945,-0.00013072009546482433
CO2,4.2575,gpboost_exact,19,0.0006620139502134,0.0007027915378629866,9.48351351931336e-05,4.077758764958663e-05
CO2,4.2575,gpboost_exact,35,0.000769117727912,0.0006993540476357985,0.00010990903646885758,-6.97636802762015e-05
CO2,4.2575,gpboost_exact,64,0.0009849634566248,0.0008053531879519299,0.00010080673092615522,-0.00017961026867287005
CO2,4.2575,gpboost_exact,47,0.0007731978477948,0.0006878986378348664,0.00010348338015823069,-8.52992099599336e-05
CO2,4.2575,gpboost_exact,12,0.0011232914345941,0.0012004450177077316,8.816029323153235e-05,7.715358311363154e-05
CO2,4.2575,gpboost_exact,53,0.0009321312911802,0.0009984448878578693,0.00010237097777345717,6.631359667766932e-05
CO2,4.2575,gpboost_exact,14,0.0006178114649751,0.0006139768188578059,9.564305658570725e-05,-3.834646117294085e-06
CO2,4.2575,gpboost_exact,13,0.0009457562671271,0.0010574143636594064,0.0001082518659882698,0.0001116580965323064
CO2,4.2575,gpboost_exact,66,0.0012384664371058,0.001305860327452054,0.00010263533976342513,6.739389034625398e-05
CO2,4.2575,gpboost_exact,36,0.0008510523670072,0.0009154360355455807,0.00010635332095666034,6.438366853838079e-05
CO2,4.2575,gpboost_exact,65,0.0013569087938096,0.0013571831273279738,0.00010679125718248322,2.743335183737032e-07
CO2,4.2575,gpboost_exact,77,0.0010876902136409,0.0010899459784382893,9.904333349909299e-05,2.2557647973893164e-06
CO2,4.2575,gpboost_exact,8,0.0010682817343579,0.0010887375533283324,0.00010849935110138542,2.0455818970432438e-05
CO2,4.2575,gpboost_vecchia,16,0.000448416557471,0.0004679402121027565,0.00010548655508590638,1.9523654631756486e-05
CO2,4.2575,gpboost_vecchia,44,0.0008167661169913,0.0009448139249577981,0.00010721650329713332,0.00012804780796649813
CO2,4.2575,gpboost_vecchia,79,0.001234193245308,0.0009947785113085612,0.00010867241973410047,-0.00023941473399943878
CO2,4.2575,gpboost_vecchia,67,0.000874259475031,0.0008641985892811668,0.00010520028609940916,-1.0060885749833175e-05
CO2,4.2575,gpboost_vecchia,34,0.0012419884484642,0.0012070167434466825,0.00010766743216397595,-3.4971705017517634e-05
CO2,4.2575,gpboost_vecchia,30,0.0010266959137267,0.000738034712499916,0.00010968481460083602,-0.000288661201226784
CO2,4.2575,gpboost_vecchia,58,0.0009108233892777,0.0007593790813580755,0.00010593017655768198,-0.0001514443079196245
CO2,4.2575,gpboost_vecchia,74,0.0002674936111194,0.00033144694497900097,0.00010618390912256969,6.395333385960099e-05
CO2,4.2575,gpboost_vecchia,85,0.0009284151422881,0.0007383637346425693,0.00010992104796123811,-0.0001900514076455306
CO2,4.2575,gpboost_vecchia,54,0.0007564991878711,0.0007457795068437289,0.00010869954690201708,-1.071968102737107e-05
CO2,4.2575,gpboost_vecchia,49,0.0004576422307921,0.00024287679102163952,0.00010726489493589611,-0.0002147654397704605
CO2,4.2575,gpboost_vecchia,6,0.0010532732479762,0.0009453843360368946,0.0001084951612525801,-0.00010788891193930553
CO2,4.2575,gpboost_vecchia,87,0.0006072352608165,0.0005488590528398618,0.00010256702175397423,-5.8376207976638256e-05
CO2,4.2575,gpboost_vecchia,11,0.0006905215452251,0.0007738148623968253,0.0001091293781181235,8.329331717172532e-05
CO2,4.2575,gpboost_vecchia,82,0.0008435767828161,0.0008014667350163259,0.00010364241637324091,-4.2110047799774055e-05
CO2,4.2575,gpboost_vecchia,41,0.000884694782842,0.0009986752315297896,0.00010422296515093323,0.00011398044868778958
CO2,4.2575,gpboost_vecchia,22,0.0004915712392629,0.0004120984022812482,0.00010743645553688807,-7.947283698165177e-05
CO2,4.2575,gpboost_vecchia,19,0.0006620139502134,0.0006590613093248361,0.00010424181152328077,-2.952640888563866e-06
CO2,4.2575,gpboost_vecchia,35,0.000769117727912,0.0005796437899757266,0.00011071724699658641,-0.00018947393793627347
CO2,4.2575,gpboost_vecchia,64,0.0009849634566248,0.0008306286706448335,0.00010695014903197111,-0.00015433478597996644
CO2,4.2575,gpboost_vecchia,47,0.0007731978477948,0.0007498123453774393,0.00010814320233305747,-2.3385502417360652e-05
CO2,4.2575,gpboost_vecchia,12,0.0011232914345941,0.0011885650593344709,9.934498835188681e-05,6.527362474037079e-05
CO2,4.2575,gpboost_vecchia,53,0.0009321312911802,0.000950754029300317,0.00010842095347697414,1.8622738120117042e-05
CO2,4.2575,gpboost_vecchia,14,0.0006178114649751,0.0006203975320506363,0.00010489314473081036,2.5860670755362657e-06
CO2,4.2575,gpboost_vecchia,13,0.0009457562671271,0.001001627119669029,0.00010912589266557442,5.5870852541928945e-05
CO2,4.2575,gpboost_vecchia,66,0.0012384664371058,0.0012602803359105916,0.00010825603156933151,2.181389880479153e-05
CO2,4.2575,gpboost_vecchia,36,0.0008510523670072,0.0009018142278167894,0.0001092285348106027,5.0761860809589486e-05
CO2,4.2575,gpboost_vecchia,65,0.0013569087938096,0.001339531746606304,0.00011062152020628572,-1.737704720329602e-05
CO2,4.2575,gpboost_vecchia,77,0.0010876902136409,0.001094281863339313,0.00010607863782980957,6.591649698412926e-06
CO2,4.2575,gpboost_vecchia,8,0.0010682817343579,0.001000643260261191,0.00011091864879259042,-6.763847409670901e-05
CO,4.6625,sklearn,16,0.0008898313705856,0.0009596716398320277,0.00013847912708103694,6.984026924642772e-05
CO,4.6625,sklearn,44,0.0012505681248146,0.0010632061686728024,0.00014205991364317125,-0.0001873619561417975
CO,4.6625,sklearn,79,0.0020394161559774,0.0019129244189417813,0.0001436006534935231,-0.00012649173703561858
CO,4.6625,sklearn,67,0.0014822693080738,0.0014994237447873485,0.00013705018039020364,1.715443671354848e-05
CO,4.6625,sklearn,34,0.0016589322132285,0.0014575670566326052,0.00014190992583189678,-0.0002013651565958949
CO,4.6625,sklearn,30,0.0014120535064834,0.0012329597117021378,0.00014791592669705488,-0.00017909379478126225
CO,4.6625,sklearn,58,0.0012804044925534,0.0012237611877729516,0.00013808811232835188,-5.6643304780448376e-05
CO,4.6625,sklearn,74,0.0005384871066608,0.0006182366706504566,0.00013912705950521037,7.974956398965657e-05
CO,4.6625,sklearn,85,0.0013447600351881,0.0011027982324333158,0.00014624569262367503,-0.00024196180275478426
CO,4.6625,sklearn,54,0.0011368622753719,0.001165878215664016,0.00014426640859858622,2.9015940292115945e-05
CO,4.6625,sklearn,49,0.0008315852725221,0.0005647335696723665,0.00014078771324384988,-0.0002668517028497335
CO,4.6625,sklearn,6,0.0014282561003885,0.0014727846176601877,0.0001435953356693893,4.452851727168778e-05
CO,4.6625,sklearn,87,0.0011358868758682,0.001084323180522451,0.00013190307606935462,-5.156369534574899e-05
CO,4.6625,sklearn,11,0.001260590455738,0.0012867181911245017,0.00014412693736591116,2.6127735386501615e-05
CO,4.6625,sklearn,82,0.0013003274561291,0.0013002972485195963,0.00013397266459440525,-3.020760950362897e-08
CO,4.6625,sklearn,41,0.0013624066106145,0.0014468767000957923,0.0001348903220951531,8.447008948129229e-05
CO,4.6625,sklearn,22,0.0010603865524838,0.0008378456913356297,0.00014023425316615694,-0.00022254086114817026
CO,4.6625,sklearn,19,0.0009937947956338,0.001044189222569664,0.00013432539966335577,5.039442693586388e-05
CO,4.6625,sklearn,35,0.0013486583599704,0.0011311363153199226,0.0001485425120361422,-0.00021752204465047748
CO,4.6625,sklearn,64,0.0013745296978767,0.0013031194548979717,0.0001403709398692777,-7.141024297872833e-05
CO,4.6625,sklearn,47,0.0013416841308068,0.0013632388404398517,0.00014313575923823442,2.1554709633051774e-05
CO,4.6625,sklearn,12,0.0014993481287122,0.0015889519284984798,0.0001272612439407156,8.96037997862799e-05
CO,4.6625,sklearn,53,0.00151925735884,0.001572673254204846,0.0001431944364251687,5.3415895364846084e-05
CO,4.6625,sklearn,14,0.0010192215774085,0.0010112069394644235,0.00013513036485319986,-8.014637944076452e-06
CO,4.6625,sklearn,13,0.0014406379095986,0.001458564355408651,0.0001455183908189064,1.7926445810050907e-05
CO,4.6625,sklearn,66,0.0017526738562971,0.0018310724920425903,0.00014221863234815368,7.839863574549025e-05
CO,4.6625,sklearn,36,0.0014341906206508,0.0015975917807462255,0.0001456592209287018,0.0001634011600954255
CO,4.6625,sklearn,65,0.0017729172090857,0.0017249952319933334,0.00014730177361975386,-4.792197709236668e-05
CO,4.6625,sklearn,77,0.0014919804691879,0.0014964526983343232,0.00013864810875264332,4.47222914642313e-06
CO,4.6625,sklearn,8,0.0016809007111368,0.001615264091242017,0.000148775486854029,-6.563661989478307e-05
CO,4.6625,gpboost_exact,16,0.0008898313705856,0.0009596714033240357,0.00013847919678415128,6.984003273843571e-05
CO,4.6625,gpboost_exact,44,0.0012505681248146,0.0010632062637807773,0.00014205998521383268,-0.00018736186103382262
CO,4.6625,gpboost_exact,79,0.0020394161559774,0.0019129244540004213,0.00014360071611849588,-0.00012649170197697856
CO,4.6625,gpboost_exact,67,0.0014822693080738,0.0014994239615787736,0.00013705024986896582,1.715465350497357e-05
CO,4.6625,gpboost_exact,34,0.0016589322132285,0.0014575670216390095,0.00014190999588621517,-0.0002013651915894906
CO,4.6625,gpboost_exact,30,0.0014120535064834,0.0012329594960558145,0.0001479159851867729,-0.00017909401042758553
CO,4.6625,gpboost_exact,58,0.0012804044925534,0.0012237611691060515,0.00013808818789544266,-5.664332344734843e-05
CO,4.6625,gpboost_exact,74,0.0005384871066608,0.0006182363778262746,0.00013912713149904167,7.974927116547457e-05
CO,4.6625,gpboost_exact,85,0.0013447600351881,0.0011027979699846898,0.0001462457602690371,-0.00024196206520341024
CO,4.6625,gpboost_exact,54,0.0011368622753719,0.0011658781448521324,0.00014426648008551124,2.901586948023246e-05
CO,4.6625,gpboost_exact,49,0.0008315852725221,0.0005647335417568426,0.00014078778556886798,-0.00026685173076525736
CO,4.6625,gpboost_exact,6,0.0014282561003885,0.0014727847079101634,0.00014359540699866374,4.452860752166346e-05
CO,4.6625,gpboost_exact,87,0.0011358868758682,0.001084323021372613,0.00013190313537055719,-5.156385449558705e-05
CO,4.6625,gpboost_exact,11,0.001260590455738,0.001286718181928564,0.000144127013895435,2.6127726190563983e-05
CO,4.6625,gpboost_exact,82,0.0013003274561291,0.0013002971528473714,0.00013397273583665885,-3.030328172854563e-08
CO,4.6625,gpboost_exact,41,0.0013624066106145,0.0014468767180826425,0.0001348904001178671,8.447010746814258e-05
CO,4.6625,gpboost_exact,22,0.0010603865524838,0.0008378457591200362,0.00014023431646848595,-0.0002225407933637638
CO,4.6625,gpboost_exact,19,0.0009937947956338,0.0010441890126089324,0.00013432546927470343,5.039421697513235e-05
CO,4.6625,gpboost_exact,35,0.0013486583599704,0.0011311358157568055,0.0001485425775432032,-0.00021752254421359449
CO,4.6625,gpboost_exact,64,0.0013745296978767,0.0013031195821411395,0.00014037101496557088,-7.141011573556051e-05
CO,4.6625,gpboost_exact,47,0.0013416841308068,0.0013632389764186583,0.00014313583088556314,2.155484561185833e-05
CO,4.6625,gpboost_exact,12,0.0014993481287122,0.001588952067882593,0.00012726130646101066,8.96039391703931e-05
CO,4.6625,gpboost_exact,53,0.00151925735884,0.0015726736113534424,0.00014319451437101437,5.341625251344237e-05
CO,4.6625,gpboost_exact,14,0.0010192215774085,0.001011206888741017,0.00013513042304032,-8.014688667483047e-06
CO,4.6625,gpboost_exact,13,0.0014406379095986,0.001458564442607678,0.00014551845405770823,1.7926533009077986e-05
CO,4.6625,gpboost_exact,66,0.0017526738562971,0.001831072984228061,0.0001422187037806317,7.839912793096101e-05
CO,4.6625,gpboost_exact,36,0.0014341906206508,0.001597591744041318,0.00014565929196791447,0.00016340112339051794
CO,4.6625,gpboost_exact,65,0.0017729172090857,0.0017249953732671429,0.00014730184415255243,-4.792183581855719e-05
CO,4.6625,gpboost_exact,77,0.0014919804691879,0.0014964529278456051,0.00013864818279135047,4.472458657705071e-06
CO,4.6625,gpboost_exact,8,0.0016809007111368,0.0016152642729612876,0.00014877555903245116,-6.563643817551236e-05
CO,4.6625,gpboost_vecchia,16,0.0008898313705856,0.0009541839870078271,0.00013062093632753785,6.435261642222711e-05
CO,4.6625,gpboost_vecchia,44,0.0012505681248146,0.0010756398284509114,0.0001334014400706096,-0.00017492829636368856
CO,4.6625,gpboost_vecchia,79,0.0020394161559774,0.0019012909157726538,0.00013540688512231157,-0.00013812524020474608
CO,4.6625,gpboost_vecchia,67,0.0014822693080738,0.0014894352600223937,0.00012969146321077855,7.1659519485936865e-06
CO,4.6625,gpboost_vecchia,34,0.0016589322132285,0.0014391658601528026,0.00013364692009533013,-0.00021976635307569751
CO,4.6625,gpboost_vecchia,30,0.0014120535064834,0.0012148732413314043,0.00013770703185756483,-0.00019718026515199577
CO,4.6625,gpboost_vecchia,58,0.0012804044925534,0.0012187248813246938,0.0001308968710524658,-6.167961122870613e-05
CO,4.6625,gpboost_vecchia,74,0.0005384871066608,0.0006272841170778728,0.0001315756753480533,8.879701041707275e-05
CO,4.6625,gpboost_vecchia,85,0.0013447600351881,0.0010926206768297271,0.00013745926446215065,-0.0002521393583583729
CO,4.6625,gpboost_vecchia,54,0.0011368622753719,0.0011663145924674819,0.00013549074880867982,2.9452317095581904e-05
CO,4.6625,gpboost_vecchia,49,0.0008315852725221,0.000598384210036957,0.0001330567782454722,-0.00023320106248514297
CO,4.6625,gpboost_vecchia,6,0.0014282561003885,0.0014633412574468806,0.00013512393973485508,3.5085157058380645e-05
CO,4.6625,gpboost_vecchia,87,0.0011358868758682,0.0010833488296636913,0.00012564153053764052,-5.253804620450873e-05
CO,4.6625,gpboost_vecchia,11,0.001260590455738,0.0012894061206135485,0.00013612053978709086,2.8815664875548458e-05
CO,4.6625,gpboost_vecchia,82,0.0013003274561291,0.0012894185843449876,0.00012756855897856626,-1.0908871784112359e-05
CO,4.6625,gpboost_vecchia,41,0.0013624066106145,0.0014324716410578863,0.00012837523572609366,7.006503044338632e-05
CO,4.6625,gpboost_vecchia,22,0.0010603865524838,0.0008656856794270159,0.00013267192457727661,-0.0001947008730567841
CO,4.6625,gpboost_vecchia,19,0.0009937947956338,0.0010348870718247304,0.0001278318738313137,4.109227619093032e-05
CO,4.6625,gpboost_vecchia,35,0.0013486583599704,0.0011100356119561837,0.0001392089426595019,-0.0002386227480142163
CO,4.6625,gpboost_vecchia,64,0.0013745296978767,0.0013078612607211738,0.00013251850406890755,-6.666843715552617e-05
CO,4.6625,gpboost_vecchia,47,0.0013416841308068,0.0013763640264417558,0.00013479703710781541,3.467989563495587e-05
CO,4.6625,gpboost_vecchia,12,0.0014993481287122,0.0015685778416088213,0.0001219646831433375,6.922971289662137e-05
CO,4.6625,gpboost_vecchia,53,0.00151925735884,0.0015704553231928437,0.0001350817830796528,5.119796435284368e-05
CO,4.6625,gpboost_vecchia,14,0.0010192215774085,0.0010118106343279616,0.00012860523454591034,-7.410943080538371e-06
CO,4.6625,gpboost_vecchia,13,0.0014406379095986,0.001454611179957687,0.00013617957266814256,1.3973270359086921e-05
CO,4.6625,gpboost_vecchia,66,0.0017526738562971,0.0018293675274658951,0.0001341568319016407,7.66936711687951e-05
CO,4.6625,gpboost_vecchia,36,0.0014341906206508,0.0015813328586596301,0.00013676227286539143,0.00014714223800883016
CO,4.6625,gpboost_vecchia,65,0.0017729172090857,0.0017203925437889297,0.00013861752705330094,-5.252466529677034e-05
CO,4.6625,gpboost_vecchia,77,0.0014919804691879,0.001498589106084666,0.0001311406828463182,6.608636896765973e-06
CO,4.6625,gpboost_vecchia,8,0.0016809007111368,0.0015983275682839194,0.00013955027614336537,-8.257314285288063e-05
SO2,7.25,sklearn,16,0.0018627467030561,0.0017610152045549954,0.0001580356889384923,-0.00010173149850110463
SO2,7.25,sklearn,44,0.0013668708945286,0.0014750795495512162,0.00016256198702030151,0.00010820865502261627
SO2,7.25,sklearn,79,0.0018978879101844,0.001599021863472753,0.00016423197783199206,-0.000298866046711647
SO2,7.25,sklearn,67,0.001339972861144,0.0013660193324061109,0.00015590890473368024,2.6046471262110987e-05
SO2,7.25,sklearn,34,0.0017930759952514,0.0019253058703081658,0.00016193758731164104,0.00013222987505676575
SO2,7.25,sklearn,30,0.001391427657965,0.0013699003214116949,0.00017224333184877663,-2.1527336553305108e-05
SO2,7.25,sklearn,58,0.0011732998295954,0.0011962482718004485,0.0001560870349249279,2.294844220504847e-05
SO2,7.25,sklearn,74,0.0011813741956234,0.0012464389548477214,0.00015804574612391316,6.506475922432131e-05
SO2,7.25,sklearn,85,0.00145668961719,0.0013461950865762263,0.00016738234437095858,-0.00011049453061377367
SO2,7.25,sklearn,54,0.0016433816178148,0.0017807668912888702,0.0001648631528952741,0.00013738527347407028
SO2,7.25,sklearn,49,0.0018403812708613,0.0013054604626172193,0.00015977779845347974,-0.0005349208082440807
SO2,7.25,sklearn,6,0.0015247801296532,0.0013053544117501664,0.00016388045242357602,-0.00021942571790303355
SO2,7.25,sklearn,87,0.0019786384220634,0.0018560075167706439,0.00015001129292358735,-0.000122630905292756
SO2,7.25,sklearn,11,0.0017647095900785,0.0019460567101022505,0.00016306762571198578,0.00018134712002375038
SO2,7.25,sklearn,82,0.0014906229029284,0.0013782840026642484,0.00015139413611229202,-0.00011233890026415166
SO2,7.25,sklearn,41,0.001894659629275,0.0019720128425851904,0.00015174753713888777,7.735321331019031e-05
SO2,7.25,sklearn,22,0.0019200972749013,0.001699567829863473,0.00015992635372465695,-0.00022052944503782703
SO2,7.25,sklearn,19,0.001083860548082,0.0011121051410061121,0.00015200955709757094,2.824459292411212e-05
SO2,7.25,sklearn,35,0.0011630354389349,0.0010824210193828752,0.00017065730386447463,-8.061441955202475e-05
SO2,7.25,sklearn,64,0.0017792518423743,0.002036939158515931,0.00015938883372267027,0.00025768731614163104
SO2,7.25,sklearn,47,0.0020093375578626,0.0018124119975540603,0.00016305927330078157,-0.0001969255603085395
SO2,7.25,sklearn,12,0.0017344423376133,0.0018144616366494786,0.0001438841810666272,8.00192990361786e-05
SO2,7.25,sklearn,53,0.0015145056920183,0.001549383214578561,0.000162092959614912,3.48775225602609e-05
SO2,7.25,sklearn,14,0.0012351000082544,0.0012659966981583362,0.00015371144530675074,3.0896689903936155e-05
SO2,7.25,sklearn,13,0.0016286703522403,0.0016837990615185922,0.0001678384169312798,5.512870927829234e-05
SO2,7.25,sklearn,66,0.0017179735788256,0.0016799422304321677,0.00016194756612101943,-3.803134839343238e-05
SO2,7.25,sklearn,36,0.002127037649904,0.002022640006301396,0.0001664820481072487,-0.00010439764360260393
SO2,7.25,sklearn,65,0.0018101725053737,0.0018264644911500497,0.00016786574916774927,1.6291985776349747e-05
SO2,7.25,sklearn,77,0.0015571387462016,0.0015659724444252216,0.00015722975942837473,8.833698223621473e-06
SO2,7.25,sklearn,8,0.0014280827408264,0.0013842118619388527,0.00016978958826982413,-4.3870878887547265e-05
SO2,7.25,gpboost_exact,16,0.0018627467030561,0.0017610145021383064,0.00015803331246776664,-0.00010173220091779368
SO2,7.25,gpboost_exact,44,0.0013668708945286,0.0014750791993222772,0.00016255934530802843,0.00010820830479367732
SO2,7.25,gpboost_exact,79,0.0018978879101844,0.0015990208654396737,0.0001642295174910194,-0.00029886704474472634
SO2,7.25,gpboost_exact,67,0.001339972861144,0.00136601868647822,0.00015590668887817725,2.604582533422017e-05
SO2,7.25,gpboost_exact,34,0.0017930759952514,0.001925304727412181,0.00016193512197133712,0.00013222873216078086
SO2,7.25,gpboost_exact,30,0.001391427657965,0.001369905538023444,0.00017224039342646376,-2.1522119941555983e-05
SO2,7.25,gpboost_exact,58,0.0011732998295954,0.001196251272083754,0.00015608477742008482,2.2951442488353905e-05
SO2,7.25,gpboost_exact,74,0.0011813741956234,0.001246442145159982,0.00015804340103984886,6.506794953658199e-05
SO2,7.25,gpboost_exact,85,0.00145668961719,0.001346194883289186,0.0001673797008366219,-0.00011049473390081408
SO2,7.25,gpboost_exact,54,0.0016433816178148,0.0017807661147451292,0.00016486048935113504,0.0001373844969303293
SO2,7.25,gpboost_exact,49,0.0018403812708613,0.0013054604445378972,0.00015977536645065302,-0.0005349208263234029
SO2,7.25,gpboost_exact,6,0.0015247801296532,0.0013053570624088503,0.00016387785402847472,-0.00021942306724434969
SO2,7.25,gpboost_exact,87,0.0019786384220634,0.0018560068414872756,0.00015000940887687308,-0.00012263158057612428
SO2,7.25,gpboost_exact,11,0.0017647095900785,0.0019460541163419992,0.00016306507509696326,0.0001813445262634991
SO2,7.25,gpboost_exact,82,0.0014906229029284,0.0013782829457409365,0.00015139208737478818,-0.00011233995718746355
SO2,7.25,gpboost_exact,41,0.001894659629275,0.001972009343303337,0.0001517454429548228,7.734971402833688e-05
SO2,7.25,gpboost_exact,22,0.0019200972749013,0.001699563204533605,0.00015992410914241845,-0.00022053407036769506
SO2,7.25,gpboost_exact,19,0.001083860548082,0.001112105257016758,0.0001520075258407927,2.824470893475809e-05
SO2,7.25,gpboost_exact,35,0.0011630354389349,0.001082425208549411,0.0001706545075442813,-8.061023038548895e-05
SO2,7.25,gpboost_exact,64,0.0017792518423743,0.0020369370816416326,0.00015938637746760017,0.00025768523926733263
SO2,7.25,gpboost_exact,47,0.0020093375578626,0.0018124116368420156,0.00016305669709833762,-0.00019692592102058416
SO2,7.25,gpboost_exact,12,0.0017344423376133,0.0018144611114299621,0.00014388247400768636,8.001877381666207e-05
SO2,7.25,gpboost_exact,53,0.0015145056920183,0.0015493839831494669,0.00016209037932038772,3.487829113116682e-05
SO2,7.25,gpboost_exact,14,0.0012351000082544,0.0012659968776937442,0.00015370954319918821,3.089686943934418e-05
SO2,7.25,gpboost_exact,13,0.0016286703522403,0.001683799418303698,0.00016783572668462423,5.512906606339814e-05
SO2,7.25,gpboost_exact,66,0.0017179735788256,0.0016799436497249342,0.00016194512760739355,-3.802992910066595e-05
SO2,7.25,gpboost_exact,36,0.002127037649904,0.002022635956160975,0.00016647931570873945,-0.00010440169374302489
SO2,7.25,gpboost_exact,65,0.0018101725053737,0.0018264649643127111,0.00016786310257168447,1.6292458939011142e-05
SO2,7.25,gpboost_exact,77,0.0015571387462016,0.0015659720489398434,0.0001572274158683384,8.833302738243303e-06
SO2,7.25,gpboost_exact,8,0.0014280827408264,0.0013842123518641933,0.0001697867449726209,-4.3870388962206734e-05
SO2,7.25,gpboost_vecchia,16,0.0018627467030561,0.001766611117565626,0.00015183260134477722,-9.613558549047404e-05
SO2,7.25,gpboost_vecchia,44,0.0013668708945286,0.001481224034420056,0.00015582576051805048,0.00011435313989145604
SO2,7.25,gpboost_vecchia,79,0.0018978879101844,0.0015878084568074363,0.0001578842909380447,-0.0003100794533769638
SO2,7.25,gpboost_vecchia,67,0.001339972861144,0.0013620564440450875,0.0001501015712352218,2.208358290108764e-05
SO2,7.25,gpboost_vecchia,34,0.0017930759952514,0.0019230399331278333,0.00015561188829266813,0.00012996393787643328
SO2,7.25,gpboost_vecchia,30,0.001391427657965,0.001347064689929929,0.00016404623139898203,-4.436296803507099e-05
SO2,7.25,gpboost_vecchia,58,0.0011732998295954,0.001190036870404205,0.0001505556935888769,1.673704080880508e-05
SO2,7.25,gpboost_vecchia,74,0.0011813741956234,0.0012560634692738858,0.00015213300461150976,7.46892736504857e-05
SO2,7.25,gpboost_vecchia,85,0.00145668961719,0.001327504378617633,0.00016064360791755877,-0.00012918523857236692
SO2,7.25,gpboost_vecchia,54,0.0016433816178148,0.0017721179938092093,0.00015817405809398334,0.0001287363759944094
SO2,7.25,gpboost_vecchia,49,0.0018403812708613,0.001302626113943172,0.00015383286179154718,-0.000537755156918128
SO2,7.25,gpboost_vecchia,6,0.0015247801296532,0.0012917596165078376,0.00015737658147280584,-0.00023302051314536237
SO2,7.25,gpboost_vecchia,87,0.0019786384220634,0.0018520559586805818,0.00014479680791536708,-0.0001265824633828181
SO2,7.25,gpboost_vecchia,11,0.0017647095900785,0.0019449431518705242,0.00015711899783805782,0.00018023356179202405
SO2,7.25,gpboost_vecchia,82,0.0014906229029284,0.0013774559259832231,0.00014619158119441865,-0.00011316697694517693
SO2,7.25,gpboost_vecchia,41,0.001894659629275,0.0019743795239009158,0.00014669898033590957,7.971989462591568e-05
SO2,7.25,gpboost_vecchia,22,0.0019200972749013,0.0016937875242881092,0.00015399853902608697,-0.0002263097506131908
SO2,7.25,gpboost_vecchia,19,0.001083860548082,0.0011130002497949315,0.00014675291970115073,2.9139701712931542e-05
SO2,7.25,gpboost_vecchia,35,0.0011630354389349,0.0010646524256390432,0.00016347853522291115,-9.838301329585667e-05
SO2,7.25,gpboost_vecchia,64,0.0017792518423743,0.002041668644694072,0.00015333220454624545,0.00026241680231977194
SO2,7.25,gpboost_vecchia,47,0.0020093375578626,0.0018264696626990996,0.0001567000787344095,-0.00018286789516350015
SO2,7.25,gpboost_vecchia,12,0.0017344423376133,0.0018171121078468095,0.00013923454532784206,8.266977023350941e-05
SO2,7.25,gpboost_vecchia,53,0.0015145056920183,0.0015479146511414334,0.00015606270262620434,3.340895912313331e-05
SO2,7.25,gpboost_vecchia,14,0.0012351000082544,0.001270451154141526,0.00014845240559825288,3.5351145887126036e-05
SO2,7.25,gpboost_vecchia,13,0.0016286703522403,0.0016910638654220904,0.00016060266928167094,6.239351318179046e-05
SO2,7.25,gpboost_vecchia,66,0.0017179735788256,0.001661806755400769,0.00015575378364831265,-5.616682342483121e-05
SO2,7.25,gpboost_vecchia,36,0.002127037649904,0.0020342193804920175,0.0001597017777809374,-9.281826941198246e-05
SO2,7.25,gpboost_vecchia,65,0.0018101725053737,0.0018151382551785979,0.0001613596353723563,4.965749804897862e-06
SO2,7.25,gpboost_vecchia,77,0.0015571387462016,0.0015629270510363884,0.00015141262662743087,5.7883048347883315e-06
SO2,7.25,gpboost_vecchia,8,0.0014280827408264,0.0013789093191524707,0.00016294454148791794,-4.917342167392929e-05
C2H2,7.5,sklearn,16,0.0019873126385247,0.0018484728692808815,0.0001653586264274791,-0.00013883976924381836
C2H2,7.5,sklearn,44,0.0014284091339124,0.0015422710561421287,0.00017182244231292811,0.0001138619222297286
C2H2,7.5,sklearn,79,0.0019769639626472,0.0016614627776332597,0.00017241253795817582,-0.0003155011850139401
C2H2,7.5,sklearn,67,0.0014209011498016,0.0014501965738650375,0.00016195895952750175,2.9295424063437506e-05
C2H2,7.5,sklearn,34,0.0018677612208812,0.002023611703850441,0.00016980373640527668,0.0001558504829692409
C2H2,7.5,sklearn,30,0.0014787230643552,0.0014841952428566603,0.00018543529716518367,5.47217850146043e-06
C2H2,7.5,sklearn,58,0.0012491133510237,0.0012709037771259418,0.00016168890569459406,2.1790426102241862e-05
C2H2,7.5,sklearn,74,0.0012473329807591,0.0012980435502162639,0.00016463773993284243,5.071056945716375e-05
C2H2,7.5,sklearn,85,0.001513938009824,0.0013907888167187152,0.0001767416621686026,-0.00012314919310528472
C2H2,7.5,sklearn,54,0.0017105922055444,0.0018782506009602752,0.00017401979128067271,0.00016765839541587517
C2H2,7.5,sklearn,49,0.0019376858828401,0.0013508252288821476,0.00016692050048195585,-0.0005868606539579525
C2H2,7.5,sklearn,6,0.0015910413447699,0.0013821767707416937,0.0001726751047678374,-0.00020886457402820627
C2H2,7.5,sklearn,87,0.0021086676526267,0.0019676632285055996,0.0001539889855726877,-0.00014100442412110035
C2H2,7.5,sklearn,11,0.0018118334750127,0.0020352275475795985,0.0001705121419425653,0.00022339407256689848
C2H2,7.5,sklearn,82,0.0015623684029276,0.0014496807956667216,0.0001559431438585403,-0.0001126876072608785
C2H2,7.5,sklearn,41,0.0019977187458711,0.002081750224199725,0.00015596380519866112,8.403147832862501e-05
C2H2,7.5,sklearn,22,0.0019784970908778,0.0017689341598077632,0.00016656200038941832,-0.00020956293107003698
C2H2,7.5,sklearn,19,0.0011491254778107,0.0011892729189138173,0.00015663824442639946,4.014744110311728e-05
C2H2,7.5,sklearn,35,0.0012311353166629,0.0011788417651631658,0.00018139926029486005,-5.229355149973425e-05
C2H2,7.5,sklearn,64,0.001848351027975,0.0021174060179080926,0.00016671023636658942,0.00026905498993309265
C2H2,7.5,sklearn,47,0.0021365322340386,0.0019366855232653833,0.00017123371586241562,-0.0001998467107732168
C2H2,7.5,sklearn,12,0.0018074189223634,0.0018846163350409036,0.00014631306180262185,7.71974126775037e-05
C2H2,7.5,sklearn,53,0.0016044593848024,0.001628632294599364,0.0001697274550782671,2.417290979696415e-05
C2H2,7.5,sklearn,14,0.0013141874727142,0.0013403970798868867,0.0001577705847840325,2.6209607172686823e-05
C2H2,7.5,sklearn,13,0.0017039559393506,0.001748429448289153,0.00017837571786079298,4.4473508938553145e-05
C2H2,7.5,sklearn,66,0.0018033250888484,0.0017785121932432956,0.00016956903886513128,-2.4812895605104326e-05
C2H2,7.5,sklearn,36,0.0022442314197389,0.0021093926209540485,0.00017596338916357445,-0.0001348387987848516
C2H2,7.5,sklearn,65,0.0018789696678185,0.0019282353264551367,0.0001766198622824015,4.926565863663671e-05
C2H2,7.5,sklearn,77,0.0016329718238216,0.0016575731213019631,0.00016377561785944396,2.4601297480363223e-05
C2H2,7.5,sklearn,8,0.0015223904255996,0.0014807038010191658,0.00017970481056413576,-4.168662458043423e-05
C2H2,7.5,gpboost_exact,16,0.0019873126385247,0.0018484752202216092,0.00016535927775817991,-0.00013883741830309068
C2H2,7.5,gpboost_exact,44,0.0014284091339124,0.0015422729378558788,0.00017182255776832135,0.0001138638039434787
C2H2,7.5,gpboost_exact,79,0.0019769639626472,0.0016614606124454455,0.00017241285283356575,-0.0003155033502017543
C2H2,7.5,gpboost_exact,67,0.0014209011498016,0.0014501928482023403,0.00016195997425887031,2.9291698400740317e-05
C2H2,7.5,gpboost_exact,34,0.0018677612208812,0.002023606892218654,0.00016980429210345749,0.00015584567133745389
C2H2,7.5,gpboost_exact,30,0.0014787230643552,0.001484180537047595,0.00018543407606210716,5.457472692395153e-06
C2H2,7.5,gpboost_exact,58,0.0012491133510237,0.0012709045496283467,0.0001616901310759501,2.179119860464679e-05
C2H2,7.5,gpboost_exact,74,0.0012473329807591,0.0012980445141107227,0.00016463863826791307,5.0711533351622574e-05
C2H2,7.5,gpboost_exact,85,0.001513938009824,0.0013907819415124654,0.00017674173407112057,-0.00012315606831153451
C2H2,7.5,gpboost_exact,54,0.0017105922055444,0.0018782448721575622,0.00017402001700994254,0.00016765266661316214
C2H2,7.5,gpboost_exact,49,0.0019376858828401,0.0013508283803641294,0.00016692122573827982,-0.0005868575024759706
C2H2,7.5,gpboost_exact,6,0.0015910413447699,0.00138216869781628,0.00017267539815205477,-0.00020887264695361994
C2H2,7.5,gpboost_exact,87,0.0021086676526267,0.0019676628739135624,0.0001539904183095465,-0.0001410047787131375
C2H2,7.5,gpboost_exact,11,0.0018118334750127,0.002035227919281124,0.00017051290603369408,0.00022339444426842394
C2H2,7.5,gpboost_exact,82,0.0015623684029276,0.0014496795464187062,0.0001559445240412739,-0.00011268885650889387
C2H2,7.5,gpboost_exact,41,0.0019977187458711,0.0020817508168441325,0.000155965421041773,8.403207097303252e-05
C2H2,7.5,gpboost_exact,22,0.0019784970908778,0.0017689342275595348,0.00016656279268335592,-0.00020956286331826534
C2H2,7.5,gpboost_exact,19,0.0011491254778107,0.0011892729525606659,0.00015663958431958068,4.014747474996583e-05
C2H2,7.5,gpboost_exact,35,0.0012311353166629,0.0011788343419378551,0.00018139888094839774,-5.230097472504495e-05
C2H2,7.5,gpboost_exact,64,0.001848351027975,0.0021174076657817227,0.00016671096960100306,0.00026905663780672274
C2H2,7.5,gpboost_exact,47,0.0021365322340386,0.001936697885124319,0.0001712342104836099,-0.00019983434891428123
C2H2,7.5,gpboost_exact,12,0.0018074189223634,0.0018846194223260694,0.00014631484034409247,7.72004999626695e-05
C2H2,7.5,gpboost_exact,53,0.0016044593848024,0.0016286307599061418,0.00016972819166371743,2.417137510374182e-05
C2H2,7.5,gpboost_exact,14,0.0013141874727142,0.0013404020686371785,0.00015777206329698932,2.6214595922978597e-05
C2H2,7.5,gpboost_exact,13,0.0017039559393506,0.0017484350741476685,0.00017837541248893156,4.447913479706852e-05
C2H2,7.5,gpboost_exact,66,0.0018033250888484,0.0017785012700588948,0.00016956969303635826,-2.4823818789505153e-05
C2H2,7.5,gpboost_exact,36,0.0022442314197389,0.002109401079838117,0.0001759635172005655,-0.00013483033990078315
C2H2,7.5,gpboost_exact,65,0.0018789696678185,0.001928230436269291,0.00017662021559304616,4.9260768450791036e-05
C2H2,7.5,gpboost_exact,77,0.0016329718238216,0.0016575665345424768,0.00016377653871533414,2.459471072087686e-05
C2H2,7.5,gpboost_exact,8,0.0015223904255996,0.0014807004914541846,0.0001797048592937691,-4.1689934145415454e-05
C2H2,7.5,gpboost_vecchia,16,0.0019873126385247,0.0018607701584007917,0.00015464904412228816,-0.00012654248012390818
C2H2,7.5,gpboost_vecchia,44,0.0014284091339124,0.0015390021990528153,0.0001600912635912908,0.00011059306514041517
C2H2,7.5,gpboost_vecchia,79,0.0019769639626472,0.00164852305499782,0.00016192861576994755,-0.00032844090764937986
C2H2,7.5,gpboost_vecchia,67,0.0014209011498016,0.0014413015551437904,0.00015195731642828598,2.040040534219043e-05
C2H2,7.5,gpboost_vecchia,34,0.0018677612208812,0.0020272181900896527,0.00015900954965503323,0.00015945696920845274
C2H2,7.5,gpboost_vecchia,30,0.0014787230643552,0.0014728092594819134,0.00017218031489922916,-5.913804873286478e-06
C2H2,7.5,gpboost_vecchia,58,0.0012491133510237,0.0012745189893003232,0.00015179851666228617,2.5405638276623224e-05
C2H2,7.5,gpboost_vecchia,74,0.0012473329807591,0.0012926726518576624,0.00015428812108812725,4.533967109856228e-05
C2H2,7.5,gpboost_vecchia,85,0.001513938009824,0.001360715312564284,0.00016542487059221413,-0.00015322269725971584
C2H2,7.5,gpboost_vecchia,54,0.0017105922055444,0.0018802719154436176,0.00016245884419872935,0.0001696797098992176
C2H2,7.5,gpboost_vecchia,49,0.0019376858828401,0.0013265216224753375,0.00015636342112675065,-0.0006111642603647625
C2H2,7.5,gpboost_vecchia,6,0.0015910413447699,0.001361149615450107,0.00016139803444753013,-0.000229891729319793
C2H2,7.5,gpboost_vecchia,87,0.0021086676526267,0.001969514583921767,0.00014522243898533094,-0.00013915306870493274
C2H2,7.5,gpboost_vecchia,11,0.0018118334750127,0.0020383033643496017,0.00015979609884120781,0.00022646988933690162
C2H2,7.5,gpboost_vecchia,82,0.0015623684029276,0.0014419803117170136,0.0001467279066111434,-0.00012038809121058653
C2H2,7.5,gpboost_vecchia,41,0.0019977187458711,0.002091894077616483,0.0001467876936644414,9.417533174538306e-05
C2H2,7.5,gpboost_vecchia,22,0.0019784970908778,0.0017458580208762806,0.00015667177299822404,-0.00023263907000151953
C2H2,7.5,gpboost_vecchia,19,0.0011491254778107,0.0011858066251667586,0.00014741521130093278,3.668114735605856e-05
C2H2,7.5,gpboost_vecchia,35,0.0012311353166629,0.001161475142077807,0.00016955389146940797,-6.966017458509316e-05
C2H2,7.5,gpboost_vecchia,64,0.001848351027975,0.002129213291999379,0.00015590170775207733,0.0002808622640243792
C2H2,7.5,gpboost_vecchia,47,0.0021365322340386,0.0019559344747408754,0.00016010384235822469,-0.00018059775929772474
C2H2,7.5,gpboost_vecchia,12,0.0018074189223634,0.001894188750676777,0.00013830869095552797,8.676982831337708e-05
C2H2,7.5,gpboost_vecchia,53,0.0016044593848024,0.001630284221382478,0.00015877284254380957,2.5824836580078028e-05
C2H2,7.5,gpboost_vecchia,14,0.0013141874727142,0.0013368520883274455,0.00014915190390044715,2.266461561324564e-05
C2H2,7.5,gpboost_vecchia,13,0.0017039559393506,0.0017621265780456495,0.0001665434390789169,5.8170638695049506e-05
C2H2,7.5,gpboost_vecchia,66,0.0018033250888484,0.0017642872225247226,0.00015890512683160187,-3.9037866323677305e-05
C2H2,7.5,gpboost_vecchia,36,0.0022442314197389,0.0021290622999959527,0.00016424445698874835,-0.00011516911974294736
C2H2,7.5,gpboost_vecchia,65,0.0018789696678185,0.0019385379430966695,0.00016550914692831074,5.956827527816948e-05
C2H2,7.5,gpboost_vecchia,77,0.0016329718238216,0.0016470498261616621,0.00015344868511451803,1.4078002340062222e-05
C2H2,7.5,gpboost_vecchia,8,0.0015223904255996,0.001476771364095377,0.00016777110947013808,-4.561906150422294e-05
PH3,10.0,sklearn,16,0.0037571002139655,0.003933310018421911,0.0003148537154234661,0.0001762098044564113
PH3,10.0,sklearn,44,0.003352686610179,0.00395923091519119,0.0003178079778405261,0.0006065443050121905
PH3,10.0,sklearn,79,0.0042567661902771,0.00376443362254828,0.00032118730676717624,-0.00049233256772882
PH3,10.0,sklearn,67,0.0028244430141325,0.003059005122786258,0.00031452312695902666,0.0002345621086537581
PH3,10.0,sklearn,34,0.0044875784861494,0.004308984834957283,0.0003186663500561272,-0.00017859365119211705
PH3,10.0,sklearn,30,0.0028805789630242,0.0028791632523265877,0.0003218602532152892,-1.4157106976121422e-06
PH3,10.0,sklearn,58,0.0028270615423082,0.0030147000534674964,0.00031630780456556575,0.00018763851115929627
PH3,10.0,sklearn,74,0.0035170492627663,0.003318799141530985,0.00031697072998575877,-0.00019825012123531483
PH3,10.0,sklearn,85,0.0036750740721436,0.0035805892456693906,0.00032341140078068485,-9.448482647420953e-05
PH3,10.0,sklearn,54,0.0042783820850186,0.00396229610274182,0.0003206860744269697,-0.0003160859822767797
PH3,10.0,sklearn,49,0.0031596654687111,0.0033223302472560803,0.0003187396839722566,0.00016266477854498008
PH3,10.0,sklearn,6,0.0039618926038968,0.0037728742637904524,0.00032049318518190706,-0.00018901834010634716
PH3,10.0,sklearn,87,0.0039487149348729,0.0038432880192003243,0.00031080148392400274,-0.000105426915672576
PH3,10.0,sklearn,11,0.0041187497968099,0.004064014435321566,0.0003225708736636519,-5.473536148833426e-05
PH3,10.0,sklearn,82,0.0036600160633989,0.0034925092491457873,0.0003128993016665636,-0.00016750681425311284
PH3,10.0,sklearn,41,0.0038965250044947,0.003924096508637361,0.0003133716995201196,2.7571504142660883e-05
PH3,10.0,sklearn,22,0.0039051396065412,0.0035752216827728165,0.0003188806683481273,-0.0003299179237683833
PH3,10.0,sklearn,19,0.0028380991474771,0.0030857744394871176,0.00031347583213447294,0.00024767529201001745
PH3,10.0,sklearn,35,0.0027649717090052,0.002845470691056862,0.00032497400415918684,8.049898205166224e-05
PH3,10.0,sklearn,64,0.0045951366219054,0.004386935290190441,0.0003178391297222281,-0.0002082013317149592
PH3,10.0,sklearn,47,0.00418338872623,0.004155429603954055,0.00032023250269188063,-2.795912227594559e-05
PH3,10.0,sklearn,12,0.0043105950465773,0.0040725253301888776,0.0003058721478093496,-0.00023806971638842215
PH3,10.0,sklearn,53,0.0033751084546358,0.003491693110929417,0.0003208484422471926,0.00011658465629361698
PH3,10.0,sklearn,14,0.0030018058312738,0.0031927689442511685,0.00031461625170117394,0.0001909631129773685
PH3,10.0,sklearn,13,0.0037974209744727,0.003896234042805079,0.0003205995657710888,9.881306833237893e-05
PH3,10.0,sklearn,66,0.0034878217915339,0.0035876765175086567,0.0003202181604555499,9.985472597475679e-05
PH3,10.0,sklearn,36,0.0043728075273539,0.004063875244819159,0.00032225889818205924,-0.00030893228253474174
PH3,10.0,sklearn,65,0.0044926316176491,0.004202607656296112,0.00032522434443318406,-0.00029002396135298803
PH3,10.0,sklearn,77,0.0038039940828008,0.003939344436850223,0.0003163018347948826,0.00013535035404942282
PH3,10.0,sklearn,8,0.0030684787739488,0.0031342680511589,0.0003256079272951616,6.578927721010005e-05
PH3,10.0,gpboost_exact,16,0.0037571002139655,0.003933439687451824,0.0003148341612268355,0.00017633947348632412
PH3,10.0,gpboost_exact,44,0.003352686610179,0.0039593575400776885,0.00031778852022956104,0.0006066709298986886
PH3,10.0,gpboost_exact,79,0.0042567661902771,0.0037644029480713567,0.0003211699086640072,-0.0004923632422057433
PH3,10.0,gpboost_exact,67,0.0028244430141325,0.0030589860381663955,0.0003145042842429364,0.00023454302403389535
PH3,10.0,gpboost_exact,34,0.0044875784861494,0.004309041365662978,0.00031864755696319244,-0.00017853712048642237
PH3,10.0,gpboost_exact,30,0.0028805789630242,0.002879079716543193,0.0003218410903487044,-1.4992464810069037e-06
PH3,10.0,gpboost_exact,58,0.0028270615423082,0.0030146598762318833,0.0003162893688778977,0.00018759833392368317
PH3,10.0,gpboost_exact,74,0.0035170492627663,0.003318827938451324,0.0003169525554346397,-0.00019822132431497608
PH3,10.0,gpboost_exact,85,0.0036750740721436,0.003580605615621945,0.00032339392550674264,-9.446845652165501e-05
PH3,10.0,gpboost_exact,54,0.0042783820850186,0.003962356343095697,0.00032066741899193957,-0.0003160257419229026
PH3,10.0,gpboost_exact,49,0.0031596654687111,0.003322397818743333,0.0003187218645462557,0.00016273235003223287
PH3,10.0,gpboost_exact,6,0.0039618926038968,0.003772931788318883,0.0003204750352718051,-0.00018896081557791657
PH3,10.0,gpboost_exact,87,0.0039487149348729,0.0038433780740236927,0.00031078323683174554,-0.0001053368608492076
PH3,10.0,gpboost_exact,11,0.0041187497968099,0.004064053497316888,0.00032255378495629387,-5.46962994930119e-05
PH3,10.0,gpboost_exact,82,0.0036600160633989,0.0034925241107293965,0.000312881492946348,-0.0001674919526695037
PH3,10.0,gpboost_exact,41,0.0038965250044947,0.003924117596142841,0.00031335305446790696,2.7592591648141398e-05
PH3,10.0,gpboost_exact,22,0.0039051396065412,0.003575303782944869,0.0003188632799018519,-0.000329835823596331
PH3,10.0,gpboost_exact,19,0.0028380991474771,0.0030857541101451296,0.00031345804155648196,0.0002476549626680294
PH3,10.0,gpboost_exact,35,0.0027649717090052,0.0028453579297566694,0.00032495653278150164,8.038622075146962e-05
PH3,10.0,gpboost_exact,64,0.0045951366219054,0.004387083218379701,0.0003178206813100947,-0.00020805340352569868
PH3,10.0,gpboost_exact,47,0.00418338872623,0.004155565321385986,0.0003202145257142803,-2.7823404844013952e-05
PH3,10.0,gpboost_exact,12,0.0043105950465773,0.0040726328226347325,0.0003058531126591889,-0.00023796222394256716
PH3,10.0,gpboost_exact,53,0.0033751084546358,0.003491691465984642,0.00032083049908822466,0.00011658301134884197
PH3,10.0,gpboost_exact,14,0.0030018058312738,0.0031927973963874114,0.0003145986034929195,0.00019099156511361145
PH3,10.0,gpboost_exact,13,0.0037974209744727,0.0038962388234148096,0.00032058037136668865,9.88178489421095e-05
PH3,10.0,gpboost_exact,66,0.0034878217915339,0.0035876552527999254,0.0003202004709647576,9.98334612660255e-05
PH3,10.0,gpboost_exact,36,0.0043728075273539,0.004063952534989995,0.00032224092368034657,-0.00030885499236390536
PH3,10.0,gpboost_exact,65,0.0044926316176491,0.004202636348246501,0.00032520757229748815,-0.0002899952694025987
PH3,10.0,gpboost_exact,77,0.0038039940828008,0.003939412012362229,0.0003162832099888612,0.00013541792956142922
PH3,10.0,gpboost_exact,8,0.0030684787739488,0.003134234594211702,0.00032559055641993997,6.575582026290211e-05
PH3,10.0,gpboost_vecchia,16,0.0037571002139655,0.003922671307504607,0.00029825469677476513,0.0001655710935391068
PH3,10.0,gpboost_vecchia,44,0.003352686610179,0.003963591797149205,0.00030113538042223637,0.0006109051869702051
PH3,10.0,gpboost_vecchia,79,0.0042567661902771,0.003712377478924621,0.00030431520276880835,-0.0005443887113524789
PH3,10.0,gpboost_vecchia,67,0.0028244430141325,0.0030541487526973754,0.00029788637442567875,0.00022970573856487524
PH3,10.0,gpboost_vecchia,34,0.0044875784861494,0.004285902896463005,0.00030192931037942045,-0.00020167558968639532
PH3,10.0,gpboost_vecchia,30,0.0028805789630242,0.0028640390046076555,0.00030471332438140175,-1.6539958416544355e-05
PH3,10.0,gpboost_vecchia,58,0.0028270615423082,0.0030042475503817977,0.00029967317901211007,0.00017718600807359753
PH3,10.0,gpboost_vecchia,74,0.0035170492627663,0.003310904940139767,0.0003002711297088621,-0.0002061443226265328
PH3,10.0,gpboost_vecchia,85,0.0036750740721436,0.0035567375376244215,0.00030637824544105805,-0.00011833653451917862
PH3,10.0,gpboost_vecchia,54,0.0042783820850186,0.003939829486419248,0.0003038337602401101,-0.0003385525985993513
PH3,10.0,gpboost_vecchia,49,0.0031596654687111,0.003312661738419636,0.0003019912073356231,0.00015299626970853575
PH3,10.0,gpboost_vecchia,6,0.0039618926038968,0.0037540632903213787,0.00030364036136515946,-0.00020782931357542092
PH3,10.0,gpboost_vecchia,87,0.0039487149348729,0.003825334195178214,0.0002945221562623697,-0.00012338073969468634
PH3,10.0,gpboost_vecchia,11,0.0041187497968099,0.0040326128385132385,0.0003055600514729522,-8.613695829666132e-05
PH3,10.0,gpboost_vecchia,82,0.0036600160633989,0.003483339965468885,0.00029647809233605924,-0.00017667609793001497
PH3,10.0,gpboost_vecchia,41,0.0038965250044947,0.0039021174403810416,0.000296915090582104,5.592435886341788e-06
PH3,10.0,gpboost_vecchia,22,0.0039051396065412,0.003560242603130895,0.00030214119900541243,-0.00034489700341030485
PH3,10.0,gpboost_vecchia,19,0.0028380991474771,0.003080567142628889,0.0002970201677724998,0.00024246799515178878
PH3,10.0,gpboost_vecchia,35,0.0027649717090052,0.00281864415128208,0.0003078061460768932,5.367244227688032e-05
PH3,10.0,gpboost_vecchia,64,0.0045951366219054,0.0043802775256021565,0.0003011315341728391,-0.00021485909630324356
PH3,10.0,gpboost_vecchia,47,0.00418338872623,0.004145641045568718,0.0003033408501065079,-3.774768066128198e-05
PH3,10.0,gpboost_vecchia,12,0.0043105950465773,0.004057751211320742,0.000289838136281102,-0.0002528438352565575
PH3,10.0,gpboost_vecchia,53,0.0033751084546358,0.0034731723138235987,0.0003040136350204603,9.806385918779883e-05
PH3,10.0,gpboost_vecchia,14,0.0030018058312738,0.003188683020584237,0.0002980375219555502,0.0001868771893104369
PH3,10.0,gpboost_vecchia,13,0.0037974209744727,0.0038723327815940976,0.000303679215179775,7.491180712139748e-05
PH3,10.0,gpboost_vecchia,66,0.0034878217915339,0.00356098990769694,0.0003033707837795024,7.316811616303988e-05
PH3,10.0,gpboost_vecchia,36,0.0043728075273539,0.0040348680966821185,0.0003052409467089742,-0.00033793943067178187
PH3,10.0,gpboost_vecchia,65,0.0044926316176491,0.004169213360025363,0.00030793690020972846,-0.0003234182576237364
PH3,10.0,gpboost_vecchia,77,0.0038039940828008,0.003924276967517802,0.0002997556564884449,0.00012028288471700212
PH3,10.0,gpboost_vecchia,8,0.0030684787739488,0.0031247515969986387,0.0003083225570219452,5.627282304983879e-05
NH3,10.5,sklearn,16,0.0034381303582747,0.0036199032656880773,0.00032237976255939174,0.00018177290741337726
NH3,10.5,sklearn,44,0.0032431309609603,0.00352669002713098,0.00032944835961712485,0.0002835590661706801
NH3,10.5,sklearn,79,0.0038077858809969,0.0033973686987791634,0.00033128555227654916,-0.0004104171822177367
NH3,10.5,sklearn,67,0.0023585978996256,0.0024184118186918423,0.0003194082662583658,5.981391906624209e-05
NH3,10.5,sklearn,34,0.0043122794769539,0.0040602875718462675,0.00032893242839792725,-0.0002519919051076321
NH3,10.5,sklearn,30,0.0023953971612157,0.0023751207867905586,0.0003419180311288491,-2.027637442514156e-05
NH3,10.5,sklearn,58,0.0022589065134169,0.002367977385892522,0.0003208414058985448,0.0001090708724756223
NH3,10.5,sklearn,74,0.0027862341169026,0.0027993019522512294,0.0003230580133318091,1.3067835348629531e-05
NH3,10.5,sklearn,85,0.0037832564641639,0.003600987712160337,0.0003369699772533022,-0.0001822687520035629
NH3,10.5,sklearn,54,0.003834171247769,0.00373163829119462,0.0003336137910549133,-0.00010253295657438027
NH3,10.5,sklearn,49,0.0032720575125728,0.003157305016639822,0.0003258686839468764,-0.00011475249593297793
NH3,10.5,sklearn,6,0.003508121603472,0.0036009395415201088,0.00033195585776670574,9.281793804810862e-05
NH3,10.5,sklearn,87,0.0034565694826618,0.0033906190679640056,0.0003088852585433127,-6.595041469779428e-05
NH3,10.5,sklearn,11,0.0039808448895644,0.004048548483028313,0.00033212224782679225,6.770359346391312e-05
NH3,10.5,sklearn,82,0.0031348711322948,0.002973960075353147,0.00031216726656264584,-0.00016091105694165334
NH3,10.5,sklearn,41,0.0032538510397408,0.003447323831559664,0.0003142106251273611,0.00019347279181886404
NH3,10.5,sklearn,22,0.0041092190551417,0.003677555969049446,0.0003253629925784502,-0.0004316630860922541
NH3,10.5,sklearn,19,0.0022697679666854,0.0025155576722940736,0.0003132876699086306,0.00024578970560867365
NH3,10.5,sklearn,35,0.0022816835734744,0.0024039082582688193,0.0003411491731125601,0.0001222246847944193
NH3,10.5,sklearn,64,0.004463740376305,0.004105725891082516,0.00032571310122888236,-0.00035801448522248397
NH3,10.5,sklearn,47,0.0037378503164738,0.0036401767534596967,0.0003309083403633681,-9.767356301410316e-05
NH3,10.5,sklearn,12,0.0037421911308757,0.0035135977856927277,0.0002984769052318736,-0.0002285933451829725
NH3,10.5,sklearn,53,0.0028030225672732,0.0028792627234108903,0.00033058348143552796,7.624015613769044e-05
NH3,10.5,sklearn,14,0.0024280840328512,0.0024850799764570986,0.0003154924382538474,5.69959436058985e-05
NH3,10.5,sklearn,13,0.0032591466425823,0.0034966278954842215,0.00033656322654244725,0.00023748125290192152
NH3,10.5,sklearn,66,0.002982616088949,0.002971937847980426,0.0003295241302087633,-1.0678240968574164e-05
NH3,10.5,sklearn,36,0.0036258967052256,0.003497291714199217,0.00033594975418512835,-0.00012860499102638296
NH3,10.5,sklearn,65,0.004358903388093,0.003986582482826144,0.00033860744747226263,-0.00037232090526685604
NH3,10.5,sklearn,77,0.0031425344949543,0.003341570814743249,0.0003220196836088494,0.00019903631978894889
NH3,10.5,sklearn,8,0.0025276627685258,0.0025003318828908812,0.0003416274321690428,-2.733088563491859e-05
NH3,10.5,gpboost_exact,16,0.0034381303582747,0.0036199171170704352,0.0003223776236423438,0.0001817867587957352
NH3,10.5,gpboost_exact,44,0.0032431309609603,0.003526678514794629,0.0003294453686696949,0.00028354755383432897
NH3,10.5,gpboost_exact,79,0.0038077858809969,0.003397389164859758,0.0003312837170454781,-0.00041039671613714215
NH3,10.5,gpboost_exact,67,0.0023585978996256,0.0024184125175562184,0.0003194066715476111,5.981461793061818e-05
NH3,10.5,gpboost_exact,34,0.0043122794769539,0.004060253738570819,0.0003289300629321157,-0.0002520257383830807
NH3,10.5,gpboost_exact,30,0.0023953971612157,0.002375120835454612,0.0003419141429375475,-2.0276325761088305e-05
NH3,10.5,gpboost_exact,58,0.0022589065134169,0.002367992249821054,0.0003208397893575074,0.00010908573640415389
NH3,10.5,gpboost_exact,74,0.0027862341169026,0.0027993114305670695,0.0003230561493068019,1.3077313664469625e-05
NH3,10.5,gpboost_exact,85,0.0037832564641639,0.0036009820132189693,0.0003369673447734185,-0.00018227445094493077
NH3,10.5,gpboost_exact,54,0.003834171247769,0.003731635470386803,0.00033361085159399966,-0.0001025357773821972
NH3,10.5,gpboost_exact,49,0.0032720575125728,0.003157325288604226,0.00032586673219059094,-0.00011473222396857392
NH3,10.5,gpboost_exact,6,0.003508121603472,0.0036009215483690364,0.0003319531930557092,9.279994489703623e-05
NH3,10.5,gpboost_exact,87,0.0034565694826618,0.003390638126123736,0.00030888511846844605,-6.59313565380638e-05
NH3,10.5,gpboost_exact,11,0.0039808448895644,0.004048548212534607,0.00033212000913523953,6.770332297020669e-05
NH3,10.5,gpboost_exact,82,0.0031348711322948,0.0029739560027240187,0.0003121664640644554,-0.00016091512957078138
NH3,10.5,gpboost_exact,41,0.0032538510397408,0.003447317153545373,0.00031420947900296086,0.00019346611380457318
NH3,10.5,gpboost_exact,22,0.0041092190551417,0.0036775732212485433,0.0003253616448394194,-0.0004316458338931568
NH3,10.5,gpboost_exact,19,0.0022697679666854,0.0025155648683818825,0.00031328687303293666,0.0002457969016964826
NH3,10.5,gpboost_exact,35,0.0022816835734744,0.002403911616398569,0.0003411461914767955,0.00012222804292416883
NH3,10.5,gpboost_exact,64,0.004463740376305,0.0041057115564546234,0.00032571079710308286,-0.00035802881985037664
NH3,10.5,gpboost_exact,47,0.0037378503164738,0.0036401805184106883,0.00033090584376940584,-9.766979806311157e-05
NH3,10.5,gpboost_exact,12,0.0037421911308757,0.0035136000841731623,0.0002984774959350406,-0.00022859104670253788
NH3,10.5,gpboost_exact,53,0.0028030225672732,0.002879262393593266,0.00033058098724411867,7.623982632006627e-05
NH3,10.5,gpboost_exact,14,0.0024280840328512,0.0024850913898790974,0.00031549228258631373,5.700735702789724e-05
NH3,10.5,gpboost_exact,13,0.0032591466425823,0.003496612254909372,0.0003365601054463004,0.00023746561232707193
NH3,10.5,gpboost_exact,66,0.002982616088949,0.0029719452596036317,0.00032952188931791195,-1.0670829345368373e-05
NH3,10.5,gpboost_exact,36,0.0036258967052256,0.003497306786292751,0.00033594677038191397,-0.00012858991893284922
NH3,10.5,gpboost_exact,65,0.004358903388093,0.003986567576240698,0.00033860494760330295,-0.0003723358118523021
NH3,10.5,gpboost_exact,77,0.0031425344949543,0.0033415691526145095,0.0003220177556374186,0.00019903465766020955
NH3,10.5,gpboost_exact,8,0.0025276627685258,0.00250032696929377,0.00034162430613324544,-2.733579923202981e-05
NH3,10.5,gpboost_vecchia,16,0.0034381303582747,0.0036564752513979625,0.00029120436448370584,0.0002183448931232625
NH3,10.5,gpboost_vecchia,44,0.0032431309609603,0.0035346006819049957,0.0002965243895815949,0.0002914697209446958
NH3,10.5,gpboost_vecchia,79,0.0038077858809969,0.0033547472725562947,0.00030031037714454414,-0.0004530386084406054
NH3,10.5,gpboost_vecchia,67,0.0023585978996256,0.0024099732941058076,0.00028940692270535676,5.1375394480207386e-05
NH3,10.5,gpboost_vecchia,34,0.0043122794769539,0.004035518803333029,0.0002972056891445662,-0.0002767606736208709
NH3,10.5,gpboost_vecchia,30,0.0023953971612157,0.002363343634376177,0.00030645127606563163,-3.2053526839523165e-05
NH3,10.5,gpboost_vecchia,58,0.0022589065134169,0.002384143899985483,0.0002908552115442941,0.00012523738656858296
NH3,10.5,gpboost_vecchia,74,0.0027862341169026,0.0028087723884688055,0.000292391318239908,2.253827156620562e-05
NH3,10.5,gpboost_vecchia,85,0.0037832564641639,0.0035917538939094305,0.0003043304537548158,-0.0001915025702544696
NH3,10.5,gpboost_vecchia,54,0.003834171247769,0.003724035883083077,0.0003006265624993485,-0.00011013536468592331
NH3,10.5,gpboost_vecchia,49,0.0032720575125728,0.003182048491398039,0.00029508738983843625,-9.0009021174761e-05
NH3,10.5,gpboost_vecchia,6,0.003508121603472,0.0036081946701238847,0.00029966944477834585,0.00010007306665188453
NH3,10.5,gpboost_vecchia,87,0.0034565694826618,0.0034166198108939215,0.0002816678278143788,-3.9949671767878364e-05
NH3,10.5,gpboost_vecchia,11,0.0039808448895644,0.004043994050098395,0.0003005970810691407,6.314916053399428e-05
NH3,10.5,gpboost_vecchia,82,0.0031348711322948,0.0029695018701835895,0.0002840070049619906,-0.00016536926211121062
NH3,10.5,gpboost_vecchia,41,0.0032538510397408,0.0034348202817186383,0.0002854311095238837,0.00018096924197783838
NH3,10.5,gpboost_vecchia,22,0.0041092190551417,0.003697091446973671,0.00029560509843314586,-0.00041212760816802894
NH3,10.5,gpboost_vecchia,19,0.0022697679666854,0.0025158195661416707,0.00028515182718294045,0.0002460515994562708
NH3,10.5,gpboost_vecchia,35,0.0022816835734744,0.0023810327454875813,0.0003075615416734844,9.934917201318135e-05
NH3,10.5,gpboost_vecchia,64,0.004463740376305,0.004127671490285606,0.00029432339051782563,-0.00033606888601939427
NH3,10.5,gpboost_vecchia,47,0.0037378503164738,0.0036702312391621943,0.00029878068369275335,-6.761907731160557e-05
NH3,10.5,gpboost_vecchia,12,0.0037421911308757,0.0035184548677633324,0.00027292414668942706,-0.00022373626311236782
NH3,10.5,gpboost_vecchia,53,0.0028030225672732,0.002873076982237252,0.0002986903030528367,7.005441496405222e-05
NH3,10.5,gpboost_vecchia,14,0.0024280840328512,0.002489899953230063,0.0002880085735260415,6.181592037886275e-05
NH3,10.5,gpboost_vecchia,13,0.0032591466425823,0.00349183163557795,0.00030305008835128253,0.00023268499299565005
NH3,10.5,gpboost_vecchia,66,0.002982616088949,0.002952737133000904,0.00029812865818618556,-2.9878955948095965e-05
NH3,10.5,gpboost_vecchia,36,0.0036258967052256,0.0034984316896976043,0.00030265190763672644,-0.00012746501552799577
NH3,10.5,gpboost_vecchia,65,0.004358903388093,0.0039604617380896035,0.0003061097744876288,-0.00039844165000339684
NH3,10.5,gpboost_vecchia,77,0.0031425344949543,0.0033380044151707106,0.0002914903598933853,0.00019546992021641065
NH3,10.5,gpboost_vecchia,8,0.0025276627685258,0.0024904351932463807,0.0003077854427728759,-3.7227575279419074e-05
