replicate,framework,test_point,actual_latent,actual_observed,predicted,predicted_sd,residual
0,gpboost_exact,0,-0.6630191620393133,-0.550283685875071,-0.20383982705119763,0.3908723983114918,0.4591793349881157
0,gpboost_exact,1,0.37988574265512326,0.3896461419046673,0.6413423736008923,0.30113747455717077,0.26145663094576904
0,gpboost_exact,2,-0.11558762177687198,-0.20964064332699364,0.2654630034053582,0.3639335769785185,0.3810506251822302
0,gpboost_exact,3,0.13134339123369843,0.07841616056370909,-0.25523169681800617,0.3786795779513525,-0.3865750880517046
0,gpboost_exact,4,-0.6752874987918062,-0.6679599673332365,0.08996042857917352,0.3636031348742382,0.7652479273709797
0,gpboost_exact,5,-0.5263465635952771,-0.5225942403613173,-0.7431333135131384,0.3644874396991213,-0.2167867499178613
0,gpboost_exact,6,-1.3010296728696291,-1.3101167658322255,-1.0597479908530334,0.35697347017345954,0.24128168201659572
0,gpboost_exact,7,0.6656797369107204,0.6625964855023019,0.613566735467189,0.3715147985683813,-0.05211300144353137
0,gpboost_exact,8,-0.030728346980866517,-0.05216585795137793,0.16555431215933591,0.38629622790860924,0.19628265914020243
0,gpboost_exact,9,0.15574787836172765,0.01155000479772636,-0.07180925856043174,0.3574324581866287,-0.2275571369221594
0,gpboost_exact,10,-0.1757879141860041,-0.22743898840208737,-0.5081316478421405,0.36043516110156343,-0.3323437336561364
0,gpboost_exact,11,0.2791915801315735,0.3706539855302582,-0.16717458585696576,0.3662468555959876,-0.4463661659885393
0,gpboost_exact,12,0.36635695072374364,0.22952352096863188,0.4990369615031578,0.3576464021015206,0.13268001077941416
0,gpboost_exact,13,-0.17695020068518924,-0.1959057518391171,0.19634041707276828,0.39525256105083467,0.3732906177579575
0,gpboost_exact,14,0.49514134187092507,0.4131659489938407,0.4075754110708343,0.35078943022714726,-0.08756593080009079
0,gpboost_exact,15,0.3959094676517145,0.40704451059152563,0.2770050401494686,0.332457326763506,-0.11890442750224589
0,gpboost_exact,16,0.16825805497455648,0.12939473686787467,0.5123765577354549,0.3532231177424716,0.3441185027608984
0,gpboost_exact,17,0.11090838312724477,0.2586477496247117,0.2669442056811935,0.38278122924269453,0.1560358225539487
0,gpboost_exact,18,0.3686890830798314,0.41934739849885677,0.26181979148308443,0.23552788535236663,-0.10686929159674696
0,gpboost_exact,19,-0.2107479988972513,-0.34192831547497243,-0.08316817315229219,0.3752466168095454,0.1275798257449591
0,gpboost_exact,20,0.49682715694257723,0.5639499581039471,0.6983090336101156,0.3971381664171351,0.20148187666753842
0,gpboost_exact,21,0.17011102008870785,0.09264583446250155,-0.1587738414316533,0.3676538294206299,-0.3288848615203611
0,gpboost_exact,22,-0.26114947304560177,-0.31884911018335516,0.2961719262277116,0.3800287686002814,0.5573213992733134
0,gpboost_exact,23,-1.0734442514996676,-1.0420623494889554,-0.16020089066733822,0.38033568272521245,0.9132433608323294
0,gpboost_exact,24,-0.7454983346187581,-0.7946730765917717,-0.40469029016514435,0.3743747726603096,0.3408080444536138
0,gpboost_exact,25,0.35544398206246586,0.4447295636947614,0.07557968136903659,0.3767252793426689,-0.27986430069342927
0,gpboost_exact,26,-0.19108644585882428,-0.2685374520101638,0.053170533813919896,0.3654950683070828,0.24425697967274418
0,gpboost_exact,27,-1.0839148099589424,-1.1458094652180788,0.06698021280564914,0.39319830010418966,1.1508950227645915
0,gpboost_exact,28,0.24544673336801887,0.17980964401320798,0.4742513796702701,0.4121557410925592,0.22880464630225122
0,gpboost_exact,29,-0.5177928523919084,-0.5743567272274123,-0.5453245016851422,0.3926755788754546,-0.027531649293233817
0,gpboost_exact,30,-0.7705700100720834,-0.6606508545173021,-0.4262734711964953,0.3520421591412946,0.3442965388755881
0,gpboost_exact,31,-0.3328378619739045,-0.2699582326128742,-0.37711109347349137,0.36664748232610656,-0.04427323149958684
0,gpboost_exact,32,-0.41030833202151223,-0.23931393662030512,-0.5966406625918093,0.362000900075589,-0.18633233057029702
0,gpboost_exact,33,-1.0129741665244514,-0.7862097461345259,-0.051485793488764475,0.4143567666893761,0.9614883730356869
0,gpboost_exact,34,1.3871572930004332,1.2840855898071992,0.46339358679033227,0.3737403484550348,-0.923763706210101
0,gpboost_exact,35,-0.22644769260872732,-0.21940577987599844,-0.2894308337860716,0.37554154731319545,-0.06298314117734427
0,gpboost_exact,36,0.08576826398706866,-0.03185176767727464,0.32317741421090984,0.4325626694329112,0.23740915022384118
0,gpboost_exact,37,0.5372312918805727,0.459470699105746,0.4380572195331043,0.35863200853129906,-0.09917407234746844
0,gpboost_exact,38,-0.09314631291685999,-0.15615456394242694,-0.33563693971015107,0.3538242811228053,-0.2424906267932911
0,gpboost_exact,39,0.5861308719228242,0.4804153845089968,0.4984640431642102,0.3134610320625871,-0.08766682875861398
0,gpboost_exact,40,-0.6284638751744682,-0.7336526024643096,-0.40397589090350117,0.39860602907199383,0.22448798427096706
0,gpboost_exact,41,0.9108171203839158,0.8963886825318903,0.3233806155021881,0.3570481298127723,-0.5874365048817277
0,gpboost_exact,42,-0.6589564909368302,-0.7806283327754708,0.06294756982938399,0.4070489791809318,0.7219040607662142
0,gpboost_exact,43,-0.8328453368031838,-0.7486326408894206,-0.6909947656394637,0.37285945392380937,0.14185057116372013
0,gpboost_exact,44,-0.7166607881077101,-0.8084361418494614,-0.6483837799143775,0.36085735006139796,0.0682770081933326
0,gpboost_exact,45,-0.5752710261602259,-0.29431412915058663,-0.507966398925709,0.36373218050679185,0.0673046272345168
0,gpboost_exact,46,0.05580804079707474,0.01066959570063522,0.3207968984024028,0.3522344189037625,0.26498885760532803
0,gpboost_exact,47,-0.6432208868556204,-0.6360191226639151,-0.6682091376835675,0.36153522935368687,-0.02498825082794709
0,gpboost_exact,48,0.6179909590130389,0.48845684056643535,0.550850057681771,0.33315898485413176,-0.06714090133126793
0,gpboost_exact,49,-0.6325466990993271,-0.46193752328656323,-0.5102670074473323,0.37293076612884957,0.12227969165199482
0,gpboost_exact,50,0.4146314570742012,0.5265815251544927,0.14291963377235195,0.3134629551968655,-0.27171182330184923
0,gpboost_exact,51,0.5005227846186212,0.5302143716922325,0.20158825346348408,0.39482838256551894,-0.29893453115513713
0,gpboost_exact,52,0.1525826081720733,0.01790235329411674,0.18419753041045794,0.3857788335335867,0.031614922238384635
0,gpboost_exact,53,-0.019217963128391524,0.0018487246440705048,0.18758529734105256,0.31768996347369705,0.20680326046944408
0,gpboost_exact,54,-0.7463676330604609,-0.8585107376621864,-0.5924456942256846,0.34802012587513426,0.15392193883477634
0,gpboost_exact,55,0.06425400807997483,0.21048953442731091,0.22760823469060476,0.2904743747753111,0.16335422661062993
0,gpboost_exact,56,0.24380106322740608,0.32472053641272336,0.2482528172784244,0.3790837783634019,0.004451754051018331
0,gpboost_exact,57,-0.051572234422325836,-0.04202833057355222,-0.14481969201058664,0.35762625914111495,-0.09324745758826081
0,gpboost_exact,58,-0.646290109063735,-0.8899276753884672,-0.07205740749003642,0.3788057489764981,0.5742327015736985
0,gpboost_exact,59,0.17292567312494955,0.07458407525904648,-0.30215075237891487,0.36048182459206457,-0.4750764255038644
0,gpboost_exact,60,-0.07272635244999195,-0.003950239290004709,0.20416206300886053,0.3886553543747324,0.27688841545885245
0,gpboost_exact,61,0.23662976263130875,0.3579181318036243,0.22491004246257695,0.3696925284183144,-0.011719720168731795
0,gpboost_exact,62,-0.6556015820527432,-0.54468460090353,-0.3505893417455139,0.3780726665300289,0.3050122403072293
0,gpboost_exact,63,0.5204432582806882,0.3612419580565426,0.3146340260356917,0.34178428967420194,-0.20580923224499648
0,gpboost_exact,64,0.8549016853942806,0.885056916075571,0.2010674025092296,0.4036468106169341,-0.653834282885051
0,gpboost_exact,65,1.0102834661847475,1.1118349878330405,0.34496541123603475,0.3557524103959781,-0.6653180549487128
0,gpboost_exact,66,-0.2619130482393411,-0.4277466047975656,0.2817773035642914,0.4194550550586094,0.5436903518036325
0,gpboost_exact,67,0.2652871257398932,0.26449667420256956,-0.29603590268812585,0.3633465358494413,-0.5613230284280191
0,gpboost_exact,68,0.7213494579666266,0.7487336977974722,0.19721805649316337,0.41510710251639543,-0.5241314014734633
0,gpboost_exact,69,-0.22951931052935726,-0.25959576901403075,0.38963730901868576,0.39857843513323055,0.619156619548043
0,gpboost_exact,70,-0.018118813432918546,-0.20333499897303872,0.08589477442184812,0.3610164764298958,0.10401358785476666
0,gpboost_exact,71,-0.4403295847601454,-0.47289939576751827,-0.6874586384179961,0.38044023587035997,-0.24712905365785076
0,gpboost_exact,72,-0.422498221811714,-0.45522876483721636,-0.53828276425173,0.35693144841225477,-0.11578454244001607
0,gpboost_exact,73,0.5349902868834083,0.5201830464286329,0.6481699447686584,0.3856856060150469,0.11317965788525008
0,gpboost_exact,74,0.010094201439907247,-0.04625294110259971,0.3924855967534193,0.3823755318161023,0.3823913953135121
0,gpboost_exact,75,0.17692962206912094,0.1326284067449742,-0.12817083695405795,0.34021444668865625,-0.3051004590231789
0,gpboost_exact,76,-0.24838288898215471,-0.2523535172168525,-0.24281467982194194,0.37328764138447246,0.005568209160212778
0,gpboost_exact,77,0.25223437629414214,0.2964798367911132,0.28309322753068233,0.2983991847993684,0.030858851236540197
0,gpboost_exact,78,0.727684219196407,0.6972415429107403,0.11783699536495984,0.3965628380859932,-0.6098472238314472
0,gpboost_exact,79,0.08223983584351025,0.04127494300671006,-0.01767852153675964,0.38819290146195967,-0.09991835738026988
0,gpboost_exact,80,0.31623719004402634,0.32547259386947214,0.36076541564408116,0.3735270308370986,0.044528225600054816
0,gpboost_exact,81,0.4663635725328695,0.2742719799433513,0.43275974569286113,0.3686031489884157,-0.033603826840008344
0,gpboost_exact,82,-0.3072208496199669,-0.25951733689732104,-0.5523691084587847,0.36283448791680156,-0.24514825883881786
0,gpboost_exact,83,-0.42169560902513264,-0.4217519187374285,-0.3323343201165567,0.36252146321019135,0.08936128890857592
0,gpboost_exact,84,1.1022232774137422,1.1061926300734983,0.9680313571987513,0.3695857862018564,-0.13419192021499082
0,gpboost_exact,85,0.08437487252957275,0.18044830328901917,0.3284649371187105,0.3293793881362309,0.24409006458913773
0,gpboost_exact,86,-0.47121250682405497,-0.6664940598288798,-0.2507886553001146,0.38987597740069296,0.22042385152394034
0,gpboost_exact,87,0.19626678591702154,-0.0011166010688748451,-0.36580516069851754,0.3574147882691516,-0.562071946615539
0,gpboost_exact,88,-0.9497661351815422,-0.9223857506491903,-0.00889211879066254,0.38070593017443266,0.9408740163908796
0,gpboost_exact,89,-0.49775760478718184,-0.4984692903000334,-0.5663643061669292,0.34495217434659164,-0.06860670137974739
0,gpboost_exact,90,-0.8082980195279883,-0.7912803252087951,-0.26652193939848257,0.3862422345708032,0.5417760801295057
0,gpboost_exact,91,-0.02284348199086972,-0.06905618950811428,-0.6421128930669902,0.3910124086612557,-0.6192694110761204
0,gpboost_exact,92,0.4889492996756321,0.5553846670996252,0.2416263935195433,0.41363921809003584,-0.24732290615608882
0,gpboost_exact,93,-0.012966699448751284,0.08029718485036072,-0.009886657995224368,0.33876626371960805,0.003080041453526916
0,gpboost_exact,94,0.13577493447920025,0.18417316387435295,0.11851228226058108,0.4156601597650484,-0.017262652218619168
0,gpboost_exact,95,-0.9591945929344581,-0.9852774387749164,0.10651640810566532,0.3529926226580892,1.0657110010401234
0,gpboost_exact,96,0.04344670238808146,-0.16732223637335886,-0.10164033376744097,0.3590926778612431,-0.14508703615552243
0,gpboost_exact,97,-0.010021026857376603,0.06690259394633621,0.2933376652670847,0.42720382773072124,0.3033586921244613
0,gpboost_exact,98,0.027188082744753816,0.14936094936651312,0.19418677267676898,0.3326646784815883,0.16699868993201517
0,gpboost_exact,99,-0.8010012688406556,-0.7365454276422576,-0.7216904668016344,0.3084936868537135,0.07931080203902119
0,gpboost_exact,100,0.08056321711905191,-0.007401025617698745,-0.03326314526131524,0.4047466846788846,-0.11382636238036715
0,gpboost_exact,101,0.6257819076385521,0.6931613470053279,0.3215773314798178,0.380784183580618,-0.3042045761587343
0,gpboost_exact,102,-0.6364749720221571,-0.5504220012260126,-0.46875825379050173,0.3048151114471259,0.16771671823165535
0,gpboost_exact,103,0.08060585084422997,0.23648747562413855,0.21328642712550394,0.39199298593750054,0.13268057628127397
0,gpboost_exact,104,-0.24585087010931966,-0.3334618625321154,-0.31207665655175765,0.4012510781331794,-0.06622578644243798
0,gpboost_exact,105,-0.22553078958885203,-0.24817624804326588,0.02046457863310458,0.3758332143202595,0.2459953682219566
0,gpboost_exact,106,0.40130147156384677,0.47602867667819226,0.4427543214742147,0.3796887003814908,0.041452849910367906
0,gpboost_exact,107,-0.20322017321724134,-0.19747916607342555,-0.5104515497600479,0.36212955641412176,-0.3072313765428066
0,gpboost_exact,108,-1.132889310849519,-1.2446220710546465,-0.1432148539340865,0.4099915874779165,0.9896744569154325
0,gpboost_exact,109,-0.24437447629317738,-0.20291284779050708,-0.3603166886034077,0.37437103634462576,-0.11594221231023033
0,gpboost_exact,110,0.2316001355401717,0.28946629892168835,0.24918068762143974,0.3356617201252539,0.017580552081268047
0,gpboost_exact,111,-0.5760429623077598,-0.5672466726746596,-0.4463411095620926,0.3651091461404616,0.12970185274566715
0,gpboost_exact,112,-0.0026310078906202905,0.019327484827374126,-0.15352625517458218,0.3961505062951704,-0.1508952472839619
0,gpboost_exact,113,0.0762827392038879,0.05041214903531488,-0.2628806312451992,0.36967753352832367,-0.3391633704490871
0,gpboost_exact,114,0.8203361253654846,0.9681640189370906,0.17664414839789355,0.37491369305865985,-0.6436919769675911
0,gpboost_exact,115,0.03592136065698802,-0.05414785771427964,0.21122158098306176,0.40616166811278576,0.17530022032607373
0,gpboost_exact,116,0.19840027222257134,0.13966819594619345,0.18895566911409212,0.35353447013733397,-0.009444603108479221
0,gpboost_exact,117,0.20388372629604326,0.2049822776487958,0.5052231377638616,0.40367437986329735,0.3013394114678184
0,gpboost_exact,118,-0.12450431356298784,-0.036608910792898575,-0.2520684771783994,0.3540748945135916,-0.12756416361541156
0,gpboost_exact,119,0.2772007281950714,0.12746341118561774,-0.2637868624504325,0.3480062486104379,-0.540987590645504
0,gpboost_exact,120,-0.36241841905586186,-0.49344809403240575,-0.5295408814989848,0.36134144604830043,-0.16712246244312295
0,gpboost_exact,121,-0.11951701009550397,-0.32328986086897576,-0.03683178027462741,0.3853531602467,0.08268522982087656
0,gpboost_exact,122,0.49338839858844125,0.49665792111376833,0.5860825331594386,0.3681625926264441,0.09269413457099734
0,gpboost_exact,123,-0.3565894859950979,-0.4684200677157523,-0.47063017579819455,0.3558680092825033,-0.11404068980309667
0,gpboost_exact,124,0.7111246574810586,0.6726696464792669,0.1322552712624292,0.3806322883043102,-0.5788693862186294
0,gpboost_exact,125,0.5077177733351615,0.5738555923243324,0.4096743109715639,0.33404534205957187,-0.09804346236359762
0,gpboost_exact,126,-0.5886054625641939,-0.6527597346424785,-0.5478869020254544,0.37072762419890126,0.04071856053873946
0,gpboost_exact,127,-0.09194355463412246,-0.068815352359786,-0.23195877346113747,0.3781181901730157,-0.140015218827015
0,gpboost_exact,128,0.1523983732693615,0.1224645824941893,0.21979155298004294,0.35414749478347796,0.06739317971068143
0,gpboost_exact,129,-0.4283418902000554,-0.3611304586904117,-0.2037723159624134,0.37816139854647723,0.224569574237642
0,gpboost_exact,130,0.5322754627922636,0.5797882695270644,0.4312088240080594,0.41339200070229615,-0.10106663878420419
0,gpboost_exact,131,-0.870500741220342,-0.9396941108378031,0.134368615366399,0.3722728994558345,1.004869356586741
0,gpboost_exact,132,-0.4682586977124366,-0.4851238730524819,-0.7501008088880337,0.353317293518152,-0.28184211117559704
0,gpboost_exact,133,-1.0554527960781162,-0.9510784563060667,0.02843652770783356,0.4204763797335105,1.0838893237859497
0,gpboost_exact,134,-1.695972002655394,-1.6566343156299843,-1.1909770150065575,0.36036999762286515,0.5049949876488364
0,gpboost_exact,135,-0.17181157139614806,-0.3115077771712612,-0.4212217376810816,0.36159177044671326,-0.24941016628493357
0,gpboost_exact,136,-0.19123282935373165,-0.12567102323659338,0.060879665988521126,0.37508934784559234,0.2521124953422528
0,gpboost_exact,137,1.3856430421006132,1.2771819798569894,0.3226140843033609,0.39547514817697077,-1.0630289577972523
0,gpboost_exact,138,-0.6451585489390272,-0.5039072419429267,-0.49359886236014283,0.35980880184087777,0.1515596865788844
0,gpboost_exact,139,0.39684836578070926,0.49925824976481176,0.1929197667054865,0.3828923039456365,-0.20392859907522276
0,gpboost_exact,140,0.5525080222563628,0.5814965698482029,0.4094090244336366,0.37295831091393683,-0.14309899782272617
0,gpboost_exact,141,0.29168858951720583,0.3074118738608252,-0.030606579850591675,0.4315972329404841,-0.3222951693677975
0,gpboost_exact,142,0.5782259852177974,0.5573227596150554,0.14021120860492342,0.37036720428481557,-0.438014776612874
0,gpboost_exact,143,-0.57951269266608,-0.5116602975260771,-0.6402535170703381,0.3649220630021045,-0.0607408244042581
0,gpboost_exact,144,0.43727077713701645,0.4001929601908103,0.20197894264926752,0.3820066222318685,-0.23529183448774893
0,gpboost_exact,145,0.6926963752713575,0.7162533623353469,0.12978578057110024,0.3872017528506507,-0.5629105947002573
0,gpboost_exact,146,0.5847926323852382,0.6719860690371833,0.22903746141789139,0.41524137397771127,-0.35575517096734677
0,gpboost_exact,147,-0.12910484578058873,-0.1852855001331477,-0.42231175404880794,0.39135008548366845,-0.2932069082682192
0,gpboost_exact,148,-0.40685873580438947,-0.46847800980345894,-0.2624273958799961,0.37394353902754357,0.1444313399243934
0,gpboost_exact,149,1.1008662700212126,0.9814297219487667,0.5043457199381014,0.3465315816142595,-0.5965205500831112
0,gpboost_exact,150,0.076708373197522,-0.029738901415095234,-0.03300987458240634,0.38688198819825026,-0.10971824777992834
0,gpboost_exact,151,-0.8954654841518996,-1.0783050152960498,-0.6383099544360049,0.40679800880263073,0.2571555297158947
0,gpboost_exact,152,-0.15908342484709842,-0.08610054594554546,-0.6138025597126493,0.36669758575927097,-0.4547191348655509
0,gpboost_exact,153,-0.24236972115626448,-0.06147826694798739,-0.27799741579654036,0.3995773083394152,-0.035627694640275875
0,gpboost_exact,154,1.2473784913947705,1.389911385741801,0.5135344435180782,0.389639203598641,-0.7338440478766923
0,gpboost_exact,155,0.07395582220906699,-0.08865262665358467,-0.08714881068377522,0.37934764051350206,-0.16110463289284221
0,gpboost_exact,156,-0.6337172919142298,-0.5612318247586098,-0.26906953111761567,0.34990223831008455,0.3646477607966141
0,gpboost_exact,157,-0.06538259915054379,0.07682803584181186,-0.24921557024575414,0.368620360887161,-0.18383297109521035
0,gpboost_exact,158,-0.3525802760153714,-0.3982612740892378,-0.38535389781492446,0.4071763861102744,-0.032773621799553065
0,gpboost_exact,159,-0.3318323046027775,-0.32168756153777256,-0.04140182331643061,0.3636062866759013,0.2904304812863469
0,gpboost_exact,160,-0.002627324581499415,-0.20341662966196647,-0.22982979344534105,0.35759962522956423,-0.22720246886384163
0,gpboost_exact,161,-0.5218490680996499,-0.49517545130198576,-0.6264557395966355,0.3507106221838517,-0.10460667149698555
0,gpboost_exact,162,-0.2892535006212274,-0.39560947356469917,-0.3918230058601262,0.34581037284393834,-0.1025695052388988
0,gpboost_exact,163,-1.069628715899805,-1.0496652141086535,-0.06692347878565341,0.45233913996514996,1.0027052371141516
0,gpboost_exact,164,-0.8074905048132912,-0.9636107970321792,0.08899306411393582,0.3777847929501686,0.896483568927227
0,gpboost_exact,165,0.45945024668834883,0.5137360691361084,0.7099505796704797,0.35231057325186277,0.25050033298213087
0,gpboost_exact,166,-0.7936348224460297,-0.6911835549033607,-0.6195837546935303,0.3603853877998749,0.17405106775249934
0,gpboost_exact,167,0.131343335843481,0.05302534967196425,-0.3561905427145948,0.3638271108464306,-0.48753387855807584
0,gpboost_exact,168,-0.8660537123429185,-0.979745970483962,-0.671686891010773,0.340928981834919,0.19436682133214556
0,gpboost_exact,169,-0.4537821946984829,-0.6693844989534811,-0.36496450946757597,0.30981659287787405,0.08881768523090694
0,gpboost_exact,170,-0.04931900445693099,-0.0759603578644487,-0.16073780552511074,0.36577963138301955,-0.11141880106817975
0,gpboost_exact,171,0.4077124514396237,0.3495530580114632,0.39031627638510447,0.3594996661788853,-0.017396175054519236
0,gpboost_exact,172,1.009639273741243,0.8545373325064375,0.7005105850067077,0.3710975805375238,-0.30912868873453525
0,gpboost_exact,173,-0.9975439016024867,-0.9522420259712696,-0.74647768133062,0.37710943420308324,0.25106622027186676
0,gpboost_exact,174,-0.18396733786246522,-0.22896437604893013,-0.2391756458130896,0.31845006897554884,-0.05520830795062437
0,gpboost_exact,175,0.25458205661012345,0.1470084607456002,0.12599410971730407,0.40670354850223184,-0.12858794689281938
0,gpboost_exact,176,-0.7718640107263122,-0.8273212512903568,-0.7779969094570183,0.3601712694271679,-0.0061328987307061045
0,gpboost_exact,177,0.4844937565832007,0.5916242104761623,0.5843983270990449,0.39553603437750384,0.09990457051584423
0,gpboost_exact,178,0.5559884041291083,0.6162820985046306,0.21101046377692168,0.37749474464103994,-0.34497794035218665
0,gpboost_exact,179,-0.5442194230276493,-0.5572220291774982,-0.14678029267649784,0.40268680518766475,0.3974391303511514
0,gpboost_exact,180,0.6784239920276923,0.7403344938741776,0.5184513960869075,0.3578182788572724,-0.15997259594078483
0,gpboost_exact,181,-0.7120617885750643,-0.8281529842137382,-0.6315132455147978,0.35699139761841453,0.08054854306026649
0,gpboost_exact,182,-1.1622856279915783,-1.1590486179188753,0.01384441462609276,0.37459156312423075,1.176130042617671
0,gpboost_exact,183,-0.6895972377466555,-0.6748650046980085,-0.5441327156011861,0.3978330055817379,0.14546452214546934
0,gpboost_exact,184,0.22558726600005735,0.17860361515018466,0.12268350108683412,0.44621325311338994,-0.10290376491322323
0,gpboost_exact,185,-0.8430139264939133,-0.7994680928981714,-0.4445375708308559,0.37266538507083585,0.3984763556630574
0,gpboost_exact,186,-0.05280792531962608,-0.13085127078407122,-0.11584637595608527,0.36474582629207786,-0.06303845063645919
0,gpboost_exact,187,0.552260802423782,0.6032428732013937,0.4510231470630566,0.3700777250643544,-0.10123765536072538
0,gpboost_exact,188,0.4279795157128127,0.48316539286594185,0.2654170196568373,0.3892958914527439,-0.1625624960559754
0,gpboost_exact,189,0.44439165667326885,0.15267566860356224,0.38203754233549025,0.35593586750812206,-0.0623541143377786
0,gpboost_exact,190,0.3234976023638034,0.4425281727148152,0.13105661398924973,0.3166484449289874,-0.1924409883745537
0,gpboost_exact,191,-0.08598134235226518,-0.3907445988875406,0.2667623467131186,0.3927338952494839,0.3527436890653838
0,gpboost_exact,192,-0.12342426872893464,-0.18502917128454716,-0.2014070167581936,0.3585936257247501,-0.07798274802925897
0,gpboost_exact,193,-0.3236389724843288,-0.22110416905855332,-0.07577802495787189,0.3681797896879804,0.24786094752645693
0,gpboost_exact,194,0.7135453707363741,0.6818166982111301,0.14613401549187888,0.43446488254578874,-0.5674113552444953
0,gpboost_exact,195,-0.7883034859077569,-0.9349220841547111,-0.4067972733710201,0.35821723192987714,0.3815062125367368
0,gpboost_exact,196,0.7619111131575528,0.6525374069858857,0.19532041278040424,0.356605500599224,-0.5665907003771485
0,gpboost_exact,197,-0.5469973803374664,-0.4443068057054044,-0.17978494584920401,0.35836494505909233,0.36721243448826235
0,gpboost_exact,198,0.12087392665725866,-0.07127652639760518,0.25325943201867784,0.4438427450188979,0.1323855053614192
0,gpboost_exact,199,1.1390922249297324,1.2519913350259342,0.39718028298669417,0.36617825248375657,-0.7419119419430382
0,gpboost_exact,200,-0.7523045460041836,-0.7578147559084125,-0.28645424373394235,0.3646065162606373,0.46585030227024127
0,gpboost_exact,201,-0.09875363589477304,-0.21799316893901638,-0.5066959995625329,0.3638835374221876,-0.4079423636677598
0,gpboost_exact,202,-1.1206991213505033,-1.1790106285807724,-0.47109215323584364,0.36598752199397905,0.6496069681146597
0,gpboost_exact,203,-0.3849482984371584,-0.4866707325473225,-0.5363191318196154,0.36766594775645745,-0.15137083338245705
0,gpboost_exact,204,0.9130277697154975,0.9996502898013504,0.7062756559272536,0.3509672084755228,-0.20675211378824387
0,gpboost_exact,205,-0.6511543867369805,-0.5779116057606967,-0.6566972987166564,0.36886160728679035,-0.005542911979675935
0,gpboost_exact,206,-0.43771209837475644,-0.6096282117623611,-0.5251296383372615,0.3578293776571413,-0.08741753996250501
0,gpboost_exact,207,-0.39364602850885266,-0.4340052403607861,-0.5168972749772296,0.35415374001573824,-0.12325124646837693
0,gpboost_exact,208,-0.029859774466005518,-0.11617834070043323,-0.4153245351183923,0.3677564486724727,-0.3854647606523868
0,gpboost_exact,209,-0.034746902408761646,0.09460409443717539,0.5414470528396929,0.3668216901203081,0.5761939552484545
0,gpboost_exact,210,-0.39759268507923473,-0.5326025968918768,-0.4064268104547084,0.3596806575787497,-0.008834125375473678
0,gpboost_exact,211,0.29669570763916825,0.4571186181076696,0.492013473636709,0.39994083566118016,0.19531776599754075
0,gpboost_exact,212,-0.5656472876876053,-0.5689767616392991,-0.04581816277371242,0.37299884374507464,0.5198291249138929
0,gpboost_exact,213,0.13780172086288178,0.021608280224873017,-0.1034771781271493,0.37708316386902346,-0.24127889899003108
0,gpboost_exact,214,0.44171291513501326,0.3739854967340855,0.2952825681014235,0.19906916785701392,-0.14643034703358976
0,gpboost_exact,215,0.0021637871864830793,-0.07799809689036198,0.19619414031040572,0.393904543961326,0.19403035312392264
0,gpboost_exact,216,-0.33562057133299206,-0.46308241153454266,-0.4907926486000864,0.36328008231785563,-0.15517207726709437
0,gpboost_exact,217,0.2669114205195813,0.27639410649261886,0.36634350885582867,0.3590721849513855,0.09943208833624739
0,gpboost_exact,218,-0.27392142385663865,-0.39671297892582297,-0.15036900297780775,0.39603667004826487,0.1235524208788309
0,gpboost_exact,219,0.2640341124549218,0.04599749158110292,0.19941740081383674,0.3076525144028701,-0.06461671164108507
0,gpboost_exact,220,0.3639300541844847,0.3259624070996674,0.41926774807069656,0.3681744815063735,0.05533769388621185
0,gpboost_exact,221,-0.3866306770748106,-0.5669162967165988,-0.5600143398070498,0.36705911494601123,-0.17338366273223926
0,gpboost_exact,222,0.3500276803795723,0.27481159357282026,0.047386007664238505,0.32460430904980564,-0.3026416727153338
0,gpboost_exact,223,0.47738310432079534,0.38647281546045975,0.4067076235078848,0.22887887066326523,-0.07067548081291053
0,gpboost_exact,224,-0.5351009751722867,-0.6222225823748682,-0.40551497937904735,0.37523614383043175,0.12958599579323937
0,gpboost_exact,225,0.053863872830322915,0.2539601829893383,-0.3004061137534366,0.3919127898385943,-0.3542699865837595
0,gpboost_exact,226,-0.6960302145079394,-0.6903890577909824,-0.1530030335903243,0.3948372935335962,0.5430271809176151
0,gpboost_exact,227,-0.4535216344820463,-0.4289845335825131,-0.6058030345869856,0.3528336945571896,-0.1522814001049393
0,gpboost_exact,228,-0.03842861425352771,-0.2160684438877572,-0.2559494286069306,0.3499411386830826,-0.21752081435340287
0,gpboost_exact,229,-0.7260232575579671,-0.7914195709216594,-0.3368987646967758,0.3870347651505978,0.38912449286119133
0,gpboost_exact,230,0.10727710494830003,0.12880736794245123,-0.010397441339027758,0.36493198323870135,-0.11767454628732779
0,gpboost_exact,231,-0.9349849576149861,-1.0374378489062868,-0.30771762559124616,0.3744253227677647,0.62726733202374
0,gpboost_exact,232,-1.0370023533349126,-0.9461960689831141,-0.08924778970550085,0.3809545168226603,0.9477545636294118
0,gpboost_exact,233,0.5157458710816196,0.3954762124915166,0.7039051410683825,0.3636397652914076,0.1881592699867629
0,gpboost_exact,234,-0.11356683883367832,-0.14220345242019589,0.39707212636932043,0.4346537891487387,0.5106389652029988
0,gpboost_exact,235,0.24224336834546098,0.18363820434790512,-0.03567863875365984,0.3571235996796108,-0.27792200709912085
0,gpboost_exact,236,0.10102304995523295,0.11745511589342456,-0.12639559374853349,0.3620937902812012,-0.22741864370376644
0,gpboost_exact,237,0.26515467474294574,0.20110566755740314,0.033889829703098506,0.35580860475090476,-0.23126484503984723
0,gpboost_exact,238,-0.1161894640681913,-0.14327882677528503,-0.047286461471941266,0.3906731965804149,0.06890300259625004
0,gpboost_exact,239,0.34673122516704385,0.3231182159892453,0.13142550099748274,0.31541137019221216,-0.21530572416956112
0,gpboost_exact,240,-0.1342714829916576,-0.2077102587307877,-0.07507575919197418,0.3817048348338117,0.05919572379968341
0,gpboost_exact,241,-0.11670567510022423,-0.06819628825051297,-0.6224758875815626,0.3894596185382501,-0.5057702124813384
0,gpboost_exact,242,-0.019627521244240498,0.0042113162395020325,0.41653515717169576,0.37416391240949176,0.43616267841593626
0,gpboost_exact,243,0.030901286037812947,0.022039891512496218,-0.21275765359090615,0.37464974187439065,-0.2436589396287191
0,gpboost_exact,244,0.36899740788736185,0.325951574541166,-0.05569981205056429,0.3794771971195644,-0.42469721993792614
0,gpboost_exact,245,0.07651641422731822,0.15617081727931792,0.3635399016059151,0.3659989101701202,0.28702348737859684
0,gpboost_exact,246,0.8674001818485333,0.8438167574671152,0.7057158680398405,0.3910737419125925,-0.16168431380869275
0,gpboost_exact,247,0.07105726442829366,0.04038753564569994,-0.41039122157650976,0.36482541635046245,-0.4814484860048034
0,gpboost_exact,248,0.29636867339634126,0.30683767638515386,0.004999402839172884,0.3720594032031948,-0.2913692705571684
0,gpboost_exact,249,-0.2810729311815825,-0.1114142628844974,-0.5703129067433315,0.3770585075760779,-0.28923997556174896
0,gpboost_exact,250,-0.8479425059768233,-0.9819781267789437,0.1780675423999929,0.38862964089717433,1.0260100483768162
0,gpboost_exact,251,-0.0684791130816794,0.008506576223856074,0.5042104524881295,0.38056777576224043,0.5726895655698089
0,gpboost_exact,252,0.01605433164281367,-0.17326278448099686,-0.012711134139985703,0.37835462340340786,-0.02876546578279937
0,gpboost_exact,253,0.2784038582402455,0.3001311740631079,-0.15335733735940682,0.3819092238982251,-0.4317611955996523
0,gpboost_exact,254,-0.26579092180866876,-0.10828263904779567,-0.10283005838377646,0.3853843611227908,0.1629608634248923
0,gpboost_exact,255,0.6554979357294823,0.7043647881762131,0.5227071540544728,0.3616476979691377,-0.13279078167500957
0,gpboost_exact,256,-0.21564123870013774,-0.19857873084615846,0.04408463007888397,0.3565235758528734,0.2597258687790217
0,gpboost_exact,257,-0.5559963193406409,-0.6120412662209485,-0.5473328700857163,0.37066529783129354,0.008663449254924571
0,gpboost_exact,258,-0.5535428284200279,-0.5504381083711725,-0.2901775050632569,0.36934530591895,0.263365323356771
0,gpboost_exact,259,-0.8845805171078438,-0.9097867986481795,0.18213092338409442,0.3521079220413945,1.0667114404919382
0,gpboost_exact,260,0.4622495373362831,0.3836518765431476,0.31993309305751483,0.417233279502118,-0.14231644427876827
0,gpboost_exact,261,-0.7339958438646116,-0.7629834054120985,-0.45858411291994106,0.3925053780970419,0.27541173094467053
0,gpboost_exact,262,0.6941228343467792,0.7139609504094232,0.16774155922251444,0.4321862255229926,-0.5263812751242648
0,gpboost_exact,263,1.067512423614048,0.9907907167609841,0.32228101821323474,0.3739091417672777,-0.7452314054008133
0,gpboost_exact,264,0.2769455311556709,0.19631734908720247,0.4420065079278226,0.425381012133977,0.1650609767721517
0,gpboost_exact,265,0.3109683795428066,0.17494403578358916,0.48572993868895775,0.3323868696780173,0.17476155914615116
0,gpboost_exact,266,-0.5556721265903268,-0.5165996239814372,-0.13859405881255693,0.3499723936132029,0.4170780677777699
0,gpboost_exact,267,-0.792872752993121,-0.738340426796415,-0.7821308421145932,0.3529636862833973,0.010741910878527827
0,gpboost_exact,268,0.08357305913390611,0.10673910355755786,-0.016676621041342266,0.3973891986455068,-0.10024968017524838
0,gpboost_exact,269,0.509429996924623,0.6059470461974896,0.27676767553713955,0.41749519415447783,-0.23266232138748344
0,gpboost_exact,270,-0.8269826497928001,-0.8181958860847274,0.07787216175817147,0.3683243712079442,0.9048548115509716
0,gpboost_exact,271,0.6442963998832838,0.6834974936198595,0.6679392631217258,0.35188532498607444,0.023642863238442002
0,gpboost_exact,272,0.14642412000584137,0.17680786256959766,-0.15084854659374436,0.3019226365827722,-0.29727266659958573
0,gpboost_exact,273,0.10901111911355885,0.09985711717173806,-0.19966099677179994,0.32986818726867934,-0.3086721158853588
0,gpboost_exact,274,-0.11280047267004589,-0.16588265548301062,0.5507343716107891,0.36300108062107556,0.663534844280835
0,gpboost_exact,275,0.4944998086742399,0.715915070253431,0.5657612986290816,0.35237366433513917,0.07126148995484172
0,gpboost_exact,276,-0.025401720793565674,-0.07059681877891652,0.044166251605036067,0.38173325945708453,0.06956797239860174
0,gpboost_exact,277,-0.536669552111177,-0.6032573232232206,-0.38434392531848705,0.3566786761926123,0.1523256267926899
0,gpboost_exact,278,-0.7228894559005367,-0.679488473555526,-0.7002689517787468,0.37668524647882184,0.02262050412178984
0,gpboost_exact,279,0.43124215924301,0.45642760077251054,0.24264145844164453,0.43122171512298335,-0.18860070080136548
0,gpboost_exact,280,-0.08916239114908597,-0.22964154591011873,0.14348059259434853,0.39310245678383143,0.2326429837434345
0,gpboost_exact,281,0.1255820655279392,0.23784989098431308,0.2446336719929807,0.32181051013746687,0.11905160646504148
0,gpboost_exact,282,0.06241403989525618,0.05299458236017285,0.2967316807747604,0.34481042239586,0.23431764087950424
0,gpboost_exact,283,0.9087609801901297,0.7976678706685577,0.3117796000148738,0.39114351077039455,-0.5969813801752559
0,gpboost_exact,284,-1.1087950160028668,-0.9899166045674794,-0.5213765798497754,0.37110649049521716,0.5874184361530914
0,gpboost_exact,285,-0.4059128095276937,-0.34334525236807834,-0.3342311095382602,0.3657180261088318,0.07168169998943352
0,gpboost_exact,286,0.26341641457768944,0.13696221538289802,0.18151676275623707,0.3648996597704724,-0.08189965182145237
0,gpboost_exact,287,-0.03862391063396803,0.13909437339180442,-0.27465249638233136,0.3912923621947717,-0.23602858574836333
0,gpboost_exact,288,-1.0573274003916935,-0.9914476635550742,-0.7593099453614145,0.3557608008831244,0.298017455030279
0,gpboost_exact,289,-0.76214080972597,-0.7631604212884746,-0.4007968086271254,0.4141690966630244,0.36134400109884457
0,gpboost_exact,290,0.10076537583149806,0.259787256393676,-0.06723037730456927,0.35876970336313413,-0.16799575313606732
0,gpboost_exact,291,-0.10065298493936492,-0.08472320655640087,0.32333490839237644,0.4070025789516945,0.42398789333174136
0,gpboost_exact,292,-0.21389629130623855,-0.21670459881664175,-0.2703739221189645,0.3843577224343854,-0.05647763081272594
0,gpboost_exact,293,-0.08674756970738637,-0.15277758130958527,0.1045486165329148,0.3573622992681042,0.19129618624030117
0,gpboost_exact,294,-1.0935256174587447,-1.0353405735280368,-0.17092554374222413,0.4009228913887438,0.9226000737165205
0,gpboost_exact,295,-0.367932119403805,-0.32027182267140697,-0.2953018540674721,0.39897791387448767,0.07263026533633288
0,gpboost_exact,296,0.7780117063985506,0.7794797203875217,0.21383416750213957,0.36915428847626164,-0.564177538896411
0,gpboost_exact,297,-0.6198800287647301,-0.6988786641514905,-0.07569301858490274,0.3857613380018631,0.5441870101798274
0,gpboost_exact,298,0.1396932412335592,0.15268622665016657,0.1371849179619069,0.3804378946766292,-0.0025083232716522907
0,gpboost_exact,299,-0.513893268036707,-0.5208731466129207,-0.37744107341505373,0.3566633943527807,0.13645219462165326
1,gpboost_exact,0,-1.490240817442519,-1.4798439973136719,-1.0547768438551017,0.34105223051851324,0.4354639735874173
1,gpboost_exact,1,-0.1368579147438637,-0.15865509257180835,-0.16288427241195258,0.2753225971179026,-0.02602635766808889
1,gpboost_exact,2,0.15707770050764233,-0.03099322873581231,0.20130756462707922,0.2861415246884754,0.044229864119436885
1,gpboost_exact,3,-0.32539548993544787,-0.3309414401527587,-0.0377596998425318,0.30009957183355207,0.28763579009291607
1,gpboost_exact,4,0.5070213061012621,0.6732940959192487,0.28064710693988104,0.28875700197026744,-0.22637419916138102
1,gpboost_exact,5,0.6432910229216929,0.5221656009771797,0.4037888984523619,0.3121894444582825,-0.23950212446933106
1,gpboost_exact,6,0.18688923577568634,0.2415533844254118,-0.10368453630681884,0.3354412874960644,-0.2905737720825052
1,gpboost_exact,7,-0.591484731232928,-0.5109719866112324,-0.8853051681961333,0.36041750323016736,-0.29382043696320526
1,gpboost_exact,8,0.7123312417287542,0.6571956165478703,0.827854619799389,0.3144542438653231,0.11552337807063484
1,gpboost_exact,9,0.37373915793164253,0.4390657421052941,0.71595657732421,0.41298507358447495,0.3422174193925675
1,gpboost_exact,10,-0.40096044433213185,-0.19485915635206671,-0.39769219019521174,0.19548557771649464,0.0032682541369201124
1,gpboost_exact,11,0.13535186090967258,0.17857534731029173,0.030743185807560636,0.2678316002731885,-0.10460867510211194
1,gpboost_exact,12,-0.5577220267403136,-0.5416864521534851,-0.5701222280527425,0.3800731806080327,-0.012400201312428916
1,gpboost_exact,13,-0.20237981690859175,-0.19947812296555112,-0.21337026379121227,0.33680590730725296,-0.01099044688262052
1,gpboost_exact,14,1.0100297659305637,1.1135700393633015,0.6441272834469416,0.3057013103412991,-0.3659024824836221
1,gpboost_exact,15,-0.032522593109049036,0.012404572381724467,-0.10421166291656192,0.18693438233134857,-0.07168906980751288
1,gpboost_exact,16,-0.5060287163396733,-0.4480417637228236,0.04002095130258709,0.2528559238654401,0.5460496676422604
1,gpboost_exact,17,0.05847823315337908,-0.002758969333762719,-0.3608439471081972,0.18668635800899624,-0.4193221802615763
1,gpboost_exact,18,0.053902243122611715,0.011451729406513435,0.29987147955129956,0.26911723659298226,0.24596923642868784
1,gpboost_exact,19,-0.5264333681176496,-0.4368095616778568,-0.45689705297699135,0.34160252416721326,0.06953631514065828
1,gpboost_exact,20,1.0630285949963691,1.2874161727963758,0.9768305293561141,0.28037613634678554,-0.086198065640255
1,gpboost_exact,21,-0.20739331819628304,-0.08158872336068618,-0.19486767678286654,0.26434342282140333,0.0125256414134165
1,gpboost_exact,22,0.2787424406142207,0.3589940523305212,0.05739312749071246,0.2449101489708368,-0.22134931312350825
1,gpboost_exact,23,0.646368281536758,0.568484095582892,0.7361025211839696,0.3000966573115355,0.08973423964721161
1,gpboost_exact,24,-0.5370322793033417,-0.4799099824542178,-0.6199671333608876,0.3609706129444098,-0.08293485405754586
1,gpboost_exact,25,-0.49767088964101147,-0.55490845874785,-0.2251150373810873,0.28491757205509227,0.2725558522599242
1,gpboost_exact,26,-1.7623028333571675,-1.6329918147697775,-0.6961697577010595,0.49322382937717896,1.066133075656108
1,gpboost_exact,27,-0.32628616880516415,-0.3727517569659946,-0.3455123139223293,0.17252660257915386,-0.01922614511716514
1,gpboost_exact,28,-1.6427621147462381,-1.8536006930890916,-1.0885083635375636,0.41358953293158135,0.5542537512086745
1,gpboost_exact,29,-0.4507160292431112,-0.18987863236245317,-0.019815372732097103,0.3413005509743845,0.4309006565110141
1,gpboost_exact,30,0.3893409463367649,0.43142192449525224,0.2469519650960521,0.3205310058461719,-0.1423889812407128
1,gpboost_exact,31,-1.174545499876868,-1.19234731196866,-1.0245602826292846,0.42970835701895477,0.1499852172475835
1,gpboost_exact,32,0.8017419063289488,0.8521012030135464,0.5416902838234634,0.2335460726635335,-0.2600516225054854
1,gpboost_exact,33,0.7999267698821937,0.6335556264066338,0.46147394971746536,0.34904435366086084,-0.33845282016472833
1,gpboost_exact,34,0.5774061845026122,0.5422636475697493,0.43353575945211276,0.29335528137451283,-0.1438704250504994
1,gpboost_exact,35,0.08775693238988297,-0.007244521948203297,0.12702444885296416,0.28035411503094526,0.03926751646308119
1,gpboost_exact,36,-0.004061754315706212,-0.09821163346106528,0.07153022393551112,0.2940184761446763,0.07559197825121733
1,gpboost_exact,37,0.10614723779856025,0.02868464150810432,-0.010632897355840498,0.32810440432364546,-0.11678013515440075
1,gpboost_exact,38,-1.7639719135773027,-1.6884190983628422,-1.0283558618975555,0.4333160312698931,0.7356160516797472
1,gpboost_exact,39,-0.041482531207976514,-0.023370644769846335,-0.1548441943153449,0.2168558985854595,-0.1133616631073684
1,gpboost_exact,40,0.015143375774569923,0.010809118459850709,0.18242134976578228,0.33789542016130447,0.16727797399121236
1,gpboost_exact,41,-0.34861080574840403,-0.4120678893073764,-0.19618809075761057,0.3183940752476521,0.15242271499079346
1,gpboost_exact,42,0.4361763752797765,0.390317790306116,0.23496779505244092,0.22548138295923087,-0.20120858022733557
1,gpboost_exact,43,0.6596359855778996,0.6110339459097097,0.5725870039019405,0.3965532173380442,-0.08704898167595909
1,gpboost_exact,44,-0.9238253141171544,-0.891127871582068,-0.8497295626609009,0.2921568102755135,0.07409575145625347
1,gpboost_exact,45,0.3135957318506074,0.3772646868944848,0.4041169294077491,0.31364466524368545,0.09052119755714172
1,gpboost_exact,46,0.24149775341740265,0.24953471177922704,-0.0901697885910977,0.2540680032920353,-0.33166754200850035
1,gpboost_exact,47,-0.3713129981910999,-0.3801137644012881,-0.31256632985388677,0.2794954153789004,0.05874666833721315
1,gpboost_exact,48,0.7159950404733046,0.7982686569407527,0.6136821919695237,0.38066211037622183,-0.10231284850378097
1,gpboost_exact,49,-0.035388390886491046,0.05820340366141185,-0.06048263212985461,0.28761717839056045,-0.02509424124336356
1,gpboost_exact,50,0.09848662507844091,0.06188807325977849,-0.23820457599453704,0.30576272679053623,-0.33669120107297795
1,gpboost_exact,51,1.5885043201052937,1.5659615362675336,1.4752324399129364,0.316608806904844,-0.11327188019235734
1,gpboost_exact,52,-0.4743967760628199,-0.40035940619898985,-0.4145938364157189,0.23725290970460663,0.05980293964710098
1,gpboost_exact,53,1.252169650813354,1.3954456399017219,1.179848745338056,0.2761924659065663,-0.07232090547529801
1,gpboost_exact,54,0.5628180645496974,0.6578419020129961,0.40550285757143456,0.22914629451224033,-0.15731520697826284
1,gpboost_exact,55,0.43447232442155626,0.4985321480251592,0.2088698698194804,0.3153468705871095,-0.22560245460207584
1,gpboost_exact,56,0.2391847685154187,0.2793708743609252,0.3422841081642929,0.3280925740403449,0.10309933964887419
1,gpboost_exact,57,-0.07728314349539836,-0.18483760620978826,0.20400943852642683,0.31543728465748205,0.28129258202182517
1,gpboost_exact,58,0.36342766111508745,0.2763424639720037,0.3151118543691851,0.15431659453849364,-0.04831580674590236
1,gpboost_exact,59,-0.06009503006438882,-0.03908813127588455,0.03747981464236716,0.16180792827016222,0.09757484470675598
1,gpboost_exact,60,0.5236769238540357,0.49316163244530475,0.17383271817817558,0.21860400417075176,-0.34984420567586016
1,gpboost_exact,61,0.0764972248875514,0.1241339552633766,0.1299563358489273,0.30774255437539466,0.0534591109613759
1,gpboost_exact,62,-0.5109553268972312,-0.46923170892779176,-0.3692448667789936,0.23226493811517263,0.14171046011823762
1,gpboost_exact,63,-1.1840658288645654,-1.0929987840694249,-0.884690474388492,0.3663102582692168,0.29937535447607333
1,gpboost_exact,64,0.4176168788571261,0.32568364213813633,0.47478715305938124,0.2935348700419129,0.05717027420225512
1,gpboost_exact,65,0.2943258976784169,0.31643736860901756,0.5073846523068326,0.25388697896021173,0.21305875462841573
1,gpboost_exact,66,-1.5564854840487325,-1.7187753130416026,-1.2640698542459283,0.39105215931860243,0.2924156298028042
1,gpboost_exact,67,-1.5823360696538105,-1.6164316586073795,-1.1514243012851004,0.33059970759943524,0.43091176836871004
1,gpboost_exact,68,1.1428439404375443,1.2441999497234066,1.2644829921772924,0.2909137785067566,0.1216390517397481
1,gpboost_exact,69,-0.19190995014455342,-0.28530133867724544,-0.052750633823244186,0.13115009247895082,0.13915931632130923
1,gpboost_exact,70,0.8962659301720259,0.8791828936486941,0.5436950263853362,0.2936655681676648,-0.35257090378668976
1,gpboost_exact,71,1.3956742275544074,1.2814327839586201,1.0261584799416497,0.14167690605133365,-0.36951574761275774
1,gpboost_exact,72,-0.018629848694413975,0.006372906142386527,0.3609850168879447,0.29793722656895233,0.3796148655823587
1,gpboost_exact,73,-0.920332713305147,-0.71441229011961,-0.5066855178204168,0.3734409642825096,0.41364719548473017
1,gpboost_exact,74,-0.05827692448001448,-0.18613501415555883,-0.09613582755149963,0.2507348611539733,-0.03785890307148515
1,gpboost_exact,75,-0.8457040063392781,-0.8830160022257812,-0.014209805727627867,0.3330611257803669,0.8314942006116502
1,gpboost_exact,76,0.5427007524543588,0.6069867280030907,0.4885647007006959,0.40098304761821246,-0.05413605175366287
1,gpboost_exact,77,-0.4609943228260982,-0.35129100447558304,-0.22365178877118552,0.33457532570152687,0.23734253405491268
1,gpboost_exact,78,0.20938140300827657,0.25271808361842685,0.26600569519175465,0.24557461413419665,0.05662429218347809
1,gpboost_exact,79,0.5626350135042384,0.6487296667880641,0.5923656497398007,0.30799181892572,0.02973063623556227
1,gpboost_exact,80,-0.16708832480442126,-0.25144445747084787,0.0031584692936874603,0.32392223799451114,0.17024679409810872
1,gpboost_exact,81,0.17120430099631995,0.190095384888815,0.13750128518705296,0.29464381617209157,-0.03370301580926699
1,gpboost_exact,82,0.8659202448255794,0.8411978778312813,0.8014085008219709,0.34416604800892736,-0.06451174400360848
1,gpboost_exact,83,1.0275787599776462,0.9344882085729731,0.8215738183700338,0.22131881250598245,-0.2060049416076124
1,gpboost_exact,84,0.3332193128033823,0.3210449494719551,0.5400067266792341,0.2061364198509453,0.2067874138758518
1,gpboost_exact,85,-1.1887750240097215,-1.2663508292560979,-0.9318859715688106,0.3372130491093701,0.25688905244091087
1,gpboost_exact,86,-0.8867433831224296,-0.9908933881200488,-0.50304144195219,0.3486367705992579,0.3837019411702396
1,gpboost_exact,87,-0.7035560643256809,-0.6856029873845867,-0.8079100836729367,0.26828760992284306,-0.10435401934725586
1,gpboost_exact,88,-0.24237656265586133,-0.051389769965589804,-0.4118025328898547,0.1629563635874552,-0.16942597023399336
1,gpboost_exact,89,0.22292811213301178,0.09323414611812372,0.3196098693458893,0.32738200711422033,0.09668175721287753
1,gpboost_exact,90,0.25818894258869834,0.13938024854996006,0.11172893060666667,0.3216469041960484,-0.14646001198203168
1,gpboost_exact,91,-0.9570960621927393,-0.9314899781527518,-0.9071124257396086,0.2804055220709819,0.04998363645313075
1,gpboost_exact,92,-0.7764432909644732,-0.933850198642153,-0.6672777832636783,0.1515529646312722,0.10916550770079492
1,gpboost_exact,93,0.39442360213067623,0.31672515888007124,0.0028031892900344246,0.286466853149673,-0.3916204128406418
1,gpboost_exact,94,0.03055256847918364,0.08115695904357223,-0.1490848358545378,0.32563298357323445,-0.17963740433372144
1,gpboost_exact,95,-0.43724674786900075,-0.5005174621666645,-0.33839091170224833,0.16076043993847874,0.09885583616675242
1,gpboost_exact,96,0.46496709724073315,0.4617882929344671,0.3624268601962939,0.26844026975781676,-0.10254023704443926
1,gpboost_exact,97,-0.059364584120532526,0.10344309025091575,-0.00565297229330497,0.20590004727876496,0.05371161182722756
1,gpboost_exact,98,-0.14860084347741648,-0.08863440771834377,0.29171165265396937,0.23897006938602863,0.44031249613138584
1,gpboost_exact,99,-0.807629205876155,-0.9483188280500905,-0.46408998995994466,0.23821408307912742,0.3435392159162104
1,gpboost_exact,100,0.32356943851854214,0.26311925110389844,0.5248812388341726,0.25218597133133097,0.20131180031563045
1,gpboost_exact,101,-0.8990672173293505,-0.7254247261893904,-0.6807140175188788,0.22524444071960167,0.21835319981047163
1,gpboost_exact,102,-1.3188476569649001,-1.3287365637714743,-0.8996699193162385,0.46916367699579625,0.4191777376486616
1,gpboost_exact,103,-0.33587472125335444,-0.4693134795314917,-0.017769721191690735,0.32120811093601637,0.3181050000616637
1,gpboost_exact,104,0.582306201410709,0.6321830942794604,0.6377707267760364,0.3024836059445688,0.05546452536532742
1,gpboost_exact,105,-0.475844054121358,-0.4238473200113886,-0.38966230142918334,0.29611115025724494,0.08618175269217465
1,gpboost_exact,106,-0.5606771580835733,-0.37645635426399526,-0.5348140303456574,0.4063061078638498,0.02586312773791588
1,gpboost_exact,107,-0.2804026728365032,-0.23587904108433413,-0.280471349027021,0.2960450449324335,-6.867619051775797e-05
1,gpboost_exact,108,-0.15053315361203667,-0.06691661268349236,0.17549161466521923,0.30026962810245816,0.3260247682772559
1,gpboost_exact,109,0.4885346188126618,0.6201129117046101,0.18675128823470288,0.31012366084084925,-0.3017833305779589
1,gpboost_exact,110,0.732735811920266,0.5743700424603326,0.7963512026778687,0.2231181067528552,0.0636153907576027
1,gpboost_exact,111,0.4613937512309678,0.44930999490140433,0.7832851597204229,0.34754704826878685,0.3218914084894551
1,gpboost_exact,112,-1.2666485794904812,-1.2907434548567982,-1.2063376416380152,0.33779225748542063,0.060310937852465996
1,gpboost_exact,113,0.01499999938947949,0.005223675416062246,-0.0778484768412433,0.34529538985685915,-0.09284847623072279
1,gpboost_exact,114,0.008833151301658848,-0.009725780464145958,0.5426459307550981,0.32193936777967996,0.5338127794534393
1,gpboost_exact,115,-0.07856601039755519,-0.1230001713558242,-0.018166677826698674,0.3326427409042545,0.060399332570856515
1,gpboost_exact,116,-0.6226870191914031,-0.5312220529804909,-0.13835956587661968,0.26427525642542893,0.48432745331478344
1,gpboost_exact,117,2.194072080139268,2.145427358753279,2.15345525919394,0.2213652092275293,-0.0406168209453277
1,gpboost_exact,118,0.2856892129796277,0.4190284696305717,0.06664498172763444,0.2737380838661251,-0.21904423125199324
1,gpboost_exact,119,0.8833087959645817,0.7857499558859068,0.9959480009428887,0.2712881507626701,0.11263920497830704
1,gpboost_exact,120,-0.1880538339994955,-0.25012992195797734,-0.06518403800059858,0.1645919629061577,0.12286979599889691
1,gpboost_exact,121,0.7130321725247115,0.4902185659863838,0.09078406044656617,0.337585236749476,-0.6222481120781453
1,gpboost_exact,122,0.3963513958982969,0.24447842600453631,-0.05705397265736423,0.30656497083855033,-0.4534053685556611
1,gpboost_exact,123,1.2213324493632038,1.4127071975115841,1.2786103664920674,0.2939070443126377,0.05727791712886354
1,gpboost_exact,124,0.7060407976842351,0.5837017875026366,0.35504933518673454,0.3436771351622286,-0.3509914624975006
1,gpboost_exact,125,-0.7853099793369054,-0.7758750392347017,-0.908492108116608,0.24705450518801872,-0.12318212877970258
1,gpboost_exact,126,-1.1082170964295188,-1.0403500987489442,-0.9082804846683388,0.37773689609477895,0.19993661176118005
1,gpboost_exact,127,-0.8471330648052356,-0.8055369187353716,-0.8549232431625029,0.24697940364571855,-0.007790178357267252
1,gpboost_exact,128,0.41568842360238195,0.5561077896998218,-0.03450424649654593,0.2961949283220762,-0.4501926700989279
1,gpboost_exact,129,1.0179275315114276,1.255425325821788,1.012420773434684,0.3542667415600329,-0.005506758076743612
1,gpboost_exact,130,0.0870542270719345,0.06448285066013046,0.06339133482024728,0.2902165146210587,-0.023662892251687218
1,gpboost_exact,131,-0.28366469548668266,-0.31459261880746964,-0.47612603236820483,0.4586796217570206,-0.19246133688152217
1,gpboost_exact,132,-0.3007634000305919,-0.19564023145823448,-0.25353735979339476,0.2601078732564534,0.04722604023719712
1,gpboost_exact,133,0.22982864637349876,0.1628553372738476,0.1627939661348492,0.35044931183160155,-0.06703468023864956
1,gpboost_exact,134,0.9586195339091088,0.7913656293481643,0.705693434705779,0.23532359233741848,-0.25292609920332976
1,gpboost_exact,135,0.6682338316652502,0.6994369900114972,0.9036876308866368,0.32634173711448955,0.23545379922138665
1,gpboost_exact,136,0.5551985228535422,0.48716067366883076,0.6573666598253514,0.16120435424507265,0.10216813697180915
1,gpboost_exact,137,1.0020687365482401,0.9539948853896927,0.8038413493615408,0.32569196262679845,-0.1982273871866993
1,gpboost_exact,138,0.8740525590284843,0.8087502468855275,0.9169831277120579,0.36251871175909917,0.04293056868357359
1,gpboost_exact,139,0.028244863043854485,0.001972090929869101,-0.05383880029593158,0.30890467821518725,-0.08208366333978606
1,gpboost_exact,140,0.23399666293556412,0.2602800613034317,0.23560108723239637,0.34051841272111205,0.0016044242968322464
1,gpboost_exact,141,-0.0909966618454407,-0.18574286994625028,-0.3246591253869795,0.27415241356550274,-0.2336624635415388
1,gpboost_exact,142,0.11106724779616706,0.4123556758737644,0.04038977809275224,0.1801318215988741,-0.07067746970341482
1,gpboost_exact,143,0.7808275426921409,0.5502220971212557,0.4312023987953495,0.27570164456941765,-0.34962514389679145
1,gpboost_exact,144,-0.5537209665042784,-0.42108368076586433,0.30625337350527104,0.30189630183089344,0.8599743400095494
1,gpboost_exact,145,0.6820030420905822,0.6506954533968182,0.34857158132463084,0.2739546148023455,-0.3334314607659513
1,gpboost_exact,146,-0.22909539439247162,-0.3022923653272087,-0.06482898951426819,0.3579369155601209,0.16426640487820343
1,gpboost_exact,147,0.9042132331864425,0.8801989708726324,0.7098460320988167,0.16344571110677794,-0.19436720108762584
1,gpboost_exact,148,0.07704450397843715,0.17539657165489742,-0.2869174350188608,0.20917665777410296,-0.36396193899729795
1,gpboost_exact,149,1.2101158065992716,1.170532796564023,1.038534665634586,0.32851228538521643,-0.17158114096468569
1,gpboost_exact,150,-0.17344446462386234,-0.18695188965011456,-0.31898369504028423,0.23050880433941653,-0.1455392304164219
1,gpboost_exact,151,-1.2135354588971201,-1.2387103838687261,-1.1797785147598674,0.3395804801606737,0.03375694413725272
1,gpboost_exact,152,-0.8476857349826934,-0.9356282224372283,-0.6432337161255006,0.25679713718171576,0.20445201885719277
1,gpboost_exact,153,0.00773685365836041,0.11771172960440038,0.5152317809083389,0.38464346437299746,0.5074949272499785
1,gpboost_exact,154,0.2069374081727199,0.27207946011336676,-0.045479892343777806,0.29239953311775546,-0.2524173005164977
1,gpboost_exact,155,0.546078956274173,0.5658053759641407,0.33707919731945424,0.44413830811938776,-0.20899975895471878
1,gpboost_exact,156,-1.4924654980889476,-1.3909540741853008,-0.8717493901793674,0.32974186000759154,0.6207161079095802
1,gpboost_exact,157,0.370277594585914,0.46337145584914924,0.24433779151549118,0.33771151930790944,-0.12593980307042285
1,gpboost_exact,158,-0.6319285995298877,-0.6018897476027988,-0.47196069360013126,0.19404844519169767,0.1599679059297564
1,gpboost_exact,159,-1.1809918481930608,-1.2046226626079142,-0.8145532011179917,0.26390471305162466,0.3664386470750691
1,gpboost_exact,160,0.8294779241096244,0.8280384605287129,0.6201758628476597,0.2774162906103116,-0.2093020612619647
1,gpboost_exact,161,-0.3070261579681356,-0.2523999293563856,-0.43200559717727494,0.35523536790906624,-0.12497943920913934
1,gpboost_exact,162,0.6878002179084316,0.8076745459183329,0.5875382940297911,0.2872889633394755,-0.10026192387864052
1,gpboost_exact,163,-0.5411208815845013,-0.5397092389981849,-0.4201046655613432,0.20221666602260988,0.12101621602315815
1,gpboost_exact,164,0.4694645855509606,0.5415496089792009,0.04996760952792911,0.3075473669239595,-0.4194969760230315
1,gpboost_exact,165,-0.3365697891045914,-0.27464729724473014,-0.23653665232578192,0.3533618656899204,0.10003313677880948
1,gpboost_exact,166,0.3700726155003999,0.22052422011220527,0.05930570248538558,0.3559224052274599,-0.3107669130150143
1,gpboost_exact,167,0.8741845153041579,0.7428745093555402,0.4421133472869343,0.2954658881683457,-0.43207116801722356
1,gpboost_exact,168,0.8896842650776626,1.0273772790024667,0.4256898922597685,0.29325095324148176,-0.46399437281789413
1,gpboost_exact,169,0.25083366738562535,0.21547909570375695,0.3794498023620161,0.2939708909593006,0.12861613497639074
1,gpboost_exact,170,0.434127191078453,0.3438619487223223,0.6743683174157056,0.30700958866022404,0.2402411263372526
1,gpboost_exact,171,0.9421641831590694,1.0895300175962195,0.7149983378307425,0.2264236801178316,-0.22716584532832684
1,gpboost_exact,172,1.008743014538375,0.871273051248718,0.961727628835245,0.4131986284435357,-0.04701538570312991
1,gpboost_exact,173,0.33034843642940825,0.4541474980505841,-0.2252949453668336,0.3290090186522026,-0.5556433817962418
1,gpboost_exact,174,0.22468121267864194,0.292859460173928,-0.1901494204514549,0.28897925617749964,-0.4148306331300968
1,gpboost_exact,175,0.18200992240822836,0.20964742504346653,0.03872836279061076,0.28498312929039976,-0.1432815596176176
1,gpboost_exact,176,0.23927260917763504,0.14687753017880717,0.19911416077918886,0.3071723450735649,-0.04015844839844618
1,gpboost_exact,177,0.5594095303015454,0.6354516097559774,0.559814251566138,0.23298577747148316,0.00040472126459256685
1,gpboost_exact,178,0.19827082557848064,0.1218937042200018,0.16490763260159014,0.27945211203443365,-0.0333631929768905
1,gpboost_exact,179,-0.3648301843609575,-0.3106886927363289,-0.25333557920063754,0.335162370898289,0.11149460516031995
1,gpboost_exact,180,0.9473358859758033,0.9666997341151992,0.8647150345676309,0.18727607809869914,-0.08262085140817244
1,gpboost_exact,181,-0.537745254396421,-0.5161779449362474,-0.5918907622391423,0.2810999051849871,-0.05414550784272132
1,gpboost_exact,182,-0.003132604889711843,-0.09780698113732056,-0.14868998804416833,0.3705882878934519,-0.1455573831544565
1,gpboost_exact,183,-0.6269305062426896,-0.7589065282416778,-0.22623799463845273,0.39876809214676345,0.4006925116042369
1,gpboost_exact,184,0.5248745688417997,0.5000154537962611,0.10026305571583194,0.3111910134784727,-0.4246115131259678
1,gpboost_exact,185,-0.7215287551699161,-0.6629304952035006,-0.6217935489802144,0.2319862502101871,0.09973520618970166
1,gpboost_exact,186,-0.6345200891982856,-0.6727554037703144,-0.5230497469258992,0.35360534578745884,0.11147034227238639
1,gpboost_exact,187,-1.4816485532308583,-1.6297206909508948,-1.0627009883404241,0.32146427487627605,0.41894756489043417
1,gpboost_exact,188,0.09896565341793728,0.13941037008810636,0.17195328648080022,0.30983216047170764,0.07298763306286293
1,gpboost_exact,189,-0.04107484760429053,-0.030567829067984244,-0.08886487178185476,0.2880159955339362,-0.04779002417756423
1,gpboost_exact,190,-1.0950949459447927,-1.0887601305408425,-0.5628648289130282,0.3919196896405018,0.5322301170317645
1,gpboost_exact,191,0.8103523096160571,0.8012536698903001,0.3347137942646583,0.332971438014431,-0.4756385153513988
1,gpboost_exact,192,-1.145503141511171,-1.2749609251787197,-0.6771623204911865,0.40399016005800814,0.4683408210199844
1,gpboost_exact,193,-0.7914140046891649,-0.8629487027189893,-0.23893037791661165,0.32189060059604824,0.5524836267725532
1,gpboost_exact,194,0.48026406286204976,0.46597812964208246,0.129298778323097,0.28899853253923463,-0.35096528453895276
1,gpboost_exact,195,0.07443671246647121,0.15116357533853547,0.16411521340134883,0.4369443640043756,0.08967850093487761
1,gpboost_exact,196,-0.6277870505708634,-0.6040500074012657,-0.8056808844548229,0.2949435618576215,-0.17789383388395952
1,gpboost_exact,197,0.38064347978101876,0.3980647124889348,0.3817471586933898,0.27523268128227596,0.0011036789123710644
1,gpboost_exact,198,0.9352474021281447,1.1460980087426167,0.7062683359771675,0.40864971677370865,-0.22897906615097718
1,gpboost_exact,199,0.2558995131580313,0.28534970320033404,0.2487816759283632,0.2764852799403156,-0.007117837229668078
1,gpboost_exact,200,-0.05113020318774675,-0.1292601841756761,0.08769670226371318,0.366577874161576,0.13882690545145993
1,gpboost_exact,201,0.3516595257321178,0.3720292365635389,0.2812183037234419,0.28771511028748664,-0.07044122200867586
1,gpboost_exact,202,0.21217648192448185,-0.050760808109013456,-0.16360221082504367,0.2906071635197304,-0.3757786927495255
1,gpboost_exact,203,-1.183576221437452,-1.190202810793463,-0.6338900020074618,0.34387885594923223,0.5496862194299901
1,gpboost_exact,204,-0.5021807823794597,-0.5226496385614054,-0.5165532967676576,0.30271300042019417,-0.014372514388197866
1,gpboost_exact,205,0.07118141671762085,-0.0859700296886878,0.2646635942329425,0.3206895993141671,0.19348217751532165
1,gpboost_exact,206,0.1014587905481551,-0.0534331506999807,-0.3507041171794789,0.21968748190059825,-0.452162907727634
1,gpboost_exact,207,-0.20568684614459237,-0.13262987645851135,-0.10222406141848417,0.30200258411447256,0.1034627847261082
1,gpboost_exact,208,0.058035711012934976,0.028701436938919037,-0.08191571226795702,0.31945900851095516,-0.139951423280892
1,gpboost_exact,209,-1.2269729769448996,-1.2824269202682879,-0.7850038704864133,0.38985257012019586,0.4419691064584863
1,gpboost_exact,210,-0.1108405965045292,-0.05363182001990669,-0.5057262450713154,0.29953588753214144,-0.39488564856678615
1,gpboost_exact,211,0.28936616976334206,0.316786928539427,-0.08298355493587906,0.26911343822708045,-0.3723497246992211
1,gpboost_exact,212,0.7084002142140665,0.7837190449652756,0.632892063577124,0.33338981411767354,-0.0755081506369425
1,gpboost_exact,213,-0.9020351570119655,-0.9608139582399737,-0.7540468205817117,0.5343703534658589,0.14798833643025378
1,gpboost_exact,214,0.1741166527310325,0.18629236809618488,0.1545397009352243,0.1847190385741157,-0.019576951795808206
1,gpboost_exact,215,0.372919961473434,0.5792901237315703,0.4165390586583442,0.2440196612434907,0.043619097184910194
1,gpboost_exact,216,-0.2411515844828387,-0.20009436804987119,-0.12066076592796904,0.2102299380028422,0.12049081855486965
1,gpboost_exact,217,-0.03652485380235937,-0.06853559232597134,0.09236181200994054,0.29409813007904356,0.1288866658122999
1,gpboost_exact,218,-0.32587428196827206,-0.24667867597260018,-0.43391837324993077,0.35692539371243004,-0.1080440912816587
1,gpboost_exact,219,-1.520258267061554,-1.4544937042162653,-1.1515369395112955,0.3350866647836875,0.36872132755025855
1,gpboost_exact,220,-0.2829172237859008,-0.08965504941073102,0.009401577449910548,0.26522137933292683,0.29231880123581133
1,gpboost_exact,221,-0.39697176627471725,-0.41579894384502436,-0.3239414318660643,0.2670229440869365,0.07303033440865297
1,gpboost_exact,222,-0.7057027316831403,-0.6785516614056556,-0.7759453384915886,0.2968861908098618,-0.0702426068084483
1,gpboost_exact,223,0.40239070590537546,0.49299055509410794,-0.040467008270461235,0.37458400181310675,-0.4428577141758367
1,gpboost_exact,224,-1.0199199152150014,-0.975162717190503,-0.8711215066576479,0.2503598765708756,0.1487984085573535
1,gpboost_exact,225,-0.9232386481601916,-0.9553477512505066,-0.8490955054425058,0.38519939826574795,0.07414314271768585
1,gpboost_exact,226,-0.48330335633559934,-0.3544540254039291,-0.5005757310331198,0.21160820229147873,-0.017272374697520465
1,gpboost_exact,227,-0.30908292819280636,-0.51525236285013,-0.5573759515499788,0.23919375824598288,-0.2482930233571724
1,gpboost_exact,228,0.4489960388529209,0.4588882015235558,0.628582082386755,0.1844361943355188,0.17958604353383406
1,gpboost_exact,229,-0.20535250588318643,-0.1733833799337151,0.37477831906975645,0.30830657545218837,0.5801308249529429
1,gpboost_exact,230,1.4993514607800091,1.3742343538800719,1.4375231673986661,0.28775068227275485,-0.06182829338134299
1,gpboost_exact,231,-0.34503869370313367,-0.30205312192544265,-0.47138523566330726,0.333789099173894,-0.1263465419601736
1,gpboost_exact,232,-0.25227029898078634,-0.2841657232301715,-0.02038388071525077,0.24261244164456353,0.23188641826553558
1,gpboost_exact,233,-0.005641665350557101,-0.07979443748763196,0.10668605017217914,0.20087931854638605,0.11232771552273624
1,gpboost_exact,234,-0.2923334930711142,-0.33281672865136197,0.09880522807945624,0.3268670207333699,0.39113872115057047
1,gpboost_exact,235,-1.1945297675755127,-1.0180438238842973,-0.5908503168123609,0.38716938421157854,0.6036794507631518
1,gpboost_exact,236,0.3353722278198884,0.3888710991826291,-0.10513052390079736,0.3629653496716764,-0.44050275172068576
1,gpboost_exact,237,-0.917659215280528,-1.1290236618780054,-0.698357866304903,0.34663639115153555,0.21930134897562492
1,gpboost_exact,238,-0.7221828995921342,-0.6798086366677901,-0.45327719300295755,0.189622826627495,0.2689057065891767
1,gpboost_exact,239,-0.00377262118295818,0.004723110592652964,-0.19375435940072805,0.23288119004677577,-0.18998173821776987
1,gpboost_exact,240,-0.504709058620032,-0.5574117566408985,0.17651421160907077,0.32553535873969314,0.6812232702291028
1,gpboost_exact,241,1.1851924043302344,1.1689335015319275,1.0338217099134468,0.40621164055194037,-0.15137069441678763
1,gpboost_exact,242,0.5184955557545663,0.42436135581203754,0.5241433349669933,0.19326991820486775,0.005647779212426984
1,gpboost_exact,243,1.1829642408253556,1.222425820778564,1.129439606355092,0.2591267904652868,-0.053524634470263566
1,gpboost_exact,244,0.5473115286595892,0.4904693346223632,0.1569720370358212,0.26230416404245666,-0.390339491623768
1,gpboost_exact,245,0.28165204298892443,0.25251679112824527,-0.1403200027511673,0.36456419098860554,-0.42197204574009173
1,gpboost_exact,246,-0.13864087925359259,-0.24206511782250353,-0.05728961663183796,0.2803921896310852,0.08135126262175463
1,gpboost_exact,247,-0.13271100545923067,0.015334013782187017,-0.12685484135054637,0.3522143295440928,0.005856164108684309
1,gpboost_exact,248,1.0356849212597241,0.7932376736738158,1.0932871041404368,0.2646354307052018,0.05760218288071273
1,gpboost_exact,249,1.090788678937638,1.057787130853564,0.7175766698202324,0.33892925198551405,-0.3732120091174056
1,gpboost_exact,250,-0.23552097572064068,-0.5425964354893301,-0.20945817316448867,0.33404888539410604,0.02606280255615201
1,gpboost_exact,251,-1.1053886001565014,-1.0826022660804404,-0.8510370777508633,0.32036004634125004,0.2543515224056381
1,gpboost_exact,252,-0.07034411066773583,-0.180967327066254,0.018762182817841477,0.22502385676067843,0.0891062934855773
1,gpboost_exact,253,0.31798844653113745,0.3563084326760185,0.17092725500165074,0.30058321344729033,-0.1470611915294867
1,gpboost_exact,254,-0.4260458275803037,-0.5012953544876565,-0.24329510114571207,0.3218713355833733,0.18275072643459161
1,gpboost_exact,255,-0.6547166067044581,-0.466219319972907,-0.38295377677220444,0.15649728813456917,0.27176282993225365
1,gpboost_exact,256,-0.47330160886858585,-0.3156001676518983,-0.4341657265993675,0.2496120799131484,0.03913588226921838
1,gpboost_exact,257,-0.3800458466942384,-0.45824349933725084,-0.3118545834218125,0.3025249675890006,0.06819126327242592
1,gpboost_exact,258,-1.1038028580653187,-0.9787538515799438,-0.6891827465774973,0.3519531301454574,0.4146201114878214
1,gpboost_exact,259,-1.1667964629544618,-1.1072524059369062,-0.9117470406490114,0.4662732200862304,0.25504942230545047
1,gpboost_exact,260,0.4514166699268135,0.47739227740290646,0.3191835803089802,0.1732900364638545,-0.1322330896178333
1,gpboost_exact,261,-0.4197339653105111,-0.510741517639657,-0.5859246094825679,0.3396537914516202,-0.16619064417205676
1,gpboost_exact,262,-1.4788083255362732,-1.506861399342594,-1.233384598039578,0.38601119315928645,0.24542372749669528
1,gpboost_exact,263,0.8045057028831764,0.8404944641963099,0.9288283186560378,0.31656465920516974,0.12432261577286141
1,gpboost_exact,264,-0.4901300406504582,-0.36876264322347335,0.10460676201100405,0.34930219979072047,0.5947368026614622
1,gpboost_exact,265,-0.7213724191473656,-0.8117869527928474,-0.3113100078123292,0.3540335704516808,0.4100624113350364
1,gpboost_exact,266,-0.8450762340359046,-0.8238734006540244,-0.9018793559281804,0.2239840447346242,-0.056803121892275765
1,gpboost_exact,267,-1.813677274494128,-1.9546190961996115,-1.096217594626058,0.38655650453936546,0.7174596798680701
1,gpboost_exact,268,-0.43389674513237375,-0.3522315021921737,-0.3882081210888586,0.2654387676499064,0.04568862404351515
1,gpboost_exact,269,0.9948011751836164,1.0443205881815922,0.9765967494517724,0.15654055531336317,-0.018204425731844
1,gpboost_exact,270,0.11989875371180642,0.15429416490537123,0.021450010533033748,0.2996238806705908,-0.09844874317877267
1,gpboost_exact,271,-0.31786542051859806,-0.2835637458660978,0.028661873176076824,0.17851434430671792,0.3465272936946749
1,gpboost_exact,272,-0.15300955125826285,-0.2079644453999243,-0.08654282676514669,0.3391922674257839,0.06646672449311616
1,gpboost_exact,273,0.779610336521265,0.8331534728334937,0.6320196002580474,0.31637279441596994,-0.14759073626321761
1,gpboost_exact,274,0.894423007424209,0.9279115815553073,0.6441411481751143,0.4334411528650164,-0.25028185924909474
1,gpboost_exact,275,0.488151848226115,0.4418500969315606,0.2334347172599891,0.4115985808231661,-0.2547171309661259
1,gpboost_exact,276,-1.0713447854098654,-1.132812183768554,-0.8239168005284654,0.3483268796318941,0.24742798488140005
1,gpboost_exact,277,-0.3520402013910158,-0.2453152279469381,-0.38765797630811605,0.12711028750362327,-0.035617774917100276
1,gpboost_exact,278,0.36544306116161585,0.31227618295160425,0.16245887631782097,0.3196889699471747,-0.20298418484379488
1,gpboost_exact,279,-0.10020438808760884,-0.03982599785100853,-0.10145808090645758,0.18714858550560534,-0.0012536928188487395
1,gpboost_exact,280,-0.8877092549120319,-0.9553969678774779,-0.6217051665828635,0.35331149062816863,0.26600408832916844
1,gpboost_exact,281,-0.6717196844005768,-0.7339536031123831,-0.3118169270234432,0.33759321264561093,0.3599027573771336
1,gpboost_exact,282,0.31332848105374644,0.3799199286150119,0.5164978229286934,0.21411212166121985,0.20316934187494695
1,gpboost_exact,283,-0.017065536395248437,0.1763320004728728,0.2287126426733863,0.29326522010367295,0.24577817906863475
1,gpboost_exact,284,-1.029547208137548,-1.0069913999100581,-0.7107439001810256,0.398603848462226,0.31880330795652245
1,gpboost_exact,285,-0.46447786673579716,-0.4645152295682707,-0.32693511956994925,0.38102066960742914,0.1375427471658479
1,gpboost_exact,286,-0.6475505502372294,-0.5778321679726378,-0.5530244168280269,0.3855902118044544,0.09452613340920246
1,gpboost_exact,287,-0.9071785540981662,-0.989609694072111,-0.4462492675035552,0.21209351777535285,0.46092928659461097
1,gpboost_exact,288,-0.2943420472823975,-0.2751110426078464,-0.12650143637998212,0.3144619167759752,0.16784061090241537
1,gpboost_exact,289,-1.7969702097084899,-1.8456378864968797,-1.190798003864188,0.3747735166663949,0.6061722058443018
1,gpboost_exact,290,-0.9766554506955132,-1.1224891400381936,-0.7329831801198239,0.38111136139069496,0.2436722705756893
1,gpboost_exact,291,0.042936779011497395,0.21193933475858667,-0.0618143462283669,0.31588175872866764,-0.1047511252398643
1,gpboost_exact,292,-1.2013306649846145,-1.2345093927273405,-1.0870634376356563,0.31336802419086424,0.11426722734895822
1,gpboost_exact,293,0.008223348564857902,-0.05954249178974279,0.20965765273559356,0.3277955005859153,0.20143430417073566
1,gpboost_exact,294,0.6600512526159609,0.6216215678316512,0.5689129927811507,0.27730201604461724,-0.09113825983481016
1,gpboost_exact,295,-0.20352494207709018,-0.30079796787801155,-0.1821997172891603,0.32656575503130625,0.02132522478792989
1,gpboost_exact,296,0.0022818211167014713,-0.028183345258313505,0.29783429528281147,0.2313685416445378,0.29555247416610997
1,gpboost_exact,297,-0.5384951249270485,-0.8139761627812268,-0.5814667148130734,0.37137513301691877,-0.0429715898860249
1,gpboost_exact,298,-0.23088856434510502,-0.20311416167608748,-0.07706173746310085,0.1534077137322875,0.15382682688200416
1,gpboost_exact,299,-1.527692520385441,-1.6946099180686074,-0.7880557013405003,0.4440208536007523,0.7396368190449407
2,gpboost_exact,0,-0.8477143076061271,-0.8906052046780983,-0.8326474108085309,0.1548474649875545,0.015066896797596208
2,gpboost_exact,1,-0.2165165416027354,-0.269147838914398,-0.4008149743219369,0.3215530564869522,-0.18429843271920152
2,gpboost_exact,2,-0.013704293762507952,-0.05370462467366378,0.0661849318217489,0.351741343384618,0.07988922558425685
2,gpboost_exact,3,0.008159816503301387,0.037489978629023354,0.07452719034639088,0.24382400431491963,0.0663673738430895
2,gpboost_exact,4,1.7329376286376146,1.6095949324081222,0.6904709529429569,0.350485753536475,-1.0424666756946577
2,gpboost_exact,5,0.7762134095888479,0.7640191472723877,0.5293347773600401,0.3454130601111808,-0.2468786322288078
2,gpboost_exact,6,-0.08609952451869532,0.010953534344651752,-0.22006548223910816,0.22066641907789417,-0.13396595772041284
2,gpboost_exact,7,0.058558371056508185,0.13467982241351623,-0.10324293274334284,0.26103193519677353,-0.16180130379985103
2,gpboost_exact,8,1.1450137781493344,1.0370046374872062,0.7880223872912953,0.24214738800804914,-0.3569913908580391
2,gpboost_exact,9,1.027565059938598,0.9447955622783465,0.654561472452051,0.44901323652190783,-0.37300358748654694
2,gpboost_exact,10,-0.276574050666634,-0.42543976106248255,-0.6019719235077821,0.24891838101251557,-0.3253978728411481
2,gpboost_exact,11,-0.2029664485285328,-0.34741155553982384,-0.04951591734445637,0.3215515906967483,0.15345053118407642
2,gpboost_exact,12,0.41572475418028426,0.4974836864836286,0.35022096334197506,0.3638420943670155,-0.0655037908383092
2,gpboost_exact,13,0.468256962226897,0.5591959115357812,0.008585548147463484,0.2737045947400773,-0.4596714140794335
2,gpboost_exact,14,0.2201489828140491,0.09467421141516319,0.2898322782215237,0.22391952307051616,0.06968329540747459
2,gpboost_exact,15,0.9704261007274495,1.1575291212036567,0.5349657430221013,0.3409501652086845,-0.4354603577053482
2,gpboost_exact,16,2.0175162636115247,2.150978122258891,1.5772134894959837,0.29123360050573127,-0.440302774115541
2,gpboost_exact,17,0.6514459632173214,0.7095561885778512,0.3592969430449635,0.3241881872645504,-0.2921490201723579
2,gpboost_exact,18,-0.8968169349776332,-0.9400156277021641,-1.0504493172557163,0.2177394534437483,-0.15363238227808318
2,gpboost_exact,19,-0.26398597521054756,-0.31692132825375696,-0.31950519975286173,0.17411489566164548,-0.05551922454231417
2,gpboost_exact,20,-0.8685062238512503,-0.7878926079411954,-0.5931391743904078,0.33717480005166334,0.27536704946084256
2,gpboost_exact,21,0.578578826888982,0.632134946098148,-0.044472285491492514,0.2835989111468068,-0.6230511123804745
2,gpboost_exact,22,-0.6545245947933583,-0.8022270077317171,-0.719047595715617,0.33209654209776407,-0.06452300092225871
2,gpboost_exact,23,-0.810064087666642,-0.7870760554200328,-0.8371476735778991,0.27702275150167,-0.027083585911257146
2,gpboost_exact,24,-0.7882588713186565,-0.7674809163054961,-0.9671032427615023,0.1813453003334778,-0.17884437144284582
2,gpboost_exact,25,0.9477595360630336,1.0864386868610765,0.6220771460844965,0.39040896005358877,-0.32568238997853716
2,gpboost_exact,26,1.013637640712357,0.9285006530122824,0.13724867019472953,0.31129499698767826,-0.8763889705176275
2,gpboost_exact,27,-0.15365168905148413,-0.18716601094923302,-0.3328942377006481,0.3901899777194925,-0.17924254864916395
2,gpboost_exact,28,0.5754228594839333,0.5568781678971384,0.3845397732012943,0.3242924137493005,-0.19088308628263906
2,gpboost_exact,29,-0.6654967078731054,-0.6846196344226589,-0.6913187354282617,0.35352309710097857,-0.02582202755515628
2,gpboost_exact,30,0.5107541598265943,0.45068260652193326,0.5093368696014178,0.20084725086942576,-0.0014172902251765596
2,gpboost_exact,31,0.0659692294440481,0.200834013341662,-0.14790838507769966,0.32400883388991286,-0.21387761452174775
2,gpboost_exact,32,0.7367489525504736,0.6494243844228569,0.6487279282390821,0.3790276516966459,-0.08802102431139147
2,gpboost_exact,33,1.4497778089016062,1.3971639484856655,1.7449161169573886,0.3315377150017585,0.29513830805578234
2,gpboost_exact,34,1.7843153616534617,1.686727803245496,1.1585941257583392,0.30429900020583023,-0.6257212358951225
2,gpboost_exact,35,0.1324800906744662,0.10424825251605088,0.33524742184524325,0.3461253952247312,0.20276733117077705
2,gpboost_exact,36,1.0933052204928793,1.1973505760771888,0.6784853777993611,0.3410397312543745,-0.4148198426935181
2,gpboost_exact,37,0.3908151359481221,0.40868897197143916,-0.13803974923696316,0.2731789207364114,-0.5288548851850853
2,gpboost_exact,38,-0.6806775337790056,-0.6065540073861035,-0.7572218697628879,0.2273077473113943,-0.07654433598388222
2,gpboost_exact,39,-0.09069435737501702,-0.03213963141032319,-0.23506064746055166,0.23029955713237155,-0.14436629008553464
2,gpboost_exact,40,0.5961903003876512,0.57790410111362,1.2959801654119114,0.4715891183310926,0.6997898650242602
2,gpboost_exact,41,-0.5800806035251235,-0.7609238712512023,-0.5765799058874856,0.3309463384550301,0.0035006976376378285
2,gpboost_exact,42,1.854733329861243,1.8741878150099265,1.460620255588219,0.26921840030070404,-0.3941130742730239
2,gpboost_exact,43,0.10231236417660206,0.09817930122821734,0.2450236166893851,0.3548464269079993,0.14271125251278305
2,gpboost_exact,44,0.33341142508895316,0.30821487490702076,0.45882570677095846,0.21094778964429062,0.1254142816820053
2,gpboost_exact,45,-0.2475452958527834,-0.2936351172273709,-0.525911625129277,0.2807737748762319,-0.27836632927649363
2,gpboost_exact,46,-0.13648249874718862,-0.15929158938782384,-0.3507340807143935,0.3334375460666655,-0.21425158196720487
2,gpboost_exact,47,-0.624982047692746,-0.6965843066523822,-0.4207909597092492,0.1827151504226767,0.20419108798349683
2,gpboost_exact,48,0.41319655892555873,0.33342465157381523,0.1919124529041345,0.27249689239999386,-0.22128410602142423
2,gpboost_exact,49,-0.1028295751695418,-0.16728736397832775,-0.19617993135779344,0.24176862964627222,-0.09335035618825163
2,gpboost_exact,50,0.029719572640634212,0.05114932901433075,0.9712380004833143,0.4057649293718803,0.9415184278426801
2,gpboost_exact,51,-0.4116077978652885,-0.24188327039097707,-0.4671735617695636,0.2901163663054084,-0.05556576390427509
2,gpboost_exact,52,-0.14010004922011518,-0.0780138343301208,-0.16580259044909962,0.19515496080944447,-0.025702541228984438
2,gpboost_exact,53,-0.9231480030837426,-1.1128059469134874,-1.030570966048069,0.19938919994262927,-0.10742296296432652
2,gpboost_exact,54,-0.5744554251418553,-0.559807169206535,-0.37733072501946774,0.2848335093633352,0.19712470012238759
2,gpboost_exact,55,0.07414658673222368,0.12680703666181714,-0.2813736150586923,0.4026534672819647,-0.355520201790916
2,gpboost_exact,56,0.7510515339654554,0.8357148304251523,0.6862507947164653,0.24218664292047976,-0.0648007392489901
2,gpboost_exact,57,-0.2873570647493444,-0.34388015052590337,-0.14327826460157667,0.25933003703296625,0.14407880014776775
2,gpboost_exact,58,-0.614136278724009,-0.7691322520096193,-0.4828100964451565,0.2878440456252906,0.1313261822788525
2,gpboost_exact,59,1.287405052832196,1.3722943967172267,1.5369575964456752,0.3879276540284367,0.24955254361347912
2,gpboost_exact,60,-0.028428643092481387,-0.07187419077296073,-0.13986870549660235,0.27602923360371123,-0.11144006240412097
2,gpboost_exact,61,-0.32211226486086997,-0.13525485985682884,-0.44070905723946696,0.41592725733201663,-0.118596792378597
2,gpboost_exact,62,-0.06403694228700277,-0.17814543192650747,-0.1830031231192848,0.27903372346775784,-0.11896618083228203
2,gpboost_exact,63,0.9695347188082231,1.1701092884269253,0.5841252384286801,0.3686687217999079,-0.3854094803795429
2,gpboost_exact,64,0.5917624820398367,0.4742470455813811,0.7287194242823465,0.17474495419706118,0.13695694224250976
2,gpboost_exact,65,-0.5851382222927641,-0.3888825675199291,-0.6815615457624089,0.3145152866789407,-0.09642332346964477
2,gpboost_exact,66,0.13194023294827412,0.1568596335088282,-0.24053666413767294,0.24324259507023382,-0.37247689708594706
2,gpboost_exact,67,-0.10323982023542155,-0.0015363307849638186,-0.28377550390791795,0.19783518251867577,-0.1805356836724964
2,gpboost_exact,68,1.058077416264641,1.1228856333476436,0.8007295811736572,0.28660872489381384,-0.2573478350909837
2,gpboost_exact,69,0.033184972477447325,0.15009550109180403,0.2867497955282836,0.24379504737282534,0.2535648230508363
2,gpboost_exact,70,0.023225750725294134,0.06498795344319165,0.004285120570372669,0.2457500217623869,-0.018940630154921465
2,gpboost_exact,71,0.11691226197779793,0.2107354582651803,0.2804517320365658,0.2460052441102347,0.1635394700587679
2,gpboost_exact,72,0.10378519789438655,-0.0005978030611522855,0.0801381559918557,0.23459541846065207,-0.02364704190253085
2,gpboost_exact,73,0.11094467923198678,0.11219407660697253,0.17472184220802212,0.29458948506483734,0.06377716297603533
2,gpboost_exact,74,0.9304720741515959,0.8160345314789672,0.654060391288894,0.22564696114070495,-0.2764116828627019
2,gpboost_exact,75,0.19672284920989772,0.20067702567304346,-0.16453109256728204,0.21176928252475044,-0.36125394177717973
2,gpboost_exact,76,-0.8874394439856292,-0.8544402155526942,-0.9287050462354358,0.2020085745888304,-0.04126560224980658
2,gpboost_exact,77,-0.8171572321379299,-0.8165634840793452,-0.6680569759551949,0.2369106967849454,0.14910025618273504
2,gpboost_exact,78,0.6197613945604918,0.7383730636605184,0.2645319429411819,0.22408459426079985,-0.35522945161930997
2,gpboost_exact,79,1.0150199417178756,1.1098026675822825,0.07694441909035454,0.326926118873887,-0.938075522627521
2,gpboost_exact,80,-0.013353898858319196,0.060866581226191416,-0.019319964778557797,0.28748801683516323,-0.0059660659202386
2,gpboost_exact,81,1.0910199932017088,1.1986124653203405,1.3172208021623897,0.24948817390705183,0.22620080896068084
2,gpboost_exact,82,-0.2350544665006027,-0.0750737616536176,-0.5284766865760329,0.29279618603904134,-0.2934222200754302
2,gpboost_exact,83,-0.038054850100375764,-0.10535404367431687,0.9149611491148928,0.41506954013151953,0.9530159992152686
2,gpboost_exact,84,-0.12578015632028705,-0.15147292205091345,-0.14687592083732337,0.19731437231526672,-0.02109576451703632
2,gpboost_exact,85,0.5597216705744594,0.5761542522744295,0.014000794079335854,0.26792143683410513,-0.5457208764951236
2,gpboost_exact,86,-0.08054954361697203,-0.16652332500229,-0.2880887818855393,0.4199149708169324,-0.2075392382685673
2,gpboost_exact,87,-0.00043130677007463536,-0.04030686893148256,-0.1361892209157114,0.36866023319688124,-0.13575791414563676
2,gpboost_exact,88,0.9619046632785884,0.8167381519526141,1.2497669494822903,0.45503720250283886,0.2878622862037019
2,gpboost_exact,89,0.6945033509136678,0.5828720616784608,1.3101982163336405,0.4955139313792267,0.6156948654199728
2,gpboost_exact,90,0.5002269933040578,0.6441252244042364,0.2816819377777655,0.22974802485457615,-0.21854505552629233
2,gpboost_exact,91,-1.1667900532917477,-1.1848884442953134,-0.9303473181975708,0.22329199926056723,0.2364427350941769
2,gpboost_exact,92,-0.9602677865378706,-1.1444609773960202,-1.0380464555251558,0.19627509707980156,-0.07777866898728525
2,gpboost_exact,93,-0.5815176408279202,-0.551017164983956,-0.729146932862351,0.317883321009379,-0.14762929203443076
2,gpboost_exact,94,1.064688401866356,1.0312698248271024,1.1743783714958358,0.2234631048439382,0.10968996962947974
2,gpboost_exact,95,-1.1345851100298048,-1.3242919688649768,-1.1711106167848593,0.19570916381527892,-0.036525506755054504
2,gpboost_exact,96,0.269446557137614,0.19593276511555946,-0.05440863596948997,0.3192942056995624,-0.323855193107104
2,gpboost_exact,97,0.872246807911237,0.8458235752309019,1.3552450690210662,0.417105191479268,0.48299826110982924
2,gpboost_exact,98,-0.10944693021914159,-0.08436319183622067,-0.18016779000767613,0.24840386700720735,-0.07072085978853454
2,gpboost_exact,99,1.8360375943949108,1.778543740406794,1.8539833048504537,0.31900067147711847,0.01794571045554294
2,gpboost_exact,100,1.1363918343665658,1.2513479263307254,0.9310029492041396,0.2537855085159224,-0.20538888516242615
2,gpboost_exact,101,0.2880623271293693,0.26705209839039656,0.14427543187217484,0.32238438362257177,-0.14378689525719446
2,gpboost_exact,102,1.1002947847021756,1.337285085912002,0.5657976196108945,0.42644416017310854,-0.5344971650912811
2,gpboost_exact,103,-0.001571268992803354,0.09886148804043582,0.013351628797998227,0.3065277975655361,0.014922897790801581
2,gpboost_exact,104,-0.6592686345255775,-0.5063892778553654,-0.796245734540876,0.2620682815468568,-0.1369771000152985
2,gpboost_exact,105,0.25736375903180353,0.3915255870577754,-0.014731742456154606,0.3078232174093719,-0.27209550148795814
2,gpboost_exact,106,0.9077413732712029,0.789713420069652,0.036885334125314806,0.3530411249433285,-0.870856039145888
2,gpboost_exact,107,1.3850953219689737,1.517726743010277,0.8917024795610538,0.34315701439208496,-0.4933928424079199
2,gpboost_exact,108,-0.8960695095480898,-0.6260511087019542,-0.9716629034578732,0.20703362493349153,-0.07559339390978337
2,gpboost_exact,109,0.36414398419452365,0.544578819418515,0.5395590705983635,0.41338778144010213,0.17541508640383985
2,gpboost_exact,110,-0.9931773077712089,-0.9514740773161147,-1.065085986339695,0.2288089564786607,-0.07190867856848615
2,gpboost_exact,111,-0.012121573886870463,-0.11011340322126267,-0.2896877098146353,0.2596162507366061,-0.27756613592776486
2,gpboost_exact,112,0.5691117411430763,0.6886913561543895,0.10498369219590353,0.3796482440978642,-0.46412804894717274
2,gpboost_exact,113,0.060042696151221264,0.01910121414546042,0.47187017481785487,0.2537083518153011,0.4118274786666336
2,gpboost_exact,114,-0.39223847991400085,-0.3597879614454903,-0.3071899388359016,0.2527308644958255,0.08504854107809923
2,gpboost_exact,115,1.0436298285175385,1.1410214734799817,0.5612237778340203,0.34927996399893374,-0.48240605068351816
2,gpboost_exact,116,-0.7512842638860877,-0.6291158904358947,-0.8584688550008872,0.19912551530179415,-0.1071845911147995
2,gpboost_exact,117,-0.4001174635766379,-0.4760527120408259,-0.286789777339588,0.2694385034785431,0.11332768623704992
2,gpboost_exact,118,-0.530009864153464,-0.42755072358014146,-0.4531037046467814,0.1896244531760872,0.07690615950668256
2,gpboost_exact,119,-0.20178483794420826,-0.14328970370193006,0.09774461831550907,0.2175931311384672,0.29952945625971733
2,gpboost_exact,120,0.9190901732577179,0.8974882030708656,0.7894427092119196,0.26485450570909597,-0.1296474640457983
2,gpboost_exact,121,-0.6862326039833148,-0.7116426971041043,-0.8012168495764458,0.3103418521894779,-0.11498424559313103
2,gpboost_exact,122,-0.32557995827376107,-0.28072258137466277,-0.5091032782028191,0.38430736238794283,-0.18352331992905802
2,gpboost_exact,123,1.6347171823742814,1.8118359046121886,0.7852357188721655,0.2861968913258743,-0.849481463502116
2,gpboost_exact,124,0.32516651430195853,0.29307333243799116,0.3540335486564241,0.23429509555400374,0.02886703435446558
2,gpboost_exact,125,-0.007870200032132624,0.08913595809017993,-0.30988188052023835,0.37157135482428333,-0.3020116804881057
2,gpboost_exact,126,0.23831188452103272,0.1615344840945935,0.03712892302517279,0.2689675123611654,-0.20118296149585993
2,gpboost_exact,127,-0.5529621215429712,-0.599960159800971,-0.7094279597932953,0.227942455601309,-0.15646583825032412
2,gpboost_exact,128,-0.20351985490722269,-0.20171368304933163,-0.2267167829856347,0.16348207374703896,-0.023196928078412005
2,gpboost_exact,129,-0.27356700067302986,-0.2804904682822501,-0.08047695807284372,0.2370121548721102,0.19309004260018614
2,gpboost_exact,130,0.4049558937002963,0.3958643969503038,0.23755557342154932,0.2646177659439355,-0.16740032027874696
2,gpboost_exact,131,0.3252483219461371,0.2543771513785191,0.5699953548872987,0.24939667866124712,0.24474703294116157
2,gpboost_exact,132,-0.8896406997009288,-0.9480311117210635,-0.7889940259058479,0.33265062871052514,0.10064667379508097
2,gpboost_exact,133,1.0181879045017446,0.9797577105767135,0.7361630219515298,0.20087936000079898,-0.28202488255021474
2,gpboost_exact,134,-0.0656119513974791,0.003640117816007829,0.17143768041039853,0.2262306085219572,0.23704963180787764
2,gpboost_exact,135,-0.9143430536691438,-0.8760692634630838,-0.7239138287515248,0.18790816799632803,0.19042922491761904
2,gpboost_exact,136,0.794159046068394,0.8748063377700355,0.4285314955259696,0.22617490280041042,-0.36562755054242446
2,gpboost_exact,137,-0.42783876542649396,-0.31050159381628245,-0.47050048248657905,0.3734529876991097,-0.04266171706008509
2,gpboost_exact,138,-0.08737722710752671,-0.09116157136889516,0.20725726248743426,0.25384729779892423,0.29463448959496097
2,gpboost_exact,139,-0.11771195875922302,-0.18011900572250616,1.018591416329869,0.43694942664830944,1.136303375089092
2,gpboost_exact,140,-0.059843039938443005,-0.13072208225826637,-0.05199055624981952,0.3752056608263727,0.007852483688623485
2,gpboost_exact,141,-0.0029833090207737056,0.16192884584636583,-0.10429621984731696,0.28377796851915815,-0.10131291082654326
2,gpboost_exact,142,1.7050378223655616,1.795916396626372,1.5933683600270085,0.2903523599794983,-0.11166946233855302
2,gpboost_exact,143,1.4540568675231962,1.609006228859796,1.3506855904638768,0.2535687542186828,-0.10337127705931937
2,gpboost_exact,144,-0.28493941686926083,-0.16566587672109312,-0.05851714594986901,0.21887956725168334,0.22642227091939182
2,gpboost_exact,145,-0.42574889703505464,-0.4360247442642908,-0.24171921473590885,0.19063114376020807,0.1840296822991458
2,gpboost_exact,146,0.029414552967900243,0.08448594776439106,-0.160878497963568,0.3334998837742476,-0.19029305093146826
2,gpboost_exact,147,-0.5553514349311877,-0.5387277715334786,-0.6532535976743699,0.2298107237876343,-0.0979021627431822
2,gpboost_exact,148,-0.7948148648300846,-0.5705412386404525,-0.6770428928473127,0.3484479413854288,0.1177719719827719
2,gpboost_exact,149,0.38500105370410814,0.446443653154564,0.3436382498066406,0.3840726398465829,-0.04136280389746755
2,gpboost_exact,150,0.06267107434669228,0.2255741324948467,-0.07807170921685014,0.272295578650782,-0.14074278356354242
2,gpboost_exact,151,1.190483292844779,1.2076332943870198,0.8110310683056969,0.36029501267048747,-0.3794522245390821
2,gpboost_exact,152,-0.8642621703828288,-0.7277754470647224,-0.9831740508980493,0.25638698460017995,-0.1189118805152205
2,gpboost_exact,153,-0.4834968106109728,-0.4520041127214607,-0.5066226713836723,0.331104300765462,-0.023125860772699514
2,gpboost_exact,154,0.26007084261775437,0.20404042954505744,0.15726767014586507,0.1949218354101552,-0.1028031724718893
2,gpboost_exact,155,-0.28465766816123017,-0.14697668986411816,0.15401828671848028,0.33198608175832406,0.43867595487971045
2,gpboost_exact,156,0.4420388327808907,0.37863818171609304,0.3767109224352878,0.2236668256576077,-0.06532791034560287
2,gpboost_exact,157,0.3061892482799779,0.2848967048234875,0.6543927280244475,0.24456706444224136,0.3482034797444696
2,gpboost_exact,158,-0.31924888112109906,-0.23531772129655978,0.07948524497645337,0.3865492128248459,0.39873412609755243
2,gpboost_exact,159,0.8774481735461067,0.9240773413979448,0.6437276243794936,0.1952142353263395,-0.2337205491666131
2,gpboost_exact,160,-0.1379229175208442,-0.17200810301722164,0.22965839264862065,0.2723482954395097,0.3675813101694648
2,gpboost_exact,161,-0.9033277024331519,-0.8912817483774861,-1.0671997791001129,0.23280782322376897,-0.16387207666696102
2,gpboost_exact,162,-0.02551599461235482,0.11353376080645958,-0.29471747142295435,0.27110603620235557,-0.2692014768105995
2,gpboost_exact,163,-0.12671401814988562,-0.19038817487164789,-0.34830167703992876,0.3426974334797879,-0.22158765889004314
2,gpboost_exact,164,0.8865613899287074,0.6388134789104883,0.5474894041395157,0.280127978657927,-0.3390719857891916
2,gpboost_exact,165,0.322891137359713,0.43387798742021233,-0.28493881950303646,0.2220176739456017,-0.6078299568627494
2,gpboost_exact,166,0.2160283909454356,0.17051594905486925,-0.270280340172409,0.29276851467471543,-0.48630873111784456
2,gpboost_exact,167,-0.8428080070587483,-0.8680463168611028,-0.9229578643824041,0.2203994066629925,-0.08014985732365587
2,gpboost_exact,168,-0.3720986341054877,-0.2895910416260181,-0.6935504436155657,0.2814657502656446,-0.321451809510078
2,gpboost_exact,169,-0.2633981664287714,-0.30261761595577613,-0.633622401244295,0.34050149946968006,-0.37022423481552363
2,gpboost_exact,170,-0.0682757526354748,-0.08580965742562462,-0.1781605911125279,0.27286614771564105,-0.1098848384770531
2,gpboost_exact,171,-0.1931408192935894,-0.07533092114141515,-0.4786673154547927,0.30436058799321036,-0.2855264961612033
2,gpboost_exact,172,-0.5322123292385231,-0.46318916427555484,-0.689107051755248,0.27686143106647715,-0.15689472251672487
2,gpboost_exact,173,0.5859800129160244,0.5850800600041487,0.41215090112220887,0.3307008153047937,-0.17382911179381555
2,gpboost_exact,174,-0.756328483623503,-0.8348163607147716,-0.6565279799890336,0.22450808659841054,0.09980050363446946
2,gpboost_exact,175,0.1647448489496539,0.0730218241540127,0.5080061415227726,0.46855378537794146,0.34326129257311866
2,gpboost_exact,176,0.8312848240805971,0.9273348393305305,0.4841141388122532,0.306862701449923,-0.34717068526834394
2,gpboost_exact,177,1.36063827125467,1.4219696589463855,1.1992415648529597,0.373827728592635,-0.16139670640171033
2,gpboost_exact,178,-0.15000181559493686,-0.24149285634046447,0.12119898262351203,0.41766051362080625,0.2712007982184489
2,gpboost_exact,179,-0.12906080957992494,-0.10064243005118413,-0.3955372234920125,0.2924234425826467,-0.26647641391208754
2,gpboost_exact,180,-1.174872803547533,-1.3818196730726624,-1.082773351788802,0.21418820630004612,0.09209945175873102
2,gpboost_exact,181,-0.4098750979683822,-0.34079276881673304,-0.6480347361488312,0.3357221567928567,-0.23815963818044905
2,gpboost_exact,182,0.8189274350780372,0.8496408020101365,1.0925184838236328,0.2390085339513118,0.2735910487455956
2,gpboost_exact,183,0.5785307484200557,0.5075428961252823,0.616188451396043,0.37408641955885286,0.03765770297598725
2,gpboost_exact,184,1.2052999276609737,1.3195372615832193,0.8821191115626266,0.29596195444530854,-0.32318081609834715
2,gpboost_exact,185,0.4619612536710627,0.5010341974883211,1.2773050073461736,0.41119076348753075,0.8153437536751109
2,gpboost_exact,186,1.790110696886296,1.7579537330270454,1.7283548866748815,0.36756075827922946,-0.06175581021141463
2,gpboost_exact,187,0.34500557298663226,0.3117166023567562,0.24778493186304162,0.24256213976471092,-0.09722064112359063
2,gpboost_exact,188,-1.026332016466076,-1.0549886453380948,-0.7717080913120125,0.20917565616045028,0.2546239251540636
2,gpboost_exact,189,-0.7082542025770512,-0.6254786134729347,-0.6720211813105426,0.27704107210235673,0.036233021266508625
2,gpboost_exact,190,1.3672068206953802,1.4295292805273838,1.4822370004429648,0.2777894040264423,0.11503017974758456
2,gpboost_exact,191,0.5846070482791518,0.5405215815673682,0.11784140965620438,0.2775707667089546,-0.4667656386229474
2,gpboost_exact,192,-0.8350993252053643,-0.9571697574515092,-1.0031201174802966,0.2075173292729862,-0.16802079227493227
2,gpboost_exact,193,-0.3426502087062056,-0.3654721243557581,-0.10161864991606961,0.2795390287317845,0.241031558790136
2,gpboost_exact,194,1.3293693265349527,1.365617792232641,0.9368097031125284,0.22923239464403947,-0.39255962342242423
2,gpboost_exact,195,0.14011759990683578,0.057226464308164124,0.24444125417579676,0.32454406306593414,0.10432365426896098
2,gpboost_exact,196,1.4958066039440379,1.416620573270309,0.8050678099198123,0.3198083098513691,-0.6907387940242256
2,gpboost_exact,197,-0.6247946907302488,-0.6432125912690966,-0.5771693946789016,0.31075502944713923,0.04762529605134724
2,gpboost_exact,198,0.12205590716408588,0.15138265387069777,-0.09412019993687526,0.17765174540345594,-0.21617610710096113
2,gpboost_exact,199,0.5534040214864424,0.6154934190150265,0.7370356293915589,0.3803176379505025,0.18363160790511646
2,gpboost_exact,200,-0.28556484339708244,-0.179703867244146,-0.04279466742251792,0.20305813151881685,0.24277017597456452
2,gpboost_exact,201,1.2703040579158205,1.085810992777357,1.0366622277935083,0.28334023243177037,-0.2336418301223122
2,gpboost_exact,202,1.0373108070812498,1.1377825605613148,0.8665203481851882,0.34087288837625807,-0.1707904588960616
2,gpboost_exact,203,0.9467623397760924,0.981443249891781,0.16922470580638027,0.2979891104387709,-0.7775376339697121
2,gpboost_exact,204,-0.043863079952777384,-0.10089882464053924,0.2347758687650865,0.3478442954440351,0.2786389487178639
2,gpboost_exact,205,0.3408530723554396,0.4208625413400948,0.30230953218931944,0.24921712253729625,-0.03854354016612016
2,gpboost_exact,206,-0.200092467355506,-0.4058152235198541,-0.2775079805728735,0.24600995401652237,-0.0774155132173675
2,gpboost_exact,207,1.072385206911092,0.8835804879949625,0.6508858391135162,0.39033373497794954,-0.4214993677975758
2,gpboost_exact,208,0.43475116972668315,0.6285562128093011,0.3944743083911495,0.3814488703723823,-0.040276861335533654
2,gpboost_exact,209,0.39024063396379205,0.2549194912925598,1.1797812497759272,0.36896938156969267,0.7895406158121352
2,gpboost_exact,210,0.9071261856851127,0.9256477464367047,0.39237205908147965,0.3019766065615672,-0.5147541266036331
2,gpboost_exact,211,0.8175448119233091,0.7028823464883944,0.6013110138316771,0.2837395014205475,-0.216233798091632
2,gpboost_exact,212,0.22023267632165022,0.16894061776702932,-0.03105760032956173,0.25450547609772656,-0.25129027665121195
2,gpboost_exact,213,0.5632935437091943,0.4556885371134634,-0.12820807881841478,0.2990504198784286,-0.691501622527609
2,gpboost_exact,214,0.23192944908049917,0.3284278767412919,0.1817994998384549,0.26145397956407257,-0.05012994924204428
2,gpboost_exact,215,0.1443394740947081,-0.06242972621895809,-0.08855054848253774,0.26849448960236466,-0.23289002257724584
2,gpboost_exact,216,-0.9477824005435457,-0.954903777149204,-1.0293304779961678,0.19411375800277117,-0.08154807745262216
2,gpboost_exact,217,0.039824001079751925,-0.06809673018988,-0.09410289325837962,0.3214963478754642,-0.13392689433813154
2,gpboost_exact,218,0.08242768169004433,-0.029996229047241307,-0.2828990821664483,0.23538024938766602,-0.36532676385649265
2,gpboost_exact,219,0.5970660308169489,0.6713757103996568,0.2521912294129127,0.3710561936434351,-0.34487480140403615
2,gpboost_exact,220,1.167893763320573,1.0693867416129976,0.7260481837761033,0.3640787191720365,-0.4418455795444698
2,gpboost_exact,221,-0.7111513029767682,-0.7291794098014447,-0.655505606276034,0.3276139357144157,0.05564569670073416
2,gpboost_exact,222,1.3652516506960648,1.4059322657310254,0.9410825754565515,0.335418462814692,-0.4241690752395133
2,gpboost_exact,223,1.1335876773271147,1.1352379126688432,1.2859533370999667,0.22514667019678605,0.152365659772852
2,gpboost_exact,224,1.790850558232369,1.8500489703711522,1.7764707766181984,0.37138670878205476,-0.01437978161417064
2,gpboost_exact,225,0.25348836353338544,0.3537161714925386,0.34155495399824565,0.28749216636644315,0.0880665904648602
2,gpboost_exact,226,0.19668179892890642,0.21667454041866366,-0.2032167107717231,0.3142531006942824,-0.3998985097006295
2,gpboost_exact,227,0.3426891264726386,0.3050884326091655,0.3127768156149364,0.3587634059964046,-0.029912310857702185
2,gpboost_exact,228,-0.010137768835153105,-0.021575859216706565,-0.04817989200708839,0.2182797852747077,-0.03804212317193528
2,gpboost_exact,229,0.30352949699059867,0.2563385088937313,0.15624662782896515,0.19114837312950977,-0.14728286916163352
2,gpboost_exact,230,0.383173052867822,0.4752352610732947,-0.2384168278486256,0.30441142612115946,-0.6215898807164476
2,gpboost_exact,231,-0.9967064065631117,-1.0724426630283703,-0.8859662590229007,0.17052876072838885,0.110740147540211
2,gpboost_exact,232,-0.6386048711107319,-0.6090029282750393,-0.7706655940266902,0.31035790066250096,-0.13206072291595827
2,gpboost_exact,233,-0.1858164091667725,-0.12503903232065527,0.24444131864069396,0.27299304568719807,0.43025772780746646
2,gpboost_exact,234,-0.9606022217946715,-1.0362841650975192,-1.0209105689527567,0.189196870209125,-0.060308347158085196
2,gpboost_exact,235,0.4429261117061301,0.2837079107165428,0.6558989460151204,0.38897563404213653,0.21297283430899033
2,gpboost_exact,236,0.10456913347335048,0.1840681116913222,0.07566974018495243,0.22740767055289565,-0.02889939328839805
2,gpboost_exact,237,-1.3140997207584963,-1.3091647620748559,-1.1760386557036462,0.2833587158869583,0.13806106505485016
2,gpboost_exact,238,-0.2893249694550042,-0.3040059716624988,-0.004337844985936812,0.2462360695821491,0.2849871244690674
2,gpboost_exact,239,-0.8599951158247527,-0.8664804782688615,-0.6362741711479742,0.3365710618023563,0.2237209446767785
2,gpboost_exact,240,0.11145551196604059,0.12443942959014141,-0.10625771215295376,0.2686575528769562,-0.21771322411899435
2,gpboost_exact,241,0.8473761766188561,0.8815472674296669,0.6986707498010385,0.31754680953007813,-0.14870542681781762
2,gpboost_exact,242,0.3002615965081715,0.28533189648069435,0.020254001012838252,0.3877955710607092,-0.2800075954953333
2,gpboost_exact,243,-1.0103152720258401,-1.0780704907753216,-0.8749756947383869,0.209392162111094,0.13533957728745327
2,gpboost_exact,244,-0.3763407293505071,-0.33076336108706406,-0.1871997107735388,0.33678537418538723,0.1891410185769683
2,gpboost_exact,245,-0.3365453904861473,-0.27070106132057425,-0.25578348840065157,0.167691869682678,0.08076190208549572
2,gpboost_exact,246,1.6644998438991618,1.595539662533059,0.5612937370627011,0.3352408824430511,-1.1032061068364607
2,gpboost_exact,247,1.7751094824607319,1.5779045715726487,1.7211746048647272,0.3883747927357263,-0.05393487759600468
2,gpboost_exact,248,0.8404817465392169,0.9401036238226034,0.1268919815266889,0.29059477276627765,-0.713589765012528
2,gpboost_exact,249,1.8762152424400953,1.9588480146223328,1.8067490698834003,0.3226939238181259,-0.06946617255669496
2,gpboost_exact,250,1.0176644719343089,1.0910222449821254,0.8872645277962881,0.3312868060011555,-0.1303999441380208
2,gpboost_exact,251,-0.21714106038330677,-0.26549020978922105,-0.15145734348907158,0.1877150828932041,0.06568371689423519
2,gpboost_exact,252,1.323164364192989,1.435944589885135,1.0485458475902032,0.1781897332096807,-0.2746185166027859
2,gpboost_exact,253,0.9349019426409131,0.9762083456284957,0.8661163503167529,0.3665141113653815,-0.06878559232416015
2,gpboost_exact,254,-0.4401371194261985,-0.47455913937424077,0.01701267002781659,0.272108367746024,0.4571497894540151
2,gpboost_exact,255,-0.39049897279374923,-0.46724957536105477,-0.2200509761290772,0.24083304264821825,0.17044799666467203
2,gpboost_exact,256,0.6571663834157685,0.8211053860563261,1.1200509090049575,0.35219071550313885,0.462884525589189
2,gpboost_exact,257,0.27634191543954023,0.29101994621641347,0.4921715394665771,0.36079579730412625,0.21582962402703687
2,gpboost_exact,258,0.6199197556867109,0.6162497871641162,0.6341679875570927,0.15775272387611625,0.014248231870381822
2,gpboost_exact,259,-0.34534259013639856,-0.442470897114428,-0.3882130738124312,0.31390855524292577,-0.042870483676032634
2,gpboost_exact,260,-0.0122606041330251,0.060698467216817986,-0.17406847882933985,0.3471442626214397,-0.16180787469631475
2,gpboost_exact,261,1.2372571435224604,1.2141346925402754,0.09923996570560867,0.35072829126484073,-1.1380171778168517
2,gpboost_exact,262,-0.08257773824343634,0.08967485420227567,-0.04546494548361402,0.33163354995801453,0.03711279275982232
2,gpboost_exact,263,1.1820710828476324,1.197269381266891,1.0405868871160893,0.22591624731283097,-0.14148419573154314
2,gpboost_exact,264,0.7900447860646389,0.8389581711775161,0.24600959679700418,0.26987094026757374,-0.5440351892676347
2,gpboost_exact,265,-0.12830351438419763,-0.2131282120784542,-0.11264444088226355,0.18079212055603977,0.015659073501934073
2,gpboost_exact,266,0.714997608987701,0.5927797738741005,0.08910059536557124,0.29801351679914445,-0.6258970136221298
2,gpboost_exact,267,1.7741691948634002,1.6788546094143237,1.265644837107403,0.2720881847491098,-0.5085243577559972
2,gpboost_exact,268,0.6896587984819723,0.6362009735042362,0.31960339487073064,0.29064291636225,-0.3700554036112417
2,gpboost_exact,269,-0.10374030368508869,-0.2382906051612785,-0.05298854228901906,0.3496832985830403,0.05075176139606963
2,gpboost_exact,270,0.492146130924022,0.3796104150470362,0.5638487956997205,0.2314862264497092,0.07170266477569848
2,gpboost_exact,271,-0.7351427446634017,-0.8702970725063127,-0.5656524347460694,0.32452899476663544,0.16949030991733227
2,gpboost_exact,272,0.44962729491406084,0.4869474915950752,0.32321817458913604,0.17702608701482314,-0.1264091203249248
2,gpboost_exact,273,-0.0974573122724918,-0.02087914992271038,-0.1135291344444056,0.18106957329174805,-0.016071822171913802
2,gpboost_exact,274,0.9552143975622938,0.8727322320285024,0.7495199664890624,0.3246123892186338,-0.20569443107323138
2,gpboost_exact,275,-0.33371230105445837,-0.18992359326845654,-0.09709801380201943,0.29658775018546857,0.23661428725243894
2,gpboost_exact,276,1.0986421893807834,1.1373532687210002,0.2657755137387361,0.3358779953452887,-0.8328666756420473
2,gpboost_exact,277,0.10330325114111599,0.1063523939449182,0.23413600014360858,0.3848063608828263,0.1308327490024926
2,gpboost_exact,278,0.964541340741859,0.9885960912149265,0.4667018813778956,0.3227902168645137,-0.49783945936396345
2,gpboost_exact,279,-0.6179721962669728,-0.44621142686466414,-0.7097930785405593,0.2186985110540166,-0.09182088227358653
2,gpboost_exact,280,-1.1232441203411552,-1.0575759891365712,-1.1560146992328875,0.21116865616851002,-0.032770578891732294
2,gpboost_exact,281,1.1342389001267354,1.243907518598646,0.7261075091940838,0.3185882549013362,-0.4081313909326516
2,gpboost_exact,282,-0.0888753178415563,0.2110960570500445,-0.39754845913059533,0.30976705119871456,-0.308673141289039
2,gpboost_exact,283,0.8786795740614746,0.8528275196091833,0.9537213166439633,0.4040667353185416,0.07504174258248875
2,gpboost_exact,284,2.007466536756569,1.9851765503425067,1.6265976518001422,0.2678607840945915,-0.3808688849564268
2,gpboost_exact,285,-0.25927413839988045,-0.21449145233225617,-0.339896143474971,0.26209229731263467,-0.08062200507509054
2,gpboost_exact,286,-0.42541317854110416,-0.5233242486700621,-0.6930797059803373,0.19594416431312,-0.26766652743923314
2,gpboost_exact,287,-0.14568066534762966,-0.21254188677047198,-0.01941965104960186,0.23860018511757308,0.1262610142980278
2,gpboost_exact,288,1.4229241152407748,1.3390110961546773,0.4626410377554495,0.2883298859188293,-0.9602830774853253
2,gpboost_exact,289,-0.27198500910929324,-0.09541751894730013,-0.08603939729008703,0.23412485134516892,0.1859456118192062
2,gpboost_exact,290,1.9248704983600076,1.9756843988024926,1.543143760782931,0.23971821381710792,-0.38172673757707654
2,gpboost_exact,291,0.19622824272814712,0.15084448116067736,0.11283443880599187,0.18259214422423894,-0.08339380392215526
2,gpboost_exact,292,-0.4292012526661617,-0.5146724324261264,-0.5786174412730869,0.29367537828487805,-0.14941618860692518
2,gpboost_exact,293,-1.0135677820578026,-0.94476347887861,-0.853226090161213,0.20075943311153027,0.16034169189658964
2,gpboost_exact,294,1.0698964274396237,1.1629645573835563,0.4858535628021956,0.3157143800167871,-0.584042864637428
2,gpboost_exact,295,0.9087699717466424,0.8691757382621217,0.6115586291451822,0.3218224301109862,-0.2972113426014602
2,gpboost_exact,296,-0.31650103102169036,-0.22355767711138824,-0.43429363623422956,0.32963571443671563,-0.1177926052125392
2,gpboost_exact,297,-0.2678540581118641,-0.3290841830619168,-0.28660590342630465,0.3492029469314102,-0.018751845314440574
2,gpboost_exact,298,-0.597256662209124,-0.4773953573786869,-0.3384363401514312,0.257705099688469,0.2588203220576928
2,gpboost_exact,299,-0.2742345572873347,-0.2224885625606263,-0.1843139257263271,0.29951197292037807,0.0899206315610076
3,gpboost_exact,0,1.4406904926290356,1.579232488961787,1.472741782054591,0.2525271776948342,0.03205128942555535
3,gpboost_exact,1,0.5865408693285629,0.6188212672748996,0.4395761875982771,0.3526072464661278,-0.14696468173028576
3,gpboost_exact,2,0.7270728917205869,0.6808883685349092,0.8532313144340975,0.28692373705324686,0.12615842271351063
3,gpboost_exact,3,0.5918512449461529,0.717840844540288,0.7152524991383586,0.270601132698913,0.12340125419220571
3,gpboost_exact,4,0.9118598392384374,1.0001697301508525,1.1022645346730542,0.18923328218633284,0.1904046954346168
3,gpboost_exact,5,-0.0011284391033774543,-0.16417299724594048,0.16274107917971392,0.18986799303458188,0.16386951828309138
3,gpboost_exact,6,1.7075812642205062,1.7159382331791282,1.745899757674568,0.261396187101193,0.03831849345406191
3,gpboost_exact,7,0.607564386264987,0.662168369060301,0.6464529815495439,0.23879628054651764,0.038888595284556904
3,gpboost_exact,8,1.7925131902516336,1.7244596597134887,1.8939605429696478,0.22425944768703399,0.1014473527180142
3,gpboost_exact,9,0.7209664618554816,0.7019153307070408,0.9510742874804663,0.21844642247185603,0.23010782562498466
3,gpboost_exact,10,0.15748093524987816,0.09291058375047347,1.322228225996497,0.28691014942879517,1.164747290746619
3,gpboost_exact,11,-0.5949287124613878,-0.6401515237958494,0.04816707859678715,0.33110125995605155,0.6430957910581749
3,gpboost_exact,12,1.1392340599261777,1.0406065719747555,1.1833148921560799,0.2487389040442275,0.04408083222990222
3,gpboost_exact,13,-0.24038024817759548,-0.22753287622116017,0.042306293486330304,0.23436048242677318,0.2826865416639258
3,gpboost_exact,14,0.17520166460782205,0.06103028515810516,-0.05266702117356914,0.22644352004255566,-0.2278686857813912
3,gpboost_exact,15,0.902820787567964,0.8334234093991144,0.860239133234419,0.2689484572950626,-0.042581654333544994
3,gpboost_exact,16,0.707192601121359,0.6834715054367727,1.1807435011174086,0.3193285103164163,0.4735508999960496
3,gpboost_exact,17,0.1500810084563364,0.17992906454742874,0.13458032817843701,0.35430687896987767,-0.015500680277899387
3,gpboost_exact,18,1.8979804581338386,1.9104086369890145,1.8024413650472155,0.23856391853634137,-0.09553909308662312
3,gpboost_exact,19,0.27746606520610334,0.38744587675367836,0.7045209912969845,0.2796205365467612,0.4270549260908812
3,gpboost_exact,20,-0.28557036330838065,-0.34520434763775876,0.1443245957536199,0.294760921232869,0.42989495906200054
3,gpboost_exact,21,0.5953318844769375,0.7160026541659701,0.48944101254404515,0.3218949299433793,-0.10589087193289237
3,gpboost_exact,22,-0.1571535660589236,-0.4048621314645988,-0.13915561335056026,0.2361255804897118,0.01799795270836335
3,gpboost_exact,23,1.4892726969373928,1.6205448345787157,1.3113922435070435,0.2409118546673401,-0.1778804534303493
3,gpboost_exact,24,1.8940871304906834,1.9051156663414628,2.08137382496599,0.32591449322847915,0.18728669447530644
3,gpboost_exact,25,-0.6738704308677366,-0.7665530788303333,-0.055127321210122204,0.31472812479281276,0.6187431096576144
3,gpboost_exact,26,0.5739559477328714,0.5499763113732877,0.4140417053654524,0.39159022852233555,-0.15991424236741902
3,gpboost_exact,27,0.2296952437230822,0.19134793149067986,0.3824247976447168,0.17548949149732704,0.15272955392163462
3,gpboost_exact,28,2.4044359747194766,2.3714211460507135,1.97281585109436,0.24717380358166147,-0.4316201236251165
3,gpboost_exact,29,0.060892859320363826,0.23413137229672137,-0.2146734030896269,0.2287981733044849,-0.2755662624099907
3,gpboost_exact,30,1.0397065402528771,1.0606458126713314,1.0185965715267464,0.32777244242064446,-0.02110996872613069
3,gpboost_exact,31,-0.3543267231720197,-0.44221805135142894,0.8392532180993655,0.3180220367652514,1.1935799412713852
3,gpboost_exact,32,0.27738083041752415,0.30650687458919157,0.3339753886628891,0.23999819183065843,0.05659455824536497
3,gpboost_exact,33,0.20541995361189025,0.31155651801103745,0.4743055014876134,0.22935021767856445,0.26888554787572316
3,gpboost_exact,34,0.7603669258934818,0.7161474205883326,1.2531901202973295,0.2898679426592733,0.4928231944038477
3,gpboost_exact,35,0.14947561233111772,0.18484538566426267,0.2873174257566511,0.2426900453503279,0.13784181342553337
3,gpboost_exact,36,0.5544839353276212,0.5586112799632333,0.8570564253890041,0.2673966367685236,0.30257249006138287
3,gpboost_exact,37,-0.12689608633849514,-0.038996732892308233,-0.08771153007835153,0.18868666176171203,0.03918455626014361
3,gpboost_exact,38,2.57519085081463,2.608274553453263,2.441139651322665,0.2848322064710736,-0.1340511994919651
3,gpboost_exact,39,0.23701837188394248,0.14733573907047542,-0.19078447841879864,0.2503175138721178,-0.4278028503027411
3,gpboost_exact,40,0.32195684708435823,0.4777212390036387,0.2346226174348125,0.18341018920837376,-0.08733422964954574
3,gpboost_exact,41,1.1457822347846471,1.2047090877344149,0.9349662452338663,0.22184445481934192,-0.21081598955078085
3,gpboost_exact,42,0.780781444493956,0.8260243577883932,0.6456948656431543,0.24990610001098038,-0.13508657885080178
3,gpboost_exact,43,0.5625050584670644,0.599591631403002,0.26977710724262494,0.2714197387054214,-0.2927279512244395
3,gpboost_exact,44,1.0985707996277347,1.1345492936946016,1.1666116292652866,0.3537095765726274,0.06804082963755187
3,gpboost_exact,45,1.9073617888087941,1.9690163016738191,1.9031132334766134,0.24237376385508513,-0.004248555332180715
3,gpboost_exact,46,-0.15538868317540244,-0.19475888100459748,0.1685692564551715,0.25709834578890706,0.32395793963057395
3,gpboost_exact,47,-0.2624182696927223,-0.40791917963010216,0.49594532496499255,0.24070532316986934,0.7583635946577149
3,gpboost_exact,48,-0.0005112771905961822,0.013544364025209726,0.29109692359296346,0.3295212956408345,0.29160820078355965
3,gpboost_exact,49,-0.4552298036896229,-0.5726854377044057,-0.06660389145756795,0.21585235548901807,0.38862591223205495
3,gpboost_exact,50,0.11805244571363119,0.26740692397840427,0.12607273640683303,0.22922714160025667,0.008020290693201843
3,gpboost_exact,51,0.1983551889064572,0.08078092579757612,0.30655604034920714,0.2426970607641294,0.10820085144274993
3,gpboost_exact,52,2.720504714887216,2.8222593972459213,2.4611287011911394,0.25242042013183313,-0.25937601369607677
3,gpboost_exact,53,0.12925847545132985,0.16513349864690208,-0.04387479244483572,0.18237945698843858,-0.17313326789616557
3,gpboost_exact,54,0.013666551377152447,0.052575839865862055,-0.04862887150037665,0.28454879416877865,-0.062295422877529094
3,gpboost_exact,55,0.9005494957872392,0.8301135642121051,0.691707836766259,0.2702316301802806,-0.20884165902098017
3,gpboost_exact,56,0.17866314348967516,0.16918255590698336,-0.07785595317793437,0.1903562573410995,-0.2565190966676095
3,gpboost_exact,57,1.4110593659603183,1.255778556259326,1.1563642049511884,0.28027245382432436,-0.2546951610091299
3,gpboost_exact,58,0.012868788649361793,-0.03640183961283784,0.004064195633326051,0.1853891047245074,-0.008804593016035742
3,gpboost_exact,59,-0.2373074528529463,-0.2412859340942089,-0.10866883525697801,0.21420027528176488,0.12863861759596829
3,gpboost_exact,60,-0.160996801277619,-0.17791849187330472,-0.1667650671610872,0.28509936629094823,-0.005768265883468182
3,gpboost_exact,61,0.24053769455046015,0.1250943231187149,0.2268714793818809,0.2632162415048022,-0.013666215168579243
3,gpboost_exact,62,1.4707984452506662,1.6067078392108098,1.2203795244180462,0.20234348119183526,-0.25041892083261996
3,gpboost_exact,63,-0.33017966365125756,-0.4652725474866952,-0.11705971746253141,0.2265617624580068,0.21311994618872615
3,gpboost_exact,64,0.8611414288256294,0.8680222502887326,0.8664664181376764,0.3517586378093411,0.005324989312047057
3,gpboost_exact,65,-0.4809744646700739,-0.4281757317801286,0.1329642314688826,0.3342956056675149,0.6139386961389565
3,gpboost_exact,66,0.36586247248063086,0.364383459851838,0.3931436192279989,0.2955343201925868,0.027281146747368035
3,gpboost_exact,67,-0.09266456233596132,-0.2731606911472707,-0.4105584678150116,0.17935681968822828,-0.3178939054790503
3,gpboost_exact,68,0.35174785438784784,0.10840764749975071,0.15837171570759878,0.20118378682465465,-0.19337613868024905
3,gpboost_exact,69,-0.6258766643073971,-0.7456146130178203,-0.10135838767284255,0.32860518634468977,0.5245182766345545
3,gpboost_exact,70,0.9719278775401992,1.0110799344423285,0.6243641373934388,0.22562678346392154,-0.3475637401467604
3,gpboost_exact,71,0.2871374784379144,0.15046828922058986,-0.03628996187755007,0.27496338316879565,-0.32342744031546444
3,gpboost_exact,72,0.6847038280459569,0.8018094402941792,0.5691780496089471,0.2345503636148308,-0.11552577843700973
3,gpboost_exact,73,0.22599266033616494,-0.13002877221137343,0.028865667553510832,0.2909894812128415,-0.1971269927826541
3,gpboost_exact,74,1.6298980494779798,1.5643453672226155,1.605630769164744,0.267346374912983,-0.024267280313235773
3,gpboost_exact,75,0.2650079110331451,0.437736125223546,0.7869758572542871,0.33663978511511405,0.521967946221142
3,gpboost_exact,76,0.9399521028257832,0.8222129099397767,0.8755732034642847,0.25418984966450126,-0.06437889936149854
3,gpboost_exact,77,1.0795252591165336,1.085012161074387,1.0667683166849962,0.4408759008341952,-0.012756942431537466
3,gpboost_exact,78,-0.7483256954432749,-0.7529185374877185,0.2899564468916829,0.3436774507295135,1.0382821423349577
3,gpboost_exact,79,0.23349989934343357,0.1960498642094866,1.1261898175054128,0.3372224491151704,0.8926899181619792
3,gpboost_exact,80,1.3999065526870136,1.2021021572185866,1.5592923587928844,0.2965538214447309,0.15938580610587083
3,gpboost_exact,81,1.3515374387012624,1.4059152117196798,1.3894481096408455,0.2264912882629624,0.03791067093958311
3,gpboost_exact,82,-0.5950456725396218,-0.6491866906961328,-0.3919601603765166,0.27668116381700697,0.20308551216310522
3,gpboost_exact,83,2.382808170545203,2.3498263247474904,2.4721361524025625,0.20045992173167831,0.08932798185735935
3,gpboost_exact,84,0.28786244733445476,0.34516102596385795,0.6891301505074665,0.37266070191262407,0.40126770317301175
3,gpboost_exact,85,1.657611430266215,1.6788144717305915,1.4812131996166968,0.28445014146837205,-0.1763982306495182
3,gpboost_exact,86,1.3608328444614632,1.4094407429931164,1.232089552882691,0.2562364851729609,-0.1287432915787723
3,gpboost_exact,87,0.03369072641728876,-0.004015363568100755,0.6140944718463466,0.3170512885982482,0.5804037454290578
3,gpboost_exact,88,1.0960417978393324,0.9738854381992689,1.090048757241533,0.4141371732189831,-0.005993040597799482
3,gpboost_exact,89,0.17625183473856743,0.22512191960184755,0.9231009489289015,0.33245650113966096,0.7468491141903341
3,gpboost_exact,90,-0.23702208482709808,-0.34869560444766906,0.12165637633036397,0.22249373133636874,0.35867846115746205
3,gpboost_exact,91,0.9270351955339895,0.8337175784709289,1.0142529538455491,0.29444318792395735,0.08721775831155965
3,gpboost_exact,92,0.07290954112182857,0.09470166828071674,-0.09428685523385738,0.19019420727042574,-0.16719639635568595
3,gpboost_exact,93,-0.449902488098624,-0.35954571326823803,0.4877300046218238,0.27268781386227414,0.9376324927204478
3,gpboost_exact,94,2.071847220437641,2.2697193382740015,2.029705054458301,0.24461612461974683,-0.042142165979340174
3,gpboost_exact,95,-0.384044888706538,-0.5755119219629066,-0.17538051954405987,0.30695178744960316,0.20866436916247816
3,gpboost_exact,96,0.8429704801482433,0.9662476213188628,0.701218820588398,0.31087650803817923,-0.14175165955984526
3,gpboost_exact,97,0.14869497006264887,0.134248119205341,-0.11885442272513558,0.21475117174490807,-0.26754939278778445
3,gpboost_exact,98,-0.6843776298778486,-0.7131998976118412,0.23658261912837197,0.35445944304022936,0.9209602490062205
3,gpboost_exact,99,-0.6071045127355211,-0.6452128683449609,-0.32112650317855085,0.21001721733253037,0.2859780095569703
3,gpboost_exact,100,0.8868933371498009,0.8780291397693574,1.0643800906727687,0.22919128184368476,0.17748675352296783
3,gpboost_exact,101,-0.6866681200460203,-0.6404386585388923,-0.18764318287184523,0.24624661236342651,0.49902493717417507
3,gpboost_exact,102,-0.5646901436118681,-0.4879960657637048,-0.4262031361552978,0.2096375234075285,0.13848700745657028
3,gpboost_exact,103,1.959337972902142,2.0122652814769015,2.0039517857649365,0.24805693553650465,0.04461381286279442
3,gpboost_exact,104,1.814945791332656,1.8046892525792837,1.947830706554118,0.21494446078751042,0.13288491522146195
3,gpboost_exact,105,0.38701849656479076,0.4550072105415728,0.9819398223759634,0.3208002398991325,0.5949213258111727
3,gpboost_exact,106,0.032125236814468744,0.0074995489132313395,-0.24872000470753974,0.1964670872786438,-0.2808452415220085
3,gpboost_exact,107,-0.009033793192784592,0.32883402453683913,0.13590474759541138,0.22672628038758477,0.14493854078819596
3,gpboost_exact,108,0.25300079501889483,0.3625236182068298,0.1627009921505156,0.16100151924106118,-0.09029980286837924
3,gpboost_exact,109,-0.5263083031638287,-0.44642928668461523,-0.18795523007029402,0.34052718568712304,0.3383530730935347
3,gpboost_exact,110,1.7792759932784894,1.8853972391358986,1.841308902925249,0.2947860484766813,0.06203290964675956
3,gpboost_exact,111,-0.22757066799040748,-0.28895509799273467,-0.1368927535171771,0.22709966058250983,0.09067791447323037
3,gpboost_exact,112,1.0079536671357807,1.056580090005691,1.2417049449421036,0.267027585631317,0.23375127780632288
3,gpboost_exact,113,-0.882405976677402,-0.835917176812217,-0.18563932530735627,0.2439459195272078,0.6967666513700457
3,gpboost_exact,114,0.3793223512218118,0.4684790193076511,0.5758776109396067,0.2545779405335412,0.19655525971779486
3,gpboost_exact,115,0.3380326638605327,0.313636966966054,0.4953412445456671,0.2133925527541322,0.15730858068513437
3,gpboost_exact,116,0.6621855814887649,0.5757625834715157,0.8669717089983813,0.2535271862485436,0.20478612750961633
3,gpboost_exact,117,2.532391852844254,2.556545041133553,2.3301400534624506,0.23284088622415983,-0.20225179938180338
3,gpboost_exact,118,0.11997044306644827,0.10051149126810162,0.2814616134211718,0.2665067438313697,0.16149117035472355
3,gpboost_exact,119,1.4512351543610897,1.3879736702402683,1.2323549790025226,0.26690830530945875,-0.21888017535856719
3,gpboost_exact,120,1.2251547093588613,1.3455966539406181,0.9066483089576352,0.2362314250889156,-0.31850640040122613
3,gpboost_exact,121,0.7790716978306257,0.9209742836520391,0.9576241053017807,0.2488068835355081,0.17855240747115497
3,gpboost_exact,122,-0.10446120464490813,-0.08273372716407773,-0.43087974886520186,0.23609476749078934,-0.3264185442202937
3,gpboost_exact,123,0.47445780290729783,0.4630177500227568,0.5575805898333108,0.24869094118593774,0.08312278692601299
3,gpboost_exact,124,0.2906069681698953,0.2978435978375502,0.2482732630922122,0.20454042855494078,-0.04233370507768308
3,gpboost_exact,125,0.4456593672532387,0.5204510901414996,0.6467559917130927,0.27953441162747317,0.20109662445985405
3,gpboost_exact,126,-0.28475136181044075,-0.331810887853914,-0.004725835866974393,0.2935017744970124,0.28002552594346636
3,gpboost_exact,127,-0.6075542463915168,-0.594872528728672,-0.031991568473952015,0.3204740341072164,0.5755626779175648
3,gpboost_exact,128,0.06724549669027247,-0.11146124045319733,0.04521157642401974,0.21234275726514557,-0.022033920266252727
3,gpboost_exact,129,-0.42184872059597495,-0.4825089730673008,-0.14130671261840888,0.21495771744298026,0.28054200797756607
3,gpboost_exact,130,2.3223093815590117,2.2193097969679485,2.2967141478001096,0.1555527136753248,-0.025595233758902047
3,gpboost_exact,131,0.03422720286186634,0.018962361860407465,0.18881675520447772,0.24286697922542233,0.15458955234261137
3,gpboost_exact,132,-0.3378159924183637,-0.3449204421603272,-0.16138158817272696,0.3027986944850068,0.17643440424563672
3,gpboost_exact,133,1.2142117759228834,1.0550665025088142,1.5297684359545443,0.25933012519896603,0.31555666003166083
3,gpboost_exact,134,0.1933182624108033,0.07948538239149491,1.3626563651585428,0.268172970293734,1.1693381027477394
3,gpboost_exact,135,2.3391180291191103,2.410862640784851,2.2356068435632963,0.1738019273113951,-0.10351118555581396
3,gpboost_exact,136,0.06770860423768865,0.15944025699378245,0.824166019189267,0.23829014415605676,0.7564574149515784
3,gpboost_exact,137,-0.1266349989302126,-0.1909055929306405,-0.06488420377825577,0.19026752666892818,0.06175079515195683
3,gpboost_exact,138,0.019702796725685492,0.08666040932223922,-0.03051435378980827,0.18524196751251823,-0.05021715051549376
3,gpboost_exact,139,0.5820391041156796,0.5653720491198216,1.2462126035171366,0.2899686166366629,0.664173499401457
3,gpboost_exact,140,1.3406593387878802,1.344250934891709,1.0304895890701538,0.2957131316715499,-0.3101697497177265
3,gpboost_exact,141,1.2238842489738855,1.2306355284016637,1.4718802384139131,0.29483073821080164,0.24799598944002765
3,gpboost_exact,142,2.4182006953372808,2.5582813784701792,2.657937119737163,0.19584662957738938,0.23973642439988208
3,gpboost_exact,143,0.15204296756590296,0.16544301825844696,-0.21196556469256933,0.2879726169207637,-0.3640085322584723
3,gpboost_exact,144,0.5232609681856869,0.5397889843838741,1.2202710862951172,0.26154617851134593,0.6970101181094303
3,gpboost_exact,145,1.085765319042769,1.0982843763907595,1.3103529507500618,0.266578734229741,0.2245876317072928
3,gpboost_exact,146,-0.09342731041707455,-0.09842223140534583,0.986749444212009,0.31111661509714567,1.0801767546290837
3,gpboost_exact,147,0.6252695716908881,0.7109527844889669,0.6430328624043042,0.3000468118507689,0.01776329071341609
3,gpboost_exact,148,1.0713331912514927,0.9567083688307483,1.1433391490830829,0.3111822947928955,0.07200595783159014
3,gpboost_exact,149,0.39396993753105697,0.6139329432590732,0.5821080193311552,0.266851813417542,0.18813808180009822
3,gpboost_exact,150,1.2178583995091499,1.1556601941081763,0.9119895896648913,0.24044700810585032,-0.30586880984425857
3,gpboost_exact,151,0.07943941902631266,0.14582020966026876,0.09951607173829302,0.22144286956552206,0.020076652711980364
3,gpboost_exact,152,0.6370033240999071,0.755038454104181,0.8834850141905086,0.3553691208036135,0.2464816900906015
3,gpboost_exact,153,0.8743228926969802,0.923786384223743,1.0262432086868145,0.20917063382508852,0.15192031598983435
3,gpboost_exact,154,0.020412386107502373,-0.22647607028796227,-0.02977217747013583,0.15409598125224158,-0.0501845635776382
3,gpboost_exact,155,0.7197671943145613,0.690951315375231,1.0990068311114456,0.23270038449421904,0.3792396367968843
3,gpboost_exact,156,2.052177945329054,2.039711213296904,1.9256043399471316,0.24082038999150063,-0.12657360538192242
3,gpboost_exact,157,1.7102933375349527,1.7751936724722504,1.6804696111075614,0.28051506001274634,-0.029823726427391284
3,gpboost_exact,158,0.47856300677305796,0.5367414169950958,0.2041280697754395,0.2756001838072276,-0.27443493699761845
3,gpboost_exact,159,-0.6758112392656408,-0.5899618742168311,-0.09358460896704912,0.3271773136537617,0.5822266302985917
3,gpboost_exact,160,0.8100410400239132,0.8279608581746539,1.0767663435211468,0.2551559089774893,0.26672530349723356
3,gpboost_exact,161,-0.7167566840252364,-0.6029557183030559,0.25704770220585615,0.3104664096365434,0.9738043862310926
3,gpboost_exact,162,0.3948645254211498,0.4069786253655364,0.5408604483588242,0.32173868149566465,0.14599592293767438
3,gpboost_exact,163,1.2118316782640852,1.3046607500576317,1.1329062240697123,0.19928133807244863,-0.07892545419437291
3,gpboost_exact,164,1.2215956247016342,1.310014924176848,1.450272753837453,0.19969363233750195,0.22867712913581872
3,gpboost_exact,165,0.5847074546202208,0.6001286110830946,0.42133725715047277,0.3958204830877613,-0.163370197469748
3,gpboost_exact,166,-0.6241131396744964,-0.501742769778694,-0.3200239553903792,0.2902107836324969,0.30408918428411724
3,gpboost_exact,167,0.2895811768665658,0.36665286928114554,0.47868822871408767,0.23853883678048776,0.18910705184752186
3,gpboost_exact,168,0.8295327098201326,0.8425089967416919,1.1643136577935742,0.22506698973497805,0.3347809479734416
3,gpboost_exact,169,1.8241168430866064,1.768423140006969,1.5871277825013337,0.2822593003557484,-0.2369890605852727
3,gpboost_exact,170,0.14917782921861972,0.1710855476166474,0.04335918522913573,0.31020464475336956,-0.10581864398948398
3,gpboost_exact,171,0.5195776671290113,0.5807677723399017,0.8363576902578629,0.2521211504023719,0.31678002312885156
3,gpboost_exact,172,0.9099211924680841,0.7881611428527813,1.1673321256254354,0.28098092057657476,0.2574109331573513
3,gpboost_exact,173,0.12893451855585672,0.041229492740921456,-0.06710954811422454,0.24873890212724006,-0.19604406667008126
3,gpboost_exact,174,-0.5655271491389171,-0.5457955499587105,-0.423547529979313,0.31407541175244413,0.1419796191596041
3,gpboost_exact,175,1.2531658459807438,1.1854337769848533,1.5405912104180288,0.24196620576390776,0.28742536443728506
3,gpboost_exact,176,0.1606723896263313,0.26865206228729127,0.12209551537271324,0.24774347001589667,-0.038576874253618054
3,gpboost_exact,177,0.6031240610145668,0.7354460744397759,1.2219676989649955,0.27157908597202846,0.6188436379504286
3,gpboost_exact,178,0.07461043219506705,0.07507670180547829,0.8989432070306584,0.32596435436261695,0.8243327748355914
3,gpboost_exact,179,1.3507043746731995,1.3220374973759668,1.3470909355746485,0.28074976663221873,-0.0036134390985509413
3,gpboost_exact,180,0.2553431009430581,0.10302935855900797,0.08462032824994381,0.24516953101047392,-0.1707227726931143
3,gpboost_exact,181,0.49392665175255956,0.36868258324146835,0.626725744850134,0.29653533697515344,0.13279909309757443
3,gpboost_exact,182,0.8584257217006946,0.9445443772926753,0.9060445790801381,0.18979034191283978,0.04761885737944349
3,gpboost_exact,183,1.2733406896201571,1.3185362904967333,1.1755045233469907,0.3224914595009328,-0.09783616627316638
3,gpboost_exact,184,0.373776845518582,0.5521117500384836,0.9964389713209094,0.29879969232380654,0.6226621258023275
3,gpboost_exact,185,0.23521561886564163,0.2552791031670953,1.1918747997613757,0.33206208890831623,0.9566591808957341
3,gpboost_exact,186,1.156372067905337,1.260276301090017,1.09376028392931,0.3930054905024184,-0.06261178397602718
3,gpboost_exact,187,0.3139265262472325,0.4272346171584497,0.6534477538824817,0.2276982169677353,0.33952122763524917
3,gpboost_exact,188,0.45481335466071104,0.461598236531906,0.979224445397346,0.3570113218924704,0.5244110907366349
3,gpboost_exact,189,-0.841095713655438,-0.7082329758898726,-0.1451814014650843,0.3110108306123988,0.6959143121903537
3,gpboost_exact,190,0.547179900293437,0.31927635337180543,0.7430187737924747,0.22282570230586715,0.19583887349903772
3,gpboost_exact,191,1.2989584384815829,1.0593521566928776,1.4927901162473098,0.22707896025181976,0.19383167776572696
3,gpboost_exact,192,0.5691099570890007,0.7179055016120864,0.4143888069819184,0.23557850257013152,-0.15472115010708232
3,gpboost_exact,193,-0.5396480130424527,-0.6447892902707788,-0.13436464001662074,0.2881157897145711,0.40528337302583195
3,gpboost_exact,194,-0.12569694362001121,0.037066243415090516,-0.22090404121009044,0.183681384538305,-0.09520709759007923
3,gpboost_exact,195,-0.05374532566825127,0.10724891663831387,0.4737964949547475,0.3514179734250074,0.5275418206229988
3,gpboost_exact,196,0.16851983465502207,0.1275670738690631,-0.005525711980443049,0.25977583778032437,-0.17404554663546512
3,gpboost_exact,197,0.5991065528596875,0.4507756809555029,0.3911233931066569,0.28204588194291885,-0.2079831597530306
3,gpboost_exact,198,0.8742387228258637,0.8999887204125832,1.1186454115679751,0.2530639092204136,0.24440668874211147
3,gpboost_exact,199,1.5167236750166555,1.6615862488423505,1.2757766797864996,0.3549423206753947,-0.24094699523015595
3,gpboost_exact,200,0.24192848270501605,0.22292544857898136,0.5303674410697816,0.20530192243553252,0.2884389583647656
3,gpboost_exact,201,0.14448033409907624,0.337465994967132,0.21846659976499438,0.2647606522395571,0.07398626566591815
3,gpboost_exact,202,-0.1878727771955482,-0.1839030673407385,0.39119954152479863,0.3778141891736343,0.5790723187203468
3,gpboost_exact,203,0.8144990338245106,0.8317027234309392,1.135521915794822,0.25936041697270423,0.32102288197031137
3,gpboost_exact,204,1.0291796602051986,0.9460026609156399,1.2156994017878198,0.28910326806733483,0.1865197415826212
3,gpboost_exact,205,0.7887863876636445,0.6798869837341172,0.5795934117285064,0.23330557038070165,-0.20919297593513808
3,gpboost_exact,206,-0.05886669573730499,-0.10584942108225862,0.18999711442097578,0.23549930195621632,0.24886381015828077
3,gpboost_exact,207,-0.6471615248779277,-0.6488430793812053,-0.3676811219182383,0.34704226011111844,0.27948040295968934
3,gpboost_exact,208,0.8929539757757826,0.9537666894692052,1.02228912525233,0.3756030379611014,0.12933514947654745
3,gpboost_exact,209,0.28641182327413717,0.11593533377953541,0.1754453007811172,0.22988467001930285,-0.11096652249301997
3,gpboost_exact,210,0.20375885820059056,0.387105268156149,0.3135830581223118,0.2618952660415439,0.10982419992172124
3,gpboost_exact,211,0.5223708548943315,0.48119471262036106,1.2363955395999255,0.31155892190771717,0.714024684705594
3,gpboost_exact,212,0.7937037152232326,0.769705813553055,0.47913031531325956,0.29321851854982756,-0.314573399909973
3,gpboost_exact,213,1.6067973014956105,1.674099100763553,1.5133709196059826,0.24415471556559173,-0.09342638188962793
3,gpboost_exact,214,-0.24023909745698388,-0.39180248981809307,-7.869705555663131e-06,0.2331385024193846,0.24023122775142822
3,gpboost_exact,215,1.0423370729812973,1.0165337584639262,1.2506322930835623,0.3482378981714641,0.20829522010226498
3,gpboost_exact,216,0.35858265156431923,0.3727786101017431,0.91014680001099,0.37438965992242457,0.5515641484466708
3,gpboost_exact,217,1.4526708506583996,1.3430113356734792,1.2816960830115676,0.2096352588424443,-0.17097476764683206
3,gpboost_exact,218,1.0916062927393542,1.299252343177339,1.2709910644512235,0.30235127385021693,0.17938477171186928
3,gpboost_exact,219,0.8920112465410354,0.8310198698360703,1.1212955986296134,0.3154992712503068,0.229284352088578
3,gpboost_exact,220,-0.6923929035936461,-0.7534406218416916,0.010924245688663348,0.3134577528034342,0.7033171492823095
3,gpboost_exact,221,0.6190207210246985,0.637452987394311,1.0286463657563338,0.2498496661342331,0.4096256447316353
3,gpboost_exact,222,0.44036332471650586,0.47219583638725776,1.0587660374947632,0.2391058175682186,0.6184027127782573
3,gpboost_exact,223,1.2545774095156976,1.2025116118331804,1.2001598516203025,0.28084619045123954,-0.05441755789539515
3,gpboost_exact,224,0.8891491244757666,0.9518046091953907,1.180354032863228,0.34592330490865625,0.2912049083874615
3,gpboost_exact,225,1.2190289462414206,1.2258261006819267,1.1671749176289659,0.29035536518265814,-0.051854028612454695
3,gpboost_exact,226,0.013155667994791578,0.011550750598113347,-0.00885631027401601,0.20559953918267107,-0.02201197826880759
3,gpboost_exact,227,0.7678493958170289,0.8260741898582137,1.0429639994735247,0.25812663787794504,0.27511460365649576
3,gpboost_exact,228,1.1547507359129643,1.2455791400539096,1.1986338072757405,0.25985067976450316,0.04388307136277625
3,gpboost_exact,229,0.998587696161275,0.8906466836311117,1.128372449442903,0.3038270194234459,0.12978475328162808
3,gpboost_exact,230,0.7319258319846601,0.8159259878611513,0.863365746041211,0.2283505382334987,0.13143991405655087
3,gpboost_exact,231,1.3303162063893845,1.4870030541320647,1.285655475304047,0.1602073571253201,-0.044660731085337524
3,gpboost_exact,232,-0.43761647992198544,-0.23304575592657006,0.138096095572255,0.3140957574054214,0.5757125754942405
3,gpboost_exact,233,0.9508357446801184,1.0247395802207877,1.0004417498617357,0.27661346903403794,0.049606005181617285
3,gpboost_exact,234,0.5311283871951125,0.3577572855361946,0.5055598041014449,0.24819204615395618,-0.025568583093667607
3,gpboost_exact,235,-0.02375770885152878,-0.1306890505993471,0.9111103070778839,0.34579891484006026,0.9348680159294127
3,gpboost_exact,236,1.1989103512485588,1.2410905435723232,1.3218144418468363,0.2786748311841847,0.12290409059827745
3,gpboost_exact,237,0.18374604733006922,0.11944561280898315,-0.18859875054817365,0.22722831389355835,-0.3723447978782429
3,gpboost_exact,238,1.242137059944002,1.237127461084229,1.3523243350233898,0.276149888867731,0.11018727507938775
3,gpboost_exact,239,1.396979573228652,1.3389172494316055,1.3711350804795543,0.17229805835162734,-0.025844492749097725
3,gpboost_exact,240,0.7245023813681,0.7766728160223773,0.9850402612056826,0.29049238555450085,0.2605378798375826
3,gpboost_exact,241,0.7478712045245373,0.8449345551211691,0.4933007372319054,0.3930426248662081,-0.2545704672926319
3,gpboost_exact,242,1.0127804075864457,1.0432691412799722,1.3642165965569006,0.2659600754874053,0.3514361889704549
3,gpboost_exact,243,2.1834383116006437,2.2608648334111954,2.226370966916896,0.31788344567583204,0.042932655316252344
3,gpboost_exact,244,2.2627910087623917,2.2416882007786274,2.5358205145603776,0.20801955514814507,0.2730295057979859
3,gpboost_exact,245,1.0335179205998144,1.113647911494392,1.135592061085461,0.18932612523968403,0.10207414048564667
3,gpboost_exact,246,-0.23450444989900188,-0.35289440436409164,-0.10805926839115187,0.17525696973705948,0.12644518150785
3,gpboost_exact,247,1.369302181206108,1.2713800259708727,1.0877826507096664,0.23853653010901954,-0.2815195304964415
3,gpboost_exact,248,0.18994509907915894,0.21196801488030095,0.17712193776999996,0.3609077770830295,-0.012823161309158976
3,gpboost_exact,249,-0.12520326434254397,-0.012044761153618022,-0.17273314623961156,0.2515917649131961,-0.04752988189706758
3,gpboost_exact,250,-0.7882649383014917,-0.8138357782735304,-0.21177071962071636,0.33605129850992715,0.5764942186807753
3,gpboost_exact,251,0.2178422875313346,0.23854991780704785,0.22141018470995988,0.188654881258541,0.003567897178625268
3,gpboost_exact,252,0.37387613604653236,0.36173985676477705,-0.035577172956447356,0.2656478075611888,-0.4094533090029797
3,gpboost_exact,253,1.1948597161463572,1.2108903901454335,1.411855421959423,0.30668229434160216,0.21699570581306582
3,gpboost_exact,254,1.4617535964794373,1.455790474243026,1.1855845434753682,0.2905543379941224,-0.276169053004069
3,gpboost_exact,255,1.2822140536946187,1.30933810234435,1.0082640808586483,0.28830036411466026,-0.27394997283597045
3,gpboost_exact,256,0.0763957314407353,-0.03506604222330095,1.1903212304901558,0.30255418336616197,1.1139254990494205
3,gpboost_exact,257,0.5925670744961338,0.739349910133243,0.44085689115285476,0.21077511603205706,-0.15171018334327901
3,gpboost_exact,258,1.8990555524018713,1.793329566971501,2.022479667613517,0.32355600651766153,0.12342411521164576
3,gpboost_exact,259,1.3024991612215508,1.315240740789744,1.5966241423551821,0.2457030264658092,0.2941249811336313
3,gpboost_exact,260,0.4638115548524486,0.38883804409022665,0.9436073975761303,0.4480403041230187,0.4797958427236817
3,gpboost_exact,261,0.8542767399710647,1.0058022323146245,1.0167668087496367,0.2583620293513516,0.16249006877857197
3,gpboost_exact,262,-0.3565614720526852,-0.4586437709650608,0.7531223247356067,0.33108066614182474,1.1096837967882918
3,gpboost_exact,263,2.5409764902388234,2.478910472602296,2.4246574740795097,0.27997822696832164,-0.11631901615931373
3,gpboost_exact,264,0.5505226009934958,0.37374462886790266,0.9429029029749785,0.218029304748119,0.39238030198148266
3,gpboost_exact,265,1.1654786341109804,1.11143202354848,1.3367694322829315,0.2452459570384443,0.17129079817195114
3,gpboost_exact,266,-0.20600811387776666,-0.13552650487653595,-0.11364411973890043,0.20380855013523286,0.09236399413886623
3,gpboost_exact,267,-0.659680068287117,-0.6036969307760711,0.037729724861385705,0.26582889017711664,0.6974097931485027
3,gpboost_exact,268,0.7161667944004955,0.691208856747084,0.5144282738201795,0.26059569302443253,-0.20173852058031594
3,gpboost_exact,269,0.28372285947520826,0.35271904043163965,0.28126150618712487,0.2388229661470572,-0.00246135328808339
3,gpboost_exact,270,1.5948502153058841,1.6609320648567314,1.9357262955950638,0.27347089643657524,0.3408760802891797
3,gpboost_exact,271,-0.6596430634252564,-0.6151422823366547,-0.37868289301693636,0.2836604039529094,0.28096017040832
3,gpboost_exact,272,-0.39497835758689537,-0.13231881623260183,-0.14664449161701398,0.3072740241356948,0.24833386596988138
3,gpboost_exact,273,0.899953488772998,0.89202408062035,0.7958250997925376,0.30067178875766976,-0.1041283889804604
3,gpboost_exact,274,-0.1928539027196341,-0.21125742713346965,-0.18992530167109578,0.20692575327129073,0.002928601048538315
3,gpboost_exact,275,0.24035430602160832,0.17711819155584674,-0.361272825987367,0.2885316992136164,-0.6016271320089753
3,gpboost_exact,276,2.5427074527041507,2.672276995570317,2.4960342970049467,0.22079258586509684,-0.04667315569920394
3,gpboost_exact,277,1.1460768960090404,0.9748205293538261,1.3869848718067175,0.17294773304243002,0.2409079757976771
3,gpboost_exact,278,2.93406793829962,2.927546779980685,2.737215460958854,0.2621206025921026,-0.19685247734076583
3,gpboost_exact,279,0.8755623190846497,0.8861263485111313,1.177722507260949,0.26385703073041045,0.3021601881762993
3,gpboost_exact,280,0.9753493003244248,0.8250189735459363,1.002342787799666,0.27402196068351414,0.026993487475241218
3,gpboost_exact,281,1.9921468511159512,1.9947515832549232,2.0919035340500116,0.3143869639953046,0.09975668293406037
3,gpboost_exact,282,0.7387623013595694,0.4595161810104954,0.7896530957748773,0.27096674858535647,0.05089079441530786
3,gpboost_exact,283,0.5455880032720224,0.5197801035831824,1.130108322055932,0.3139185277176759,0.5845203187839096
3,gpboost_exact,284,2.599102986418519,2.5151757753023043,2.895839518640571,0.22227642407178214,0.2967365322220519
3,gpboost_exact,285,0.1475319840675255,0.21422769095074373,0.08841940927375092,0.2046902447925904,-0.059112574793774575
3,gpboost_exact,286,1.2023984873062825,1.1760072458620314,1.1711830523656808,0.17592718874811578,-0.03121543494060175
3,gpboost_exact,287,-0.2788632821521799,-0.2471747141533399,-0.26503672209743456,0.2638567113290503,0.013826560054745363
3,gpboost_exact,288,-0.2968185011258215,-0.2685770159133009,-0.1430799078757019,0.20157725048107583,0.15373859325011957
3,gpboost_exact,289,0.7546269815273574,0.9925479032336517,0.41492986661528164,0.2194164791844586,-0.33969711491207577
3,gpboost_exact,290,1.141787057618523,1.1175167093653384,1.217540332019123,0.31833713545249726,0.07575327440059998
3,gpboost_exact,291,1.2653493775268796,1.2765444959915593,1.103884787168857,0.3661415178018026,-0.16146459035802252
3,gpboost_exact,292,-0.42269019383870143,-0.45998049463262375,0.08006547409874187,0.3065457788560642,0.5027556679374433
3,gpboost_exact,293,-0.2030954794956362,-0.17286232292593268,-0.3656834754070495,0.21882913861000708,-0.1625879959114133
3,gpboost_exact,294,2.163054618640293,2.271199221753171,1.7549511947157264,0.2854552531019822,-0.40810342392456667
3,gpboost_exact,295,1.3226898151229651,1.3473576359823511,1.070209867815553,0.40353749959882074,-0.2524799473074122
3,gpboost_exact,296,-0.282789565408905,-0.25989663899420595,-0.13647395033460086,0.23037437791783288,0.14631561507430413
3,gpboost_exact,297,1.509645403723088,1.6020920239884335,1.5461322835866227,0.25556600379608446,0.036486879863534716
3,gpboost_exact,298,-0.14704693046779427,-0.0746969658653243,-0.04692009701263444,0.2219322838482047,0.10012683345515982
3,gpboost_exact,299,-0.7206039488820013,-0.8475822913372927,0.353987402264746,0.32007444642211397,1.0745913511467473
4,gpboost_exact,0,-0.34424047661338353,-0.43861305219585256,-0.32334872410353377,0.15115581765452055,0.02089175250984976
4,gpboost_exact,1,0.10947117873161555,-0.027832757114926415,0.4148288344531217,0.3149319281654409,0.30535765572150614
4,gpboost_exact,2,-0.10842705293314417,-0.12396395599802408,0.3286278048015987,0.5322469046394916,0.43705485773474284
4,gpboost_exact,3,1.0679130089378908,1.133876678395587,0.4723308230187637,0.496260039723226,-0.595582185919127
4,gpboost_exact,4,-0.902888420978524,-0.7327354811749792,-0.5513541260825399,0.3499214959990941,0.3515342948959841
4,gpboost_exact,5,-1.041719716669242,-0.986710293709711,-0.7667574277320783,0.3355419802251498,0.2749622889371637
4,gpboost_exact,6,-0.5683475512452834,-0.46139763944684925,-0.6258808700640603,0.28861233601194286,-0.05753331881877699
4,gpboost_exact,7,-1.1321091825794787,-0.974495884850913,-0.8316040977629697,0.20130439327475408,0.30050508481650895
4,gpboost_exact,8,0.4570840298455139,0.5689886448601207,0.6750130037533353,0.2993591835012265,0.2179289739078214
4,gpboost_exact,9,0.5003954941938472,0.48064650153959826,0.3272887295440299,0.32813942469157603,-0.17310676464981734
4,gpboost_exact,10,-0.6824837868830761,-0.635905588855967,-0.17120599970865236,0.29511861244490933,0.5112777871744237
4,gpboost_exact,11,-0.5350898775818024,-0.5936669786566728,-0.5587651056581446,0.13579449640393626,-0.02367522807634226
4,gpboost_exact,12,-0.5412045153256627,-0.6167958324774054,-0.2682720333464559,0.2676653169793318,0.27293248197920683
4,gpboost_exact,13,0.2886921066567185,0.05889090280984027,0.3563163408014791,0.37232532821357145,0.0676242341447606
4,gpboost_exact,14,-1.0686681579175799,-1.055959822568743,-1.3472479794065002,0.33693690900187107,-0.27857982148892035
4,gpboost_exact,15,-1.480886610764525,-1.4374041727836802,-1.3693113370685186,0.39014460465664463,0.1115752736960065
4,gpboost_exact,16,-1.2777501395204736,-1.209483098046119,-0.9807199432367728,0.3097582744012745,0.29703019628370075
4,gpboost_exact,17,-1.1425332593510342,-1.0827922696199135,-1.2530648320067161,0.23184937643748496,-0.11053157265568192
4,gpboost_exact,18,-0.6981958609325614,-0.81618048190468,0.24070048099237695,0.3587888294143157,0.9388963419249383
4,gpboost_exact,19,-0.009179273799997667,-0.046937901215107075,-0.37012856448909126,0.43087891887823354,-0.3609492906890936
4,gpboost_exact,20,0.07117044831581912,0.07245518934005712,0.3368772043313566,0.2852325135161358,0.2657067560155375
4,gpboost_exact,21,-1.9629229422000316,-1.9259237481553244,-1.5895230842780101,0.1798883046800834,0.37339985792202146
4,gpboost_exact,22,0.19788711708136308,0.18531346818255842,0.27946289103420163,0.25845542482234407,0.08157577395283855
4,gpboost_exact,23,-1.815585339461651,-1.8652828454482782,-1.9204208848545985,0.25444244673893723,-0.10483554539294748
4,gpboost_exact,24,-1.1282002181763027,-1.1115753779343447,-1.421560240765399,0.40146489617678205,-0.29336002258909644
4,gpboost_exact,25,-0.23528403751587823,-0.22862118713477597,0.12629612966791903,0.3259576670871092,0.36158016718379726
4,gpboost_exact,26,-0.9982874299023989,-1.0522246826881736,-0.9440636341298028,0.28798016232728063,0.05422379577259617
4,gpboost_exact,27,0.7084358889864322,0.810122317974795,0.5055413401534352,0.26204973262787346,-0.20289454883299696
4,gpboost_exact,28,-0.5406573745986174,-0.5788012616067555,-0.43857485928970696,0.3053444964999882,0.10208251530891044
4,gpboost_exact,29,-0.5469107732484195,-0.623005011539139,-0.5744111942535657,0.1863765681615257,-0.02750042100514616
4,gpboost_exact,30,-0.25089797376702855,-0.13914267155830473,0.15140796968180936,0.3044945684065201,0.4023059434488379
4,gpboost_exact,31,-1.4873935744529185,-1.626396694164404,-1.838106629568994,0.3553767287132573,-0.35071305511607553
4,gpboost_exact,32,-0.43660539080088634,-0.34856324091657453,-0.3733290079622851,0.18919551799451323,0.06327638283860126
4,gpboost_exact,33,-0.8671239695493286,-0.8392324822682409,-0.3441123069793992,0.35228834565692047,0.5230116625699294
4,gpboost_exact,34,0.1296437788226224,0.01534643776258629,0.34165034360392,0.4154771817605892,0.2120065647812976
4,gpboost_exact,35,-0.576960481701724,-0.5865777889970946,-0.5819881184086704,0.26292842495360635,-0.005027636706946392
4,gpboost_exact,36,-0.051087922881800835,0.031659461930366936,-0.1404489083033127,0.2923251311260162,-0.08936098542151186
4,gpboost_exact,37,-1.236754191035591,-1.3577487647148814,-1.0679671791049934,0.31475836349493075,0.16878701193059764
4,gpboost_exact,38,-1.0029006352030667,-1.1062400830847292,-1.154642119145226,0.31478805438184065,-0.15174148394215936
4,gpboost_exact,39,-0.4157106359645537,-0.458726942995721,-0.4259246011068534,0.27632127081324825,-0.010213965142299664
4,gpboost_exact,40,-0.6867455100844296,-0.7366945620499524,-0.46643699184872744,0.3190108404333306,0.2203085182357022
4,gpboost_exact,41,0.11621331923297781,0.11946981655866656,0.19912359716159145,0.39107433000300373,0.08291027792861363
4,gpboost_exact,42,-1.0262118468118249,-0.9485964595618752,-0.8036404188784889,0.3449706608821871,0.22257142793333595
4,gpboost_exact,43,-0.17905242495459073,-0.1416563178141683,0.6508993490426498,0.31382278813421083,0.8299517739972405
4,gpboost_exact,44,0.02789282164582202,0.0013370855857922567,0.4260449702983866,0.46612441750792327,0.3981521486525646
4,gpboost_exact,45,-1.567942073206138,-1.5614034378308987,-1.7027217757189774,0.32203010807492016,-0.13477970251283944
4,gpboost_exact,46,-1.0114228702102446,-1.118854417557132,-1.8816869174312547,0.41172501754452184,-0.8702640472210101
4,gpboost_exact,47,0.24423593949305483,0.16941319590076864,-0.20328847939631167,0.33614621633160247,-0.4475244188893665
4,gpboost_exact,48,0.9319638329219744,1.0278554225446166,0.939805315749842,0.3303340492608928,0.007841482827867674
4,gpboost_exact,49,-0.1756566678403873,-0.22957800087314795,-0.19201925163868871,0.47094275095060495,-0.01636258379830141
4,gpboost_exact,50,-1.0582816807062367,-1.1084142849114156,-0.9409205632825373,0.2944451624761901,0.11736111742369948
4,gpboost_exact,51,-2.0587630361458347,-1.9924606632899882,-2.334926013578281,0.33449412426943254,-0.27616297743244633
4,gpboost_exact,52,-1.217110401457156,-1.0685625481784242,-1.4328787985557696,0.30589034574672164,-0.2157683970986135
4,gpboost_exact,53,-0.37442395200326006,-0.4212128422892766,-0.3042385030473085,0.13629038539020621,0.07018544895595158
4,gpboost_exact,54,-0.18796591700480747,-0.26166793291804763,-0.28087768180106387,0.4190800257605327,-0.0929117647962564
4,gpboost_exact,55,0.09179582249141471,0.18732452582595532,0.6405089843898342,0.2833341628021621,0.5487131618984195
4,gpboost_exact,56,-2.503490058942822,-2.4658330084251174,-2.4541312425054347,0.26256017197434717,0.049358816437387265
4,gpboost_exact,57,-1.2812340368484074,-1.3941667170629115,-0.9855176625745923,0.31540864288348325,0.29571637427381514
4,gpboost_exact,58,-0.5750251330693114,-0.5264045712158706,-0.8241089201725664,0.31927948717961135,-0.24908378710325507
4,gpboost_exact,59,-0.5019529720862582,-0.38730020052559677,-0.4225650339744558,0.29023831762388297,0.07938793811180245
4,gpboost_exact,60,-1.1675696803794748,-1.295998728757498,-1.2607645347363192,0.3016417459682111,-0.09319485435684438
4,gpboost_exact,61,-1.4984702282754245,-1.565026087460389,-1.5587698955083846,0.3144546766556911,-0.0602996672329601
4,gpboost_exact,62,-1.1900913141397353,-1.3027509790221197,-2.006319567175419,0.3535131229240016,-0.8162282530356837
4,gpboost_exact,63,0.8430940909969344,0.9900450481647511,0.9612939894327432,0.11103446611315919,0.1181998984358088
4,gpboost_exact,64,-0.5971109298883635,-0.43574074536053065,-0.16849790492572403,0.29606722388055257,0.4286130249626394
4,gpboost_exact,65,-0.11471878914258568,-0.22431468994048182,0.3186079384444245,0.3510569238913571,0.4333267275870102
4,gpboost_exact,66,-1.3759553271649776,-1.5147585595639494,-1.7950244158674042,0.25667654429337045,-0.41906908870242665
4,gpboost_exact,67,-0.9815891465790941,-1.0483180017918232,-0.7791057443800451,0.1559851010416452,0.20248340219904903
4,gpboost_exact,68,-0.42619485088351794,-0.4168611521309822,0.15500846181252115,0.3385132079527347,0.5812033126960391
4,gpboost_exact,69,-1.4233966530669058,-1.4029005090931423,-2.15340873830802,0.35441771678962186,-0.730012085241114
4,gpboost_exact,70,-1.229567885025707,-1.2372244122237757,-0.9995283039053469,0.34866053981276013,0.23003958112036016
4,gpboost_exact,71,0.05623835385105613,0.16481483425313684,0.5030218750619806,0.28588587195890497,0.44678352121092446
4,gpboost_exact,72,-1.4461769932697777,-1.5069411595536,-2.0437217857165013,0.4033890350359001,-0.5975447924467236
4,gpboost_exact,73,0.8476639434158434,0.9660961299921006,0.3948937629062961,0.4663552026882366,-0.4527701805095473
4,gpboost_exact,74,-0.8601802667825945,-0.9230952426421067,-0.7405120912204097,0.279026515117678,0.11966817556218479
4,gpboost_exact,75,-1.570039451423474,-1.5318440746207955,-1.8591253562900611,0.2787041819812589,-0.28908590486658725
4,gpboost_exact,76,-0.25945124180118,-0.1699063322515383,-0.15738067804508837,0.34126773914908026,0.10207056375609164
4,gpboost_exact,77,-0.5341580733681551,-0.5485818129856095,0.00784448120249337,0.26408030801257093,0.5420025545706485
4,gpboost_exact,78,-1.2441695570427305,-1.0249265088953792,-1.6892419259515101,0.37166376002049695,-0.44507236890877966
4,gpboost_exact,79,-0.984580243769843,-0.9991877645250234,-0.763801365641136,0.26525384651280043,0.220778878128707
4,gpboost_exact,80,-0.4802565098410535,-0.44500837662534964,-1.2155680935968878,0.33954830208297443,-0.7353115837558343
4,gpboost_exact,81,-0.9458366910338324,-0.9123683563246192,-0.8981291418848709,0.2938421420991954,0.04770754914896147
4,gpboost_exact,82,-2.2598698673010977,-2.2959234286984693,-2.504011463881934,0.24364878354230504,-0.24414159658083623
4,gpboost_exact,83,-0.03796815993809555,-0.07439518180564239,-0.3814155048968608,0.2906554498201301,-0.3434473449587653
4,gpboost_exact,84,-0.48406802977206276,-0.5606265652534276,0.2520996041681194,0.396317363286828,0.7361676339401821
4,gpboost_exact,85,-1.6915582644590943,-1.5093938273384437,-1.24395974551431,0.28367292210736517,0.4475985189447842
4,gpboost_exact,86,-0.7708552663319831,-0.8041393630823493,-0.6651622126910883,0.3255483076549054,0.10569305364089476
4,gpboost_exact,87,-0.8499752892607726,-0.9077944413279391,-0.5556808248839946,0.231983242397584,0.294294464376778
4,gpboost_exact,88,-1.007058006726308,-0.9712841622344078,-1.1302755809563632,0.27936956102087057,-0.1232175742300552
4,gpboost_exact,89,-0.7989910837355096,-0.7672516439302167,-0.6806370989212667,0.40044266822276964,0.11835398481424297
4,gpboost_exact,90,0.07588747619983877,0.13722614161544183,-0.11445960423828971,0.27590835061298796,-0.19034708043812848
4,gpboost_exact,91,-1.0759727413020577,-0.910175919427474,-1.5046564127561837,0.24533748984290427,-0.428683671454126
4,gpboost_exact,92,-1.2835108702643576,-1.2542286954557895,-1.3856400900486072,0.3435914644354205,-0.1021292197842496
4,gpboost_exact,93,0.6294758919773226,0.5426969677419126,0.4235161536067249,0.3040673729513119,-0.20595973837059767
4,gpboost_exact,94,-0.38255433266620664,-0.34577947453937824,0.4271088327731114,0.4528205791187095,0.809663165439318
4,gpboost_exact,95,-2.0538869080043303,-2.0844324681162614,-1.9272753929178226,0.4485175607132101,0.1266115150865077
4,gpboost_exact,96,-0.49385349630765446,-0.5741587309017743,-0.6928679814839924,0.2567670602784729,-0.19901448517633796
4,gpboost_exact,97,-1.2183060056218384,-1.3453353026599162,-1.1724256490394147,0.2744454985458862,0.04588035658242373
4,gpboost_exact,98,-0.21153534920033282,-0.15311580734471675,-0.9985168615496782,0.3219096212082618,-0.7869815123493454
4,gpboost_exact,99,-1.7184996995574149,-1.6039862949605237,-1.2937928395883933,0.28130529645534286,0.4247068599690216
4,gpboost_exact,100,-1.2645973973106228,-1.1616385020620765,-0.8981300101800471,0.5119250196704723,0.3664673871305757
4,gpboost_exact,101,0.13602630365027124,0.20720706632121527,0.40634599715976627,0.42410992874326325,0.27031969350949503
4,gpboost_exact,102,-0.7250096346797339,-0.7326107950082895,-0.3214968694041147,0.2720387467331495,0.4035127652756192
4,gpboost_exact,103,-1.1413060519945808,-1.2264956404769687,-1.73412800812069,0.3812097267334065,-0.5928219561261092
4,gpboost_exact,104,-0.3892707301100094,-0.4441538192288649,-0.5958225901655929,0.2473097416666922,-0.2065518600555835
4,gpboost_exact,105,-0.2860990419370309,-0.16113822399664868,-0.1945258414823705,0.19999222321862764,0.09157320045466039
4,gpboost_exact,106,-1.243332004418147,-1.1902294641623823,-1.367123923096628,0.30334376035987154,-0.12379191867848083
4,gpboost_exact,107,-0.6002476445389839,-0.6780905101271371,-0.49758335615597815,0.12399094171225647,0.10266428838300579
4,gpboost_exact,108,0.24519891386841597,0.44336155698199786,0.7864115341129736,0.3054674586151548,0.5412126202445576
4,gpboost_exact,109,-2.358301138754923,-2.335938338964659,-2.434001485937065,0.23976121890674043,-0.07570034718214202
4,gpboost_exact,110,-1.0741327415885282,-0.9792888574410854,-1.1569950477548616,0.25676412952479327,-0.08286230616633339
4,gpboost_exact,111,-0.7108556981749712,-0.8439371584721478,-0.45221743639443446,0.3002704051395487,0.2586382617805367
4,gpboost_exact,112,-2.3248629010952087,-2.4228292235069646,-2.080782985665696,0.278196817034007,0.2440799154295128
4,gpboost_exact,113,-1.0374435215308628,-0.9597157569729575,-1.0046883031418314,0.27049333416612037,0.03275521838903139
4,gpboost_exact,114,0.7241200895679688,0.6479598380114264,0.8476276499719191,0.32064550962545557,0.12350756040395028
4,gpboost_exact,115,-0.6966838106243609,-0.7936755217228372,-0.6174470274017736,0.27592955953131404,0.07923678322258731
4,gpboost_exact,116,-0.6034806045103034,-0.7339482143226803,-0.710071910673344,0.21138490954473196,-0.10659130616304058
4,gpboost_exact,117,-0.3019907887879563,-0.37796678976150083,0.17798060737293042,0.28576517331338547,0.47997139616088674
4,gpboost_exact,118,-0.8455675517678721,-0.7896637574414404,-1.343705439364605,0.28075816583462765,-0.49813788759673294
4,gpboost_exact,119,-1.3420360062418133,-1.2960621498362357,-1.8349579710389143,0.38926410602290906,-0.49292196479710104
4,gpboost_exact,120,-0.019490632277471817,0.000801468733933261,0.04958172948366979,0.25895122292786094,0.0690723617611416
4,gpboost_exact,121,-0.9670236520355495,-1.0157902670624475,-0.7614819610009107,0.31412439163830325,0.20554169103463882
4,gpboost_exact,122,-0.4393125051461456,-0.5618751370876177,-0.314421769785195,0.15756145050718565,0.12489073536095063
4,gpboost_exact,123,0.10132571594249207,0.19838237819254478,0.32571015803877046,0.31262284556372294,0.2243844420962784
4,gpboost_exact,124,-0.3115710432957565,-0.352679605582559,0.017396084014396962,0.2516947741127103,0.3289671273101535
4,gpboost_exact,125,-0.05530947956819121,-0.040202325134428896,0.14524651802676303,0.311228406761689,0.20055599759495424
4,gpboost_exact,126,-0.9914047566552702,-0.9461375259858306,-0.6249931649486662,0.2943078307502025,0.366411591706604
4,gpboost_exact,127,-0.856068159452402,-0.9937820094152463,-1.6260241109808824,0.30742835360789633,-0.7699559515284804
4,gpboost_exact,128,-1.3269564935658584,-1.4131465338550095,-1.338504403020373,0.23305918815849028,-0.01154790945451456
4,gpboost_exact,129,-0.8614077055278555,-0.8293348466808979,-1.8005562931700982,0.44481872593510735,-0.9391485876422427
4,gpboost_exact,130,-2.1186453826602074,-2.1976338129815813,-2.2214745663781983,0.25277593358186834,-0.10282918371799088
4,gpboost_exact,131,-1.3206746992170688,-1.3736224118815639,-1.0568790690556522,0.3117032089036093,0.2637956301614166
4,gpboost_exact,132,0.47161714689651235,0.4654299289452616,0.23243095177097928,0.32168862696075734,-0.23918619512553307
4,gpboost_exact,133,-1.2576442859879058,-1.3326497907917843,-1.3412277312925927,0.3762409323175361,-0.08358344530468687
4,gpboost_exact,134,-0.817635836945175,-0.8062407682714887,-0.34279178485617834,0.32290200465726765,0.4748440520889967
4,gpboost_exact,135,-1.142701354655383,-1.078924637503723,-0.9165774949578349,0.2320933053547943,0.2261238596975481
4,gpboost_exact,136,0.32252045184216027,0.3647904244108627,0.10117581715229562,0.2993542569685148,-0.22134463468986465
4,gpboost_exact,137,-1.00442085727491,-1.0606648913173984,-1.1351267781320828,0.2845716072120314,-0.1307059208571728
4,gpboost_exact,138,-1.0011095650348119,-1.03365428089994,-0.6578707440723388,0.2774346086920512,0.34323882096247305
4,gpboost_exact,139,-0.8076259659501406,-0.8867966018448793,-0.5888661398317652,0.32725861806382517,0.2187598261183754
4,gpboost_exact,140,-1.3277717464687937,-1.3241146676923061,-1.7222951073403223,0.3068003678416012,-0.3945233608715286
4,gpboost_exact,141,-1.309232643877405,-1.353624580813318,-1.6439204548746993,0.38831288107921363,-0.3346878109972944
4,gpboost_exact,142,-0.12382511763272971,-0.13118659317960085,0.07406834199940526,0.2789879573709315,0.19789345963213498
4,gpboost_exact,143,-1.50761659770004,-1.3549423375147052,-2.1149846445742284,0.40827068540533473,-0.6073680468741884
4,gpboost_exact,144,-1.0936877829290885,-1.1453120331782307,-1.2812968655020551,0.28378511210599616,-0.1876090825729666
4,gpboost_exact,145,-1.1047733047660842,-1.2097387361486152,-1.4406173228822894,0.246267517947907,-0.33584401811620523
4,gpboost_exact,146,-1.227368292539734,-1.2128799680596873,-0.9594192449825094,0.2529751385836636,0.2679490475572246
4,gpboost_exact,147,0.37466667092092065,0.38449540980416874,0.6711971683510676,0.3181468503402729,0.2965304974301469
4,gpboost_exact,148,-0.6319354635637202,-0.5575302197890999,-0.30468934922947355,0.42734220459537425,0.32724611433424666
4,gpboost_exact,149,-0.6219825813987134,-0.6239622268708997,-0.49702040036307693,0.2910354587572181,0.1249621810356365
4,gpboost_exact,150,-0.9976907674480536,-1.020392209755814,-1.6837682721610623,0.3488655205812243,-0.6860775047130087
4,gpboost_exact,151,-0.6976221957320865,-0.7063432426132101,-0.4101943667766843,0.2635745273846403,0.2874278289554022
4,gpboost_exact,152,-0.5684360705583587,-0.43514302669661287,-0.2578978318530831,0.3114490035234723,0.3105382387052755
4,gpboost_exact,153,-0.9115160029745886,-0.9093985526993832,-0.8627806856510816,0.32737918100725366,0.048735317323507
4,gpboost_exact,154,-0.6489548410973616,-0.5698596355559451,-0.6574662445655548,0.39769743122777823,-0.008511403468193235
4,gpboost_exact,155,-0.8065470326744857,-0.8731422509530209,-0.9190449108347298,0.30421090318573396,-0.11249787816024415
4,gpboost_exact,156,-2.2662144251220284,-2.159044408266668,-1.512978328954036,0.3161973165106391,0.7532360961679925
4,gpboost_exact,157,-1.4327466124945112,-1.4502581894336828,-1.421712960354382,0.3270195793004268,0.01103365214012908
4,gpboost_exact,158,0.6862330563241898,0.7094301923491598,0.27690414494006,0.31566212352123807,-0.40932891138412986
4,gpboost_exact,159,-0.9392992892024136,-0.9204631147531638,-1.882509918063926,0.42002217633048244,-0.9432106288615124
4,gpboost_exact,160,-0.33712019312087926,-0.4105670792157332,-0.5562668323197109,0.3571958696234184,-0.2191466391988316
4,gpboost_exact,161,0.007834926614225274,-0.007039359451911137,-0.2714122725967769,0.2817888328380178,-0.27924719921100216
4,gpboost_exact,162,-1.055985278717746,-1.017427487400338,-1.216573778473638,0.32130102682377387,-0.16058849975589196
4,gpboost_exact,163,0.04369446647162255,0.08276938016859946,-0.03644388664691789,0.40500340630940274,-0.08013835311854044
4,gpboost_exact,164,-1.8454687385276887,-1.901281161141878,-1.9745453728804367,0.2046385794908138,-0.12907663435274808
4,gpboost_exact,165,-0.4452788674762584,-0.42413596264990683,-0.1472302891960382,0.5563652678248994,0.2980485782802202
4,gpboost_exact,166,-0.6446617805762853,-0.5215899261344592,-0.3613063703320254,0.27866440101218226,0.2833554102442599
4,gpboost_exact,167,-0.6623286602828462,-0.8054307884015853,-0.7063568443897363,0.3617217102247395,-0.044028184106890134
4,gpboost_exact,168,-0.7600962749037367,-0.8061608396622464,-1.8108752194643074,0.39663568476755195,-1.0507789445605709
4,gpboost_exact,169,-1.398588729661784,-1.4197043643708516,-1.557265595512927,0.3046250678349475,-0.15867686585114305
4,gpboost_exact,170,0.6300145689660142,0.5050751849432653,0.8485168407824464,0.3089532993276992,0.21850227181643223
4,gpboost_exact,171,-2.1258741275574713,-2.1917762630983004,-2.1216291527131173,0.3344754791765553,0.004244974844354044
4,gpboost_exact,172,-1.3324942046499906,-1.3739560180296613,-1.655970840565507,0.29203541500469504,-0.32347663591551634
4,gpboost_exact,173,-0.4804619156454545,-0.4412636641144701,-0.39198541143013976,0.19805505340195562,0.08847650421531472
4,gpboost_exact,174,-0.6868020936662108,-0.7636522156372357,-1.5381613210122982,0.32435482331144666,-0.8513592273460874
4,gpboost_exact,175,0.31911883014857273,0.30130144836715256,0.2087402059265635,0.4625539361288789,-0.11037862422200923
4,gpboost_exact,176,-1.3946688088753647,-1.5707908765969907,-1.4944459077750771,0.2386047464636772,-0.09977709889971242
4,gpboost_exact,177,-2.1918988043441496,-2.3224177806643147,-2.012769443462524,0.39305375006961923,0.17912936088162557
4,gpboost_exact,178,-1.6809073646184427,-1.7732390731289753,-2.3256998400721383,0.35933616210048536,-0.6447924754536956
4,gpboost_exact,179,-1.4768903583260782,-1.5511178674551316,-1.5008150154820683,0.30722643683675416,-0.023924657155990126
4,gpboost_exact,180,-1.0475714204527629,-1.1409643967772571,-1.0561579268559047,0.3261354580269503,-0.008586506403141847
4,gpboost_exact,181,-0.8678194826836393,-0.8343685285963667,-0.8135069371961148,0.27587903589897644,0.05431254548752451
4,gpboost_exact,182,-0.5362092663789726,-0.685069729477874,-0.4094388282476391,0.2640661088029856,0.12677043813133348
4,gpboost_exact,183,0.20462043284168877,0.2983246045492487,0.1456005927725812,0.339190863925215,-0.05901984006910757
4,gpboost_exact,184,-0.36010524791315524,-0.35283599917038655,-0.047390047587173356,0.27491665861078535,0.3127152003259819
4,gpboost_exact,185,-1.004456476244624,-1.1558617389298478,-1.6414099640176936,0.28201705648708847,-0.6369534877730696
4,gpboost_exact,186,0.8914557782946128,1.0463710882532875,0.47376121490024303,0.4111726335595223,-0.4176945633943697
4,gpboost_exact,187,-1.2950359098102628,-1.346619135041482,-1.7846952965994571,0.3778734115751106,-0.4896593867891943
4,gpboost_exact,188,0.5459936622066324,0.528855475670766,1.0520267453124443,0.3251208815188132,0.506033083105812
4,gpboost_exact,189,-0.17834157903395537,-0.22472545762160157,0.021053939837726077,0.2490064265592486,0.19939551887168144
4,gpboost_exact,190,0.36714676937744256,0.48101086933921433,0.5887950168619458,0.3078557060302556,0.22164824748450324
4,gpboost_exact,191,-2.3207076628400256,-2.2291708107113744,-2.0515635999143047,0.22047070824552623,0.2691440629257209
4,gpboost_exact,192,-1.2329208315295244,-1.2624972325586377,-1.4754307312252326,0.31297090308412784,-0.24250989969570824
4,gpboost_exact,193,-1.8911065409751444,-1.8584842109882165,-1.902360094699457,0.28147745089040577,-0.011253553724312582
4,gpboost_exact,194,0.15366631998951208,0.20729919711340478,0.33204679902882894,0.3221682707244387,0.17838047903931686
4,gpboost_exact,195,-0.33038821880881053,-0.32845684801337294,0.052788587081975535,0.4538864314230248,0.38317680589078607
4,gpboost_exact,196,-1.9782760809811253,-1.9890517696939258,-2.2922247910421145,0.33502601654024544,-0.31394871006098923
4,gpboost_exact,197,-1.5638648816753644,-1.5629117864893305,-1.2676005144749887,0.3344366998879189,0.29626436720037574
4,gpboost_exact,198,-2.194220409995529,-2.195815766272009,-2.1312710471864786,0.39249208320409207,0.0629493628090505
4,gpboost_exact,199,-2.074142807437618,-2.19139690873195,-2.2594894247524824,0.33213759221248007,-0.18534661731486457
4,gpboost_exact,200,-0.8186597223328127,-0.8332537262617773,-0.4631851562667766,0.3219089712438284,0.3554745660660361
4,gpboost_exact,201,-1.199234259452633,-1.3738948586440636,-1.0738229246333901,0.3175531828803988,0.12541133481924294
4,gpboost_exact,202,-2.0135177226993526,-1.958281762190196,-1.7404091474622554,0.14870332216103516,0.2731085752370972
4,gpboost_exact,203,-1.283957117107052,-1.309393094589606,-1.6403609740961826,0.2751630528917281,-0.3564038569891306
4,gpboost_exact,204,0.10777478362425524,0.13601860553910944,-0.4317615898371887,0.4004339763323611,-0.539536373461444
4,gpboost_exact,205,-1.311310047069673,-1.3794083128328913,-1.8852723460830614,0.3914085605897825,-0.5739622990133884
4,gpboost_exact,206,-0.06770400817907984,-0.222377331292802,0.417839241816365,0.3147448124699286,0.48554324999544485
4,gpboost_exact,207,-0.5784537655012554,-0.4710016765918479,-0.41043691512854075,0.20188113737888858,0.16801685037271463
4,gpboost_exact,208,-1.4847451745540057,-1.571996249877687,-1.5284941165231638,0.24137254191524019,-0.04374894196915813
4,gpboost_exact,209,0.30136435742493994,0.4923077214886967,-0.055825197120977776,0.45836165166088594,-0.3571895545459177
4,gpboost_exact,210,-1.0139838408410409,-0.8479743980447828,-0.8281137657396567,0.2778322602514598,0.1858700751013842
4,gpboost_exact,211,-1.2350530577485586,-1.016259645297682,-1.454338294927986,0.3164471775030064,-0.21928523717942738
4,gpboost_exact,212,-2.3620511678972713,-2.457291500753691,-1.6551855582223185,0.37341162201144995,0.7068656096749528
4,gpboost_exact,213,-0.2444355481589997,-0.21040753207581223,0.08694776534801996,0.2814681632128842,0.33138331350701966
4,gpboost_exact,214,-0.449320515158504,-0.43730132139680594,-0.33405049642029194,0.1972532719980326,0.11527001873821208
4,gpboost_exact,215,0.9769924681266635,1.02388226436196,1.2521553971620651,0.37591228562622314,0.2751629290354016
4,gpboost_exact,216,-1.3231178534579753,-1.2290164874996092,-1.6896323095614205,0.3268914622770449,-0.36651445610344524
4,gpboost_exact,217,-1.006787674353174,-0.8424390003073894,-0.8723825147198774,0.27556706680609583,0.1344051596332967
4,gpboost_exact,218,-1.981773422347979,-2.0101353177042274,-1.7383969439807672,0.40889335692786233,0.24337647836721188
4,gpboost_exact,219,-1.0535614041117662,-1.2127974728905904,-0.9184721729200298,0.38352629345927014,0.13508923119173644
4,gpboost_exact,220,-0.5399470384144539,-0.6732395087627673,0.35528805224512894,0.3685409027385425,0.8952350906595828
4,gpboost_exact,221,-0.6256790916645121,-0.7342193032494342,-0.36307976700003053,0.2505237097332431,0.26259932466448155
4,gpboost_exact,222,-1.0824793772385042,-1.034158727636973,-1.5443041039753105,0.32513167479693617,-0.4618247267368063
4,gpboost_exact,223,-0.44974786494159796,-0.40803086383514064,-0.5353970310660792,0.19468320109050463,-0.0856491661244812
4,gpboost_exact,224,-1.5154566001334022,-1.3695906726460225,-1.445328767963792,0.22068435956881488,0.07012783216961016
4,gpboost_exact,225,-1.2627932810321418,-1.32587906575005,-1.7327459279661337,0.31895891709709495,-0.46995264693399186
4,gpboost_exact,226,0.254336681148953,0.23110524958908782,-0.10203751191993948,0.3392038261616274,-0.3563741930688925
4,gpboost_exact,227,0.18025716843669892,0.2875833694399482,0.47933951226508853,0.28723821248745707,0.2990823438283896
4,gpboost_exact,228,-0.424504805589372,-0.406019559191802,-0.16838199282376642,0.28261872984424424,0.25612281276560556
4,gpboost_exact,229,-1.6393396629276271,-1.5478526756945576,-1.679138441923488,0.22384876586274727,-0.03979877899586093
4,gpboost_exact,230,-2.1595063520697955,-2.0270310913399485,-2.0416929755664874,0.16223252474777267,0.11781337650330803
4,gpboost_exact,231,-0.4139807978520378,-0.5547810129124988,-0.3552306847962914,0.3241602922302638,0.0587501130557464
4,gpboost_exact,232,0.2182433508536186,0.31155740527136366,0.05002431698178711,0.27616797454914427,-0.16821903387183149
4,gpboost_exact,233,-0.252039915658593,-0.24199052386552417,-0.25642810130420024,0.23443486811965078,-0.004388185645607223
4,gpboost_exact,234,-1.116326175723969,-1.209439938742906,-1.7836863106671164,0.3781125865174048,-0.6673601349431473
4,gpboost_exact,235,-1.484678182292136,-1.6261540164273767,-2.0356361495335236,0.4073461251018312,-0.5509579672413876
4,gpboost_exact,236,-2.1149960520937077,-2.1806872114560463,-2.385954028712314,0.2541914701966603,-0.27095797661860654
4,gpboost_exact,237,-1.0133859773362117,-1.0474785475383017,-0.8218658369524761,0.2960829883558431,0.19152014038373566
4,gpboost_exact,238,-2.6103364343274684,-2.6300868153203854,-2.4922476788460237,0.2973432338474911,0.11808875548144471
4,gpboost_exact,239,-1.66717151060184,-1.5975535171658444,-1.144228610249364,0.35717614573054063,0.5229429003524761
4,gpboost_exact,240,0.03245225590660103,0.0608878431616451,0.29977371063697156,0.30124697868032346,0.2673214547303705
4,gpboost_exact,241,0.17637994469010404,0.22637291939299087,-0.051224867472583924,0.2648207792549507,-0.22760481216268796
4,gpboost_exact,242,-1.242621547261739,-1.219192092473928,-1.2051356206808634,0.3195779697282288,0.03748592658087557
4,gpboost_exact,243,-0.7765960976193906,-0.8077152335200561,-0.465057548652009,0.21919919395411333,0.31153854896738165
4,gpboost_exact,244,-0.542144195149936,-0.5790481100219277,-0.47683474894999556,0.21051983841672411,0.06530944619994039
4,gpboost_exact,245,-1.6045366123051672,-1.6955970554362687,-1.3888278513572807,0.3076069438927068,0.2157087609478865
4,gpboost_exact,246,-0.19602551655609268,-0.13070588711639658,0.615933568764051,0.4673065445444969,0.8119590853201437
4,gpboost_exact,247,-0.18999426806270553,-0.08394712946057077,-0.11068884877929541,0.22559979535051797,0.07930541928341012
4,gpboost_exact,248,-1.3553181642308259,-1.4114601367895687,-1.6545288769320123,0.33514463610038875,-0.2992107127011865
4,gpboost_exact,249,-1.0443855505707302,-1.0386552137807286,-0.8037104454325323,0.2980253781432715,0.2406751051381979
4,gpboost_exact,250,0.6096355668944898,0.6374347735745992,0.12045928158697627,0.5463304312753107,-0.48917628530751356
4,gpboost_exact,251,0.39386237668428425,0.20521461388031975,0.4091099122365085,0.3295382452979397,0.015247535552224245
4,gpboost_exact,252,-0.44340369367893895,-0.502517103490822,0.06934513696534239,0.3999079196786869,0.5127488306442813
4,gpboost_exact,253,-2.2294157200544555,-2.546631682929517,-2.0726160584320965,0.3024161770391704,0.15679966162235903
4,gpboost_exact,254,-0.9518698863952497,-0.9270729690338692,-0.5986405647322446,0.2607850908067617,0.35322932166300514
4,gpboost_exact,255,-1.8416375483265015,-1.7653579719200787,-1.863767940400022,0.2156549110938843,-0.02213039207352052
4,gpboost_exact,256,-0.35083525031145707,-0.3087444067104356,0.10129182152267013,0.3649893676223398,0.4521270718341272
4,gpboost_exact,257,-1.294546902659602,-1.322500981605987,-1.1152276458526487,0.2802322289206031,0.17931925680695326
4,gpboost_exact,258,-2.187033667735132,-2.188880678645238,-2.0228139877028983,0.31856187358833216,0.16421968003223375
4,gpboost_exact,259,0.0006841704834979478,0.019041485868160405,-0.29869319266973093,0.2724826041326728,-0.2993773631532289
4,gpboost_exact,260,0.7916198222892966,0.8085354776759823,0.7611901709122186,0.3169835129121008,-0.030429651377077982
4,gpboost_exact,261,-0.19829158220910117,-0.17367327842586727,-0.17364081065575832,0.2796824395453594,0.02465077155334286
4,gpboost_exact,262,-0.7216214194180594,-0.7874471915875636,-0.4980421853236159,0.24840700080651118,0.22357923409444347
4,gpboost_exact,263,-0.6670448738879496,-0.6439334690846661,-0.7100806002099418,0.34054953840381186,-0.04303572632199215
4,gpboost_exact,264,1.2662117934742891,1.2456494179081607,1.0149356355861734,0.30809329395573604,-0.25127615788811575
4,gpboost_exact,265,-1.503812358323016,-1.435387306647665,-1.3218127778882618,0.20095951162062417,0.18199958043475428
4,gpboost_exact,266,-0.9437034610979527,-0.9206039335568035,-0.8815474668511758,0.27445531854263366,0.06215599424677687
4,gpboost_exact,267,0.2500399020203693,0.10077382667169124,0.504930347499533,0.33446673622622813,0.25489044547916373
4,gpboost_exact,268,0.4988953030370236,0.6273678265878191,0.7985925654885175,0.34429127596177383,0.2996972624514939
4,gpboost_exact,269,-1.0344605207239241,-0.9752972107685222,-0.652066175458093,0.30406962889739864,0.38239434526583116
4,gpboost_exact,270,-1.3227969574611433,-1.4320189974820947,-1.6698022251541165,0.353213349908996,-0.34700526769297313
4,gpboost_exact,271,-0.42288122017950397,-0.26981815111242696,-0.08638138539725126,0.30352769646551886,0.3364998347822527
4,gpboost_exact,272,0.4051121611145165,0.3452857587027756,0.7151205454598522,0.3657734890809388,0.3100083843453357
4,gpboost_exact,273,-0.9617819737462994,-1.0478649829021733,-1.1797795676243084,0.30527398478610007,-0.217997593878009
4,gpboost_exact,274,-0.05091890290020734,-0.08313644071205806,0.1127312888436034,0.2832553450618516,0.16365019174381074
4,gpboost_exact,275,-1.3638303427493113,-1.2573720212403725,-1.8156900896430876,0.3119388823316411,-0.4518597468937764
4,gpboost_exact,276,-1.8792435773095804,-1.857411122269362,-2.109832276478886,0.4525369525113104,-0.23058869916930558
4,gpboost_exact,277,0.2944727350798956,0.19182569950397715,0.6138305762708871,0.30585904694741467,0.31935784119099153
4,gpboost_exact,278,-1.2552667577298737,-1.2164359788756423,-1.536455666419128,0.3487318721265316,-0.2811889086892543
4,gpboost_exact,279,-1.6719118706955305,-1.599820847026419,-1.7787849795134356,0.29039710178609557,-0.10687310881790513
4,gpboost_exact,280,-2.0854088303796128,-2.1754692629409944,-1.8986247664206193,0.28486870698817185,0.1867840639589935
4,gpboost_exact,281,-1.1761194098595726,-1.1612824100701415,-1.0901040858959146,0.20924172756455842,0.08601532396365807
4,gpboost_exact,282,-0.8138943863876735,-0.8785732287306636,-0.4449264700790998,0.568395930970757,0.36896791630857373
4,gpboost_exact,283,0.09024077236219685,0.14945446181301728,-0.03499956668511217,0.28293437759098733,-0.12524033904730902
4,gpboost_exact,284,-0.7094652635287497,-0.7769548487529974,-0.1752385630032407,0.270097005827368,0.534226700525509
4,gpboost_exact,285,-1.040058884595338,-1.294479121989446,-0.26947943539001606,0.35765932573808346,0.770579449205322
4,gpboost_exact,286,-1.2031610709064926,-1.1984512971789236,-1.9063664345971976,0.3678626837013523,-0.703205363690705
4,gpboost_exact,287,-1.1500111602576975,-1.2172494723648044,-1.4960049164282054,0.491167788631941,-0.345993756170508
4,gpboost_exact,288,0.14796578803643284,0.05917965607361837,0.04656155789331784,0.4089903938811504,-0.101404230143115
4,gpboost_exact,289,0.7958142338015067,0.8172960799631384,0.4463555583512271,0.24976755889913382,-0.34945867545027964
4,gpboost_exact,290,0.2997668339222468,0.22178823809214687,-0.16528585461361445,0.39015540742185223,-0.46505268853586124
4,gpboost_exact,291,-0.46959521866984605,-0.334589352261542,-1.1356344563417657,0.29877241067040455,-0.6660392376719197
4,gpboost_exact,292,-2.4426439919750513,-2.522554779169124,-2.239208456381782,0.3618358255309454,0.20343553559326955
4,gpboost_exact,293,-2.5223691067677723,-2.444884641237866,-2.359343322339214,0.3509970978501835,0.1630257844285583
4,gpboost_exact,294,-1.1256096800658715,-1.1122060582281648,-1.9670635851183356,0.37307552960623597,-0.8414539050524641
4,gpboost_exact,295,-0.5886052406788717,-0.5040274789672631,-0.5452393422742121,0.3386887357234394,0.04336589840465954
4,gpboost_exact,296,-1.3580553941709301,-1.348536111756825,-1.3909850731340647,0.33448803120614906,-0.03292967896313459
4,gpboost_exact,297,0.6386969163964595,0.5117977103178555,0.5282171829030595,0.3813022181550227,-0.11047973349340001
4,gpboost_exact,298,0.046793753172811425,0.09490225976453187,-0.2960352520378784,0.229679776073769,-0.3428290052106898
4,gpboost_exact,299,-0.8000594257497666,-0.7470399605951284,-0.6488846984913597,0.16634197738854567,0.15117472725840697
5,gpboost_exact,0,-0.030646517217922165,0.18591404437488965,0.10329317731069665,0.3226436389464756,0.1339396945286188
5,gpboost_exact,1,-0.23014821252622547,-0.28867994510951306,0.028058842030862507,0.35123768471498246,0.258207054557088
5,gpboost_exact,2,-0.48023530347205334,-0.5264901550803675,-0.2978933316518564,0.2961759773668111,0.18234197182019696
5,gpboost_exact,3,0.3138956223209181,0.37192632710829754,-0.03634536543863831,0.37074461713340523,-0.3502409877595564
5,gpboost_exact,4,0.7622094685256278,0.7529181271193137,0.6780801247590826,0.2612274322029964,-0.08412934376654513
5,gpboost_exact,5,-0.4556940180642773,-0.4615774061486973,-0.048101412055103765,0.37185184186104164,0.4075926060091735
5,gpboost_exact,6,-0.6638146096162969,-0.7772065109459203,-0.1988254413052708,0.2978591362424399,0.4649891683110261
5,gpboost_exact,7,1.768546038090156,1.638572096008117,1.7685645632775575,0.3372275443736118,1.8525187401419174e-05
5,gpboost_exact,8,1.7746950969456323,1.712529930028033,1.5173799796712295,0.2784956159753937,-0.2573151172744028
5,gpboost_exact,9,-0.558160494849932,-0.44391617401006406,-0.6449219207164365,0.22602011732737812,-0.08676142586650448
5,gpboost_exact,10,-0.49319699311374277,-0.6335910864769533,-0.6385404246511115,0.34143655776677284,-0.14534343153736873
5,gpboost_exact,11,-1.1298869133243175,-1.0667628427217237,-0.8617256826276982,0.3120591036482432,0.26816123069661923
5,gpboost_exact,12,-0.659072694149365,-0.6434405775044251,-0.7676533186536538,0.2352908119063675,-0.10858062450428885
5,gpboost_exact,13,-0.0383210941709935,-0.017064935764380867,0.045265945220940296,0.25971158105389724,0.08358703939193379
5,gpboost_exact,14,-0.34510282237645723,-0.2940819198100311,-0.18689538832217423,0.2062424454434293,0.158207434054283
5,gpboost_exact,15,-0.5988336502145016,-0.8573544197091183,-0.5196875137294654,0.20057718606152417,0.07914613648503621
5,gpboost_exact,16,0.37268951153753405,0.4237485663267919,0.15569705003366607,0.3013328459361814,-0.21699246150386797
5,gpboost_exact,17,1.5923223780707962,1.5559977283086353,1.30637035242475,0.26424725963321904,-0.28595202564604616
5,gpboost_exact,18,-0.3503465164450781,-0.23630890835020713,-0.14320989178054333,0.2095895074195068,0.20713662466453475
5,gpboost_exact,19,-0.7413201617118552,-0.6498968405917027,-0.7519817318092752,0.3712185066047661,-0.01066157009741997
5,gpboost_exact,20,-0.6351112332203239,-0.5656255044139965,-0.35996154236143774,0.3031535006525693,0.2751496908588862
5,gpboost_exact,21,-0.8818132109006362,-0.8329525938480712,-0.581389235440362,0.26539553010853867,0.3004239754602742
5,gpboost_exact,22,-0.54905705680301,-0.5893692120530512,-0.7059732692123823,0.3103840433660741,-0.15691621240937237
5,gpboost_exact,23,-0.5942068794825632,-0.5023974667242946,-0.5999146634738644,0.17280057653009578,-0.005707783991301119
5,gpboost_exact,24,-0.188816066320805,-0.18146274229734097,-0.39734634857518536,0.20873419028691453,-0.20853028225438036
5,gpboost_exact,25,-0.6087134624949773,-0.694969669755019,-0.28469503017631226,0.3439475200160471,0.324018432318665
5,gpboost_exact,26,-0.6242662528414326,-0.7337965963879532,-0.34005713375245783,0.33059865223167795,0.2842091190889747
5,gpboost_exact,27,1.6678108753858718,1.7098275380004495,1.7129560693210095,0.29556849417185144,0.04514519393513772
5,gpboost_exact,28,-0.5562759264471989,-0.6178375548063711,-0.2688610390647206,0.2756008413492633,0.28741488738247833
5,gpboost_exact,29,-0.9250911823108661,-1.03908368632645,-0.38620966090789466,0.2905027156379006,0.5388815214029714
5,gpboost_exact,30,0.22699271285853695,0.19963277856611095,-0.08258774523928203,0.3572096215052168,-0.309580458097819
5,gpboost_exact,31,0.2376519946706271,0.1636570964000959,0.20267511089265255,0.34629361216775506,-0.03497688377797453
5,gpboost_exact,32,-0.8051809328381693,-0.7302190537634943,-0.6564354917303721,0.27465417154123256,0.1487454411077972
5,gpboost_exact,33,-0.14260422188066701,-0.3295411090163802,-0.10301792583615921,0.3909943187502924,0.03958629604450781
5,gpboost_exact,34,-0.11390781857615664,-0.13293592264096948,0.014208993112811541,0.3660765128119178,0.12811681168896819
5,gpboost_exact,35,-0.2613060157655076,-0.18415775851961763,-0.19510784041867169,0.3091147554006106,0.06619817534683592
5,gpboost_exact,36,-0.19951628258099416,-0.08258466461927988,0.030527572038687723,0.23246155949725222,0.23004385461968188
5,gpboost_exact,37,-0.14859995400034953,-0.3285001912303732,-0.6927711776151071,0.3089889402794277,-0.5441712236147576
5,gpboost_exact,38,-0.4267273626918811,-0.5740095753637888,-0.5538949000214366,0.2617172722679446,-0.1271675373295555
5,gpboost_exact,39,1.2673758177660264,1.2115974817849535,1.4528883032580104,0.3987896930490294,0.18551248549198407
5,gpboost_exact,40,-0.24429014266469606,-0.22860271591259632,-0.06830569631995331,0.31855342100167994,0.17598444634474275
5,gpboost_exact,41,-0.13381978721200877,-0.24678435349315803,0.02263815238629263,0.37949117444102504,0.1564579395983014
5,gpboost_exact,42,-0.13856686756149267,-0.1326568876902078,-0.2332185109677276,0.31249745742068974,-0.09465164340623494
5,gpboost_exact,43,-0.2523780207288451,-0.056820079564710135,-0.3752359385873234,0.20809981983540873,-0.12285791785847833
5,gpboost_exact,44,-0.6373603014275397,-0.6949564327726878,-0.3327196000408552,0.24429396022090114,0.30464070138668453
5,gpboost_exact,45,-0.4637748124473756,-0.31776706946249256,-0.536652838599057,0.23764419941984996,-0.07287802615168137
5,gpboost_exact,46,-0.38988548924142236,-0.4177345608144918,-0.3917244047086683,0.3585517835163063,-0.0018389154672459607
5,gpboost_exact,47,-0.2986197231738579,-0.29556765753648484,-0.015129260081515383,0.334378589499598,0.2834904630923425
5,gpboost_exact,48,-0.717903695591336,-0.7199391350763034,-0.31538200682899564,0.36073368188225374,0.4025216887623404
5,gpboost_exact,49,-0.7428292064874689,-0.6897229279213283,-0.5323556877305542,0.20878064683850928,0.21047351875691467
5,gpboost_exact,50,1.3041659599434132,1.4361497924461888,1.2070629864876565,0.2654331159073522,-0.09710297345575669
5,gpboost_exact,51,-0.13003638101496084,0.0006899206541768066,-0.41242738828195336,0.3392516827935138,-0.2823910072669925
5,gpboost_exact,52,1.2034919244331137,1.2845453087433567,0.9926515032764414,0.28745770667930254,-0.21084042115667234
5,gpboost_exact,53,-0.033091235515234435,-0.21491771993304157,0.07010990879634349,0.32103536335390687,0.10320114431157792
5,gpboost_exact,54,-0.7549645759902934,-0.6402730206109943,-0.3606776906832767,0.2482351092809393,0.3942868853070167
5,gpboost_exact,55,-0.8412563749231257,-0.7812365429022748,-0.5809703008079392,0.33265915509450544,0.26028607411518645
5,gpboost_exact,56,0.37969608222283613,0.45662287458766415,0.21083848582459552,0.3124546115448535,-0.1688575963982406
5,gpboost_exact,57,-0.7864155133175625,-0.7446444899282434,-0.42115755072937056,0.2637795321053114,0.365257962588192
5,gpboost_exact,58,-0.5260457196488654,-0.637540656694658,-0.31194704145092444,0.2879753986125943,0.21409867819794093
5,gpboost_exact,59,1.8753474046144611,1.9153408310552276,1.4897349327806317,0.17448147624739627,-0.3856124718338294
5,gpboost_exact,60,-0.06973743921894549,-0.10977755541949602,0.017816846088539506,0.35275717320130034,0.08755428530748499
5,gpboost_exact,61,1.5791882757719535,1.5206227689473024,1.6106902071638718,0.34012049003096007,0.03150193139191826
5,gpboost_exact,62,-0.19394035580845537,-0.29663756605597313,0.3281676632805244,0.30358022984036603,0.5221080190889797
5,gpboost_exact,63,-0.5287070262840508,-0.35932390270853354,-0.3646821449153723,0.34340649490917513,0.16402488136867843
5,gpboost_exact,64,-0.14143393756228195,-0.13183218945896194,0.09060879434342084,0.34373781358535194,0.2320427319057028
5,gpboost_exact,65,-0.7099293771562142,-0.6125864964476956,-0.5924027240870906,0.31506903635781897,0.11752665306912358
5,gpboost_exact,66,-0.03373922068209223,-0.05462219264845692,-0.6105685073451461,0.3248421774826107,-0.5768292866630539
5,gpboost_exact,67,1.1714101022424939,1.0373635537001842,0.963245456739628,0.24435484633830365,-0.20816464550286584
5,gpboost_exact,68,-0.5717993069722641,-0.48612322595920454,-0.40262879045961597,0.2236357916794134,0.16917051651264814
5,gpboost_exact,69,-0.9689058821868478,-0.9090979373421427,-1.0890795015720034,0.48867273066956857,-0.12017361938515558
5,gpboost_exact,70,0.3828222222363476,0.4277872094422328,0.5104580776841701,0.33668497458177593,0.12763585544782247
5,gpboost_exact,71,-0.5213615239113527,-0.4740840468508114,-0.7508606180774127,0.3438499250475933,-0.22949909416605996
5,gpboost_exact,72,-0.6683329503852367,-0.7084096676973564,-0.6316079626160551,0.16628052067285312,0.03672498776918154
5,gpboost_exact,73,0.13682083970042064,0.437117686565414,0.2067075558787579,0.3645151966430891,0.06988671617833725
5,gpboost_exact,74,1.1139378618613751,0.9842252098717503,1.5730240179970352,0.44429219278396515,0.45908615613566006
5,gpboost_exact,75,-0.2569317663217573,-0.3665563927998087,-0.5992285477725368,0.2085144078116014,-0.34229678145077946
5,gpboost_exact,76,1.0532533033991274,1.0988414806612907,0.9360683158949517,0.2244358141637154,-0.11718498750417572
5,gpboost_exact,77,-0.5938332948480278,-0.7605046290329677,-0.3496231123124254,0.2974921657726764,0.24421018253560245
5,gpboost_exact,78,-1.0972630971062638,-1.1103473856404402,-0.975347732793864,0.19866985425335237,0.1219153643123998
5,gpboost_exact,79,-0.6644204481550549,-0.6752798080082079,-0.43891537261101377,0.2567000090265283,0.2255050755440411
5,gpboost_exact,80,0.30930433076481073,0.2139160383155882,0.23781629657607262,0.23198692211468216,-0.07148803418873811
5,gpboost_exact,81,0.2506723227356964,0.4216562736154779,-0.3077537952868159,0.3779229552437059,-0.5584261180225123
5,gpboost_exact,82,-0.49093344275774714,-0.5149661659260856,-0.4735098528327484,0.34206983534375845,0.01742358992499876
5,gpboost_exact,83,-1.3967682372030605,-1.2068512322532738,-1.0521614739018172,0.3351360982263589,0.3446067633012433
5,gpboost_exact,84,-0.671049871041437,-0.5172748460452968,-0.38929740758303844,0.20824250979392653,0.28175246345839855
5,gpboost_exact,85,1.4621213185937882,1.5305389638967808,1.8021043015932179,0.37466812559163365,0.33998298299942964
5,gpboost_exact,86,-0.3173579300656666,-0.38570637891918014,-0.4668248699157438,0.23305921585833292,-0.1494669398500772
5,gpboost_exact,87,1.1325604945741747,1.0065280708791562,1.728140760103603,0.37896387367721984,0.5955802655294282
5,gpboost_exact,88,-0.23442138159308176,-0.30931453849113066,-0.22332469360511809,0.23171138054626364,0.011096687987963677
5,gpboost_exact,89,-0.6337631580186905,-0.6809058722190042,-0.43088913006784324,0.27571125359990484,0.2028740279508473
5,gpboost_exact,90,0.5433258564105002,0.41950644999363124,0.9550531383606717,0.3310808235003697,0.4117272819501715
5,gpboost_exact,91,-0.6661815952137667,-0.736927030198976,-0.6841576684591484,0.2768937651181181,-0.01797607324538164
5,gpboost_exact,92,2.0502897695307882,2.055136202546105,2.0869020753012606,0.29322177465925037,0.036612305770472364
5,gpboost_exact,93,-0.6643964996357811,-0.6588055432879479,-0.3588219387196059,0.1774325224661261,0.3055745609161752
5,gpboost_exact,94,-0.5675683839492662,-0.613937507441227,-0.352355695723757,0.21239865484367634,0.2152126882255092
5,gpboost_exact,95,1.9683736008731185,2.000966428152334,2.0402232262260043,0.3521921141510518,0.07184962535288575
5,gpboost_exact,96,0.4053333978710516,0.335638850120276,-0.1635798297303328,0.32316966726706847,-0.5689132276013844
5,gpboost_exact,97,1.390496877217581,1.2266548406681155,1.5090311086407944,0.2167797817272769,0.1185342314232134
5,gpboost_exact,98,-0.08097572924829682,-0.19099140552291538,-0.45113510036436644,0.28430142098502514,-0.3701593711160696
5,gpboost_exact,99,-0.9237642837586189,-0.9451751516652523,-0.945407102792938,0.21084712222606966,-0.021642819034319194
5,gpboost_exact,100,-0.5494839614004308,-0.6513933727313916,-0.5764252459883075,0.3397991155379914,-0.0269412845878767
5,gpboost_exact,101,-0.5067763164783721,-0.6964662852429588,-0.3303596057044107,0.3396003879053738,0.17641671077396137
5,gpboost_exact,102,-0.24907665370533746,-0.3428769343187866,-0.17011141191210122,0.3134743836746975,0.07896524179323625
5,gpboost_exact,103,0.15021663722180617,0.10427798495001825,0.1367346029190717,0.37718363202527555,-0.01348203430273448
5,gpboost_exact,104,-0.7871730039479463,-0.8379996824756548,-0.6573230896231781,0.26004819107370153,0.12984991432476822
5,gpboost_exact,105,-0.3993409429081072,-0.28838732099941056,-0.6011266288054049,0.19404725348475865,-0.20178568589729773
5,gpboost_exact,106,-1.0290311634017302,-0.991776499220039,-0.45090091526342846,0.389132751658225,0.5781302481383017
5,gpboost_exact,107,0.862893689803465,1.0601525006190604,0.6584884568011997,0.33233865130826185,-0.20440523300226532
5,gpboost_exact,108,0.2407284044351578,0.27715299600987736,-0.020654749515911064,0.28179198814761586,-0.26138315395106887
5,gpboost_exact,109,0.4759967111740886,0.4552251386392764,0.24396911608014804,0.4016382291923763,-0.23202759509394055
5,gpboost_exact,110,0.885419639946756,1.0119243547470973,1.342012232352113,0.29925827191984616,0.4565925924053571
5,gpboost_exact,111,-0.04671763038091126,0.1627145117845029,-0.32320752946295883,0.31921282995797556,-0.2764898990820476
5,gpboost_exact,112,-0.7158247294757369,-0.88515140298526,-0.6851657053716682,0.18209599728070572,0.030659024104068733
5,gpboost_exact,113,0.6809208154841204,0.5196735613154,0.25578975215831967,0.3604741517726094,-0.42513106332580075
5,gpboost_exact,114,-0.11351281574419436,-0.056940321040423986,0.03662421249694425,0.27399328478601853,0.15013702824113861
5,gpboost_exact,115,-0.42563436246591,-0.4739042881786526,-0.2649208351916492,0.22434886094961207,0.1607135272742608
5,gpboost_exact,116,0.3548747948950268,0.23471095576754059,0.4507161537300952,0.24781942536753804,0.09584135883506839
5,gpboost_exact,117,0.615553013770319,0.6761594809803396,0.4527508267935758,0.3571266530869354,-0.1628021869767432
5,gpboost_exact,118,1.979275070233786,1.8938570933743462,1.8924526018499144,0.4752658343573608,-0.08682246838387164
5,gpboost_exact,119,-0.46279485667129766,-0.2960936498875018,-0.3565974415345785,0.3389263231298531,0.10619741513671915
5,gpboost_exact,120,-0.476505805657174,-0.5677854608186621,-0.24673547314322875,0.2933672855901043,0.22977033251394524
5,gpboost_exact,121,1.1739674591879212,1.1404914418300025,0.5799870041727004,0.37838157940975914,-0.5939804550152208
5,gpboost_exact,122,-0.2006534682000339,-0.13547674755589445,-0.5246332856201263,0.3370553247905929,-0.3239798174200924
5,gpboost_exact,123,-0.9218541923434925,-0.9430130026439633,-0.6452052695408419,0.2488020382376338,0.27664892280265063
5,gpboost_exact,124,0.505577632360501,0.4528947588861492,0.8965028524279894,0.24328425459386882,0.3909252200674884
5,gpboost_exact,125,-0.3451807345195479,-0.3498792402904898,-0.2628834077468163,0.3609141242998385,0.0822973267727316
5,gpboost_exact,126,0.7043389841496895,0.7653288193480889,0.49138703543621,0.2134728633200233,-0.21295194871347956
5,gpboost_exact,127,-0.632024706563095,-0.621546673097081,-0.45756266184514516,0.26142484399829113,0.1744620447179498
5,gpboost_exact,128,-0.609969978613568,-0.6756163298701087,-0.2756814027265495,0.37680005483664025,0.33428857588701855
5,gpboost_exact,129,0.5764150001624622,0.5241722886542814,0.7320255591429436,0.17002832496596423,0.15561055898048148
5,gpboost_exact,130,-0.8822593449336686,-0.8215824677280619,-0.5762872727408208,0.32838904172095723,0.30597207219284783
5,gpboost_exact,131,-1.0270864627486473,-1.1021331431768933,-0.5453580480715026,0.34378468946390045,0.4817284146771448
5,gpboost_exact,132,0.3875787685924757,0.3299951128749136,0.40816824353322545,0.3261858326232351,0.020589474940749752
5,gpboost_exact,133,-0.14798022756483054,-0.14723122744669342,-0.26194886295120234,0.23854598702752908,-0.11396863538637181
5,gpboost_exact,134,2.2559028356144237,2.338733441768044,2.124236070147983,0.28186026657763646,-0.13166676546644052
5,gpboost_exact,135,-0.4539780321870036,-0.30181497137665103,-0.2733025247462244,0.33868845069284736,0.1806755074407792
5,gpboost_exact,136,-0.6909204262057242,-0.6795568850461489,-0.3294126045446273,0.28438064481614594,0.36150782166109696
5,gpboost_exact,137,0.11757023771360633,0.09259842079424763,0.16645125898255841,0.33743938111210386,0.04888102126895208
5,gpboost_exact,138,-0.9240194365637042,-0.8557898019101219,-0.8623436492546146,0.3227405320028383,0.061675787309089625
5,gpboost_exact,139,1.4056924362681098,1.573648579614214,1.7334026831935425,0.49332830016254053,0.3277102469254327
5,gpboost_exact,140,-0.9864930363385245,-1.0808906859554757,-0.8042503835991504,0.32002083537841636,0.18224265273937412
5,gpboost_exact,141,0.10088155189547154,0.04639605217608125,-0.21227867578800996,0.4526035793802825,-0.3131602276834815
5,gpboost_exact,142,1.9931181873755512,2.063296582365326,2.0276314306199232,0.3605222204266665,0.034513243244371994
5,gpboost_exact,143,1.4120252464371497,1.3778660576040207,1.7422262080206679,0.3277376063748529,0.3302009615835182
5,gpboost_exact,144,-0.1748405470465625,-0.3877940620585813,0.0036642445046197736,0.2670391404235538,0.17850479155118226
5,gpboost_exact,145,1.2226784401505228,1.1049939048699084,1.0224257430721906,0.28148052210230834,-0.20025269707833226
5,gpboost_exact,146,-0.4945010123506743,-0.46326097376186803,-0.3023861432957027,0.34838949997471136,0.1921148690549716
5,gpboost_exact,147,-0.7989800855502753,-0.6945372401671525,-0.33282736460616213,0.376501208532144,0.4661527209441132
5,gpboost_exact,148,-0.5571136333841589,-0.5784298967752821,-0.21874973339568982,0.3409383742328947,0.33836389998846905
5,gpboost_exact,149,0.002165114226818393,-0.19452575348044368,0.037177545276033896,0.26303808284604796,0.0350124310492155
5,gpboost_exact,150,-0.6111466591820733,-0.6578843406794653,-0.480073747212602,0.2420880285379062,0.13107291196947135
5,gpboost_exact,151,-0.6427547190796263,-0.6268630816143946,-0.5330723283792658,0.2620264174090685,0.10968239070036057
5,gpboost_exact,152,-0.17269701795197268,-0.22300399509618943,-0.5196478491982148,0.34402124581009286,-0.34695083124624215
5,gpboost_exact,153,-0.39690458058385014,-0.4531911063686815,-0.6329984408753884,0.2666509411845895,-0.23609386029153823
5,gpboost_exact,154,-0.5246041139151553,-0.4768156901443446,-0.34909899484599904,0.3040081049518466,0.17550511906915622
5,gpboost_exact,155,-0.7021293028636915,-0.6155466657232334,-0.4092280904155263,0.27345934174760245,0.29290121244816514
5,gpboost_exact,156,1.8270076942021856,1.7785396673847822,1.3646729540458793,0.23215499266650558,-0.46233474015630627
5,gpboost_exact,157,0.6193829630023313,0.6596727960150104,0.8698029280588031,0.30217732208268516,0.2504199650564718
5,gpboost_exact,158,-0.5183635080196882,-0.45897313923168753,-0.4215715177333603,0.23302517875375658,0.0967919902863279
5,gpboost_exact,159,1.4406805653071522,1.5267963352407932,1.3099487873881834,0.282783426385158,-0.13073177791896873
5,gpboost_exact,160,-0.5116048804788378,-0.5053910496109374,-0.16700356900832958,0.3329221586508536,0.3446013114705082
5,gpboost_exact,161,-0.4012234591682054,-0.35414610545260805,-0.11165028431428681,0.3219269125319986,0.2895731748539186
5,gpboost_exact,162,-0.9348138462635128,-0.8508568592976433,-0.3231963228025059,0.3057031611960223,0.611617523461007
5,gpboost_exact,163,0.8385636361165367,0.958041035786885,0.946510363942302,0.26921883827044046,0.10794672782576531
5,gpboost_exact,164,0.6536721990210681,0.6153355936087508,0.6994776704150105,0.32178125834822535,0.04580547139394242
5,gpboost_exact,165,-0.2634782454473984,-0.07795021618810549,-0.5732665068384684,0.26227822933011086,-0.30978826139106996
5,gpboost_exact,166,-0.8979785872806045,-0.8682046194870602,-0.9704871519422618,0.1956159058870886,-0.07250856466165723
5,gpboost_exact,167,-0.12780964534046513,0.053138978195275355,-0.6391085824673617,0.3608090729401306,-0.5112989371268966
5,gpboost_exact,168,-0.6755898976331435,-0.8530958279660308,-0.24671389560272594,0.2833430545995672,0.42887600203041754
5,gpboost_exact,169,0.7946728219428894,0.9251686383416488,0.7215353938401812,0.28723610463562516,-0.07313742810270818
5,gpboost_exact,170,0.34357598146373747,0.2790781243175856,0.3342628972209116,0.40647412337258354,-0.009313084242825842
5,gpboost_exact,171,-0.17719275949415328,-0.19480414225657372,-0.14661910655731702,0.31541792665537915,0.030573652936836254
5,gpboost_exact,172,2.1078398677601644,2.0997102259849165,2.086805988695417,0.3183392018354961,-0.021033879064747296
5,gpboost_exact,173,0.34341233326084336,0.3282112037185002,0.43384650660427226,0.26942947954379454,0.0904341733434289
5,gpboost_exact,174,1.8267937238531955,2.0842667736505156,1.908687141231809,0.3401222372126139,0.08189341737861344
5,gpboost_exact,175,-0.04448219495773009,0.03130473777461096,0.3670629309632716,0.3621263588873005,0.4115451259210017
5,gpboost_exact,176,0.03701104326586979,0.002320895129573057,-0.1857053041377572,0.3063578125168265,-0.222716347403627
5,gpboost_exact,177,-0.28834997847782695,-0.08724725415917498,-0.7403519575606872,0.3318750437530838,-0.4520019790828602
5,gpboost_exact,178,-0.2759533531181453,-0.1596246025546152,-0.17074052019077612,0.32824432425290984,0.10521283292736916
5,gpboost_exact,179,1.1840298073613478,1.0984414116833283,1.0909379619208295,0.3148586987513756,-0.0930918454405183
5,gpboost_exact,180,0.19733001739915437,0.003540368516279563,0.12487864023750461,0.3263764291591698,-0.07245137716164976
5,gpboost_exact,181,-0.11547366235211812,0.005067478655375518,0.21149541277854667,0.34473900550408415,0.32696907513066475
5,gpboost_exact,182,-0.5293729425805926,-0.6152825947118827,-0.50189905918179,0.176535056596328,0.027473883398802634
5,gpboost_exact,183,-0.18759210113384805,-0.14975281225864834,-0.5907159059871177,0.2625604234511145,-0.4031238048532696
5,gpboost_exact,184,1.5140778866851148,1.6354642589558137,1.562101594052109,0.29626967693084966,0.04802370736699424
5,gpboost_exact,185,0.8935793233350935,0.9441724809565384,0.8724748481946527,0.3376782111239879,-0.02110447514044078
5,gpboost_exact,186,2.2365209969072724,2.227443772351233,2.0783553334482363,0.277271988494008,-0.15816566345903604
5,gpboost_exact,187,-0.6940062096170144,-0.5665696473549097,-0.43830652059794417,0.2630388087963302,0.25569968901907025
5,gpboost_exact,188,-0.19468244350108033,-0.30977205816583364,-0.3587117588832509,0.27829405831149784,-0.16402931538217058
5,gpboost_exact,189,-0.37794373030342504,-0.16507746939465048,-0.7790160079669857,0.23973058352098411,-0.40107227766356063
5,gpboost_exact,190,0.6036543763024088,0.6711363314783947,0.24854374319629713,0.34039443837017846,-0.3551106331061117
5,gpboost_exact,191,-0.7483597816696965,-0.8514600975963316,-0.5716521107845853,0.23742489413892348,0.1767076708851112
5,gpboost_exact,192,0.43655843544088113,0.5687605116783533,0.858389636280819,0.2480631424393685,0.42183120083993786
5,gpboost_exact,193,0.013893409472630736,0.11891894432799968,-0.31293485522411224,0.27426895455707084,-0.326828264696743
5,gpboost_exact,194,0.6681604501653318,0.5956209224541965,1.3147293759357872,0.2963804748134539,0.6465689257704554
5,gpboost_exact,195,1.216610933468085,1.3153303377586885,0.6044096984118514,0.39715338353734736,-0.6122012350562336
5,gpboost_exact,196,0.4761248831209002,0.4498890201511825,0.8707506436859482,0.2922681556266818,0.39462576056504806
5,gpboost_exact,197,-0.007036080634560626,0.05484694176232655,-0.15382700120863824,0.3440461874034816,-0.1467909205740776
5,gpboost_exact,198,-0.47298828217095223,-0.5007661543411089,-0.4168321538291444,0.3408218298875042,0.05615612834180783
5,gpboost_exact,199,-0.6633040054427523,-0.8134631314451911,-0.09309386756619631,0.30913667024702507,0.570210137876556
5,gpboost_exact,200,-0.4511158722285311,-0.5075255022997273,-0.35626631831888034,0.1783137838224462,0.09484955390965077
5,gpboost_exact,201,-1.2399749849893038,-1.2547096339955783,-0.4168035859182968,0.31467322980112467,0.823171399071007
5,gpboost_exact,202,-0.7724555857297766,-0.9241258385150938,-0.937293701472429,0.2935094893260525,-0.1648381157426524
5,gpboost_exact,203,0.3441750417432651,0.39123732279547413,0.1260454754180529,0.22339764168081735,-0.2181295663252122
5,gpboost_exact,204,0.5163925882305082,0.5655476711701427,0.4358381559309237,0.35109172623153,-0.08055443229958448
5,gpboost_exact,205,-0.19919850725089117,-0.07685218780916174,-0.010339635891192245,0.3136896070228754,0.18885887135969892
5,gpboost_exact,206,0.20332614996554224,0.33826646918086556,0.21584946067773814,0.35039022412308934,0.012523310712195895
5,gpboost_exact,207,1.4671983818391428,1.4840465888406034,1.819994474599671,0.33937383395847626,0.35279609276052826
5,gpboost_exact,208,-0.7143799646073822,-0.7916730150697777,-0.5130882811339887,0.21199326370895918,0.20129168347339343
5,gpboost_exact,209,-0.2076825095985555,-0.2342413442607845,-0.16299611456391716,0.2820722987217237,0.04468639503463834
5,gpboost_exact,210,0.479937813664172,0.29800956996066175,0.644636220056725,0.3108867626629491,0.16469840639255307
5,gpboost_exact,211,1.24245113333791,1.328688226158103,0.7397716913673733,0.3731791433676623,-0.5026794419705367
5,gpboost_exact,212,-0.706233103604422,-0.8189534040437465,-0.28344151606368406,0.1812048306637587,0.422791587540738
5,gpboost_exact,213,-0.12517906236595877,-0.055948871107046036,-0.4354441994605498,0.33670098880563526,-0.310265137094591
5,gpboost_exact,214,0.4485339578164656,0.4315381769478073,0.14678166337110632,0.3639669629910135,-0.3017522944453593
5,gpboost_exact,215,-0.001427416653591529,0.059351975603334106,0.035986836687840196,0.33664221339735656,0.037414253341431725
5,gpboost_exact,216,1.245004455639836,1.372649629124229,1.3726506797467017,0.4510196073288206,0.12764622410686566
5,gpboost_exact,217,-0.09282978777373946,-0.20633547932934254,-0.554247582656707,0.41714221422016007,-0.4614177948829676
5,gpboost_exact,218,-0.604178567467937,-0.6111918870990433,-0.46211532365868635,0.25640687153070346,0.14206324380925062
5,gpboost_exact,219,-0.9821681340733968,-0.989543418271891,-0.7365425180177994,0.2452430243210215,0.2456256160555974
5,gpboost_exact,220,-1.287493092459931,-1.3916225661906023,-0.6495300920783595,0.2551327567878374,0.6379630003815715
5,gpboost_exact,221,0.949358491570025,1.0692299287529201,1.6194468676547196,0.32098121548133635,0.6700883760846945
5,gpboost_exact,222,-0.4968009119575062,-0.48616407976513776,-0.5263756416481797,0.21099619154297336,-0.02957472969067354
5,gpboost_exact,223,0.8222476146806318,0.8376498879128287,0.44339584924040665,0.3652753645178371,-0.37885176544022514
5,gpboost_exact,224,-0.37690640891396554,-0.3399332868341821,-0.18062072535070328,0.3377520020075198,0.19628568356326226
5,gpboost_exact,225,-0.07215409328872972,-0.24533493889883468,0.0758620966625223,0.25522511117908736,0.14801618995125204
5,gpboost_exact,226,0.2833573693177944,0.6406517146773592,0.3255476998091478,0.28160213388002353,0.042190330491353345
5,gpboost_exact,227,-0.47132286080796965,-0.5707479814013922,-0.1972744763663119,0.33931835151011525,0.27404838444165774
5,gpboost_exact,228,1.225270849037565,1.1617553207480489,1.3254258180073535,0.40494036628719315,0.10015496896978848
5,gpboost_exact,229,-0.6930809492105701,-0.8595337269390532,-0.4764116267905898,0.17149877171808367,0.21666932241998027
5,gpboost_exact,230,0.36008321712226155,0.5080408668059808,0.475615188129499,0.382512141494768,0.11553197100723744
5,gpboost_exact,231,0.12330093285144988,-0.07242808865319447,-0.28551704336577544,0.34959052362212933,-0.4088179762172253
5,gpboost_exact,232,0.7745852425359041,0.7754252613537104,1.2363552092536523,0.29703182824530644,0.46176996671774817
5,gpboost_exact,233,1.1428443691725356,1.031744547487526,1.2978555390842885,0.1527750043409922,0.1550111699117529
5,gpboost_exact,234,0.6572008547583086,0.558815428345466,0.8535829577983343,0.30364371176974725,0.19638210304002568
5,gpboost_exact,235,-0.5762429192380433,-0.42510515343838795,-0.6621968525937394,0.2328457876975351,-0.08595393335569612
5,gpboost_exact,236,-0.003925095283721813,-0.04536394393499989,-0.06217539598904587,0.25705544973129,-0.058250300705324054
5,gpboost_exact,237,0.014488119658297771,-0.07729893022769749,-0.3977633111745007,0.4067108576561349,-0.41225143083279847
5,gpboost_exact,238,0.7741027275803305,0.83634390735716,1.3253020606457238,0.35187010146854225,0.5511993330653933
5,gpboost_exact,239,0.29273464541968897,0.3293950884837951,0.7351218253317491,0.28521426884730333,0.4423871799120601
5,gpboost_exact,240,0.3687946766735436,0.4813521448655429,0.5238786293322519,0.3294077066306653,0.15508395265870834
5,gpboost_exact,241,-0.04726022890704254,-0.0537893018319029,0.1317821194507136,0.24851319878981024,0.17904234835775615
5,gpboost_exact,242,0.204208747948755,0.23729546269435506,0.40016045367957176,0.344190226022752,0.19595170573081677
5,gpboost_exact,243,1.8033850529232769,1.6954501286330876,1.9345366623287745,0.3066808892592493,0.13115160940549764
5,gpboost_exact,244,-0.9073544153465105,-0.9703523284452525,-0.6398998252660277,0.28209701828495337,0.2674545900804828
5,gpboost_exact,245,1.3113052243042096,1.1442066739410488,1.540621197040977,0.2609444362418043,0.22931597273676751
5,gpboost_exact,246,0.6964155186319928,0.7225373372444607,0.591062744362354,0.3746522475368026,-0.10535277426963885
5,gpboost_exact,247,-0.6081711281045198,-0.6043529777273575,-0.513188574621072,0.1428846892263926,0.09498255348344775
5,gpboost_exact,248,0.16999273068589665,0.2531270738828679,0.37328499311346874,0.36837906246780144,0.2032922624275721
5,gpboost_exact,249,1.6339498951959472,1.6616817160856487,1.165569055325335,0.24940267234187607,-0.4683808398706122
5,gpboost_exact,250,0.0817119343540118,0.04871906073977322,-0.07068781205830099,0.2686324610764489,-0.1523997464123128
5,gpboost_exact,251,-0.08666905552988727,-0.10149249102463401,-0.5193325869865477,0.41486744992265456,-0.4326635314566605
5,gpboost_exact,252,0.42471837578770893,0.32288364375092726,0.3810422413512047,0.3473975732974121,-0.043676134436504255
5,gpboost_exact,253,-0.2548372516319549,-0.3576976647052209,-0.005267018172011362,0.3773060201724271,0.24957023345994356
5,gpboost_exact,254,0.9554707636186012,0.8577490736286097,0.5884979333030991,0.378658561900028,-0.3669728303155021
5,gpboost_exact,255,-0.6720830052797795,-0.7430613996867116,-0.3652898385833243,0.2466234163682021,0.3067931666964552
5,gpboost_exact,256,-1.092810768712487,-1.3083733318625386,-0.5310090557917064,0.32700515180532375,0.5618017129207806
5,gpboost_exact,257,-0.34743507450238403,-0.17830030422730653,-0.1725454381250202,0.2980023605306248,0.17488963637736382
5,gpboost_exact,258,-0.47353246197800813,-0.32363746206881894,-0.5587071213075241,0.31610063652328335,-0.08517465932951596
5,gpboost_exact,259,0.4054484517971203,0.5847526019675133,0.0883823214372228,0.39262863176626456,-0.3170661303598975
5,gpboost_exact,260,-0.4807926941809786,-0.49009274109850187,-0.6104073489527639,0.19248701571638221,-0.12961465477178535
5,gpboost_exact,261,0.46691133837330595,0.6104023017798625,0.2535118728033243,0.3904683860215762,-0.21339946556998163
5,gpboost_exact,262,-0.3141353438380155,-0.43883489336744685,0.01164868466000435,0.2673720317136447,0.32578402849801985
5,gpboost_exact,263,0.260919957433835,0.18197002431435616,0.0963655708904998,0.31655635054904385,-0.1645543865433352
5,gpboost_exact,264,0.1753256630012901,0.028052231411989925,-0.0439712885418011,0.3071496337233231,-0.2192969515430912
5,gpboost_exact,265,-0.3493244103141393,-0.439715990978396,-0.2584938785820494,0.24401811573291549,0.09083053173208988
5,gpboost_exact,266,0.4074394954563454,0.4280693857926565,0.5027050959198558,0.2703973258477763,0.0952656004635104
5,gpboost_exact,267,0.31431452499860624,0.14948402996936028,0.2046970605297478,0.4276007470819558,-0.10961746446885845
5,gpboost_exact,268,1.1362505144819064,1.2811111411338068,0.7872996539929424,0.2676366778169996,-0.34895086048896395
5,gpboost_exact,269,-0.6717410626354323,-0.7654559267759091,-0.547230149957942,0.3150737148522294,0.12451091267749037
5,gpboost_exact,270,0.7358283195558258,0.7764842001366481,0.50227713948372,0.38003809037211134,-0.23355118007210585
5,gpboost_exact,271,-0.26133346432389404,-0.20825840414892374,-0.38185192514683663,0.27453346026235276,-0.1205184608229426
5,gpboost_exact,272,1.129970566038807,1.2533296363108972,1.6530670463282284,0.3281858991138761,0.5230964802894214
5,gpboost_exact,273,0.526813226709392,0.6114222040798853,0.5473599563590295,0.34039837449295113,0.02054672964963744
5,gpboost_exact,274,-0.2838589518015967,-0.5233745574492517,-0.1690199277546185,0.32238977921902795,0.11483902404697821
5,gpboost_exact,275,-0.6041772359180775,-0.5811337447547213,-0.6179002711879757,0.29553656438847453,-0.013723035269898265
5,gpboost_exact,276,0.17171609700063026,0.1833054243980246,0.2852488307110299,0.2776196825168061,0.11353273371039965
5,gpboost_exact,277,1.1436650423744825,0.884733692945054,1.6319146118265593,0.3019592447004562,0.48824956945207676
5,gpboost_exact,278,-0.9084412385394611,-0.9158514260470522,-0.5305328441163457,0.23805117281098295,0.3779083944231154
5,gpboost_exact,279,-0.18011263562684598,-0.2218277494359265,-0.24057931391568843,0.3130387526576866,-0.060466678288842446
5,gpboost_exact,280,0.4244622539946685,0.387246923944784,0.29993245243998956,0.3674067292690419,-0.12452980155467896
5,gpboost_exact,281,-0.5801218854385076,-0.5535096254553379,-0.5500546723305995,0.2505211418622268,0.030067213107908164
5,gpboost_exact,282,-0.1531477531941039,-0.2980589478686687,-0.2194284353663054,0.23857043106588455,-0.06628068217220151
5,gpboost_exact,283,-0.3162045456846895,-0.3233946041709815,-0.3999763809145378,0.18510641056733218,-0.08377183522984832
5,gpboost_exact,284,-0.829932398267565,-0.7620202230587766,-0.900552407052924,0.25176892274696266,-0.07062000878535901
5,gpboost_exact,285,0.19622294156327794,0.10564699070598844,0.20011049575561657,0.2859903193883887,0.0038875541923386325
5,gpboost_exact,286,-0.2297201677694204,-0.3059460248730085,-0.07899330811140715,0.3106789045329989,0.15072685965801325
5,gpboost_exact,287,0.2828176366959457,0.45823404591131045,0.49276742328520484,0.2948561584731862,0.20994978658925917
5,gpboost_exact,288,-0.5393342807649069,-0.6450966722744683,-0.020416580949058627,0.34521954058905197,0.5189176998158482
5,gpboost_exact,289,0.1486532480964224,0.09777753430246411,0.12999421426016156,0.3489551070655243,-0.018659033836260858
5,gpboost_exact,290,-0.367994529593859,-0.4340833897698256,-0.32728554316868497,0.22969324293285176,0.04070898642517401
5,gpboost_exact,291,0.04516992695236616,0.032168865215521744,-0.021845658009240765,0.2232978628840522,-0.06701558496160692
5,gpboost_exact,292,-0.4209805550610626,-0.3712612685475324,-0.4773123296650539,0.2583607072354531,-0.0563317746039913
5,gpboost_exact,293,-0.11286336096757815,-0.047694365211745984,-0.12567277412088096,0.235491215523247,-0.012809413153302807
5,gpboost_exact,294,0.17626960082538923,-0.017748292145223776,-0.050842893458384,0.34560415165248515,-0.22711249428377323
5,gpboost_exact,295,-1.2354218372095325,-1.1075251514217679,-1.0442729468273573,0.26875491308718663,0.1911488903821752
5,gpboost_exact,296,-0.5039379065196842,-0.6721937709503221,-0.4794430495639972,0.28637154438697693,0.024494856955686983
5,gpboost_exact,297,-1.0950301285630877,-1.2218070480230359,-0.3733676844053715,0.3383066526860434,0.7216624441577162
5,gpboost_exact,298,-0.18351047213226684,-0.3795420333035106,-0.04855948969315804,0.2934424084781632,0.1349509824391088
5,gpboost_exact,299,1.023917958479605,1.007863197779192,0.863203609087801,0.269370174479491,-0.16071434939180396
6,gpboost_exact,0,1.5429844693875656,1.5221794149968173,0.9406158597221035,0.34570444355247854,-0.6023686096654621
6,gpboost_exact,1,-0.5392656277848924,-0.6056728054138781,-0.5626129827662929,0.25254705447892684,-0.023347354981400503
6,gpboost_exact,2,1.126574713614083,1.1043182954344868,0.9674351111232031,0.3039700295682467,-0.15913960249087977
6,gpboost_exact,3,-0.05340083616990802,-0.08671870165436513,0.07702352884680996,0.25695240442898565,0.13042436501671797
6,gpboost_exact,4,0.1960947615344011,0.2636714118095279,-0.15652582148880168,0.303314626203163,-0.35262058302320276
6,gpboost_exact,5,-0.3216591565176813,-0.4104946244785427,0.08086586536009244,0.3571330836350058,0.4025250218777737
6,gpboost_exact,6,-1.3859438062106173,-1.4310243820864175,-1.2022364641468999,0.3528459271759919,0.18370734206371742
6,gpboost_exact,7,-0.21277182554188678,-0.35061907324070085,-0.23063056726720843,0.31269361019656033,-0.017858741725321647
6,gpboost_exact,8,-0.5329023378255495,-0.3983538765985525,0.34856718051371777,0.36989812105920655,0.8814695183392673
6,gpboost_exact,9,0.4397948490962444,0.5345926059848609,0.32036740875989045,0.3386003769054658,-0.11942744033635394
6,gpboost_exact,10,-0.1609401173164116,-0.13466924442444111,-0.019215544521720807,0.27845353561091607,0.1417245727946908
6,gpboost_exact,11,-0.639413868043414,-0.6567989907907215,0.23080532102614815,0.3631415573085906,0.8702191890695622
6,gpboost_exact,12,-0.2026655550091049,-0.2587086239829521,-0.07505456332618543,0.3409504657110992,0.12761099168291948
6,gpboost_exact,13,0.5496720786095133,0.41945348172586283,0.48105671725033305,0.18670963254225265,-0.06861536135918023
6,gpboost_exact,14,-0.049014724455780076,-0.16905293916101188,-0.10901764520324919,0.3513841127717306,-0.060002920747469116
6,gpboost_exact,15,-0.09472359688985288,-0.2301290773048321,-0.11960896840219537,0.30853473135425424,-0.02488537151234249
6,gpboost_exact,16,-0.5916205277828215,-0.46823624083731774,-0.2656102500716262,0.24022423613814547,0.3260102777111953
6,gpboost_exact,17,-0.2520570636948743,-0.33806200916232254,-0.36385139678278033,0.38001335623137056,-0.11179433308790604
6,gpboost_exact,18,-0.5027302192174041,-0.49699139795299474,-0.6547978474807414,0.20098105733751215,-0.1520676282633373
6,gpboost_exact,19,0.11160501587518684,0.16041131369651207,0.2877110651868722,0.2517428997782448,0.17610604931168533
6,gpboost_exact,20,-0.05689838187330726,0.15020591668987032,0.3103730241248591,0.3545831429158922,0.3672714059981664
6,gpboost_exact,21,0.0876617474940249,-0.015212575465245723,0.4210105101016375,0.3530102053752983,0.3333487626076126
6,gpboost_exact,22,-0.6135914919501241,-0.6809215614140487,-0.921985833118641,0.2441619893039746,-0.30839434116851694
6,gpboost_exact,23,0.28265873866246655,0.19560896084668047,0.3273162649640162,0.23326943002917006,0.04465752630154968
6,gpboost_exact,24,-0.08625167416742645,-0.0023990350133153704,-0.25800485606087653,0.3187642170729327,-0.17175318189345007
6,gpboost_exact,25,-0.5123639753143252,-0.41638760973140726,-0.40888365022609197,0.30871353484766967,0.10348032508823324
6,gpboost_exact,26,0.685060270659436,0.45419481362968583,0.07311430330235735,0.31670507413511484,-0.6119459673570786
6,gpboost_exact,27,-0.2731785617208832,-0.2801443757742181,-0.16542218516452944,0.2749260743865395,0.10775637655635373
6,gpboost_exact,28,0.8651936991321036,0.7779900014937241,0.875030688080032,0.25816371466685295,0.009836988947928393
6,gpboost_exact,29,-0.6385686130483202,-0.6394536395334366,0.33425400131230987,0.39009303732281436,0.9728226143606301
6,gpboost_exact,30,-0.04042363296634485,-0.19188426118894805,-0.1797778827081873,0.30696340055853266,-0.13935424974184243
6,gpboost_exact,31,1.233748807860552,1.2632423172485694,0.758717365449677,0.2818554928853014,-0.475031442410875
6,gpboost_exact,32,0.19161029742948618,0.12467805468286519,0.3187003138660821,0.22160588984021176,0.12709001643659593
6,gpboost_exact,33,1.0683642460497251,0.8864783782677169,0.4163416142063838,0.34665045524614096,-0.6520226318433413
6,gpboost_exact,34,-0.05102858024918562,-0.004715386675663603,0.1939370644326921,0.2184328178714631,0.2449656446818777
6,gpboost_exact,35,1.1682619777287686,1.2468001231091375,0.4733575833567052,0.3173865081340505,-0.6949043943720634
6,gpboost_exact,36,-0.12486457413328195,-0.10517940397490268,0.09788214260708494,0.35603656242491755,0.2227467167403669
6,gpboost_exact,37,-0.2544494620709956,-0.31439396308388706,-0.669879818235235,0.25009807257272637,-0.4154303561642394
6,gpboost_exact,38,-0.6237944779549314,-0.6938997194108385,-0.36807451917369427,0.37553008405145694,0.2557199587812371
6,gpboost_exact,39,0.4673641985649334,0.5257564896052129,0.33704522820818816,0.35859109560294594,-0.13031897035674522
6,gpboost_exact,40,-0.37982250444388455,-0.354106158164237,-0.37072214839465856,0.18198584974957427,0.009100356049225988
6,gpboost_exact,41,1.177941776507946,1.0679682923666682,1.140733640841917,0.24199564689505404,-0.037208135666028985
6,gpboost_exact,42,0.4692690480471693,0.6201811460780757,-0.33104064379272236,0.32430386922229315,-0.8003096918398916
6,gpboost_exact,43,-0.15720941374437603,-0.20773121711116782,0.030693030401722332,0.3369693017829485,0.18790244414609836
6,gpboost_exact,44,-0.18901512060136255,-0.15987858378120545,-0.2772956255462211,0.3664571053829455,-0.08828050494485856
6,gpboost_exact,45,-0.06717878297798367,-0.09312124685693231,-0.013007081816687638,0.3408041820567228,0.054171701161296035
6,gpboost_exact,46,0.2573104622990007,0.2546257698547565,0.3425876668494321,0.2785395414355177,0.08527720455043142
6,gpboost_exact,47,-0.1473494193956727,-0.11656497331175919,-0.22003616455089947,0.3676453029882728,-0.07268674515522677
6,gpboost_exact,48,0.9399041942899026,0.8502663615901074,0.6681798952216087,0.3380304413596862,-0.2717242990682939
6,gpboost_exact,49,0.7517566151820133,0.6756519922398864,0.652290614722064,0.3340002488776102,-0.09946600045994936
6,gpboost_exact,50,0.6328560738661876,0.6182239341786561,0.4897292459938791,0.3402014545243841,-0.14312682787230846
6,gpboost_exact,51,-0.01874147360483929,-0.07931271949898966,-0.35908401785208355,0.2788366828135661,-0.34034254424724425
6,gpboost_exact,52,-0.6513902936564108,-0.7795623066850002,-0.5800720809698034,0.2636331827493744,0.07131821268660732
6,gpboost_exact,53,0.0001260463923864752,-0.15232875094132645,0.11464514401468273,0.40257695221910117,0.11451909762229626
6,gpboost_exact,54,-0.9700211679875813,-0.8415971841383437,-0.3099318500888347,0.3850662757852148,0.6600893178987466
6,gpboost_exact,55,0.6760455633873982,0.6878213507940628,0.47396552953460125,0.3345759505125827,-0.20208003385279694
6,gpboost_exact,56,-0.7194981650383161,-0.8645730101196802,-0.3554650245341393,0.4395748136233513,0.3640331405041768
6,gpboost_exact,57,0.6247622688401058,0.5027445547424376,0.6185418601861183,0.3172827652515611,-0.00622040865398743
6,gpboost_exact,58,-1.231134293188692,-1.2323770145622233,-1.0987082470254987,0.3121264567056692,0.1324260461631932
6,gpboost_exact,59,0.4573039361458108,0.3596829427678536,0.6912124094050762,0.3082980546121407,0.23390847325926545
6,gpboost_exact,60,1.0560555346550786,0.9388349260666902,0.7904433165749376,0.33295312579005026,-0.265612218080141
6,gpboost_exact,61,-0.40807478387002083,-0.3916776329720099,-0.09267491907124592,0.25938436361970435,0.3153998647987749
6,gpboost_exact,62,-1.3947224423091371,-1.3960625737583645,-1.2347975141047551,0.24507667973050787,0.15992492820438198
6,gpboost_exact,63,0.8414976911026814,1.0307818933507067,0.5681598213364509,0.30893565514026505,-0.2733378697662304
6,gpboost_exact,64,-0.17285244753247106,-0.19421731387631982,-0.24149475912749407,0.3726629641710949,-0.06864231159502301
6,gpboost_exact,65,-0.219665786677043,-0.21099176538655184,-0.37079929413976465,0.38606072539264197,-0.15113350746272164
6,gpboost_exact,66,0.8380288345819443,0.8107379762731841,0.326259861934443,0.31460196146295516,-0.5117689726475013
6,gpboost_exact,67,-0.7683551719707964,-1.0904836714221111,-0.2301660875156487,0.3797227382539233,0.5381890844551477
6,gpboost_exact,68,-0.05764185024390946,0.02070582909544795,-0.024744040467987727,0.32292869359904314,0.03289780977592173
6,gpboost_exact,69,1.2177921656774529,1.4119423954865193,0.617021238554905,0.3453590468431224,-0.6007709271225479
6,gpboost_exact,70,-0.18494839415031145,-0.09119726514984391,-0.5842969346175568,0.30118853756940456,-0.3993485404672454
6,gpboost_exact,71,-1.0552282375319284,-1.0969464310741643,-1.116839259056487,0.2702165694434924,-0.06161102152455866
6,gpboost_exact,72,-0.6226293239972964,-0.428384717024365,-0.541983460129928,0.23408593993284543,0.08064586386736838
6,gpboost_exact,73,0.8278227104121788,0.8980107034360438,0.668435068360028,0.3393075055114724,-0.15938764205215084
6,gpboost_exact,74,0.17504295417464852,0.21077954194534979,-0.28562238119388006,0.37241186051293074,-0.4606653353685286
6,gpboost_exact,75,-0.7316535866063206,-0.6093736194616245,-1.0959775092522857,0.29736714033802364,-0.364323922645965
6,gpboost_exact,76,0.06547806955348853,0.00019636833147566868,-0.2469832925801847,0.36229367629921505,-0.31246136213367326
6,gpboost_exact,77,0.8044483340561533,0.654530040586848,0.3586872712878584,0.32322537202053514,-0.44576106276829497
6,gpboost_exact,78,1.2322707313305572,1.2780589337371655,0.9899239237533295,0.3146499151430964,-0.2423468075772277
6,gpboost_exact,79,0.4717265631303965,0.5800046566389836,0.2907983667246825,0.34018507086112665,-0.180928196405714
6,gpboost_exact,80,0.3108070349285324,0.39740672740584804,-0.0617551319903884,0.28147783233521795,-0.3725621669189208
6,gpboost_exact,81,0.4042612065228768,0.15237050552220666,0.482099853060447,0.22035885266079602,0.07783864653757022
6,gpboost_exact,82,0.3380050422460337,0.34459791434793025,0.1983315145929505,0.20611064791850683,-0.13967352765308322
6,gpboost_exact,83,0.9360779311766456,0.881109782431277,0.45319556612578715,0.3375191857978554,-0.48288236505085846
6,gpboost_exact,84,0.02298805839455026,-0.004702982262615146,-0.2805448479905639,0.37462824331270317,-0.30353290638511415
6,gpboost_exact,85,-0.2808896718264378,-0.23834211414319553,0.044113211248445694,0.3385356435007087,0.3250028830748835
6,gpboost_exact,86,0.815918180253176,0.829161984783532,0.251864228945891,0.2772407018032388,-0.564053951307285
6,gpboost_exact,87,0.2871043334234995,0.1678020308248792,0.32115010227729934,0.16699674098326597,0.03404576885379984
6,gpboost_exact,88,-1.0076436045556434,-0.987729018766915,-0.965518065808879,0.31836423716567436,0.04212553874676439
6,gpboost_exact,89,1.0517700948106017,1.1632271481738095,0.9611434497340655,0.3158466792806891,-0.09062664507653617
6,gpboost_exact,90,-0.03722692808963701,0.10560906165284903,0.1845984690040141,0.28377136420038224,0.22182539709365112
6,gpboost_exact,91,-0.5173523848539158,-0.573170682598009,-0.45312462572063916,0.23169505652438632,0.06422775913327661
6,gpboost_exact,92,-0.336986417452106,-0.3135248090890604,-0.4462249288295803,0.149819939828704,-0.10923851137747431
6,gpboost_exact,93,1.0087828597819282,0.9539209088887393,0.5089616723694235,0.3265798370745713,-0.4998211874125047
6,gpboost_exact,94,-0.1274579850226356,-0.2363008548731706,-0.19041506378834372,0.26838859989215663,-0.06295707876570811
6,gpboost_exact,95,-1.0057964532269297,-0.9917020942410413,-1.0921721516114242,0.3298659880894028,-0.08637569838449455
6,gpboost_exact,96,-0.5303544620199847,-0.674030774519115,-0.28487287051059873,0.2114804626216569,0.24548159150938598
6,gpboost_exact,97,0.2962589016046148,0.3270307283290803,0.29303598617918736,0.2082138506723016,-0.003222915425427464
6,gpboost_exact,98,-1.042112088160894,-1.1546329891485378,-0.6664979987163232,0.3083682143501678,0.37561408944457086
6,gpboost_exact,99,0.9327218616167786,0.8228131820129875,0.8754592408873201,0.3239155815152039,-0.057262620729458535
6,gpboost_exact,100,0.03703658758052775,0.08484093498210368,0.15524707383705438,0.3246528199755449,0.11821048625652664
6,gpboost_exact,101,0.1314609241324329,-0.052869841901441506,0.04817139722379693,0.2557041918343839,-0.08328952690863597
6,gpboost_exact,102,0.11825216369909791,0.12657091937110806,-0.27353568078694157,0.32191614490976805,-0.3917878444860395
6,gpboost_exact,103,0.6146828750440219,0.7070490928385176,-0.11057220971419435,0.30751359680579127,-0.7252550847582162
6,gpboost_exact,104,0.07845479041250403,0.053048884188871784,-0.06774141317363658,0.25025566025249807,-0.1461962035861406
6,gpboost_exact,105,-0.4212403271076497,-0.3480108982541429,-0.5747266491463205,0.3898956336194146,-0.15348632203867085
6,gpboost_exact,106,-0.07464825668071175,-0.03696354675819311,0.05254752391420636,0.20422132791798792,0.1271957805949181
6,gpboost_exact,107,0.2686128391545519,0.30561644132385324,0.5378017640766305,0.3086617278536918,0.2691889249220786
6,gpboost_exact,108,0.13045193981851316,0.2664747963026082,0.09117538126158542,0.35596520288634403,-0.03927655855692774
6,gpboost_exact,109,-0.2928859970711747,-0.24458465916186486,0.025249359641305702,0.32456002213982266,0.3181353567124804
6,gpboost_exact,110,0.4147423155946792,0.4053880945654015,0.2986782378542179,0.3461873845434416,-0.11606407774046135
6,gpboost_exact,111,-0.581568081455377,-0.6209027744299168,-0.1703457109679256,0.25131897228904726,0.41122237048745136
6,gpboost_exact,112,-0.2833769198705617,-0.30011153489496184,-0.45728813511608135,0.31161189770231573,-0.17391121524551967
6,gpboost_exact,113,0.7011566938451655,0.786567138025601,0.8855584206228504,0.28007669079132036,0.18440172677768485
6,gpboost_exact,114,0.1359530011904343,0.020454141231548872,0.28116022256956263,0.27416675966235465,0.14520722137912834
6,gpboost_exact,115,0.8786087718637604,0.9369753641255968,0.5207017478937923,0.30752961098464077,-0.3579070239699681
6,gpboost_exact,116,-0.19333326154822988,-0.3042607541817984,-0.08540349923701296,0.3391313339485854,0.10792976231121693
6,gpboost_exact,117,0.39350974381870896,0.36037061288540695,0.37909705253267045,0.20873193890877573,-0.014412691286038504
6,gpboost_exact,118,-0.03582533989116701,0.07394053644966862,0.023490245398285037,0.27515645412812867,0.05931558528945205
6,gpboost_exact,119,-0.970752830962418,-0.9768225829437874,-0.7493834871150671,0.25424357483379423,0.22136934384735096
6,gpboost_exact,120,0.28266631155464744,0.06139699348380184,-0.1499538416976316,0.28199280787014586,-0.43262015325227904
6,gpboost_exact,121,0.8592882583171122,0.8934315629938361,0.35148687482044805,0.3258554896020477,-0.5078013834966641
6,gpboost_exact,122,-0.7844104818291124,-0.8633592538194379,-0.22282400804020797,0.3310361649106401,0.5615864737889045
6,gpboost_exact,123,1.0170874860897674,1.109341412315015,1.012235579520755,0.30864238723214144,-0.004851906569012465
6,gpboost_exact,124,0.3485600574673068,0.48893750921929446,0.35179059384361444,0.3149139355042628,0.0032305363763076578
6,gpboost_exact,125,-0.0823905059768619,-0.25569971520365176,-0.24307469261525494,0.3098339209995025,-0.16068418663839304
6,gpboost_exact,126,-0.6673885764747485,-0.779800959236931,-0.842016520445221,0.35148034394789995,-0.17462794397047254
6,gpboost_exact,127,-0.21034236467904177,-0.08252395718114083,-0.23791940040970871,0.34382792602946083,-0.027577035730666943
6,gpboost_exact,128,-1.0133308750387964,-1.1211686802819012,-1.306908148348144,0.2941738496035735,-0.2935772733093476
6,gpboost_exact,129,0.019455095049633553,0.044203755780353765,0.1251243776168004,0.24722987903499624,0.10566928256716684
6,gpboost_exact,130,0.22370790390062928,0.10379566994665167,-0.19300515946928876,0.2559258445011119,-0.41671306336991804
6,gpboost_exact,131,0.3273001994227929,0.39234060863445924,0.35738626632509674,0.24728979812396612,0.03008606690230381
6,gpboost_exact,132,0.14332099424402456,0.1289693143474367,-0.278052017518966,0.4386465268502723,-0.4213730117629906
6,gpboost_exact,133,1.3383722228496473,1.4758055750042889,1.2261947722892275,0.23186549573268547,-0.11217745056041983
6,gpboost_exact,134,1.2522036874381195,1.2595422815567514,0.7269815570508915,0.3061083277942974,-0.525222130387228
6,gpboost_exact,135,0.6896853384254094,0.7007301586291782,0.40266061159324806,0.31249238316914585,-0.2870247268321613
6,gpboost_exact,136,1.0199026677058198,0.9858207403421234,0.44706177879635867,0.3499826082408087,-0.5728408889094612
6,gpboost_exact,137,-0.271849716096665,-0.21285952516847198,-0.5757554238966405,0.19863240164140922,-0.3039057077999755
6,gpboost_exact,138,1.1202298683324927,1.1293458691346394,0.877731117750626,0.258646338919826,-0.24249875058186676
6,gpboost_exact,139,0.12062136416217577,0.13352767067853316,0.017100127272423826,0.33909700023985245,-0.10352123688975194
6,gpboost_exact,140,0.6295280873512585,0.6152844802854945,0.42357690962308625,0.18496945893874,-0.20595117772817229
6,gpboost_exact,141,-0.4291193420517129,-0.4483652974708316,-0.43577575020285186,0.2973488896861112,-0.006656408151138937
6,gpboost_exact,142,0.0895270063794867,0.11431175578572104,-0.24842196216702994,0.2796760008028706,-0.3379489685465166
6,gpboost_exact,143,0.8494255805747442,0.7887228046501696,0.45412922236549536,0.3332865546168018,-0.3952963582092488
6,gpboost_exact,144,0.01182212903600223,-0.06479159037848825,0.1778139207066871,0.34600057194632844,0.1659917916706849
6,gpboost_exact,145,-0.02316054037023449,-0.11328112863456356,0.32637435319590297,0.35777996158516634,0.34953489356613743
6,gpboost_exact,146,-0.7595417719923365,-0.5669650758054863,-0.91604011892589,0.37261324187645933,-0.15649834693355347
6,gpboost_exact,147,-0.1630119163769694,-0.08930333884597522,-0.35104970492583193,0.2673299185817312,-0.18803778854886252
6,gpboost_exact,148,-0.7831006672458711,-0.7145779658534832,-0.8155613778789416,0.40657638057629797,-0.03246071063307043
6,gpboost_exact,149,0.5946075544677406,0.5071407851454357,0.390589800764149,0.3156533821235867,-0.2040177537035916
6,gpboost_exact,150,-0.8641799512637199,-0.706584824377144,-1.0852844353679165,0.26816865914895693,-0.22110448410419659
6,gpboost_exact,151,0.1604889109701042,0.16291226247440307,-0.1671230724288555,0.30723601716675486,-0.3276119833989597
6,gpboost_exact,152,0.49676793733130564,0.6336579706675068,0.3485659609540308,0.3908564501328164,-0.14820197637727484
6,gpboost_exact,153,-0.34448180790460486,-0.45875540728261477,-0.3938805139765571,0.3342075079514715,-0.049398706071952236
6,gpboost_exact,154,0.048419305516978706,-0.08627472802154909,0.07248049959163794,0.3105399233021743,0.02406119407465923
6,gpboost_exact,155,0.19342181962449212,0.2986856647057826,0.22145435411957326,0.3030191002517094,0.02803253449508114
6,gpboost_exact,156,-0.11457289272738225,-0.005861562427889502,-0.08982072345975256,0.4382524672701923,0.024752169267629687
6,gpboost_exact,157,-0.030193189747381943,-0.25615641754395835,-0.45894615205855904,0.30705910341115983,-0.4287529623111771
6,gpboost_exact,158,0.26255237667416953,0.34472445303571725,-0.4004656887446325,0.29381662741201475,-0.663018065418802
6,gpboost_exact,159,-0.07773556986805782,-0.09448318514723064,0.25941821380623553,0.21366184294561982,0.3371537836742934
6,gpboost_exact,160,-1.3402218726908963,-1.3436414957493605,-1.4831022433605145,0.24194084102043537,-0.14288037066961823
6,gpboost_exact,161,0.798544131727484,0.893224424355448,0.6292708303909533,0.34231945634358374,-0.16927330133653062
6,gpboost_exact,162,0.12080565624099524,0.06115654145275136,-0.12143124748799394,0.3042372828888905,-0.24223690372898918
6,gpboost_exact,163,-0.15832155289366207,-0.1313046868454961,0.10546042986371562,0.3193770370441375,0.2637819827573777
6,gpboost_exact,164,0.42254406695714464,0.3880721296710867,-0.19058838115019439,0.27005361001381506,-0.613132448107339
6,gpboost_exact,165,0.08571347027190981,0.027236542357250197,0.15084095553838628,0.33736194067237646,0.06512748526647646
6,gpboost_exact,166,-1.2983750394599811,-1.364708350107182,-1.6075961909845706,0.25791527948461546,-0.3092211515245895
6,gpboost_exact,167,0.5026623534354351,0.6377877593492627,0.3791674139298875,0.3450623591872865,-0.12349493950554757
6,gpboost_exact,168,0.9260632388899406,0.8883066193581307,0.887292894532691,0.3119417812217917,-0.038770344357249575
6,gpboost_exact,169,0.9437579495360894,0.9526092404782237,0.7308725023018097,0.3168400854651151,-0.2128854472342797
6,gpboost_exact,170,0.14433911513390835,0.21494384491362073,0.4776696063309914,0.30772893783782246,0.3333304911970831
6,gpboost_exact,171,-0.05708039645177648,-0.1418742736588885,-0.5306998875375486,0.3095071201431175,-0.4736194910857721
6,gpboost_exact,172,1.030879300725978,1.0953159739197262,0.5066346485663926,0.3259501451735325,-0.5242446521595854
6,gpboost_exact,173,-0.2167261880593177,-0.2508126717472195,-0.15051767941098015,0.1521029637556831,0.06620850864833755
6,gpboost_exact,174,-0.2801199352302065,-0.3787895328217514,-0.83617280586975,0.2621573300335719,-0.5560528706395435
6,gpboost_exact,175,-0.9095564047573099,-0.9088231133757942,-1.1076205521983011,0.2505725037441918,-0.1980641474409912
6,gpboost_exact,176,-0.2512742059109065,-0.2517083300593046,-0.30168536503207255,0.33784844489449434,-0.05041115912116606
6,gpboost_exact,177,0.639550747425621,0.6010786379508732,0.40745974467568125,0.31417713743997333,-0.23209100274993977
6,gpboost_exact,178,0.13738202930375648,0.17005086824695445,0.15749446438451975,0.22422969427730666,0.02011243508076327
6,gpboost_exact,179,-0.3052311200784681,-0.21070876065245495,-0.2379104309150084,0.35097529735217925,0.06732068916345968
6,gpboost_exact,180,0.41951141092195954,0.403076333739027,0.2543392012936616,0.33724776626769964,-0.16517220962829793
6,gpboost_exact,181,0.13905411727015984,0.0631232656865632,0.18282271741434464,0.2860877607400608,0.043768600144184794
6,gpboost_exact,182,-1.0600123023899015,-0.9611419549144743,-0.9717165572657454,0.2837070154850758,0.08829574512415617
6,gpboost_exact,183,-0.5377420108727777,-0.593586473503233,-0.22544080266245548,0.24542185520215518,0.31230120821032226
6,gpboost_exact,184,0.35549162197566253,0.6340934511993106,-0.475577635130477,0.2969369194534347,-0.8310692571061395
6,gpboost_exact,185,-0.01908647175575215,-0.004402114023845096,0.1312115265689089,0.34912450684823965,0.15029799832466104
6,gpboost_exact,186,-0.3306186554191166,-0.2247924797005478,-0.07242322261871204,0.313591445602346,0.2581954328004046
6,gpboost_exact,187,0.4269179448375091,0.34760401666442514,0.2705251202337009,0.2961029992858147,-0.1563928246038082
6,gpboost_exact,188,-0.16308539315586806,-0.2093056673728539,0.21056812466253394,0.35162907533303167,0.373653517818402
6,gpboost_exact,189,-0.27169443651207414,-0.47169657325381775,-0.5768696680112593,0.20820758260843605,-0.30517523149918513
6,gpboost_exact,190,0.9062387622637339,1.0116738763653237,0.9085953449493909,0.31412448258058867,0.0023565826856569716
6,gpboost_exact,191,0.594826430734207,0.736044465320036,0.38346275052981316,0.3284693244692385,-0.2113636802043939
6,gpboost_exact,192,0.5054895505261215,0.6806374280127893,0.3343916004811769,0.28975178060041007,-0.17109795004494466
6,gpboost_exact,193,0.6100030834675396,0.6404939725809866,0.533900717207207,0.29216733291341224,-0.07610236626033262
6,gpboost_exact,194,1.1522082936393216,1.204179266135033,1.0520721813874312,0.20791719110465856,-0.10013611225189045
6,gpboost_exact,195,0.1764220062219694,0.07172430858837286,-0.7754999837101767,0.3256678478719644,-0.951921989932146
6,gpboost_exact,196,0.4607544790690855,0.42993701428422804,-0.16275123613392672,0.27661882539668037,-0.6235057152030122
6,gpboost_exact,197,-0.23284637758488536,-0.3283999829011568,-0.26763763441531996,0.366172109879682,-0.0347912568304346
6,gpboost_exact,198,0.3306087169943753,0.2748005586566846,0.3408397169425057,0.3066974373539422,0.010230999948130426
6,gpboost_exact,199,0.24316967058098693,0.19869317649845453,0.1340372127645717,0.35974921398944276,-0.10913245781641523
6,gpboost_exact,200,0.8861161157703433,0.8223365480897339,1.1145160314332554,0.252935493611636,0.22839991566291207
6,gpboost_exact,201,-0.14925955364150145,-0.11830776614313962,-0.054450407633047426,0.336288714547093,0.09480914600845403
6,gpboost_exact,202,0.5367664401911663,0.4927552195984479,0.4770510056265366,0.29598179792802376,-0.05971543456462969
6,gpboost_exact,203,-0.1986415861102629,-0.16657938599155245,-0.2981553150974845,0.1494738039248253,-0.0995137289872216
6,gpboost_exact,204,-0.32604394206543463,-0.3504915465865884,0.019677612294294988,0.2559145778959507,0.3457215543597296
6,gpboost_exact,205,0.775171782828595,0.9171329172692254,0.422004079668475,0.3250927973464994,-0.35316770316012003
6,gpboost_exact,206,0.9067029217548599,0.9212045220576411,0.11230113557188903,0.3137698571007427,-0.7944017861829709
6,gpboost_exact,207,0.347072621581404,0.3055360471787878,-0.48356020758792184,0.30016695573956287,-0.8306328291693259
6,gpboost_exact,208,1.6564264321712363,1.7639371478256853,0.8929764731727969,0.3535969575673287,-0.7634499589984394
6,gpboost_exact,209,1.6096227222375301,1.7099508938150327,0.9232825019522455,0.3208573408128759,-0.6863402202852846
6,gpboost_exact,210,0.4221921956688587,0.4737797135498859,0.10724492649376804,0.31230335464415393,-0.31494726917509064
6,gpboost_exact,211,-0.3994859965573463,-0.48633606638562543,-0.8890052357854956,0.2727559811642754,-0.4895192392281493
6,gpboost_exact,212,0.7197958079778517,0.8472262585406931,-0.011577618861913885,0.30186959788199724,-0.7313734268397656
6,gpboost_exact,213,-0.06327665559649426,-0.023501229619911024,0.05127712726341693,0.2883571134508168,0.11455378285991119
6,gpboost_exact,214,0.04408609979623168,0.12093398798504551,0.1926751299888605,0.3950801459324578,0.1485890301926288
6,gpboost_exact,215,-0.7123218043540649,-0.6516683412358494,-0.7510997726950484,0.13944476006524212,-0.03877796834098346
6,gpboost_exact,216,-0.5228720132708637,-0.5189888786434877,-0.4094120870753155,0.32466987443641115,0.11345992619554823
6,gpboost_exact,217,0.14683411448521708,0.060980390492482106,-0.22450005291765562,0.3298002092535102,-0.37133416740287273
6,gpboost_exact,218,0.12449983854385246,0.20190470144198708,-0.01447620754315837,0.3074000191131009,-0.13897604608701083
6,gpboost_exact,219,-0.09077424025168304,-0.28019201270131644,-0.04538882481174733,0.22660741362511697,0.04538541543993571
6,gpboost_exact,220,0.6902366571029888,0.7559868332513417,0.3545972009923829,0.3216830156993599,-0.33563945611060586
6,gpboost_exact,221,-0.30391710355770435,-0.4365322033132554,-0.287603552825348,0.32682917694661895,0.016313550732356352
6,gpboost_exact,222,0.41170411264725415,0.4295638268278038,0.2811646047852507,0.3256569567746184,-0.13053950786200347
6,gpboost_exact,223,-0.18296482455953647,-0.22647266631304622,0.06311102092836895,0.45368823460172214,0.24607584548790543
6,gpboost_exact,224,-0.8226694689207599,-0.8623289849651041,-0.554704781167479,0.29813792562161534,0.26796468775328086
6,gpboost_exact,225,0.1251897232446322,0.2932638295039021,-0.22788575257738586,0.23485412815229123,-0.35307547582201804
6,gpboost_exact,226,0.04595065746376514,0.17522537931288384,0.2433293271140724,0.3192554342330012,0.19737866965030726
6,gpboost_exact,227,0.20990262944686824,0.29936805441688213,0.12403111811088507,0.32918803103480754,-0.08587151133598317
6,gpboost_exact,228,-0.21242474733738764,0.15696421668198496,-0.2800602482620893,0.40822693358498985,-0.06763550092470166
6,gpboost_exact,229,-0.03828952660963543,-0.13939174341100993,-0.11619975783792214,0.2679834190907513,-0.0779102312282867
6,gpboost_exact,230,0.29910242537162357,0.3550218372624525,0.6274836477499179,0.425896530994037,0.32838122237829437
6,gpboost_exact,231,-0.291483799960688,-0.3307453455059433,-0.2061182045334493,0.20455542568509744,0.0853655954272387
6,gpboost_exact,232,0.504796982016595,0.414564042965597,0.37661432844978915,0.3322443674385122,-0.1281826535668058
6,gpboost_exact,233,-0.2383304206200738,-0.1598763145984679,-0.7680826106556019,0.33552003599307545,-0.5297521900355281
6,gpboost_exact,234,-0.8125758043001889,-0.89838450662568,-0.5304305707470786,0.3713493705001255,0.2821452335531104
6,gpboost_exact,235,0.09742096113993445,0.2771549057873537,-0.21469749854809983,0.2946331679606769,-0.3121184596880343
6,gpboost_exact,236,-0.2582265005877773,-0.25184433217424423,-0.37812808884553206,0.3280704627724402,-0.11990158825775477
6,gpboost_exact,237,0.0850086845267446,0.26284730787566485,0.08949421154478632,0.33351658568280473,0.004485527018041724
6,gpboost_exact,238,0.12487620668770297,0.22247615175601834,0.04685309178569619,0.31991622184597135,-0.07802311490200678
6,gpboost_exact,239,0.12547574686287877,0.020765146820058145,-0.2734712432628217,0.34681065587134924,-0.39894699012570045
6,gpboost_exact,240,-0.1759756658133842,-0.22631294276848504,-0.06561032901661701,0.35498541909958287,0.11036533679676719
6,gpboost_exact,241,0.2312819965188338,0.31725866454802987,0.4360245964216578,0.2951606474072794,0.204742599902824
6,gpboost_exact,242,-0.010355667033875388,0.1253455050615572,0.19400394793983988,0.30310319869031316,0.20435961497371527
6,gpboost_exact,243,0.9927137166279397,1.1392029338413459,0.9695302051809502,0.24514386344640024,-0.02318351144698949
6,gpboost_exact,244,0.5424151963563593,0.3702629970532121,0.5317253378451712,0.23273057184393184,-0.010689858511188088
6,gpboost_exact,245,0.16161368412410843,0.059381984756462086,-0.33904776837032835,0.2745644760377504,-0.5006614524944368
6,gpboost_exact,246,-0.6221282843371861,-0.5970005077838875,-1.0109995567368375,0.21278218097465165,-0.38887127239965136
6,gpboost_exact,247,-0.2817292501539491,-0.2633641394382318,-0.9411549011221121,0.26379926387911534,-0.659425650968163
6,gpboost_exact,248,-0.2642769951255354,-0.3687653907561245,-0.37116011618332845,0.24917313194810625,-0.10688312105779307
6,gpboost_exact,249,0.4040217884131786,0.2966095933714672,0.513840361388969,0.2590510152379331,0.10981857297579045
6,gpboost_exact,250,-0.3822126968403765,-0.44443874914875164,0.08058383309222572,0.3379806342160098,0.46279652993260223
6,gpboost_exact,251,0.8638268610889341,0.7917193948314475,1.066222870427532,0.2508263553849287,0.20239600933859792
6,gpboost_exact,252,0.7817752381645161,0.8669576659799273,0.1976966314199915,0.2860116677317363,-0.5840786067445246
6,gpboost_exact,253,0.5484393691566258,0.4953648234063337,0.40461555219588186,0.2534088677518293,-0.14382381696074398
6,gpboost_exact,254,0.9080835644954995,0.8540556256479813,0.9245300679061632,0.32527163164193984,0.01644650341066367
6,gpboost_exact,255,0.23390798754918363,0.24924661987865127,0.37893948686076007,0.23912648321678723,0.14503149931157644
6,gpboost_exact,256,-0.012942027434770909,0.06233882129890128,0.2823992713141845,0.3620125641698049,0.2953412987489554
6,gpboost_exact,257,-0.41527862990707515,-0.20262198738899898,-0.5732818247881757,0.39103228149455366,-0.15800319488110054
6,gpboost_exact,258,0.21139189778086953,0.23533266924281723,-0.0009481038063503533,0.26779057194421185,-0.21234000158721988
6,gpboost_exact,259,0.01253001153560565,0.05021766463982696,-0.44315520460345625,0.312045755779597,-0.4556852161390619
6,gpboost_exact,260,1.0456611641931624,0.9634724607325675,0.9091009868438644,0.2872800765200234,-0.13656017734929793
6,gpboost_exact,261,0.2345312805414786,0.28382156332980313,0.024895267991871473,0.2529432866072047,-0.20963601254960712
6,gpboost_exact,262,-0.13553556845268624,-0.052933383476683124,0.19248464200130533,0.2886491066944691,0.32802021045399155
6,gpboost_exact,263,-0.8313943463065632,-0.768774101078042,-0.3617442015725416,0.3633968218338828,0.46965014473402156
6,gpboost_exact,264,0.111182362879436,0.0727548567920058,0.19954579189895805,0.2152955420273132,0.08836342901952204
6,gpboost_exact,265,0.20797732019578485,0.2079861183574124,-0.271321786084445,0.3373306772874682,-0.47929910628022987
6,gpboost_exact,266,0.5481283966743282,0.5456233720432767,0.3974030431018363,0.3014941754680369,-0.15072535357249195
6,gpboost_exact,267,-0.251859970969102,-0.2284369602374933,-0.22569792798372124,0.1722333819872989,0.026162042985380773
6,gpboost_exact,268,-1.2719270730420063,-1.4783100682835262,-1.2883243083823746,0.2897458906370554,-0.0163972353403683
6,gpboost_exact,269,0.5113238991219348,0.4894874276593652,0.44395530561686253,0.26805677510009535,-0.06736859350507224
6,gpboost_exact,270,-0.7079613417324659,-0.8575745456197215,-0.2404230253050308,0.199752837659901,0.46753831642743515
6,gpboost_exact,271,1.4660167555916002,1.3736455259995786,0.9350589078468099,0.24548424198842508,-0.5309578477447903
6,gpboost_exact,272,-0.10740713448940394,0.023714926531428662,0.25514734452228294,0.33441146489698886,0.36255447901168686
6,gpboost_exact,273,0.2718462604856305,0.298984369925739,0.4819895826580596,0.3520856064678427,0.2101433221724291
6,gpboost_exact,274,-0.15668940195226586,-0.1240814824831013,0.09737310310115,0.2684915181804941,0.2540625050534159
6,gpboost_exact,275,0.8031994191752081,0.9138370971480996,-0.2655263322104702,0.313525179363443,-1.0687257513856783
6,gpboost_exact,276,0.08867044424078091,0.056693699475139,0.17875063209977715,0.39525488041287254,0.09008018785899624
6,gpboost_exact,277,1.3497526807341806,1.37729970533895,0.9227522592675597,0.2850400364862167,-0.427000421466621
6,gpboost_exact,278,0.7301394170394173,0.6177287889464999,0.1996386147036675,0.2478914509482521,-0.5305008023357498
6,gpboost_exact,279,1.1841997527938286,1.0096745067694846,0.556681324325716,0.3616213586814339,-0.6275184284681126
6,gpboost_exact,280,0.1812819270525055,0.3139956005103023,0.25637630734584693,0.2236378204320702,0.07509438029334142
6,gpboost_exact,281,0.4745892410721015,0.3457164073373141,0.36835174050663366,0.29490962954874556,-0.10623750056546782
6,gpboost_exact,282,0.5627597659443339,0.4832651840656498,0.48792424353615005,0.29818714025520343,-0.07483552240818381
6,gpboost_exact,283,0.1531757873812313,0.06744040776945705,0.03166568245958601,0.25296494266547265,-0.1215101049216453
6,gpboost_exact,284,0.3120908817317832,0.18376682760136182,0.21474777866726757,0.22689464669082862,-0.0973431030645156
6,gpboost_exact,285,0.9904295747974767,0.9619356599856518,0.6973548266875418,0.3543128730369125,-0.29307474810993495
6,gpboost_exact,286,1.132776356989533,1.3227221814026517,0.7638709342398375,0.2694230689358296,-0.3689054227496955
6,gpboost_exact,287,0.10400554304503984,0.15329271391706625,-0.033129347466263726,0.35785924777962963,-0.13713489051130356
6,gpboost_exact,288,0.27327125554812687,0.3927577910910417,0.31415385039510024,0.3439324236301648,0.040882594846973375
6,gpboost_exact,289,0.18471346532698368,0.3440058302753036,0.4670776983566334,0.32413505390578484,0.2823642330296497
6,gpboost_exact,290,0.4564457972674332,0.46285321226971915,0.4871282996786811,0.3233376369719393,0.030682502411247925
6,gpboost_exact,291,0.6634400943555785,0.7183049039746907,0.750248404161255,0.33033603540574047,0.08680830980567655
6,gpboost_exact,292,0.6311541562466909,0.6471359059487681,0.510117631931488,0.28693026272433786,-0.12103652431520295
6,gpboost_exact,293,-0.20747886616382055,-0.161377410180208,-0.042779987291234,0.30980770408172037,0.16469887887258655
6,gpboost_exact,294,0.3854522243324943,0.4223092529781114,-0.12701465435182513,0.2862638321270196,-0.5124668786843194
6,gpboost_exact,295,-1.2378390828986987,-1.273036818733486,-1.190465899704559,0.3130288842057789,0.047373183194139745
6,gpboost_exact,296,-0.22774095394075564,-0.28876847155549284,-0.3509017462532311,0.28162006380853094,-0.12316079231247548
6,gpboost_exact,297,-0.2268911461913906,-0.15696382315550172,-0.16266499085006214,0.311902448907121,0.06422615534132847
6,gpboost_exact,298,-1.05151279673172,-1.0301287571141273,-1.2545633980490458,0.2911295471592778,-0.20305060131732589
6,gpboost_exact,299,-0.45159017757438835,-0.40333812063708924,-0.7905356130129179,0.30079425264136933,-0.3389454354385295
7,gpboost_exact,0,0.07597515844374914,0.19088511658628043,0.18547389032576422,0.2839351691917016,0.10949873188201509
7,gpboost_exact,1,2.0155817265945113,1.7910911425447948,2.241131798637511,0.19697697137480497,0.2255500720429997
7,gpboost_exact,2,1.141888821566801,1.102724955120443,0.936332685425695,0.2876601964243748,-0.20555613614110602
7,gpboost_exact,3,0.06896517743219951,-0.1034407189641974,0.22870956410075838,0.3213948619364736,0.15974438666855886
7,gpboost_exact,4,1.5340406214678768,1.5544252171427557,1.874787108260949,0.39653343066203095,0.3407464867930723
7,gpboost_exact,5,-0.47958973977753055,-0.535795664458755,-0.20179771808200542,0.2828446987125707,0.27779202169552514
7,gpboost_exact,6,0.9890640917269262,0.940537990499512,0.5727302003024528,0.37113599418152815,-0.4163338914244734
7,gpboost_exact,7,2.107410453526773,1.9380885888345203,2.137162450692284,0.31196078163725993,0.029751997165511135
7,gpboost_exact,8,0.9928375728399013,1.059769416538017,1.6829995134967541,0.30758454372486016,0.6901619406568529
7,gpboost_exact,9,-0.5061379538045949,-0.6052035672512895,-0.3322824363829655,0.3610271678889906,0.1738555174216294
7,gpboost_exact,10,-0.29633713506881,-0.2785368011437468,0.27889536051368147,0.3425575640489112,0.5752324955824915
7,gpboost_exact,11,0.018398332265482154,0.007242782026012383,0.44415102066781387,0.2953983122735088,0.4257526884023317
7,gpboost_exact,12,0.3583793914627776,0.32861669266915094,0.8010507893858136,0.31132752496419663,0.44267139792303606
7,gpboost_exact,13,1.9636117476077346,1.9830450263723096,2.2595838993051514,0.33831490657807406,0.29597215169741675
7,gpboost_exact,14,1.6338947699932447,1.777722260238514,1.4952868999571356,0.2749218227512956,-0.13860787003610908
7,gpboost_exact,15,2.3610581754409523,2.327030010640449,2.023241025813103,0.3598741833151704,-0.3378171496278495
7,gpboost_exact,16,1.7452769653235747,1.6900507175774417,2.1020369400427423,0.35311987020394575,0.35675997471916765
7,gpboost_exact,17,1.884871816231966,2.0211392892709505,1.7397736062538356,0.24806387786513698,-0.1450982099781304
7,gpboost_exact,18,0.42163834061194344,0.40818117426850326,0.2636021872207497,0.2962141574346553,-0.15803615339119376
7,gpboost_exact,19,0.2730314538863199,0.19700057456222822,0.3262299028875848,0.2726866249718937,0.053198449001264914
7,gpboost_exact,20,0.28175008369039434,0.3734433645454457,0.3987841184695764,0.29738661532708005,0.11703403477918206
7,gpboost_exact,21,-0.7093543766699874,-0.9070336104244042,-0.6731584751795299,0.42698707023351223,0.03619590149045748
7,gpboost_exact,22,1.8403118201116289,1.8231132572213824,1.582569966653855,0.292284131209941,-0.2577418534577738
7,gpboost_exact,23,-0.5154367578723648,-0.6168669413970351,-0.2049711259382292,0.27736125937282136,0.31046563193413557
7,gpboost_exact,24,0.650876273280623,0.6273096381971873,0.5162296414835588,0.28868484889622376,-0.13464663179706426
7,gpboost_exact,25,0.7840886243356342,0.6821037335209826,1.2830817445950524,0.34078399828602873,0.4989931202594182
7,gpboost_exact,26,-0.3111605457285955,-0.3153473456381084,-0.25973443450430134,0.34128669744824014,0.051426111224294135
7,gpboost_exact,27,0.4991922745763434,0.6002359623438669,0.9236611342949512,0.38099255793224307,0.4244688597186078
7,gpboost_exact,28,1.5772646219117186,1.5765391734830834,1.8375687465870314,0.33831648062331127,0.26030412467531283
7,gpboost_exact,29,0.7184626184094104,0.6809380143465452,0.7057697293790994,0.21077824346312274,-0.012692889030310961
7,gpboost_exact,30,0.31030663483180865,0.15094464469157828,0.7932644566395446,0.2886627790273538,0.48295782180773594
7,gpboost_exact,31,0.9203177541958533,0.8281286507786525,0.9770195426629602,0.280169639425363,0.05670178846710694
7,gpboost_exact,32,0.32845020182721646,0.5247240823662773,0.8756172122240695,0.30201136393135225,0.5471670103968531
7,gpboost_exact,33,0.10458986600107595,0.07164341779074689,0.6404207923537175,0.3053448165041212,0.5358309263526415
7,gpboost_exact,34,1.828013679616853,1.7833086945082275,2.204792040745779,0.36710632147672073,0.37677836112892615
7,gpboost_exact,35,1.150226874292068,1.2039878712032026,1.685637452974028,0.4118299951580075,0.5354105786819598
7,gpboost_exact,36,1.6120392743886631,1.6221202657628266,1.624237196292378,0.40668147604258104,0.012197921903714937
7,gpboost_exact,37,0.8230977426074636,0.806160470583696,0.8869398171920868,0.2647114847755224,0.06384207458462321
7,gpboost_exact,38,0.05996246609531142,0.2193848285247968,0.6007064860192894,0.33259924870712443,0.540744019923978
7,gpboost_exact,39,0.04406571996259806,-0.02525019703797937,0.42700003721538593,0.32258680197413137,0.38293431725278787
7,gpboost_exact,40,1.683589589409957,1.5909819512035457,1.9071755065980813,0.330681509168042,0.22358591718812426
7,gpboost_exact,41,1.0031064072830524,0.9257223743800387,1.4589267854076882,0.30739606051776924,0.4558203781246357
7,gpboost_exact,42,-0.13357008850490376,-0.1521738324497208,0.08320146440267706,0.373482969635337,0.21677155290758082
7,gpboost_exact,43,0.4954328064047484,0.5179126614565551,1.126247064969716,0.2844538392984928,0.6308142585649676
7,gpboost_exact,44,2.380215048185367,2.275753065768101,2.4030164905639877,0.26576214465775044,0.022801442378620695
7,gpboost_exact,45,0.8787781877615013,1.1050631054242908,0.7466387513413242,0.2982390239365734,-0.13213943642017711
7,gpboost_exact,46,1.1876996028897833,1.0620810348448424,1.6900321315664257,0.39107032615669257,0.5023325286766425
7,gpboost_exact,47,-0.04637728982251976,-0.0078672482899384,0.1545771833234113,0.3682946300183103,0.20095447314593107
7,gpboost_exact,48,0.11540658150889871,-0.08738936392265928,0.006164334296519414,0.311222282645362,-0.1092422472123793
7,gpboost_exact,49,1.378181405849674,1.471569346974302,1.388353223912116,0.3016587841462152,0.01017181806244194
7,gpboost_exact,50,-0.18583488292237776,-0.2109692131734324,-0.22857038476750713,0.29409983463548195,-0.042735501845129364
7,gpboost_exact,51,1.2467246769880376,1.3811644286431972,1.7816938644598115,0.3104488587033957,0.5349691874717739
7,gpboost_exact,52,1.4250712359586388,1.592440540636717,2.23798174576537,0.29713845062041616,0.8129105098067311
7,gpboost_exact,53,1.7282261593737596,1.68362763167259,1.6793801326165534,0.3086303181715693,-0.048846026757206173
7,gpboost_exact,54,2.216234517563767,2.2913630677701184,1.9819802475018449,0.23604256325972095,-0.23425427006192212
7,gpboost_exact,55,1.5221040183229222,1.420462345937462,1.4499078462847237,0.28822385949945284,-0.0721961720381985
7,gpboost_exact,56,0.18065213892529802,0.32793420737074475,0.2845199251526793,0.31388384951632897,0.1038677862273813
7,gpboost_exact,57,-0.1616975856830129,-0.17987647358633527,-0.26383258167587,0.3551091563535913,-0.10213499599285708
7,gpboost_exact,58,-0.24489407693957996,-0.15547349823466064,-0.0937621117522065,0.3292534395732567,0.15113196518737346
7,gpboost_exact,59,0.2980846068242881,0.19496353471485123,0.7939597736433566,0.2684856144863009,0.49587516681906846
7,gpboost_exact,60,1.866507280672776,1.8932880709098343,1.6144298978927996,0.28934240400610334,-0.2520773827799765
7,gpboost_exact,61,1.684817082556897,1.6060694174673678,2.0491765528544694,0.3390506257417993,0.3643594702975723
7,gpboost_exact,62,-0.8978526475729647,-0.7617467099465673,-0.1788831403951061,0.3823785408927324,0.7189695071778586
7,gpboost_exact,63,0.5694587684646264,0.4866765422572119,0.47028822702397743,0.34226227107931273,-0.09917054144064896
7,gpboost_exact,64,1.1327814180591351,0.9013930370179263,1.304835231632131,0.275255331612638,0.17205381357299587
7,gpboost_exact,65,-0.4862475773011821,-0.6532694623565354,0.6402542390860582,0.5779028531774654,1.1265018163872402
7,gpboost_exact,66,1.7689270727440067,1.722915762640117,1.8399691552188155,0.24315405914834273,0.07104208247480881
7,gpboost_exact,67,1.052252667851597,1.0512468497940528,1.670596876869265,0.3007631737151519,0.6183442090176678
7,gpboost_exact,68,2.119207894613658,1.9501504050394984,2.312689609949146,0.23453154604492835,0.19348171533548797
7,gpboost_exact,69,1.433028373487311,1.505177711853525,1.3155006050124776,0.2791960986289686,-0.11752776847483348
7,gpboost_exact,70,-0.38749025518294383,-0.4038551382130634,-0.4127894582231364,0.33713782764134187,-0.025299203040192564
7,gpboost_exact,71,2.138058010801922,2.039583746967957,2.384897438863096,0.28806875826280204,0.2468394280611741
7,gpboost_exact,72,1.078084918377581,1.1103543403429912,0.8855550580106808,0.2714202293152527,-0.19252986036690012
7,gpboost_exact,73,1.1396621216610128,1.4197337902032359,1.245703738276355,0.39684807990672377,0.10604161661534217
7,gpboost_exact,74,-0.1410308729282519,-0.24320421765873051,0.05203876921740935,0.3247340999251471,0.19306964214566125
7,gpboost_exact,75,0.034750616723458305,0.15074704255619806,0.2218104071463438,0.311522063917565,0.1870597904228855
7,gpboost_exact,76,-0.4678509379832814,-0.5007922138564871,-0.35572553591634115,0.30853302886797407,0.11212540206694027
7,gpboost_exact,77,-0.282324169599671,-0.34673073826897294,0.11734247111788676,0.3223482365013713,0.39966664071755775
7,gpboost_exact,78,-0.18017618857363116,-0.2884761534673146,-0.2972628151248946,0.2768179023077328,-0.11708662655126345
7,gpboost_exact,79,0.5061150142246944,0.5946495515438655,0.6268413027812159,0.270285921550389,0.12072628855652145
7,gpboost_exact,80,-0.248721222103512,-0.27795094027240835,-0.20239147311457018,0.23778036627883953,0.04632974898894182
7,gpboost_exact,81,2.4618291358436197,2.4126441586651532,2.116289232557005,0.35623287855106295,-0.3455399032866149
7,gpboost_exact,82,1.4865501094199143,1.4639059231785012,1.40648801694481,0.40541656023238726,-0.08006209247510432
7,gpboost_exact,83,-0.17790018886519582,-0.06531415474510126,-0.228149795645332,0.33601015045551896,-0.05024960678013618
7,gpboost_exact,84,1.0251252590471884,1.1644860907918506,1.731973756040774,0.3104489965158152,0.7068484969935855
7,gpboost_exact,85,1.7817625575140343,1.9888355837731913,1.8502061352633223,0.2626270357513697,0.068443577749288
7,gpboost_exact,86,1.6855656499936684,1.746136926624424,1.5839013633829078,0.36572752663886715,-0.10166428661076066
7,gpboost_exact,87,0.8735956006226736,0.8785841083057576,1.3786892172884606,0.3178876211973326,0.505093616665787
7,gpboost_exact,88,-0.3522755577184307,-0.3990685596085054,-0.15744880017677598,0.2550284966554358,0.19482675754165474
7,gpboost_exact,89,1.0564310853239038,1.220799621770515,1.0457062808472246,0.23203680339355162,-0.010724804476679228
7,gpboost_exact,90,0.4810274132790284,0.47655534399956645,0.941192750633026,0.35902554307719403,0.46016533735399756
7,gpboost_exact,91,0.6918304576699864,0.6471967067658956,1.0623854818395575,0.2839728741036666,0.3705550241695711
7,gpboost_exact,92,-0.15248413208194764,-0.2415586300563942,0.15938640010121397,0.3151518098924104,0.31187053218316163
7,gpboost_exact,93,0.3692358955826115,0.38243547083958257,0.6147755956571501,0.2553811295996322,0.24553970007453862
7,gpboost_exact,94,0.37151702827944233,0.38597555262577815,0.7175558986305148,0.4065864746786855,0.3460388703510725
7,gpboost_exact,95,1.1088462326801876,1.0483205546578738,1.2420930494499807,0.26511243157616105,0.1332468167697931
7,gpboost_exact,96,1.4994159983397906,1.6072911233988403,1.6806217971512032,0.3278406124323242,0.18120579881141263
7,gpboost_exact,97,1.134410229532272,1.3435112176404682,1.4110995555072345,0.28472805922944566,0.27668932597496254
7,gpboost_exact,98,2.046257399054706,1.9834266174980604,1.8709768426246816,0.4919012516008749,-0.17528055643002438
7,gpboost_exact,99,0.8166255659223902,0.8980927634492638,0.933114771778329,0.263627561582144,0.1164892058559388
7,gpboost_exact,100,0.062014670231681,0.06880894843117973,0.522925602533844,0.3153848541193393,0.460910932302163
7,gpboost_exact,101,0.3796653383940474,0.35466077278730473,0.7149393367483299,0.3487043561122744,0.33527399835428245
7,gpboost_exact,102,-0.1846342882559157,-0.4068377319817714,-0.11589590741541489,0.1811841215603925,0.06873838084050082
7,gpboost_exact,103,1.6708444071277564,1.5192639652641227,2.032143725569152,0.2408805531322499,0.3612993184413955
7,gpboost_exact,104,1.8771706469658618,1.860437885144276,2.2660965826686614,0.3372435937180915,0.38892593570279965
7,gpboost_exact,105,-0.25818408771418455,-0.044814214120765195,-0.20032236653042412,0.33885627263860246,0.05786172118376043
7,gpboost_exact,106,1.9484652765700632,1.9389848968041956,1.792919966139594,0.31664907842848755,-0.15554531043046915
7,gpboost_exact,107,-0.31081193583918865,-0.22355172751059504,0.1347315272925531,0.32112645667339673,0.44554346313174176
7,gpboost_exact,108,1.679918676197407,1.595728130031449,1.3833919456479657,0.3403933452482297,-0.29652673054944123
7,gpboost_exact,109,0.8530926355699018,0.8414610694922924,1.113760593234665,0.3921425495752025,0.26066795766476325
7,gpboost_exact,110,0.47624071420101904,0.3991412974183447,0.8574488865599541,0.3850718082152832,0.38120817235893506
7,gpboost_exact,111,1.9360831700743026,2.055369293797344,1.8902303804641445,0.26732281373651834,-0.04585278961015815
7,gpboost_exact,112,0.6644114982395898,0.5907798891275455,0.9846774296347612,0.3395309306400762,0.32026593139517145
7,gpboost_exact,113,-0.22580837847648516,-0.3179226941131919,0.33069838266442986,0.29602657402603244,0.556506761140915
7,gpboost_exact,114,0.24462882038827094,0.2642759820428527,0.055944139697617246,0.3045719612626959,-0.1886846806906537
7,gpboost_exact,115,-0.6768695909927009,-0.5219605068674915,-0.8572465750200791,0.28047590787429605,-0.18037698402737812
7,gpboost_exact,116,-0.13328398571626052,-0.06607564764579672,0.5680113374570803,0.3372407364651718,0.7012953231733409
7,gpboost_exact,117,1.08510032125525,1.2539248161565362,1.4028805122788253,0.286658415927909,0.31778019102357535
7,gpboost_exact,118,-0.1931591969271621,-0.16391641778983693,0.08106183508064291,0.28411045477077107,0.274221032007805
7,gpboost_exact,119,1.79733023053271,1.914742887075122,2.070284831795174,0.37765091714657334,0.2729546012624642
7,gpboost_exact,120,0.6441525174024747,0.6466186479478888,0.8195737391765316,0.3078849380169391,0.17542122177405695
7,gpboost_exact,121,1.653258036580832,1.6631319066121446,1.3663132370944684,0.348474864936239,-0.28694479948636364
7,gpboost_exact,122,-0.31185069134945437,-0.0816614160052529,0.1842391010570399,0.34897836188021075,0.49608979240649426
7,gpboost_exact,123,1.271363465665189,1.2583946901030796,0.9860644070152036,0.3519187864516241,-0.2852990586499855
7,gpboost_exact,124,0.49713280751031996,0.3727625582254067,0.9172204225674019,0.27342236573555667,0.4200876150570819
7,gpboost_exact,125,1.9441415090581524,1.9562524989237675,1.3468343988061902,0.3716431344896704,-0.5973071102519623
7,gpboost_exact,126,1.2502159347945083,1.2786065905456168,1.4809146950028156,0.33421265821233065,0.23069876020830726
7,gpboost_exact,127,0.050018513739431364,0.09833567270986361,0.004792556550414773,0.3017913030904795,-0.04522595718901659
7,gpboost_exact,128,1.6233965346581618,1.6859345829003007,2.062054642810809,0.2830243740957534,0.43865810815264705
7,gpboost_exact,129,0.20506643701859867,0.44979184545209017,0.5374202141641966,0.28290289221750425,0.33235377714559794
7,gpboost_exact,130,-0.35055551098813603,-0.22282957641959425,-0.33008165146598145,0.3488083821079843,0.02047385952215458
7,gpboost_exact,131,-0.009149360702077641,-0.23938493470337244,0.2717656730300462,0.2141433428290927,0.2809150337321238
7,gpboost_exact,132,0.04216023201010699,0.2275788430842206,0.2142990627714747,0.3572259121590334,0.1721388307613677
7,gpboost_exact,133,1.4714739583197478,1.333672602207223,1.682512352739244,0.25473776074605736,0.21103839441949623
7,gpboost_exact,134,1.5618030753648795,1.3572063066578128,2.0130715138433803,0.2505581262162449,0.45126843847850084
7,gpboost_exact,135,-0.11930065864052375,-0.11590437283960692,0.01848458116860563,0.3806787134335696,0.13778523980912938
7,gpboost_exact,136,1.4009757122382314,1.532254061141016,1.1802599034353394,0.23771112170234024,-0.220715808802892
7,gpboost_exact,137,1.2233943368454487,1.2975992945429444,1.3298916635498488,0.4090739429692323,0.10649732670440004
7,gpboost_exact,138,0.5671819153547889,0.5085613881385471,0.9544323139296171,0.3002363491600847,0.38725039857482824
7,gpboost_exact,139,1.336116878673029,1.3359153752783126,1.2086688657480762,0.2675578343501272,-0.1274480129249529
7,gpboost_exact,140,0.1871601992983349,0.19740686646304273,0.7846355307003972,0.300207405331223,0.5974753314020622
7,gpboost_exact,141,0.5455974548872381,0.4127189805450602,0.4753693396945917,0.3431444685481352,-0.07022811519264638
7,gpboost_exact,142,-0.09787651368606864,0.0009888478279504592,0.3963862234693565,0.2637258389464671,0.4942627371554251
7,gpboost_exact,143,-0.06326178844832991,0.08096469721693225,0.49917924883290965,0.28440442308320724,0.5624410372812396
7,gpboost_exact,144,1.3784105969168903,1.3244233701531165,1.4803500704611459,0.24258759625559057,0.10193947354425559
7,gpboost_exact,145,1.7613893257943505,1.7091670801650196,1.5198713065373681,0.3024708183204729,-0.24151801925698235
7,gpboost_exact,146,0.24850186488097675,0.2164412061948927,0.24877152973238115,0.21501844995392264,0.0002696648514043942
7,gpboost_exact,147,1.355777000322791,1.4374246447955594,1.8777579213074576,0.30613815396087796,0.5219809209846666
7,gpboost_exact,148,1.603968116475697,1.4842454512795706,2.085723280021553,0.2785786593171308,0.4817551635458559
7,gpboost_exact,149,2.2851532509272166,2.3765708057986235,2.1878079367931917,0.2562446459148905,-0.09734531413402481
7,gpboost_exact,150,-0.14339953858409493,-0.22436775900028316,-0.019794989978418442,0.2692518293437375,0.12360454860567649
7,gpboost_exact,151,1.7763129325401261,1.7109974132069288,2.2404833748150317,0.3002313308407318,0.46417044227490556
7,gpboost_exact,152,0.33986783985352287,0.41299972049971667,0.8706223648581233,0.41889218938727885,0.5307545250046004
7,gpboost_exact,153,1.2717715443923614,1.356862209632407,0.8802756913973289,0.27854629869410324,-0.39149585299503253
7,gpboost_exact,154,-0.04005430330721042,0.03174943124679484,0.4907647764021821,0.33852266189864477,0.5308190797093925
7,gpboost_exact,155,1.2679784862377514,1.2185785396794797,1.4069235439897234,0.3465020437011984,0.13894505775197197
7,gpboost_exact,156,-0.369874258976652,-0.46956772614511233,0.36211865676849264,0.49156095626787255,0.7319929157451446
7,gpboost_exact,157,1.89107026175941,1.5960458922078697,2.353174900088749,0.33491376689107305,0.462104638329339
7,gpboost_exact,158,0.6802162379075735,0.7654222240571282,0.6689299471649721,0.15354605158268422,-0.011286290742601346
7,gpboost_exact,159,1.0610973995885093,1.1588203398277417,1.2521967603459565,0.2113483833762159,0.19109936075744716
7,gpboost_exact,160,0.7413573629351742,0.6413550652385778,0.8644296816529078,0.23042800612848938,0.12307231871773361
7,gpboost_exact,161,1.3783736118433807,1.3346460533995343,1.2329763681432553,0.3264475504807028,-0.1453972437001254
7,gpboost_exact,162,1.504475927074483,1.4437645265969254,1.8411044137415096,0.32211333603599757,0.3366284866670266
7,gpboost_exact,163,0.2576463764475162,0.4178633349186627,0.7011001963722592,0.2805922855017439,0.443453819924743
7,gpboost_exact,164,1.3726301379364754,1.2919502481707337,1.8582811576884737,0.2726668805809716,0.4856510197519983
7,gpboost_exact,165,-0.4170077433367531,-0.496226636562483,0.05493635795835594,0.48870158415133863,0.47194410129510905
7,gpboost_exact,166,-0.04597779391572546,-0.016656287756038755,0.011418644384487475,0.2604661412019545,0.05739643830021293
7,gpboost_exact,167,0.30142487006985025,0.3011189175401582,0.1935059059683093,0.3125862800569862,-0.10791896410154095
7,gpboost_exact,168,1.0303642013070777,1.1251676842322937,1.2451940753029618,0.2553559883760811,0.21482987399588405
7,gpboost_exact,169,0.20833856038793175,0.13674869339393156,0.8988036889602,0.4796771750209998,0.6904651285722683
7,gpboost_exact,170,0.044916954695123745,-0.10338729729549426,0.4250013845452587,0.23050839262835368,0.38008442985013496
7,gpboost_exact,171,0.3356963583935309,0.3931169514065337,0.419827155450311,0.30742796148766816,0.08413079705678012
7,gpboost_exact,172,0.03520859998870496,-0.12668535043209228,-0.19750405137186622,0.2423042766286239,-0.23271265136057118
7,gpboost_exact,173,0.8247126430238272,0.6561408700851863,0.48670601350517284,0.4236974390415253,-0.33800662951865434
7,gpboost_exact,174,1.2374790907973319,1.108011223918689,1.795258828700097,0.329744565121977,0.5577797379027651
7,gpboost_exact,175,0.9157921016519225,1.07621665600329,0.8122518073707523,0.275709488481083,-0.10354029428117018
7,gpboost_exact,176,-0.005114561032601828,0.08193550526541421,-0.07607853475189597,0.29061446808470504,-0.07096397371929414
7,gpboost_exact,177,0.3833279205266691,0.41568087916786384,0.45168794500322296,0.27624273285004947,0.06836002447655387
7,gpboost_exact,178,-0.09000136892479405,-0.2615458516637343,0.28296608932482314,0.3222851110046619,0.3729674582496172
7,gpboost_exact,179,1.7129712508771113,1.6803253078363882,1.367399877022359,0.3035071969621987,-0.34557137385475234
7,gpboost_exact,180,-0.6482477479305807,-0.739074203359932,-0.41345744657662564,0.5035639215501927,0.23479030135395507
7,gpboost_exact,181,1.8307342731596676,1.9429387681165902,2.0993349763961295,0.22471515612222753,0.2686007032364619
7,gpboost_exact,182,0.5297110240004228,0.4210261223141518,0.47211454505325623,0.2470027964918869,-0.057596478947166574
7,gpboost_exact,183,0.605543023688808,0.8207276003395126,0.6589225679185553,0.3479097343347005,0.05337954422974733
7,gpboost_exact,184,1.997944155840257,2.0203361481974285,1.186053195343285,0.32423881406242366,-0.8118909604969722
7,gpboost_exact,185,0.5494910781582957,0.5797750190888892,0.6655684161961695,0.2238221236722266,0.11607733803787379
7,gpboost_exact,186,2.0784221692648934,2.235079531722786,2.3018843635349286,0.33239156393684444,0.22346219427003522
7,gpboost_exact,187,0.36430372304488867,0.4675077970598347,0.9081671409119441,0.2858035643369157,0.5438634178670554
7,gpboost_exact,188,1.8676445968382414,1.8548101369983583,1.7175529298265007,0.21912581463306102,-0.1500916670117407
7,gpboost_exact,189,1.4346823684436902,1.4258381187241087,1.565210841385885,0.24831520695136694,0.13052847294219472
7,gpboost_exact,190,-0.04464335187199814,-0.05557388545264006,0.20016724294571908,0.26940295226962235,0.24481059481771722
7,gpboost_exact,191,0.1628957367038345,0.12302867227184895,0.3717990835938916,0.2517491289591586,0.20890334689005707
7,gpboost_exact,192,0.383520966368498,0.4979005103642584,0.7547292610159264,0.279886984720233,0.37120829464742844
7,gpboost_exact,193,1.4636988462415277,1.2884806012313224,1.5804338097174755,0.307871027544473,0.1167349634759478
7,gpboost_exact,194,2.1541248964812,1.9813885642327047,1.9949792196930831,0.3250438994437345,-0.15914567678811675
7,gpboost_exact,195,1.7954648035285241,1.7881085878287044,1.9971771660861828,0.28966453181472596,0.20171236255765868
7,gpboost_exact,196,0.8068075747363812,0.7614661375761362,1.140796485422797,0.316247642223567,0.3339889106864158
7,gpboost_exact,197,-0.5877928775293696,-0.6873441045708699,-0.526773380355261,0.1573970608635978,0.061019497174108595
7,gpboost_exact,198,2.0760003660854527,2.048625328812595,1.989520683101639,0.3335373674388579,-0.0864796829838137
7,gpboost_exact,199,0.8300743752257105,0.7543473771220476,0.8484353667556412,0.3348846730820793,0.01836099152993076
7,gpboost_exact,200,0.30003636863996164,0.20456620169489934,0.7059273354570257,0.2923273980405965,0.40589096681706405
7,gpboost_exact,201,1.9582963940067137,1.9320104559899733,1.922824185988694,0.2886907437485329,-0.035472208018019646
7,gpboost_exact,202,1.2005644687041483,1.3465375770421837,1.1921835963788796,0.27695979733237663,-0.00838087232526874
7,gpboost_exact,203,1.7158729641382675,1.564749634241299,1.7829614131434486,0.24421286706892478,0.06708844900518107
7,gpboost_exact,204,2.098225721685141,2.055185534679791,1.932085128821679,0.39506800467898445,-0.16614059286346228
7,gpboost_exact,205,1.7743630814552682,1.7012415596427295,1.628976711447268,0.26528080721837877,-0.14538637000800025
7,gpboost_exact,206,1.012863679374199,0.973634857362769,0.8577954613048391,0.3206421630059157,-0.1550682180693599
7,gpboost_exact,207,-0.45574648536452345,-0.34943592894988007,-0.5501641062537432,0.30381393691034386,-0.09441762088921979
7,gpboost_exact,208,0.979472462797202,0.9473524737606691,0.8207879527725535,0.24478537015495713,-0.15868451002464856
7,gpboost_exact,209,-0.45839394354487983,-0.39528897116096395,0.2420356139874098,0.4629128920033004,0.7004295575322896
7,gpboost_exact,210,2.3205192343037453,2.3605450726321777,1.9726558118443822,0.2690039514480762,-0.3478634224593631
7,gpboost_exact,211,2.3881672547594315,2.303834629060514,2.082355141174099,0.23223813374136734,-0.30581211358533267
7,gpboost_exact,212,2.1111043317751035,2.096304410519122,1.8798351610704405,0.26962904253861736,-0.23126917070466302
7,gpboost_exact,213,0.06480603251348666,0.1167013955598984,0.1822703805588013,0.3386792589973766,0.11746434804531464
7,gpboost_exact,214,0.10238043973025984,0.17590469134018127,0.08935744365987386,0.2988033501326162,-0.013022996070385984
7,gpboost_exact,215,-0.08172454848151539,0.19845356668085962,0.5250234019239888,0.3231496868849341,0.6067479504055042
7,gpboost_exact,216,-0.33302168222863304,-0.26401977336093563,-0.21072281464059373,0.15715523297693856,0.12229886758803932
7,gpboost_exact,217,-0.014453601411568762,0.08721871163641035,0.18562429141388126,0.32355706770180687,0.20007789282545002
7,gpboost_exact,218,0.7491054884589801,0.6102500679725709,0.9227030989161511,0.447321182346086,0.17359761045717104
7,gpboost_exact,219,-0.6867958991908959,-0.3412590042011986,-0.5199408111854993,0.3832202388667863,0.1668550880053966
7,gpboost_exact,220,0.3698766115357817,0.3406577864747773,0.9596793380926458,0.2877302924017034,0.5898027265568642
7,gpboost_exact,221,0.01456016711707385,0.13334341634045122,0.49525413860986767,0.31357361745098183,0.4806939714927938
7,gpboost_exact,222,0.44746596273515693,0.5052107628676976,0.8612233124875495,0.34583513534718596,0.41375734975239253
7,gpboost_exact,223,-0.05837906555082917,-0.07280716063846635,-0.30314602819556136,0.29516504434112417,-0.2447669626447322
7,gpboost_exact,224,1.1819325805350074,1.0483824780256454,0.704474784577156,0.466167731765486,-0.4774577959578514
7,gpboost_exact,225,0.2420099007274114,0.3018109512090103,0.12216132737528884,0.2813425605818272,-0.11984857335212257
7,gpboost_exact,226,0.42596842697377824,0.43972295567322506,0.27199017661700253,0.3583243180803155,-0.1539782503567757
7,gpboost_exact,227,1.412670209380126,1.2671896895287311,1.536897801651108,0.25266182682946636,0.1242275922709819
7,gpboost_exact,228,-0.04911975328167051,-0.013364454803600788,0.11101690644117124,0.36329572313138514,0.16013665972284175
7,gpboost_exact,229,0.7787374119890438,0.7647294532757989,1.2121719236557746,0.341128748984134,0.43343451166673086
7,gpboost_exact,230,0.5093036519577638,0.7280691367459322,0.49128420338062107,0.2960467839880835,-0.01801944857714277
7,gpboost_exact,231,1.070142177989497,1.038733397343006,0.8541696085309196,0.3109642519865608,-0.21597256945857746
7,gpboost_exact,232,1.1457608746829528,1.2026292058564307,1.6890378587437542,0.26000844815539015,0.5432769840608014
7,gpboost_exact,233,0.3814284589742587,0.3472273989252308,0.43814161621149816,0.30143500867447454,0.056713157237239464
7,gpboost_exact,234,1.7243455368242262,1.7045988607772122,1.8984747654979972,0.48193585893420515,0.174129228673771
7,gpboost_exact,235,1.106712057561806,1.0105762387409871,0.9871386907744064,0.31472296411337997,-0.1195733667873995
7,gpboost_exact,236,1.8950799425164404,1.8695301901991033,2.1653843328314495,0.2685064437220859,0.2703043903150091
7,gpboost_exact,237,2.4748818098566496,2.4967975287348905,2.0536678635239545,0.341240984099234,-0.42121394633269515
7,gpboost_exact,238,0.34078982392483925,0.1949053888649838,0.36816736659450644,0.24560911645774128,0.027377542669667188
7,gpboost_exact,239,0.20643881655677454,0.22047742287524985,0.4651225893314681,0.27292969062693095,0.25868377277469357
7,gpboost_exact,240,0.7970577947081547,0.7608626695165341,0.6901985644893749,0.2687804868522987,-0.10685923021877985
7,gpboost_exact,241,1.6980110698153612,1.6915595123632394,1.592623078186843,0.34912405896251986,-0.10538799162851831
7,gpboost_exact,242,0.555689165514972,0.672903855764212,0.6710499782369741,0.3203486066890416,0.11536081272200205
7,gpboost_exact,243,0.4472375690377297,0.3815367080677982,0.3015573910376297,0.24767047328208908,-0.14568017800010002
7,gpboost_exact,244,0.22752449424637927,0.2929226562249696,0.39611269653198455,0.2601391058340641,0.16858820228560528
7,gpboost_exact,245,2.1839790239963217,2.153859487780364,2.256761635125816,0.097510201306263,0.07278261112949425
7,gpboost_exact,246,-1.1154276604409983,-0.9766641671415037,-0.8515530840530094,0.2658421733080831,0.26387457638798884
7,gpboost_exact,247,0.14871389390693796,0.22109370231906794,0.3272186678560187,0.24025474478600983,0.17850477394908076
7,gpboost_exact,248,0.6563935016158481,0.9095789238305223,0.2768453814895073,0.3609951947281477,-0.37954812012634076
7,gpboost_exact,249,1.6932798674573113,1.5410883282909391,1.9828055933368651,0.21680157150440824,0.28952572587955383
7,gpboost_exact,250,1.8118330739580697,1.7036771959314785,1.854761625730729,0.27448892185644275,0.042928551772659196
7,gpboost_exact,251,0.2418983437710539,0.2682398188540329,0.5733305946832825,0.2737514601802155,0.3314322509122286
7,gpboost_exact,252,-0.836599994177492,-0.7584299399128993,-0.6117123866072465,0.3451471040952902,0.2248876075702455
7,gpboost_exact,253,1.7787227072576182,1.7869732907935765,1.8253332473865083,0.2805240489340982,0.0466105401288901
7,gpboost_exact,254,0.5123214130856983,0.5039430060648821,0.2734067970666958,0.3968496512713459,-0.23891461601900255
7,gpboost_exact,255,-0.07234910998781197,-0.08092683065865337,0.30774405177108743,0.3127440591290953,0.3800931617588994
7,gpboost_exact,256,2.402456925357583,2.3239855186851757,1.8358360008957977,0.27856047546404,-0.5666209244617852
7,gpboost_exact,257,-0.42699455721340196,-0.65066815760091,0.05760193981964257,0.33259212564633034,0.4845964970330445
7,gpboost_exact,258,1.4622937142517431,1.454887341798826,1.3162026309073882,0.24175983243755494,-0.14609108334435494
7,gpboost_exact,259,0.3431280804561663,0.4693566955768157,0.9851496522367986,0.3426823278891126,0.6420215717806323
7,gpboost_exact,260,-0.11374075217830273,-0.06626207647386474,0.22730156851025995,0.3779595396308076,0.34104232068856266
7,gpboost_exact,261,0.7451814873748167,0.5684187383840992,1.0302055151109766,0.2315181318042905,0.28502402773615987
7,gpboost_exact,262,-0.21075451176584714,-0.45121366718701295,0.5188771610994474,0.3361084014488464,0.7296316728652945
7,gpboost_exact,263,0.43312713831286576,0.4880629520946318,0.4650266888527863,0.282391538098149,0.03189955053992055
7,gpboost_exact,264,0.44089290729306735,0.6056232016974987,0.5430231054759425,0.28904688396447686,0.10213019818287511
7,gpboost_exact,265,-0.4703328316213433,-0.4833193598816526,-0.01587584785340468,0.2851841229421983,0.45445698376793864
7,gpboost_exact,266,0.8811276308500446,0.9403313967726069,0.9466349972985899,0.47260953263625227,0.06550736644854527
7,gpboost_exact,267,-1.1406473032970268,-1.0151057245325232,-0.8227627039053518,0.3044604111309088,0.317884599391675
7,gpboost_exact,268,1.5534187981481384,1.4942410800160346,1.2437509348966103,0.2741402608562511,-0.3096678632515282
7,gpboost_exact,269,0.13543820929344502,-0.040377865627591214,-0.09951497375121665,0.39700798122161673,-0.23495318304466167
7,gpboost_exact,270,1.6359350768388643,1.6163802447940272,1.9360953529051956,0.3764495963623157,0.30016027606633133
7,gpboost_exact,271,0.05676585308700238,0.018890353813743856,-0.04651513629216364,0.2987983162657495,-0.10328098937916602
7,gpboost_exact,272,0.9719786094175092,1.0696246774296096,0.7554075459996827,0.4015659790912093,-0.2165710634178265
7,gpboost_exact,273,0.6953064048628891,0.8456954125982258,0.9682502185071842,0.24924885996985535,0.2729438136442951
7,gpboost_exact,274,-0.03682059662713466,-0.15517248869292455,-0.027157042768335415,0.3536398108326371,0.009663553858799245
7,gpboost_exact,275,0.153380786714372,0.08413887426719587,0.41351979866966904,0.325769635952303,0.26013901195529704
7,gpboost_exact,276,0.16938694779368868,0.2578248750290087,0.35469847531070897,0.26207971517350015,0.1853115275170203
7,gpboost_exact,277,0.11913235947355492,0.03285916672978732,0.7217304674860081,0.30906464323602645,0.6025981080124532
7,gpboost_exact,278,0.5294573459880358,0.6030776248631138,0.7100037012823197,0.46893001145025737,0.18054635529428387
7,gpboost_exact,279,2.1346834145234266,1.921196603771332,1.9549830512118058,0.3012726356876981,-0.17970036331162076
7,gpboost_exact,280,-0.11906191545164291,-0.09255361175773878,0.088752679135923,0.31836803732509694,0.2078145945875659
7,gpboost_exact,281,0.5877510167859554,0.6370085575451698,0.5583421789204261,0.33060698551458134,-0.02940883786552928
7,gpboost_exact,282,0.7635956433003281,0.6571563930788249,1.0051372727611234,0.269067799931851,0.24154162946079527
7,gpboost_exact,283,-0.4667895740217385,-0.41935705611645974,-0.5937051034606866,0.4365555645879883,-0.12691552943894813
7,gpboost_exact,284,0.9937615338158323,1.074212190783335,0.7552367760688989,0.29593899637644144,-0.23852475774693338
7,gpboost_exact,285,1.9440614572054358,1.826778679287428,2.2452715570828254,0.4014033580886961,0.30121009987738967
7,gpboost_exact,286,0.29971323384943227,0.37331914208607775,0.5400450855311361,0.3350802793628647,0.2403318516817038
7,gpboost_exact,287,0.5392041849071423,0.4848155035086473,0.2890769840399656,0.3767625933261053,-0.25012720086717666
7,gpboost_exact,288,1.6433294976757642,1.523809910981249,1.918776949331127,0.22384805706889027,0.2754474516553629
7,gpboost_exact,289,-0.44333291369348,-0.4791055965585941,0.1240187660916856,0.280595262176999,0.5673516797851657
7,gpboost_exact,290,0.9776282023387092,1.126739539936648,1.2780889759809941,0.20003386302243667,0.30046077364228496
7,gpboost_exact,291,1.4461312325958517,1.456231914332985,1.8244616094205428,0.28572360702824934,0.37833037682469106
7,gpboost_exact,292,1.4573907314987111,1.4470962415993183,1.7816375011074415,0.4043395983091515,0.32424676960873033
7,gpboost_exact,293,1.6854120390905178,1.8268066585650733,1.9988619767780897,0.26093548020167906,0.3134499376875719
7,gpboost_exact,294,-0.007832839940089431,-0.138909334147962,-0.09393415498954472,0.19110814975841117,-0.08610131504945528
7,gpboost_exact,295,-0.014832819270969091,0.07504440585473236,0.12176382739386771,0.28443717810353236,0.13659664666483678
7,gpboost_exact,296,0.5006061072474117,0.5087129204085543,0.38081324259396787,0.22001953298817595,-0.11979286465344385
7,gpboost_exact,297,0.48571513526741594,0.34623243934200776,0.8015728677707736,0.3643359691399608,0.3158577325033577
7,gpboost_exact,298,0.7064314355958439,0.4894550049890729,0.9826079249890345,0.2650253335553901,0.2761764893931906
7,gpboost_exact,299,0.4675667293004984,0.4730571905537122,0.8955306277570871,0.39355466294271624,0.4279638984565887
8,gpboost_exact,0,-1.2028832472025173,-1.3251408612065876,-0.7253499540177524,0.3053099866318121,0.4775332931847649
8,gpboost_exact,1,0.04571036063409532,-0.057899149733683736,0.24299068329128026,0.40431165736987645,0.19728032265718493
8,gpboost_exact,2,-0.4273397020284996,-0.5480402955716921,-0.34326973556579077,0.16711779575940977,0.08406996646270881
8,gpboost_exact,3,-0.24605977402669651,-0.19710069803090596,0.20280915833677682,0.2794758395964905,0.44886893236347336
8,gpboost_exact,4,-0.565116737734283,-0.45313549649005597,-0.34014436089675293,0.3131897329874334,0.22497237683753002
8,gpboost_exact,5,-0.19637496469120963,-0.3479411514167694,-0.2845330463527951,0.21653423497092897,-0.08815808166158545
8,gpboost_exact,6,-0.033453947417159846,0.11337041938537754,-0.3419106520310944,0.2731158129477031,-0.30845670461393454
8,gpboost_exact,7,-0.18270787441333416,-0.0957270830601218,-0.027313199517776,0.23574549356109634,0.15539467489555817
8,gpboost_exact,8,-0.14554522751200255,-0.16032114699001576,-0.10175605992405323,0.2776815040490966,0.04378916758794932
8,gpboost_exact,9,-1.3972326740240602,-1.3715671816467634,-0.9179539726467256,0.2799518302765974,0.4792787013773345
8,gpboost_exact,10,-0.4976369078950357,-0.2693355137891522,-0.4740055637529377,0.285591158623458,0.023631344142098
8,gpboost_exact,11,-0.7868478945891975,-0.8350153148060037,-0.46321261974326156,0.2801978310739462,0.3236352748459359
8,gpboost_exact,12,0.1200019655916218,-0.08167869495380478,0.3304776328654775,0.26400910689202517,0.2104756672738557
8,gpboost_exact,13,-1.326886880766648,-1.3021874285512314,-0.9022975780150162,0.333608499604753,0.42458930275163187
8,gpboost_exact,14,-0.7609662316503493,-0.7830180131189044,-0.6813502843047718,0.27833342545899936,0.07961594734557742
8,gpboost_exact,15,-0.6115716487431146,-0.7126949931853688,-0.08280026304807464,0.2530885868781686,0.52877138569504
8,gpboost_exact,16,-0.47552903596579577,-0.6642097909474196,-0.7012452763251549,0.26591397790264465,-0.2257162403593591
8,gpboost_exact,17,0.028693174900202928,0.0341068849559648,-0.23183510524103657,0.34040680866749634,-0.2605282801412395
8,gpboost_exact,18,-0.3521858210589788,-0.48857615654922815,-0.11978236775238216,0.3062606508450636,0.23240345330659662
8,gpboost_exact,19,-0.8505900715083383,-0.8780632648111963,-0.18005350388423658,0.2630209743815747,0.6705365676241017
8,gpboost_exact,20,-0.16649338433860628,-0.16264472660392712,0.2455348330533269,0.2650964291167338,0.4120282173919332
8,gpboost_exact,21,-0.09687099610675232,-0.10773100131334572,0.23788092187374232,0.2690930804142457,0.33475191798049464
8,gpboost_exact,22,-0.7766002306511788,-0.8271317104500483,-0.6603401087254142,0.2809702859901349,0.11626012192576463
8,gpboost_exact,23,0.13818874688812777,0.10241376726763088,0.256901620682056,0.33041440260717553,0.11871287379392825
8,gpboost_exact,24,-1.2923865229991085,-1.3888973957870592,-0.7717214507846704,0.30676990692535255,0.5206650722144381
8,gpboost_exact,25,-0.6913189100603777,-0.6800515858392153,-0.8490021557155192,0.27938550891534736,-0.15768324565514147
8,gpboost_exact,26,-0.9708200674867267,-0.9027778939797333,-0.9117524476465766,0.3141413538641863,0.059067619840150076
8,gpboost_exact,27,-0.06593154589029099,-0.21560588319780152,-0.5173706377619114,0.3413847462737103,-0.4514390918716204
8,gpboost_exact,28,0.11884827882211768,0.09904865283585002,0.14584588730972836,0.2598895141260816,0.02699760848761068
8,gpboost_exact,29,0.13121490806315989,0.1897863994078226,0.07771091924174822,0.21559927036309845,-0.05350398882141166
8,gpboost_exact,30,-1.7184319194093076,-1.7110320321968122,-1.4997782073767905,0.26763476307572026,0.21865371203251716
8,gpboost_exact,31,-1.214235724872103,-1.0049618395822002,-0.8933705221520727,0.2877892631585809,0.3208652027200303
8,gpboost_exact,32,-0.21091102548079332,-0.2031230120597991,-0.3476150305092478,0.30057521702304385,-0.13670400502845448
8,gpboost_exact,33,-0.5842197080441462,-0.5769166592918783,-0.49750356223226433,0.3201429228066773,0.08671614581188192
8,gpboost_exact,34,-0.18662078728276676,-0.14127180859019073,0.3526929032711479,0.27789375780628656,0.5393136905539146
8,gpboost_exact,35,-1.8917601134977848,-1.940131241452751,-1.0436380969307857,0.34790595131184243,0.8481220165669991
8,gpboost_exact,36,0.1764540432012382,0.16035508521937727,0.06493270060158007,0.16093324525315408,-0.11152134259965812
8,gpboost_exact,37,-0.063142377042808,-0.09826881869857793,-0.09081394539448961,0.2456077441686586,-0.027671568351681608
8,gpboost_exact,38,-0.45660375437070694,-0.5708525377722297,-0.044131949447574925,0.24410430439709158,0.412471804923132
8,gpboost_exact,39,-1.925478936149778,-1.8907197509623577,-2.0519024278434745,0.294588040425997,-0.1264234916936966
8,gpboost_exact,40,-0.36134874087494906,-0.4005213194728778,0.12234983393768672,0.257081695081899,0.4836985748126358
8,gpboost_exact,41,-1.6850392699830652,-1.8275752832132584,-1.8146663009977795,0.2959439902758741,-0.1296270310147143
8,gpboost_exact,42,0.1276345709096937,0.23969323799761594,0.38590262662046904,0.2204797773214136,0.2582680557107753
8,gpboost_exact,43,-1.0865000629884345,-1.0152411547604923,-0.1527680096683941,0.3204266651571688,0.9337320533200404
8,gpboost_exact,44,-0.28884438801256385,-0.19846279686910845,0.19714853760020645,0.2508726004098011,0.4859929256127703
8,gpboost_exact,45,-0.468776757704027,-0.33856264027676963,-0.5876142272855764,0.17098495250485793,-0.11883746958154945
8,gpboost_exact,46,-0.016246174429846466,0.026511847702890584,0.31616160034102947,0.3178367428242818,0.3324077747708759
8,gpboost_exact,47,-0.661394589141227,-0.5562142169861013,-0.6501845060430638,0.26685873560031437,0.011210083098163182
8,gpboost_exact,48,0.7564666742011277,0.8171133284242094,0.5199965726148204,0.295641078077093,-0.23647010158630732
8,gpboost_exact,49,-0.8371400959269485,-0.9035094027763837,-0.8560660815409875,0.2725318264883443,-0.01892598561403902
8,gpboost_exact,50,-0.8215984090827325,-0.9364964794384487,-0.0981090386052399,0.3060853338002273,0.7234893704774926
8,gpboost_exact,51,-0.37914767915086783,-0.5817704362148292,-0.5410948878079314,0.2826596842139456,-0.16194720865706352
8,gpboost_exact,52,-0.419156730576861,-0.4396501033477018,-0.13556941956195523,0.2826012515952894,0.28358731101490575
8,gpboost_exact,53,-0.20193594552771454,-0.27959627430333234,0.23797463391023044,0.2556164356498216,0.439910579437945
8,gpboost_exact,54,-0.3089886362008163,-0.17282222437652137,-0.2535864565532506,0.3321542563205762,0.055402179647565664
8,gpboost_exact,55,-0.4544142841108403,-0.35789111495444487,-0.4728392451046233,0.2561909029587731,-0.01842496099378299
8,gpboost_exact,56,-0.47899754197456623,-0.40983629240900354,0.08221078587259001,0.27094429903037726,0.5612083278471562
8,gpboost_exact,57,-1.855420423258689,-1.8174180456969138,-1.5501666455814114,0.2773195432768957,0.3052537776772777
8,gpboost_exact,58,-0.19437465132118256,-0.37302602616246083,-0.2943244794710882,0.24364220669643596,-0.09994982814990563
8,gpboost_exact,59,-0.8953703304453221,-0.9376847071116107,-0.8593628415778518,0.27022851513543555,0.036007488867470294
8,gpboost_exact,60,-0.3317244352528835,-0.3864886913460742,-0.08984825843128164,0.26198018328717365,0.24187617682160184
8,gpboost_exact,61,-1.1405986386156721,-1.1439906901250505,-0.8150501460515223,0.28993644341904096,0.32554849256414986
8,gpboost_exact,62,0.18785868071869116,0.12953716426799655,0.357657373466143,0.25881874913743574,0.16979869274745185
8,gpboost_exact,63,-0.40966206947778183,-0.22087811914723818,0.028542455878989514,0.28571356270854853,0.43820452535677135
8,gpboost_exact,64,-1.3148476219849976,-1.1714363857212675,-1.0555739237574633,0.27744182307514714,0.2592736982275343
8,gpboost_exact,65,-0.10379830360383452,-0.06544094586529844,-0.33521387902232647,0.2364797802951187,-0.23141557541849195
8,gpboost_exact,66,0.0719141371374381,0.22652844474064326,0.3098185766459274,0.25532843712342645,0.23790443950848927
8,gpboost_exact,67,-1.1920985726467819,-1.1588075571155503,-0.47539709770233785,0.29738536842794383,0.716701474944444
8,gpboost_exact,68,0.6661677172760052,0.8290917048779417,0.5266762416807715,0.2417362111021945,-0.13949147559523367
8,gpboost_exact,69,0.16931272242610268,0.2524532486906932,0.5452807075208339,0.30424977548384735,0.3759679850947312
8,gpboost_exact,70,-0.0735235995852545,-0.08193040820988345,-0.27577544984052516,0.26924759539657134,-0.20225185025527065
8,gpboost_exact,71,-0.029048424220465052,0.055680653436608885,0.316314243785083,0.24922001351789597,0.34536266800554805
8,gpboost_exact,72,-0.7867733669485149,-0.8928059748679454,-0.6858600076626615,0.25895407748848814,0.10091335928585332
8,gpboost_exact,73,0.3087966447724686,0.4322070891930905,0.43087172414660735,0.26115062870159683,0.12207507937413875
8,gpboost_exact,74,0.11686494783791777,0.2518498937705891,-0.11896805704450042,0.2573817458039842,-0.2358330048824182
8,gpboost_exact,75,-1.2709166071147802,-1.241548628171876,-1.0083865562350312,0.24909709750509906,0.262530050879749
8,gpboost_exact,76,-0.8113649867917228,-0.8464933741892365,-0.5589620249458669,0.2902899875765288,0.25240296184585587
8,gpboost_exact,77,-1.8959223817324928,-2.072233527590215,-1.804060847638433,0.26377896302331594,0.09186153409405984
8,gpboost_exact,78,-0.8698856449403409,-1.0800662879940814,-0.88668097032002,0.21382877068573744,-0.016795325379679094
8,gpboost_exact,79,-0.33998521056463715,-0.3353737623045111,0.16180716349341395,0.25234886863273304,0.5017923740580511
8,gpboost_exact,80,-1.1430795357281358,-1.251677509675128,-0.7421571917641474,0.31196359162899956,0.4009223439639884
8,gpboost_exact,81,-0.8132541639084235,-0.7254611045515338,-0.6099874392096281,0.28264026290253075,0.20326672469879548
8,gpboost_exact,82,-1.3102071452063067,-1.293794379751961,-1.2950340934746007,0.2984540864659782,0.015173051731705911
8,gpboost_exact,83,-0.631679096484153,-0.6579377028976406,-0.38306485284521585,0.28715495864206564,0.24861424363893714
8,gpboost_exact,84,-0.4449658384084017,-0.2207763815102811,-0.1279806418440117,0.273116582124672,0.31698519656439
8,gpboost_exact,85,-0.40988829216956146,-0.3667338270881453,-0.0297136842843031,0.25635462198489867,0.38017460788525836
8,gpboost_exact,86,-1.501167008935622,-1.399817552587204,-1.0206705274514558,0.2411496915451077,0.4804964814841661
8,gpboost_exact,87,-0.7505618296651906,-1.0427969539466733,-1.0685465009477495,0.2319198380640108,-0.3179846712825589
8,gpboost_exact,88,-0.9361514178662825,-1.1094619044592648,-0.70511230525398,0.2759796197536422,0.23103911261230248
8,gpboost_exact,89,-0.4280287093270953,-0.5448701810397198,-0.21156837241005277,0.273831875928051,0.21646033691704253
8,gpboost_exact,90,-0.8096846800221487,-0.9546589086724011,-0.1346030211976048,0.3207761322106338,0.6750816588245439
8,gpboost_exact,91,0.20455395122182246,0.04534019763817376,-0.32694378431160587,0.34306186572376907,-0.5314977355334283
8,gpboost_exact,92,-0.7108979509009379,-0.8298302956175834,-0.6539516553544971,0.2806797349611001,0.05694629554644082
8,gpboost_exact,93,-0.17476573655478922,-0.1698982596632329,-0.021954137453974454,0.2856400993765766,0.15281159910081477
8,gpboost_exact,94,-0.349299922252617,-0.3177949976600713,-0.36098167124960767,0.33828350030766297,-0.011681748996990649
8,gpboost_exact,95,-0.5556427818953794,-0.5289794103673393,-0.3237845179783143,0.3016167319781198,0.2318582639170651
8,gpboost_exact,96,0.36142803644127947,0.4702983224120138,0.009650361894070869,0.30812789155803566,-0.3517776745472086
8,gpboost_exact,97,-0.18479040974469352,-0.18156048632998362,-0.5238620406860361,0.26368643871858266,-0.3390716309413426
8,gpboost_exact,98,-0.1532187168523332,-0.16407184593578328,-0.558083895011201,0.3550418277771089,-0.4048651781588678
8,gpboost_exact,99,-1.0565398659582337,-1.194884449959588,-0.8426480905071436,0.2541499237635004,0.21389177545109006
8,gpboost_exact,100,-0.8819643162345321,-0.920387535509794,-0.7877346104769671,0.27653328259062543,0.09422970575756495
8,gpboost_exact,101,0.34313811722040644,0.40385195686545,0.05727473661478211,0.36668381557247126,-0.28586338060562433
8,gpboost_exact,102,-0.8086917481859452,-0.7783507228187967,-0.7030174233920903,0.2876614098725314,0.10567432479385497
8,gpboost_exact,103,-1.3220708913149921,-1.3970230127772179,-0.8035647240998633,0.30144866099426226,0.5185061672151288
8,gpboost_exact,104,0.7318649796871002,0.7271904265844326,0.19083396446683487,0.31817339312385445,-0.5410310152202653
8,gpboost_exact,105,-1.5169205103141747,-1.5935287137174834,-1.3837599162866558,0.2919240584982726,0.1331605940275189
8,gpboost_exact,106,-0.6426768654461448,-0.510257758780829,-0.37915313074629253,0.2738765454584293,0.26352373469985224
8,gpboost_exact,107,-0.12230082047175417,0.022246651593996886,-0.1888380217006702,0.24980366146095742,-0.06653720122891604
8,gpboost_exact,108,-1.113067300596601,-1.286002852300171,-0.5981589594475043,0.2616355175515412,0.5149083411490967
8,gpboost_exact,109,-0.43554921810517655,-0.3781527586023554,-0.25689911737346627,0.30348973085363184,0.17865010073171028
8,gpboost_exact,110,0.19170981821971994,0.31122845704611746,-0.5478162863872811,0.38751531727030564,-0.739526104607001
8,gpboost_exact,111,-0.41341254117714477,-0.38312350485180846,-0.2931457853750601,0.2513382834892109,0.12026675580208468
8,gpboost_exact,112,-1.6357127882225295,-1.650297143909624,-1.0440128991722286,0.2793726467669527,0.5916998890503009
8,gpboost_exact,113,0.5761879234924323,0.4988279598466013,0.4480419599958152,0.2698318461410525,-0.1281459634966171
8,gpboost_exact,114,-1.305903238430181,-1.2553019063291797,-0.07690289793475635,0.34742805923787967,1.2290003404954246
8,gpboost_exact,115,-0.3810586316792513,-0.518608696630865,-0.4305506404645012,0.3113697563865442,-0.0494920087852499
8,gpboost_exact,116,-1.1978110220663447,-1.151697750720795,-0.5310053019546768,0.28215028386084523,0.6668057201116679
8,gpboost_exact,117,-1.3621345512075158,-1.433128379719783,-0.7174454535543742,0.3949847839351779,0.6446890976531416
8,gpboost_exact,118,0.32311752091109475,0.2777944927208972,-0.4496051766487934,0.34425040533073464,-0.7727226975598882
8,gpboost_exact,119,-1.310611096830561,-1.3183897363817008,-1.1800495776833548,0.2663324228399724,0.13056151914720626
8,gpboost_exact,120,-0.5290355997061763,-0.5440082090358418,-0.4477722358838685,0.15226648810682863,0.08126336382230781
8,gpboost_exact,121,0.49750200077118867,0.482476972346835,0.543455646883201,0.2232992485348736,0.04595364611201236
8,gpboost_exact,122,-0.26566652162355164,-0.1742992752339687,-0.10534890258838558,0.2671017104835798,0.16031761903516606
8,gpboost_exact,123,-0.39725036409681835,-0.5180618739217213,-0.27781789218431463,0.2786304916023294,0.11943247191250372
8,gpboost_exact,124,-0.6048067745499851,-0.6655564422789129,-0.7116596449121788,0.24705616973998812,-0.10685287036219371
8,gpboost_exact,125,-0.3523798910495558,-0.32065264892461587,-0.31984884464507424,0.2895446802399591,0.03253104640448157
8,gpboost_exact,126,-1.0910014231788687,-1.130665661844191,-1.4819523126410736,0.27791528790240266,-0.3909508894622049
8,gpboost_exact,127,-0.4209887395421295,-0.4631840830807586,-0.3157792991332613,0.29379063881254247,0.1052094404088682
8,gpboost_exact,128,-0.8774609663070108,-0.8288345210837459,-0.7222056318143446,0.2631895859230653,0.15525533449266615
8,gpboost_exact,129,-0.78431730392919,-0.8317715282781515,-0.6146303630735375,0.27239676144113456,0.1696869408556525
8,gpboost_exact,130,-0.2635537059146999,-0.28524179734744887,-0.22551653321731813,0.2945249120658579,0.03803717269738177
8,gpboost_exact,131,0.27804294571392096,0.3536259787025375,0.15983985273441803,0.28843782797371814,-0.11820309297950293
8,gpboost_exact,132,-0.32716493058556845,-0.3748523461197921,-0.3056374865185809,0.2833567771158009,0.021527444066987533
8,gpboost_exact,133,0.12214028174982491,0.03273023064943781,-0.4650230015069008,0.3324432142308884,-0.5871632832567257
8,gpboost_exact,134,-1.2305238322815457,-1.5021647423320938,-0.7108112778086131,0.39209422693721574,0.5197125544729326
8,gpboost_exact,135,0.4363672686659369,0.4599549173220435,0.5157403977255548,0.2513236135445392,0.07937312905961791
8,gpboost_exact,136,-0.35135504430230646,-0.4051360636650079,-0.1630177094753762,0.26355637251210234,0.18833733482693027
8,gpboost_exact,137,-1.5505433952431458,-1.6202632488309103,-1.2635093128690214,0.26062845661888767,0.2870340823741244
8,gpboost_exact,138,-1.6135750792895542,-1.6991013216641393,-1.7776923401087714,0.19979314435239226,-0.16411726081921718
8,gpboost_exact,139,-0.44072445076162114,-0.3743383868295399,-0.11556183168828937,0.2623888300600319,0.32516261907333177
8,gpboost_exact,140,-0.39625167540305406,-0.34049267317803994,-0.29139344949635415,0.24048924788456166,0.10485822590669991
8,gpboost_exact,141,-1.5879056285458248,-1.4847940102787183,-1.3455998512389176,0.28433570287184157,0.24230577730690728
8,gpboost_exact,142,-1.1275492902676376,-1.1314727913596532,-0.877315106810955,0.26635121939538026,0.2502341834566826
8,gpboost_exact,143,-0.6031446337729788,-0.49005267795913865,-0.300936811839307,0.262197566872486,0.3022078219336718
8,gpboost_exact,144,-0.15101025848616204,-0.044134584695142795,-0.16919802433096365,0.28849630434813317,-0.018187765844801612
8,gpboost_exact,145,-0.3941974430560178,-0.5059199060958528,-0.3758711605398837,0.2423844042039619,0.018326282516134107
8,gpboost_exact,146,-1.980032367790203,-1.802134700705614,-1.890576823023875,0.29568528888179163,0.08945554476632789
8,gpboost_exact,147,0.9393537190333849,1.1281519613259892,0.7001155996869848,0.25154206373000343,-0.23923811934640016
8,gpboost_exact,148,-0.7886005838050409,-0.8390098689869033,-0.5419065201514712,0.2600753577042007,0.24669406365356972
8,gpboost_exact,149,-1.3049764451368138,-1.2756463871159167,-0.8965494565129317,0.24176337794891137,0.40842698862388205
8,gpboost_exact,150,-1.5482991016908108,-1.4528936582437082,-1.4493012983671099,0.272040334576607,0.0989978033237009
8,gpboost_exact,151,-0.11677662322298432,-0.23666843485191946,0.13222289420275501,0.26606202937072865,0.24899951742573934
8,gpboost_exact,152,-0.2660980977527178,-0.15290211394561093,-0.6823861116251679,0.4604325674551564,-0.4162880138724501
8,gpboost_exact,153,-0.6266620635931646,-0.7974729882263865,-0.8309270563966296,0.2634467770116256,-0.204264992803465
8,gpboost_exact,154,-0.9067313291292456,-0.9937627569572708,-0.7419671623821591,0.28164815670019555,0.1647641667470865
8,gpboost_exact,155,-1.3437924396295067,-1.3500642252840287,-0.7789993383757006,0.2437946318398348,0.5647931012538061
8,gpboost_exact,156,-1.6221028882117416,-1.6716139212581997,-1.1813737866678595,0.2672679291977207,0.4407291015438821
8,gpboost_exact,157,-0.2683320340176405,-0.2722030182821717,-0.07644157128421192,0.22139882053253665,0.19189046273342858
8,gpboost_exact,158,-0.1447316890995813,-0.15003742754315372,-0.3270012819036019,0.26964206465093,-0.18226959280402058
8,gpboost_exact,159,-0.520892522869889,-0.5517113352935354,0.18247333591556458,0.29105205620226987,0.7033658587854535
8,gpboost_exact,160,-1.08229626158073,-1.0630169853421145,-0.5983684225113688,0.33479651783989206,0.4839278390693611
8,gpboost_exact,161,-0.2897302133297355,-0.23306093872338923,-0.2843010371657888,0.2519678193276786,0.00542917616394667
8,gpboost_exact,162,-1.0792460045408636,-1.0665973980507109,-0.7869530013847452,0.25748095475232397,0.2922930031561184
8,gpboost_exact,163,-1.3113992596198758,-1.3168176437955001,0.07140849440695263,0.41723268240827405,1.3828077540268284
8,gpboost_exact,164,-0.3845022357526846,-0.3787125784721791,-0.278148136067653,0.3052348472893532,0.10635409968503162
8,gpboost_exact,165,-1.6945608870614932,-1.6580479309288663,-1.1798218341605002,0.32123482375122775,0.514739052900993
8,gpboost_exact,166,-0.6075750185773925,-0.6040457778290053,-0.7869709775855362,0.2732219676358214,-0.17939595900814376
8,gpboost_exact,167,-0.14511410140314185,-0.14202206912027698,-0.608926129856397,0.3692886449586946,-0.4638120284532552
8,gpboost_exact,168,-1.1904876028726183,-1.2820531100614312,-1.0878675988696909,0.29164991992902606,0.10262000400292748
8,gpboost_exact,169,-0.7745619412625746,-0.8440355481093623,0.16229127310656022,0.3049934327781489,0.9368532143691348
8,gpboost_exact,170,-0.16698793314852206,-0.25934970654708256,0.0712479727763764,0.2711950389230692,0.23823590592489846
8,gpboost_exact,171,-0.047121392192613756,0.0665986495972074,-0.30074529473314904,0.32246774582247406,-0.2536239025405353
8,gpboost_exact,172,-0.2704396731048997,-0.13643021292963506,0.2533195664758239,0.2542788135193482,0.5237592395807236
8,gpboost_exact,173,-1.3672413729215847,-1.3033260962803774,-1.6349740490229303,0.3524329264693577,-0.26773267610134566
8,gpboost_exact,174,-0.9239767173946623,-0.9717506333600185,-0.1702091493176141,0.30967956892568166,0.7537675680770481
8,gpboost_exact,175,-1.5283878774069566,-1.55999726812081,-0.7231083136971108,0.32390938329998603,0.8052795637098458
8,gpboost_exact,176,-0.4350599069002511,-0.39524436490677994,-0.44128203060198956,0.31671785954103154,-0.006222123701738469
8,gpboost_exact,177,-1.4722712798844566,-1.491520451933506,-1.1633663929015938,0.3131902519728554,0.3089048869828628
8,gpboost_exact,178,-1.2918449998452857,-1.194520306298993,-1.0817010349540128,0.26666707045930077,0.21014396489127285
8,gpboost_exact,179,-0.41025081043940836,-0.5167191040444511,0.11570962528876727,0.3138917681538971,0.5259604357281756
8,gpboost_exact,180,-0.039745586787061304,0.047605714584829095,0.5206639033492682,0.2534022947782405,0.5604094901363295
8,gpboost_exact,181,-1.4193513803551827,-1.4031275168169477,-0.9837684592610678,0.29779937842533777,0.4355829210941149
8,gpboost_exact,182,-1.0085035898485115,-1.0101428800337777,-0.514469086701232,0.27549175790959496,0.4940345031472795
8,gpboost_exact,183,-0.8389087926923275,-0.8117467972928886,-0.5786622716650021,0.40552306317176917,0.2602465210273255
8,gpboost_exact,184,-1.6141105435460372,-1.7154788606078457,-1.5449289512334277,0.18619655318507045,0.06918159231260956
8,gpboost_exact,185,-1.321547064231858,-1.390811751380047,-0.8928207989260422,0.2869870979627645,0.4287262653058159
8,gpboost_exact,186,-0.18128974019599764,-0.3620227553513086,-0.20852596079457975,0.27270762660839637,-0.027236220598582106
8,gpboost_exact,187,-0.680503786931909,-0.557282284620335,-0.044068452912537026,0.2716319349808432,0.636435334019372
8,gpboost_exact,188,-0.4138466215334441,-0.5215023318976306,-0.2751416917483045,0.2981062758551275,0.1387049297851396
8,gpboost_exact,189,-1.5911587166614058,-1.477573009922568,-1.1983971816762793,0.2998015040661335,0.39276153498512656
8,gpboost_exact,190,-0.7514837535025295,-0.8288230732389297,-0.6115148759294975,0.27534725918881264,0.139968877573032
8,gpboost_exact,191,-0.7591993069329888,-0.6900048160046272,0.15076937254004008,0.3043620903696916,0.9099686794730288
8,gpboost_exact,192,-0.9310214228502937,-0.811972534933782,-0.5928692398608275,0.34842635483629736,0.33815218298946614
8,gpboost_exact,193,-1.5651567845863972,-1.6722689129541948,-1.0785833253614392,0.2937010684810046,0.486573459224958
8,gpboost_exact,194,-1.3331293074723347,-1.3334839027383787,-1.4347807680265117,0.28575871485766785,-0.10165146055417695
8,gpboost_exact,195,-0.3677850152367479,-0.23856568031701636,0.40918650675348367,0.24081790331467565,0.7769715219902316
8,gpboost_exact,196,-0.291198758698316,-0.37381196821062423,-0.16756893049679356,0.29144163620711355,0.12362982820152246
8,gpboost_exact,197,-0.035462408299771486,0.06344344263327362,-0.28466334573702845,0.3226562807353662,-0.24920093743725696
8,gpboost_exact,198,0.0860647960951213,-0.1400653093285277,0.3217619495848325,0.1750940440522965,0.2356971534897112
8,gpboost_exact,199,-1.1976800408396011,-1.040374956877689,-0.45707128948771114,0.300579780889959,0.74060875135189
8,gpboost_exact,200,-1.4924323324841002,-1.4019336269203009,-0.7576129439273531,0.2876388421826313,0.7348193885567471
8,gpboost_exact,201,-0.42922365314835165,-0.5838810952962757,-0.5986732063196305,0.2957043574895044,-0.16944955317127885
8,gpboost_exact,202,-0.18226345018731457,-0.2637181259954021,-0.12849712777686229,0.23656128978019103,0.05376632241045229
8,gpboost_exact,203,-0.14180343567332357,-0.06963111041604036,-0.23344259537125822,0.33457076932961916,-0.09163915969793465
8,gpboost_exact,204,-1.3577669588169952,-1.4860419593435263,-0.8352761097802208,0.24461686487525333,0.5224908490367743
8,gpboost_exact,205,0.3269719431096467,0.4857498056359787,0.48057739439129854,0.22184348408716956,0.15360545128165182
8,gpboost_exact,206,-1.4958585273647995,-1.354980191839097,-1.0313796687134413,0.28784079436065413,0.4644788586513582
8,gpboost_exact,207,-1.0034616014264792,-1.1552952402555672,-0.9042693241778883,0.2600403371555481,0.09919227724859092
8,gpboost_exact,208,-1.286058470284249,-1.2188451124835311,-0.9134307027106807,0.265431754911611,0.3726277675735683
8,gpboost_exact,209,-1.214643841386474,-1.215274036142875,-1.6510452950112144,0.3280064726017912,-0.4364014536247405
8,gpboost_exact,210,-0.8680755512262984,-0.8386541838851796,-0.6887899877420107,0.3082989367910979,0.1792855634842877
8,gpboost_exact,211,-1.8542092376331831,-1.8739437443567704,-1.7561420515886663,0.2587125743719354,0.09806718604451681
8,gpboost_exact,212,-0.09150571980432287,-0.16388428774147373,-0.0771189868288733,0.2870986226893598,0.014386732975449568
8,gpboost_exact,213,-0.05663966293405426,-0.01576602269834987,-0.4437024214811416,0.33833688520473953,-0.3870627585470873
8,gpboost_exact,214,-0.9149646093215095,-0.8864718850603552,-0.7415622053776163,0.2793163495635453,0.17340240394389317
8,gpboost_exact,215,-0.903066844840986,-0.8077610408198432,-0.6814836999767131,0.2836639163559955,0.22158314486427289
8,gpboost_exact,216,-0.14972896125003687,-0.19069079942904607,0.5357992396366811,0.25992459004967117,0.685528200886718
8,gpboost_exact,217,-0.6212858841422482,-0.6495396076500419,-0.32329108794313655,0.25047380061272817,0.2979947961991116
8,gpboost_exact,218,-1.1342505374258551,-1.22164534597863,-0.8571358866269678,0.2776153682876226,0.2771146507988873
8,gpboost_exact,219,0.35404800185948215,0.5460651633759552,0.5257821469693287,0.24822291994966506,0.17173414510984653
8,gpboost_exact,220,-1.0363635374102367,-0.9672182091797996,-0.6383659719918153,0.26763205146672725,0.39799756541842135
8,gpboost_exact,221,-0.34474852703648273,-0.29853351622402113,-0.6054717709432715,0.2894110408863289,-0.2607232439067888
8,gpboost_exact,222,-0.5990787742268501,-0.6280524372903881,-0.514038736908649,0.30551329131706445,0.08504003731820109
8,gpboost_exact,223,-0.38864203930034286,-0.36019256668689575,0.22364624431971603,0.24674367513772708,0.6122882836200589
8,gpboost_exact,224,-1.076094989995968,-1.1800934060018813,-0.7013600692408852,0.25282402648209196,0.37473492075508275
8,gpboost_exact,225,0.20312365528050824,0.27379023693351706,-0.07827826362148027,0.3262215728757055,-0.2814019189019885
8,gpboost_exact,226,-1.1616771566610753,-1.2671954333196154,-0.8228856988439208,0.25265626106744987,0.3387914578171545
8,gpboost_exact,227,-0.4315318112852797,-0.4003001689428082,-0.6653840556620025,0.28503698985374054,-0.23385224437672286
8,gpboost_exact,228,-0.3358681635109584,-0.40864476000086025,-0.3145771498412202,0.2735293345311299,0.02129101366973818
8,gpboost_exact,229,-1.0374859914684662,-1.0708754516949295,-0.9912009131267601,0.26809683515534927,0.04628507834170614
8,gpboost_exact,230,-0.9007831252920018,-0.8439445995079438,-0.8246810009228698,0.29243207544912025,0.076102124369132
8,gpboost_exact,231,-0.5304019694471903,-0.5536674842003738,-0.18598998949345535,0.2922774514636803,0.34441197995373496
8,gpboost_exact,232,-1.7272005849063297,-1.8176491719675403,-1.2010441126751017,0.3232439879946251,0.526156472231228
8,gpboost_exact,233,-0.3334681406782475,-0.2906510289501463,-0.16516630264666432,0.2844164218063298,0.16830183803158316
8,gpboost_exact,234,-0.4053357623276093,-0.23369996799084067,-0.39599252174639155,0.32044683337434715,0.009343240581217771
8,gpboost_exact,235,-1.2577353126655693,-1.3045873419111549,0.2505567229463974,0.45230580069681986,1.5082920356119667
8,gpboost_exact,236,-0.8366595700257363,-0.8380918233513016,-1.2790523623160288,0.26999319010290046,-0.4423927922902925
8,gpboost_exact,237,-1.062967196550761,-0.9871690374569403,-0.812062417792907,0.301343192644907,0.250904778757854
8,gpboost_exact,238,-0.47409123424991706,-0.48767854996521337,-0.5284199282298259,0.2694707696596195,-0.054328693979908804
8,gpboost_exact,239,-1.2610761344040933,-1.4017213551497982,-0.9889726021198859,0.2594860692238312,0.27210353228420736
8,gpboost_exact,240,-1.3812549446218596,-1.3385430795861915,-0.7237167928856323,0.3948283061317649,0.6575381517362273
8,gpboost_exact,241,-0.3458008419374596,-0.3551905140568106,0.03061123582961578,0.23320437696423782,0.37641207776707536
8,gpboost_exact,242,-1.019197668694276,-1.0631567109774331,-0.7991183561673028,0.30511195218995263,0.22007931252697333
8,gpboost_exact,243,-1.2816380520132824,-1.370141876896877,-1.8827535962161934,0.40949927189156415,-0.601115544202911
8,gpboost_exact,244,-1.0210403412792366,-1.0693346292358787,-0.9394037687102257,0.25803858273261554,0.08163657256901091
8,gpboost_exact,245,-0.2806718138442439,-0.19062520019562787,0.169537103036296,0.28618690080060166,0.4502089168805399
8,gpboost_exact,246,-0.3201857477105764,-0.34921536158220623,-0.15004230367825144,0.26783556454452656,0.17014344403232495
8,gpboost_exact,247,-0.8594421154752292,-0.8151831420627135,-0.8346534876941867,0.27234565178459674,0.024788627781042516
8,gpboost_exact,248,-1.0936499061059022,-1.3043999851808523,-0.7720968572592408,0.25481739298631995,0.32155304884666136
8,gpboost_exact,249,-0.4089896251133831,-0.4509275475101251,-0.3024574724108007,0.307524362005544,0.10653215270258243
8,gpboost_exact,250,-0.1540397498354893,-0.24407474149529607,-0.3430485370779497,0.3097440098573062,-0.1890087872424604
8,gpboost_exact,251,-0.8748554643627328,-1.1204283408095912,-0.8940011591901849,0.22728659845001836,-0.019145694827452098
8,gpboost_exact,252,-1.8673349264608776,-1.9355369450427526,-1.932542631307447,0.32022775362432715,-0.06520770484656935
8,gpboost_exact,253,-0.9261058620109035,-0.8874974004242142,-0.7990105949678199,0.2328429366780437,0.1270952670430836
8,gpboost_exact,254,-0.9904383801799683,-0.839942463801924,-0.09451605323734391,0.3312290304361229,0.8959223269426244
8,gpboost_exact,255,-0.2820658882773343,-0.1635712481684905,-0.6135707957357734,0.35994024213538517,-0.33150490745843914
8,gpboost_exact,256,-1.8609447272119612,-1.8447875162568719,-1.724409571959976,0.22697419644924557,0.13653515525198534
8,gpboost_exact,257,-0.5439022144146594,-0.5129928561143215,0.28966165827110046,0.29827168997744596,0.8335638726857598
8,gpboost_exact,258,-0.47700898457430285,-0.35639795513125344,-0.2704061041203598,0.3073894992348277,0.20660288045394304
8,gpboost_exact,259,-0.9329958538083525,-1.052081078583344,-0.5886641132598154,0.3829948280531578,0.3443317405485371
8,gpboost_exact,260,-0.4520562189672177,-0.6139605939062405,-0.0812735406371452,0.28142746078082254,0.3707826783300725
8,gpboost_exact,261,-0.8865369430162885,-0.9731996313844087,-0.7102931691896321,0.3580725675367368,0.17624377382665635
8,gpboost_exact,262,-0.21805265395679269,-0.09510080529357455,-0.3241833916836754,0.19254161434421857,-0.1061307377268827
8,gpboost_exact,263,-0.8194981679916309,-0.8177622179100601,-0.2138288304544833,0.28178965311048937,0.6056693375371476
8,gpboost_exact,264,-1.3070319800276002,-1.4587035071637975,-0.8742161013013341,0.30743211170649376,0.43281587872626615
8,gpboost_exact,265,-0.9657874360062308,-0.9754387573777348,-0.7554343412042366,0.32232754378693235,0.21035309480199427
8,gpboost_exact,266,0.21825703754771897,0.134127821068584,0.3040428188433957,0.33056013193080563,0.08578578129567671
8,gpboost_exact,267,-0.6313022770782275,-0.7175350075573798,-0.6024654622762293,0.18646315994268167,0.02883681480199818
8,gpboost_exact,268,-0.3182869362044755,-0.24792286080316894,-0.08756178706719098,0.24963058715145478,0.23072514913728454
8,gpboost_exact,269,-1.2311409151270605,-1.0560625952999736,0.29184874852012577,0.49303023457904177,1.5229896636471862
8,gpboost_exact,270,0.3788396814963714,0.4062963685300229,-0.04466534692118618,0.333012417976817,-0.4235050284175576
8,gpboost_exact,271,-1.3091687255963986,-1.3135668284621442,-1.1794213882227194,0.2734300834580721,0.12974733737367927
8,gpboost_exact,272,0.5152106398818217,0.4568836411281388,0.4219727271891287,0.29728896615669775,-0.09323791269269299
8,gpboost_exact,273,-0.7523256248541111,-0.9155116973817927,-0.8905606444237879,0.21751243539115422,-0.13823501956967676
8,gpboost_exact,274,-0.1347007868551444,0.004191995854220143,-0.22933229369590435,0.3408556116406292,-0.09463150684075997
8,gpboost_exact,275,-0.37407615098885594,-0.4008755770004084,-0.0893891840793799,0.2705443740368277,0.28468696690947604
8,gpboost_exact,276,-0.7151699750761986,-0.7575484270204991,-0.7774519727686444,0.2333234872204399,-0.0622819976924458
8,gpboost_exact,277,-0.9508521117025918,-0.859626941184168,-0.45663412633361045,0.25448287513309775,0.4942179853689813
8,gpboost_exact,278,-0.21179534033750683,-0.0019304143761748327,-0.35199773158948755,0.24217556849700433,-0.14020239125198072
8,gpboost_exact,279,-0.6191443576900715,-0.6137296782374075,-0.34732238291292283,0.2480645065541363,0.27182197477714864
8,gpboost_exact,280,-1.689619205014255,-1.7239492692274356,-1.6404498244378125,0.2639398008579416,0.0491693805764426
8,gpboost_exact,281,-0.7977491982595499,-0.7851264620132983,-0.5725288458679634,0.283012096158293,0.22522035239158655
8,gpboost_exact,282,-0.7197479285275085,-0.7792059519779225,-0.6347070813850353,0.27390486764965144,0.08504084714247317
8,gpboost_exact,283,-0.3589429976743317,-0.3616614752173286,-0.38283963700756196,0.3159880569448918,-0.023896639333230274
8,gpboost_exact,284,-0.026788644205617496,-0.14361546490771723,-0.5709356174480016,0.35593597777164787,-0.544146973242384
8,gpboost_exact,285,-0.20898716464299472,-0.41446300845311723,-0.3618545420484125,0.3270788464604437,-0.15286737740541778
8,gpboost_exact,286,-1.9416178647206264,-1.9699303778903596,-1.611464589356002,0.22952088906803664,0.33015327536462435
8,gpboost_exact,287,-0.45319902592413797,-0.6920784438617208,-0.2252112427628763,0.2795087671861915,0.22798778316126167
8,gpboost_exact,288,-0.8016581158413469,-0.8703891650520609,-0.6151716132656642,0.2968801559714095,0.18648650257568278
8,gpboost_exact,289,-0.9555476293292278,-1.2332665649388899,-0.6133381295523055,0.3248284568016562,0.3422094997769223
8,gpboost_exact,290,-0.40159919433751,-0.5709390149663881,-0.4909786282291142,0.3071971414423446,-0.08937943389160419
8,gpboost_exact,291,-0.0221560709382361,0.046524620014901666,0.3018043326151094,0.3146294592766457,0.32396040355334554
8,gpboost_exact,292,-0.9807334022056482,-0.9406261809723413,-0.7430062805313895,0.3076203231810669,0.2377271216742587
8,gpboost_exact,293,0.2443448909565415,0.4166284827725619,-0.2364225901285053,0.31649379855062043,-0.4807674810850468
8,gpboost_exact,294,-0.8730596379016802,-0.9943514629020455,-0.18187684830174522,0.3109519541559343,0.691182789599935
8,gpboost_exact,295,-1.2886051641381773,-1.169046580249837,-0.9095445786441285,0.2978510965077948,0.37906058549404875
8,gpboost_exact,296,-1.1928185855245144,-1.220263708469724,-0.7972259453771988,0.2937278144486299,0.39559264014731554
8,gpboost_exact,297,-0.4426912143526748,-0.3233115233751376,-0.3593037278998086,0.28073669486647673,0.0833874864528662
8,gpboost_exact,298,-0.7991986237535033,-0.9194656406818273,-0.42667496577481323,0.28930786842273626,0.37252365797869
8,gpboost_exact,299,-1.1107663916328,-1.1080262608676552,-1.110334317327493,0.2593620427196398,0.0004320743053070064
9,gpboost_exact,0,-0.5188338605139549,-0.5212854679090028,-0.33598682272987546,0.31321615900801364,0.1828470377840794
9,gpboost_exact,1,0.517717814071352,0.699979021422493,0.5128785139359167,0.3649437601467231,-0.0048393001354353204
9,gpboost_exact,2,-0.18118972984293702,-0.16268889424374927,-0.08529453174575075,0.3539182680175246,0.09589519809718627
9,gpboost_exact,3,-0.837475679590046,-0.8135184083254745,-0.960632195213253,0.32039803025550273,-0.12315651562320706
9,gpboost_exact,4,-0.9454103015454539,-1.0265753174060905,-1.027054413313035,0.3269191789843805,-0.08164411176758113
9,gpboost_exact,5,-1.3639316836979296,-1.215422970535136,-1.5640463424132047,0.3025781227587267,-0.20011465871527512
9,gpboost_exact,6,-0.056966089303067124,-0.056948488187760125,-0.6078934400359985,0.47508129172149743,-0.5509273507329314
9,gpboost_exact,7,0.5807838521347664,0.5799114375973821,0.5230605397482351,0.4553236396305864,-0.05772331238653128
9,gpboost_exact,8,1.0092374520185698,1.0255838642690043,0.730903832030088,0.37432924397392514,-0.27833361998848183
9,gpboost_exact,9,-0.3521382973523792,-0.29672175049978144,-0.6066121999351726,0.33951483655743664,-0.25447390258279334
9,gpboost_exact,10,-0.6683969272532347,-0.628766218130018,-0.8793760276794824,0.3217314543484756,-0.21097910042624768
9,gpboost_exact,11,-0.9629010215610707,-1.0821277970389833,-1.033814273015647,0.3076347245271543,-0.07091325145457628
9,gpboost_exact,12,-0.9703652727531568,-1.3129700169604315,-0.7754213143150874,0.401816007623879,0.19494395843806933
9,gpboost_exact,13,0.6415057540035867,0.7303111613028006,0.5104689482314315,0.377909171929086,-0.13103680577215515
9,gpboost_exact,14,-1.042222658816911,-1.0227029369716154,-1.005777896368445,0.3119992267754153,0.03644476244846606
9,gpboost_exact,15,-0.10096279827209309,-0.19973037092420892,-0.5934198432206581,0.46210780892246817,-0.492457044948565
9,gpboost_exact,16,0.2599608930287541,0.3328155656313925,-0.32190338378609207,0.41462447229855387,-0.5818642768148461
9,gpboost_exact,17,-0.5221642631164033,-0.6542538539373305,-0.4652332393688736,0.33874430754502516,0.056931023747529674
9,gpboost_exact,18,-0.16621571515134836,-0.2804482146610861,0.05502850509667745,0.41343947437122774,0.2212442202480258
9,gpboost_exact,19,-1.444133003664663,-1.6170160358330867,-1.5655848641130934,0.28056500333717155,-0.12145186044843048
9,gpboost_exact,20,0.59838338977674,0.6029811679055378,0.6238812798604743,0.37285926411458764,0.025497890083734265
9,gpboost_exact,21,-1.648146802046097,-1.719183920486732,-1.2001455341913387,0.29191753458616765,0.44800126785475824
9,gpboost_exact,22,-0.34613506706468544,-0.24274117655118016,-0.3432538814483772,0.25225503394553,0.002881185616308235
9,gpboost_exact,23,0.06769616572424053,0.13931252108280234,-0.0018606536981140565,0.4204905752139586,-0.06955681942235459
9,gpboost_exact,24,-1.252621820517566,-1.2728676568428952,-0.8010652206195941,0.37888393534545667,0.45155659989797203
9,gpboost_exact,25,-1.9204418080933676,-1.8756852664771113,-1.6607531569593936,0.34943059141300586,0.259688651133974
9,gpboost_exact,26,1.0368208246785393,1.0025756779856536,0.6156999062664159,0.4068067234718875,-0.4211209184121234
9,gpboost_exact,27,-0.3937646425943597,-0.44314698749603243,-0.5287696353592368,0.32717827223494356,-0.1350049927648771
9,gpboost_exact,28,-0.35137296309744553,-0.5140541388761676,-0.6655607969647175,0.36501786536739367,-0.31418783386727195
9,gpboost_exact,29,-0.9942765358784542,-0.8651394300692097,-0.9691096902765359,0.285973387141403,0.025166845601918286
9,gpboost_exact,30,0.6971135570507054,0.8964972291915926,0.47172653709386925,0.3102209981157965,-0.2253870199568362
9,gpboost_exact,31,0.17907156976418737,0.21924516608794434,-0.08936807201576435,0.4561088387266365,-0.2684396417799517
9,gpboost_exact,32,-0.4328410842488246,-0.3317417049413105,-1.0847908391053682,0.3931311650136356,-0.6519497548565436
9,gpboost_exact,33,-0.9649364861989006,-0.9553820250196481,-0.9737130088648449,0.24125061743647358,-0.008776522665944309
9,gpboost_exact,34,-0.424066358406184,-0.41437289073682987,-0.33982052158118714,0.36020110609153283,0.08424583682499687
9,gpboost_exact,35,1.3175250579600766,1.0999440788959054,1.2227568794750763,0.29713676556378427,-0.0947681784850003
9,gpboost_exact,36,-1.2629780507193389,-1.3669743636687963,-1.1325452917857364,0.28126156843929356,0.1304327589336025
9,gpboost_exact,37,-0.4205436133522505,-0.5030396534920522,-0.5664219169985003,0.30298287804800267,-0.14587830364624982
9,gpboost_exact,38,-1.3914445193452067,-1.410740678339498,-1.2662121265043238,0.36780192899070224,0.12523239284088294
9,gpboost_exact,39,-1.36398882059823,-1.2642212517412577,-0.6674935474078723,0.46633072825128496,0.6964952731903578
9,gpboost_exact,40,-0.38420568524754195,-0.5643282176918725,-0.08676822749879243,0.35976432414991016,0.2974374577487495
9,gpboost_exact,41,-0.225489602528804,-0.4010929788590112,-0.21637943679921978,0.3122174280721618,0.00911016572958423
9,gpboost_exact,42,-0.13240874947730052,-0.3372277381540527,-0.07564109730429358,0.32664973525978486,0.056767652173006944
9,gpboost_exact,43,-0.03009338972967912,0.008431086615841077,-0.13516336686246788,0.3991049681317754,-0.10506997713278876
9,gpboost_exact,44,-0.5446618050195291,-0.3316175658686319,-0.6018033651124011,0.3046156655261204,-0.05714156009287197
9,gpboost_exact,45,-0.8558605167278636,-0.8954511984835559,-1.0865989876530886,0.32664686509212343,-0.23073847092522504
9,gpboost_exact,46,-1.4485543427032208,-1.4653700275231607,-0.8420225916248683,0.41348858926053406,0.6065317510783526
9,gpboost_exact,47,-0.48931747143685567,-0.32044683960231984,-0.7055201260245703,0.39037375620158765,-0.2162026545877146
9,gpboost_exact,48,0.5912810633379655,0.5103906368579161,0.06386055689907444,0.523480648966886,-0.527420506438891
9,gpboost_exact,49,-1.1431003729615103,-1.0373539974655788,-0.8995526086406294,0.34895581652799607,0.243547764320881
9,gpboost_exact,50,-0.6778509484654736,-0.6460804232583565,-0.7262607826255305,0.3216729964204437,-0.04840983416005695
9,gpboost_exact,51,-0.6993055146084388,-0.5873327101970589,-0.7726150500650908,0.356429044805054,-0.07330953545665198
9,gpboost_exact,52,1.4948447666869473,1.3255444947697237,0.8207134324346859,0.35680746062209945,-0.6741313342522615
9,gpboost_exact,53,-0.43966942667477216,-0.4371905471659652,-0.5991897695953341,0.37039804471038923,-0.15952034292056194
9,gpboost_exact,54,0.09305118262641998,0.04210209654639467,0.2523381065689074,0.4073965047496091,0.15928692394248745
9,gpboost_exact,55,-0.02338262707276012,0.19074139236860482,-0.5419238624285034,0.37143287369331257,-0.5185412353557433
9,gpboost_exact,56,-0.25165754637071586,-0.18351332858040187,-0.4891621555347472,0.4489692772992645,-0.23750460916403132
9,gpboost_exact,57,-0.08583820082276794,-0.06482492138132064,-0.20812906718748359,0.29025020659610723,-0.12229086636471564
9,gpboost_exact,58,-0.7725107228600208,-0.7004084707697521,-0.6076738351971613,0.32942037738560553,0.16483688766285942
9,gpboost_exact,59,-0.41178586689487173,-0.5199568260678202,-0.617207413335235,0.3243740385929258,-0.20542154644036326
9,gpboost_exact,60,-1.1846523811881173,-1.447717472576061,-0.8974305024830826,0.3434871885078568,0.2872218787050347
9,gpboost_exact,61,-0.2235595238280088,-0.2337247054554303,-0.22609061390032892,0.313876430648421,-0.002531090072320108
9,gpboost_exact,62,-0.4143899962962415,-0.32395304004928366,-0.729548705554576,0.2886054667842602,-0.31515870925833445
9,gpboost_exact,63,0.8207246234074204,0.681586139694208,0.7576957042621739,0.2971873241070942,-0.06302891914524644
9,gpboost_exact,64,-0.8159649954863294,-0.7019574813714858,-0.9929285871229885,0.3326082827370583,-0.1769635916366591
9,gpboost_exact,65,-0.27735572869275416,-0.3548617426614464,-0.45382391119206966,0.4905222545761693,-0.1764681824993155
9,gpboost_exact,66,-0.7435910255316376,-0.7665031534825766,-0.7975822961552623,0.3110734818101525,-0.05399127062362474
9,gpboost_exact,67,0.7709322258555066,0.6864124594661526,0.5849693401939127,0.4195048671819778,-0.1859628856615939
9,gpboost_exact,68,-1.1463047976425162,-1.0226328684957748,-1.1171483485100469,0.3197996084593543,0.029156449132469398
9,gpboost_exact,69,-0.17278321392006368,-0.3111230517230754,-0.20685864634141105,0.32885362665892504,-0.03407543242134736
9,gpboost_exact,70,0.3049532736012328,0.45250895326261426,0.3968469143459892,0.2187403009312836,0.09189364074475637
9,gpboost_exact,71,-0.8806862535648108,-0.9428962422302746,-0.8800956140232641,0.27582990273509445,0.0005906395415467003
9,gpboost_exact,72,-0.2293439992797222,-0.13303224566142344,-0.43928012617977075,0.4057621295163763,-0.20993612690004854
9,gpboost_exact,73,-0.43573709476641287,-0.5093686898051645,-0.36369724640530077,0.3799635377527279,0.0720398483611121
9,gpboost_exact,74,-0.8066144177530036,-0.7098218674638052,-0.9451101566815812,0.32335095288172927,-0.13849573892857758
9,gpboost_exact,75,-1.3166265014914267,-1.4360751233608668,-1.4689605758819146,0.29977472680541006,-0.15233407439048796
9,gpboost_exact,76,-1.030820051611395,-0.9364266183386308,-0.8642533420863989,0.39143346594552747,0.16656670952499608
9,gpboost_exact,77,0.8019623879471233,0.8622845360913446,0.35273341066679365,0.35166390328353214,-0.4492289772803296
9,gpboost_exact,78,-0.9854794398513276,-0.8684469863203024,-0.8270868199834283,0.35029051488257335,0.15839261986789932
9,gpboost_exact,79,-0.6782984153584333,-0.6114848769855128,-0.6684302395881483,0.35557435340287147,0.009868175770284981
9,gpboost_exact,80,-0.6902306323773978,-0.7841909404505322,-0.6067896650764615,0.30458343602224797,0.08344096730093631
9,gpboost_exact,81,0.055070031768959415,0.02864993520267906,-0.24153956046961822,0.41664045960601087,-0.29660959223857764
9,gpboost_exact,82,-0.5247547274207609,-0.48986810309643347,-0.23928072785606336,0.37100858745890136,0.28547399956469754
9,gpboost_exact,83,-0.2853287072737332,-0.3302259658470625,-0.46909308468689037,0.37939920073485095,-0.18376437741315715
9,gpboost_exact,84,-1.8295506178447647,-1.8835417054836503,-1.1599302450773719,0.3641473544779065,0.6696203727673928
9,gpboost_exact,85,0.8182928988196155,0.7275588166077802,0.6835055807883883,0.29625635213577545,-0.13478731803122723
9,gpboost_exact,86,-0.6247597408185208,-0.5078061412258765,-0.7148089760769603,0.30517888526137,-0.09004923525843944
9,gpboost_exact,87,-1.8228657853330272,-1.8155586880643462,-1.1709821199759385,0.3553345354506364,0.6518836653570887
9,gpboost_exact,88,-1.2294572551925496,-1.239855358941183,-1.0528821587194432,0.31303861323395976,0.17657509647310632
9,gpboost_exact,89,-1.1022708641419694,-0.9853177567299708,-0.9581945413173774,0.3206066525347315,0.14407632282459204
9,gpboost_exact,90,-0.5580097219713387,-0.6508393563747795,-0.4064966398776555,0.3318987236274988,0.1515130820936832
9,gpboost_exact,91,-0.796973796018622,-0.7805528722136663,-0.9832345860088543,0.25726721027261434,-0.18626078999023232
9,gpboost_exact,92,-0.29212127994816584,-0.179391946235674,-0.4946679253685424,0.382353927000809,-0.2025466454203766
9,gpboost_exact,93,-1.31464785688429,-1.3549201345910187,-1.4236773068078996,0.3121293649030718,-0.10902944992360952
9,gpboost_exact,94,-0.08595303322853902,0.023123739602309012,-0.41341548420079244,0.5096055908959466,-0.3274624509722534
9,gpboost_exact,95,-1.026661230777437,-1.0650700523290986,-0.6566005228254497,0.3910664300624392,0.3700607079519873
9,gpboost_exact,96,-0.6981059919881568,-0.846286097083943,-0.6203776892236084,0.33405478905461355,0.07772830276454845
9,gpboost_exact,97,-0.5172452263473334,-0.5544173808610515,-0.8251513318353507,0.29554647222058106,-0.30790610548801733
9,gpboost_exact,98,-0.7076123137884618,-0.7010081401997983,-0.7476368006108571,0.306523438162728,-0.040024486822395344
9,gpboost_exact,99,-0.37855742038035245,-0.5178511540444972,-0.2362358811555234,0.30889857215850386,0.14232153922482904
9,gpboost_exact,100,0.40254793239493475,0.5141758092564395,0.5244784721445876,0.28810300666732663,0.1219305397496529
9,gpboost_exact,101,0.9635503269094007,1.1311089204802902,0.91735136487981,0.3137899923384817,-0.04619896202959073
9,gpboost_exact,102,-1.2105926750434,-1.3552956888053564,-0.7935130401543438,0.38807568445703505,0.4170796348890562
9,gpboost_exact,103,-1.6804971916569835,-1.745400725732893,-1.3989227272190634,0.3363889574186628,0.2815744644379201
9,gpboost_exact,104,-0.04452996961751245,-0.10481091510518345,-0.5501351535337653,0.37814010820841093,-0.5056051839162529
9,gpboost_exact,105,-1.2892394763630297,-1.3850574939617737,-0.5835145015688648,0.40278302442526714,0.705724974794165
9,gpboost_exact,106,-0.8889429532290449,-0.8709837514720861,-0.5693756526901343,0.3626814688826584,0.3195673005389106
9,gpboost_exact,107,-0.9819850999610515,-0.79877663535583,-0.9678307503876664,0.32017726171764654,0.014154349573385128
9,gpboost_exact,108,-1.3328776251596395,-1.5130020585698916,-1.243003449575613,0.3062794497542534,0.08987417558402644
9,gpboost_exact,109,-1.2977635124476112,-1.267220435189285,-0.8805451034636826,0.37721907896308715,0.4172184089839286
9,gpboost_exact,110,-0.7660428325172963,-0.7107538306647225,-0.480706353221402,0.36952714852251756,0.28533647929589434
9,gpboost_exact,111,-0.3348573317459571,-0.32114973555232607,-0.49188463745743505,0.31204781702304796,-0.15702730571147794
9,gpboost_exact,112,-0.9213907059787485,-1.0631191362759114,-0.8746130899409081,0.24741595776795813,0.046777616037840364
9,gpboost_exact,113,-1.1932348424514865,-1.1256203950488088,-1.0428685090482919,0.2494380485878469,0.1503663334031946
9,gpboost_exact,114,0.42537230099085277,0.3812429709462189,0.2794945056212832,0.37845458200144216,-0.14587779536956957
9,gpboost_exact,115,-0.6322216247372147,-0.7544991508802517,-0.4500385745875768,0.37754480178572825,0.18218305014963787
9,gpboost_exact,116,-0.9101007560156305,-0.8872202637817196,-0.8033144371989369,0.2279014319776679,0.10678631881669354
9,gpboost_exact,117,-0.7754365085656199,-0.8448893294776776,-0.9023155505524123,0.31967579464470425,-0.12687904198679245
9,gpboost_exact,118,-0.4983606556979128,-0.5700629904990127,-0.588336668385006,0.3127729730444222,-0.08997601268709315
9,gpboost_exact,119,-0.04349569607615723,0.06991746790386638,-0.34174691968266036,0.35051469327509843,-0.29825122360650314
9,gpboost_exact,120,-1.0322068193553782,-0.8813700138285555,-0.6971988521582815,0.40795604137659996,0.3350079671970967
9,gpboost_exact,121,-1.021474345007348,-1.0910076951628571,-0.8453720256463804,0.22633300573023815,0.17610231936096765
9,gpboost_exact,122,-0.588622062350991,-0.6010314302260047,-0.2932969145357678,0.3394085440029157,0.29532514781522323
9,gpboost_exact,123,-0.48117331152137277,-0.5278758223163112,-0.5219715478097586,0.39317051914582835,-0.04079823628838586
9,gpboost_exact,124,0.061945820744982616,0.0823041797501676,0.1258517446456846,0.26840279691060404,0.06390592390070199
9,gpboost_exact,125,-0.30813848385883363,-0.33401833153869415,-0.09424785593771734,0.3039359397515372,0.2138906279211163
9,gpboost_exact,126,0.008640775231640418,0.06633791339805314,-0.3611122513419627,0.3786959554958183,-0.3697530265736031
9,gpboost_exact,127,-0.5344151530175043,-0.42237420796565966,-0.7154694241806121,0.30959404273041286,-0.1810542711631078
9,gpboost_exact,128,-0.5735890364094943,-0.41364133122237245,-0.43058367802816644,0.2988155670033769,0.14300535838132789
9,gpboost_exact,129,-1.2642776180435153,-1.276787321166301,-0.9344006940311385,0.36937856999295243,0.3298769240123769
9,gpboost_exact,130,-1.3665646341866262,-1.354246424091809,-1.1919483196728953,0.2864911104815097,0.17461631451373094
9,gpboost_exact,131,1.2533453309971148,1.2664710302835516,1.0422924337318413,0.34568497383106833,-0.21105289726527343
9,gpboost_exact,132,-0.43288598242460147,-0.5337356535916862,-0.3048201706528548,0.3229610312135889,0.12806581177174664
9,gpboost_exact,133,0.2992670685869961,0.23921424947944656,0.1262312047608667,0.41858308423230955,-0.1730358638261294
9,gpboost_exact,134,0.7831740093875923,0.7949607912622588,0.5880045748604124,0.2794392624721484,-0.19516943452717994
9,gpboost_exact,135,-0.08636667245518986,-0.0724842378410819,0.044255008840750065,0.29488597017174784,0.13062168129593993
9,gpboost_exact,136,-1.4097017687992492,-1.3331367432177137,-0.6641229619023656,0.3747133899142055,0.7455788068968836
9,gpboost_exact,137,-1.110267055054178,-1.0617780390504095,-1.0280657920530105,0.2961696472053455,0.08220126300116748
9,gpboost_exact,138,-0.8586752995072815,-0.9268555368973197,-0.9917436729926168,0.33514708414480404,-0.1330683734853353
9,gpboost_exact,139,-0.06639056957709485,0.010292939230006237,-0.4962332701849226,0.4607363769901275,-0.4298427006078277
9,gpboost_exact,140,-0.8475319919699359,-0.8381194928341258,-0.7721277108484763,0.22655093738469087,0.07540428112145958
9,gpboost_exact,141,-0.7076204799734546,-0.9552015530984302,-0.8388759529198002,0.34093709438337094,-0.13125547294634565
9,gpboost_exact,142,-1.1476665967576651,-1.1736917033768768,-1.244496614604702,0.3442859383686215,-0.09683001784703693
9,gpboost_exact,143,-0.6414345277839515,-0.7834145614578013,-0.6575045190442523,0.168529736691252,-0.016069991260300842
9,gpboost_exact,144,0.924216999972792,0.8615951377150474,0.8172120555665536,0.2892393111458072,-0.10700494440623842
9,gpboost_exact,145,-1.4594654212134806,-1.5892709612621145,-0.5799164239727421,0.4272708932525578,0.8795489972407384
9,gpboost_exact,146,-0.9292264109778938,-0.7893367804067825,-0.8224234362307437,0.3219380588640723,0.10680297474715017
9,gpboost_exact,147,-0.7134927746016644,-0.8478008639226964,-0.707466262390481,0.34642459724003793,0.0060265122111833325
9,gpboost_exact,148,-0.8823328569661062,-0.9038773282306151,-0.5810980109473745,0.22087965064877876,0.30123484601873174
9,gpboost_exact,149,-0.9589530760543028,-0.9359598812631671,-0.8740691305306187,0.21113236281280842,0.08488394552368406
9,gpboost_exact,150,-0.41497662510811195,-0.4430754975608677,-0.2837702657781378,0.24507193963450213,0.13120635932997415
9,gpboost_exact,151,-0.8148566025128053,-0.9890895583274516,-0.7611524563711862,0.2742014262777664,0.053704146141619113
9,gpboost_exact,152,-1.3734537238631201,-1.3407005162561674,-1.1304684928565414,0.3626060122902546,0.24298523100657876
9,gpboost_exact,153,-0.039887703465381286,0.0728601598651058,-0.29750739409265803,0.43947981336121195,-0.25761969062727674
9,gpboost_exact,154,0.618933913600569,0.5789706254880274,0.6577202312314041,0.24860448308616384,0.038786317630835065
9,gpboost_exact,155,-0.00574379844082229,0.022622235909144563,0.08645754089695679,0.32842584957660936,0.09220133933777908
9,gpboost_exact,156,-1.0329820733086805,-1.0396481912363424,-1.0427166455743757,0.22550714264516686,-0.009734572265695185
9,gpboost_exact,157,-0.7936140583473049,-0.7833754137848835,-0.7129695714291331,0.3566562780712222,0.08064448691817183
9,gpboost_exact,158,-0.8923685274078,-0.715334099133851,-0.9427752588665195,0.30397487840196474,-0.050406731458719434
9,gpboost_exact,159,-0.28283010760767835,-0.3928896734478335,-0.38268001667264784,0.18279996483566213,-0.09984990906496949
9,gpboost_exact,160,-0.8048610800222694,-0.6949900387106087,-0.7736001824945289,0.26946808188645544,0.03126089752774053
9,gpboost_exact,161,-0.6903786998682424,-0.8233044200604589,-0.7996651310033256,0.3257749020526335,-0.10928643113508318
9,gpboost_exact,162,1.0676309991923927,1.011281373048635,0.7948788177929886,0.3989945364828438,-0.27275218139940405
9,gpboost_exact,163,0.9916823696965564,0.8998813311383393,0.9039267475368415,0.3204288115901211,-0.08775562215971489
9,gpboost_exact,164,0.08656671645769365,0.2293942678826051,0.017933105750648437,0.3395268683312159,-0.06863361070704521
9,gpboost_exact,165,0.1155640507000083,0.14116746968092148,0.1146127245430133,0.34297149481675926,-0.0009513261569950027
9,gpboost_exact,166,-0.9408003644011398,-0.872842707217952,-0.7742312883756615,0.32695655741230695,0.16656907602547832
9,gpboost_exact,167,0.8345351521008376,0.8605202541222732,0.814201035891442,0.3195395309311716,-0.020334116209395625
9,gpboost_exact,168,-1.0017900665760777,-0.958723331787826,-0.9328658815165962,0.31429013309042186,0.0689241850594815
9,gpboost_exact,169,-1.4770750509996733,-1.6031290801565978,-1.191161292381702,0.2847407990169956,0.2859137586179712
9,gpboost_exact,170,-0.885960596207872,-0.6841820692027936,-0.784704382276276,0.16231545274318407,0.101256213931596
9,gpboost_exact,171,-1.3859594953917351,-1.2697968244284723,-0.8763405186028859,0.36721042164013384,0.5096189767888493
9,gpboost_exact,172,0.018341393723257604,0.09167204056817983,0.1382727828198096,0.33645991636314726,0.11993138909655199
9,gpboost_exact,173,-0.1915253598015645,-0.1698866051581499,-0.5760267736817308,0.3789757568226809,-0.38450141388016634
9,gpboost_exact,174,-0.49944461813186064,-0.469524018415006,-1.1221369589109491,0.3896836409428225,-0.6226923407790885
9,gpboost_exact,175,0.46958881119666385,0.4275754311844465,0.15481695013569574,0.4341962767019472,-0.3147718610609681
9,gpboost_exact,176,0.2294495209008759,0.15003383922900393,0.11378166605969131,0.3031277713098126,-0.11566785484118458
9,gpboost_exact,177,-0.5174291890981504,-0.4118170830777558,-0.4222904477491385,0.32876878981847785,0.0951387413490119
9,gpboost_exact,178,1.2120821730332147,1.3146709462935822,0.9494965718448496,0.3545114522515753,-0.26258560118836516
9,gpboost_exact,179,0.523064533748251,0.6218109277875326,-0.1989327075446341,0.38403015218329534,-0.7219972412928851
9,gpboost_exact,180,-1.2833760063198907,-1.2286608731708373,-0.7685965920596742,0.36178686502703594,0.5147794142602165
9,gpboost_exact,181,0.41922354142965823,0.21031154653964357,0.22923077627401245,0.43559266201394586,-0.18999276515564578
9,gpboost_exact,182,-1.4221149645611166,-1.2734924806605386,-1.1413339708378043,0.35089904004147077,0.28078099372331233
9,gpboost_exact,183,0.9037562481971699,0.814044884572451,0.5554380004712867,0.3454064253169716,-0.34831824772588327
9,gpboost_exact,184,-0.35722507367979417,-0.3763757171519345,-0.46160385362122547,0.25280033885327163,-0.1043787799414313
9,gpboost_exact,185,0.8904064049335456,0.6905508962443001,1.0799651195916784,0.2975785542785318,0.1895587146581328
9,gpboost_exact,186,-0.616962936231762,-0.5677722742336309,-0.5220692492683074,0.31608552864062456,0.09489368696345457
9,gpboost_exact,187,0.6442108414894125,0.5250927757470235,-0.038509889344870096,0.379735740086446,-0.6827207308342826
9,gpboost_exact,188,-0.5989952433698053,-0.5909710180033806,-0.614955956759224,0.25633268649141633,-0.015960713389418735
9,gpboost_exact,189,-0.8766001295637502,-0.700750703335922,-1.2385499206076318,0.3482782329827562,-0.3619497910438816
9,gpboost_exact,190,-0.916235016746829,-0.9405769134492968,-0.7185817287706371,0.36538382743417563,0.19765328797619186
9,gpboost_exact,191,-1.4367651191651727,-1.354528725626604,-1.4414495691849325,0.3343712715009708,-0.004684450019759812
9,gpboost_exact,192,-1.6483910111164697,-1.6651040114827742,-1.1834366837146302,0.32915902044324385,0.4649543274018395
9,gpboost_exact,193,-1.190523600521374,-1.0074571469490456,-1.0228923274155397,0.3333922339085039,0.16763127310583426
9,gpboost_exact,194,0.018628462992100026,-0.11737601818419033,-0.12228440953641151,0.313727894377648,-0.14091287252851153
9,gpboost_exact,195,-1.2431480129550145,-1.4881268116504114,-0.9707486429429322,0.3486293677939201,0.27239937001208236
9,gpboost_exact,196,-1.0476062314264316,-1.051873959414236,-1.0765188422079115,0.3454281906914326,-0.028912610781479886
9,gpboost_exact,197,-1.171325933927913,-1.1842840138732809,-1.1100903035484873,0.3417126105134373,0.0612356303794257
9,gpboost_exact,198,-0.3995325563972125,-0.4688129181682569,-0.6068265751132076,0.3232549642793383,-0.20729401871599507
9,gpboost_exact,199,-0.7492816088807935,-0.6542454314547195,-0.5369994839928562,0.3761170658860117,0.2122821248879373
9,gpboost_exact,200,-0.6599810296431879,-0.44700588404855535,-0.7520546270472499,0.32541046514168565,-0.09207359740406196
9,gpboost_exact,201,-1.0038831268091573,-1.0292227262817553,-0.7198510820913961,0.31484218003839676,0.2840320447177611
9,gpboost_exact,202,-0.7358658916158538,-0.6216489985095844,-0.8421796439568094,0.27911033063128043,-0.10631375234095564
9,gpboost_exact,203,-0.24914500745507784,-0.2181845374986835,-0.791691064479549,0.36330379634475773,-0.5425460570244711
9,gpboost_exact,204,-0.37293313803516326,-0.3706772263753332,-0.6022484432223489,0.2573273545024654,-0.22931530518718568
9,gpboost_exact,205,-1.159108660126766,-1.1883295065813682,-1.1340514488165603,0.34613387245114624,0.025057211310205663
9,gpboost_exact,206,-0.3748470590227623,-0.36990300141128785,-0.29443557201003934,0.3209670182308059,0.08041148701272294
9,gpboost_exact,207,-0.46584750556487076,-0.4344760033137409,-0.43110498153991994,0.20123283035813505,0.034742524024950816
9,gpboost_exact,208,-0.6660385226392871,-0.6354855729670179,-0.6934636744636666,0.33483758538569847,-0.027425151824379546
9,gpboost_exact,209,-0.8073853435652355,-0.5999259100868043,-1.0807511081659102,0.25135617457524184,-0.27336576460067474
9,gpboost_exact,210,-0.8957339558574914,-0.8981987246899759,-0.8149740960251353,0.2693745899546107,0.08075985983235612
9,gpboost_exact,211,-0.3495718458756155,-0.4616252822413276,-0.3859348820529851,0.26215704277485463,-0.03636303617736958
9,gpboost_exact,212,-1.2530339922049114,-1.333543149489059,-1.444155789781826,0.19724072345528587,-0.1911217975769146
9,gpboost_exact,213,-1.0013947169688149,-0.9730236583793833,-0.778031877767166,0.36014410773822275,0.2233628392016489
9,gpboost_exact,214,-1.669234630324614,-1.5685280952768754,-1.153854302092645,0.3937510850174026,0.5153803282319689
9,gpboost_exact,215,-0.9418265352254289,-1.0205427840533092,-1.0169524714007534,0.33052109148139036,-0.07512593617532448
9,gpboost_exact,216,-0.9752104793540938,-0.8817877893840471,-0.9081245584298632,0.4027174442165414,0.0670859209242306
9,gpboost_exact,217,-0.28945683401436545,-0.2248149020630859,-0.28318728475545907,0.29716410498270035,0.006269549258906382
9,gpboost_exact,218,-1.3124490372054907,-1.2793712539264124,-1.437664257786106,0.39208699136325414,-0.1252152205806154
9,gpboost_exact,219,0.3899779728173491,0.45744509752536755,0.2757743372089623,0.34546073774861097,-0.11420363560838681
9,gpboost_exact,220,-0.32160370358083623,-0.3986622470550336,-0.9913307610755617,0.39124198139799515,-0.6697270574947255
9,gpboost_exact,221,-0.6659477979453499,-0.7143359477758083,-0.35441345249829403,0.38460896698327623,0.3115343454470558
9,gpboost_exact,222,-0.6201889684679704,-0.5305339366534165,-0.4238071355057764,0.37481933979822557,0.19638183296219403
9,gpboost_exact,223,0.25801381202667084,0.18083824670706117,0.43351742153291184,0.35556067406382413,0.175503609506241
9,gpboost_exact,224,-1.213645158084903,-1.1476021648848842,-1.17595214824558,0.30263714494909427,0.03769300983932311
9,gpboost_exact,225,-1.3129566896405729,-1.3926854035137473,-1.137369555079358,0.26713086061460667,0.17558713456121477
9,gpboost_exact,226,-0.28035499141182174,-0.040221049967026884,-0.573515301893126,0.2706014443646537,-0.2931603104813043
9,gpboost_exact,227,-0.582716602039164,-0.7417359699024331,-0.8682149510756423,0.24629966213075397,-0.2854983490364783
9,gpboost_exact,228,-0.8692033933371655,-0.7352134231309988,-0.926983844638932,0.27424557174747916,-0.05778045130176657
9,gpboost_exact,229,-0.2261064431409484,-0.1861487125838479,-0.08197286587744523,0.36424502104867323,0.14413357726350318
9,gpboost_exact,230,0.9602896021102778,0.9443132434974244,0.7307069367224663,0.3262656444155177,-0.22958266538781147
9,gpboost_exact,231,-0.44879912126009713,-0.4996056694469586,-0.5396989740039899,0.3214515792793556,-0.09089985274389278
9,gpboost_exact,232,-0.3547322312375036,-0.4961121189370816,-0.39094811671242446,0.3832385999259695,-0.036215885474920884
9,gpboost_exact,233,-0.8859762794380388,-0.8396938412665665,-0.7668856804315425,0.27486392777639684,0.11909059900649632
9,gpboost_exact,234,-1.1123331489823214,-1.189582937738745,-0.9895422445853708,0.33913326826439655,0.12279090439695062
9,gpboost_exact,235,-0.8065270638426207,-0.9427332273244808,-0.49961262725899935,0.32810979369814985,0.3069144365836214
9,gpboost_exact,236,0.15914558280115465,0.23150121652517486,0.3083336411608588,0.34391499291500577,0.14918805835970417
9,gpboost_exact,237,-1.191648707666039,-1.254147397688624,-1.0776120370550082,0.22533771232322808,0.11403667061103073
9,gpboost_exact,238,-0.45793516818940566,-0.5756050341347123,-0.6378711612380741,0.20989351048880056,-0.17993599304866842
9,gpboost_exact,239,-0.4965374471813052,-0.5813344756683243,-0.4686866873586335,0.4074597032118584,0.02785075982267171
9,gpboost_exact,240,-0.044501424486847185,0.05958003768284016,-0.6092852933223618,0.46410908268954204,-0.5647838688355147
9,gpboost_exact,241,0.16756915265970262,-0.025126623024545075,0.16794279181080807,0.32297294432984086,0.00037363915110544266
9,gpboost_exact,242,0.8260801725106359,0.8623875587062977,0.44131496779256185,0.471830345121883,-0.38476520471807407
9,gpboost_exact,243,-1.2933126990334998,-1.2125499219507774,-1.386548628806711,0.25535465807464347,-0.09323592977321127
9,gpboost_exact,244,0.7223981525508159,0.7337119769235536,0.4729476474931271,0.34632739549159464,-0.24945050505768873
9,gpboost_exact,245,-1.5810143236697267,-1.587273809545899,-1.2102924514519824,0.2906142699686079,0.37072187221774433
9,gpboost_exact,246,0.43970356086722795,0.33695684424252387,0.4459311032761786,0.22492099854164585,0.006227542408950626
9,gpboost_exact,247,-0.7203691304415164,-0.7800002969031731,-0.6765249150765769,0.29992904762311984,0.04384421536493954
9,gpboost_exact,248,0.060925016504458473,-0.07859133584585232,0.18004156728808063,0.3589467991309617,0.11911655078362215
9,gpboost_exact,249,-0.04466280280484081,-0.06165139949288395,0.13072874527600487,0.33836514964039704,0.17539154808084567
9,gpboost_exact,250,-0.2914447205399452,-0.43676074023667155,-0.43059193575709465,0.38727142832222927,-0.13914721521714946
9,gpboost_exact,251,-1.2649822915760272,-1.1909228015206805,-1.0898220749145704,0.3486189707389844,0.17516021666145676
9,gpboost_exact,252,-1.0277431145917126,-0.9895299216380502,-0.8746291428754187,0.39836689566687244,0.15311397171629393
9,gpboost_exact,253,-0.8011881165894461,-0.8882143461598855,-1.0502911548060343,0.3147090234487534,-0.2491030382165882
9,gpboost_exact,254,-0.7700276265926165,-0.706397792259664,-0.8077846188384639,0.30307532751479294,-0.03775699224584739
9,gpboost_exact,255,-0.8750246335640145,-0.9879493792782951,-0.8754568255313391,0.3269282114482305,-0.00043219196732458
9,gpboost_exact,256,-1.0655039191596005,-1.1337203989707345,-0.755121987281786,0.324910899674847,0.3103819318778145
9,gpboost_exact,257,-1.4087817735992978,-1.5353790256591138,-0.5708814208175115,0.5170386710133439,0.8379003527817863
9,gpboost_exact,258,-1.2458501210319477,-1.145497778643486,-1.2117425423521677,0.3177600627346816,0.03410757867977998
9,gpboost_exact,259,-1.120632844531718,-1.121048307905521,-1.076166063981998,0.17732663556469624,0.044466780549719864
9,gpboost_exact,260,-0.4572509773691045,-0.5079176882482802,-0.5755645053482126,0.3125514449591053,-0.11831352797910805
9,gpboost_exact,261,-0.875450931089605,-0.9076612247905967,-0.6122937987391541,0.3635448653613002,0.2631571323504509
9,gpboost_exact,262,-0.30540953531284076,-0.34634129240537953,-0.44497105190517594,0.38468750959914466,-0.13956151659233518
9,gpboost_exact,263,-1.1596613774712647,-1.2158220135958142,-0.8421612560322291,0.41285310185626783,0.3175001214390356
9,gpboost_exact,264,0.5468105390076687,0.6116567520818329,0.41802140376625685,0.48478162008025977,-0.1287891352414119
9,gpboost_exact,265,0.7784259036646084,0.7935973608307803,0.7763047160610821,0.18837115083852513,-0.002121187603526309
9,gpboost_exact,266,-0.7419668610672067,-0.837135255683873,-0.681656234396038,0.3309046578102435,0.06031062667116871
9,gpboost_exact,267,-1.0463402226611,-1.0308748930444451,-1.1782748433225763,0.3421341584090261,-0.1319346206614762
9,gpboost_exact,268,0.5274249311963897,0.5295359688852541,0.22432494261072033,0.32393263292479907,-0.30309998858566933
9,gpboost_exact,269,-1.1600459840075295,-1.2067534426818416,-0.753760724089223,0.3279850321460417,0.40628525991830644
9,gpboost_exact,270,-0.8207620058259745,-0.81566010834127,-0.3232234140830501,0.3659146154141471,0.49753859174292436
9,gpboost_exact,271,0.46507737833232676,0.5543595405633069,0.35487189884774173,0.4386219314045699,-0.11020547948458503
9,gpboost_exact,272,0.25705929377625836,0.3652383425450829,0.23627396908504483,0.32566708609493183,-0.020785324691213525
9,gpboost_exact,273,0.39988858582439635,0.3438733046267085,0.3878827433167764,0.32525546797202837,-0.012005842507619935
9,gpboost_exact,274,-0.25965845346993466,-0.23875669607568656,-0.17951314635032745,0.34703256632594254,0.08014530711960721
9,gpboost_exact,275,-1.8809337525986825,-1.9045636111942719,-1.4929353005926762,0.3375274196410664,0.38799845200600624
9,gpboost_exact,276,-1.0420759256978882,-1.0749719761261605,-1.1310469628938744,0.32674160247570383,-0.0889710371959862
9,gpboost_exact,277,-1.0738598854405716,-0.9327480972675319,-1.0201870133007018,0.24147861538642398,0.05367287213986982
9,gpboost_exact,278,-0.5476961261538926,-0.47034058134259976,-0.5630990760627146,0.35966511629500825,-0.015402949908821961
9,gpboost_exact,279,-0.9535712257890554,-0.9497668164405775,-1.0937562407314196,0.183629773567491,-0.14018501494236424
9,gpboost_exact,280,0.47267056033783195,0.456494950389694,0.4920415450261011,0.3306304414469368,0.019370984688269144
9,gpboost_exact,281,-0.3835559448213566,-0.48085708602856886,-0.3097142991604418,0.24651921352236592,0.07384164566091478
9,gpboost_exact,282,-0.8359469463265182,-0.9074612829513938,-0.7878667585153956,0.29660913704689207,0.048080187811122665
9,gpboost_exact,283,-1.3357464382319217,-1.3679820554139812,-1.0249543043407154,0.3626940553302607,0.3107921338912063
9,gpboost_exact,284,-1.9431734955528284,-2.0040790760467604,-1.5708497932662864,0.3168664768977437,0.372323702286542
9,gpboost_exact,285,0.15943129686594099,0.256377103291467,0.1932325456935402,0.2881006381321298,0.03380124882759922
9,gpboost_exact,286,-0.03586757089835979,0.1218845513189864,-0.2806164449194082,0.34745987093447533,-0.2447488740210484
9,gpboost_exact,287,0.12580934514947062,0.3761090529797532,0.24632345442869408,0.4118352705603331,0.12051410927922346
9,gpboost_exact,288,1.1800249659178825,0.9724982027948446,1.0254936134186199,0.3273087473528595,-0.15453135249926264
9,gpboost_exact,289,-1.3010677550831444,-1.4313084409392385,-1.086812317903867,0.3328923863763144,0.21425543717927753
9,gpboost_exact,290,-0.41574538195357524,-0.5628325940936473,-0.4589438399578567,0.3125616034934174,-0.04319845800428146
9,gpboost_exact,291,-0.23791719015942836,-0.2830739255061211,-0.2174386270371773,0.33237264627438956,0.020478563122251048
9,gpboost_exact,292,-0.04974216723391217,-0.02853864378528328,-0.5457560254014879,0.44805666491999585,-0.49601385816757576
9,gpboost_exact,293,-1.2606178661548422,-1.2127044619240552,-1.0827798342730026,0.3498848581249259,0.17783803188183955
9,gpboost_exact,294,-0.2610040916929972,-0.28109363298401924,-0.33720238237473943,0.30877803383147173,-0.07619829068174222
9,gpboost_exact,295,0.6420654089870783,0.5959465260673719,0.7215984118325371,0.2505564164766213,0.07953300284545883
9,gpboost_exact,296,-0.9201300355599749,-0.9651937223688908,-0.5585509771018384,0.37673934331928793,0.3615790584581364
9,gpboost_exact,297,-0.16662371855690802,-0.33297743195150764,-0.4422454647808145,0.3551294694375434,-0.27562174622390645
9,gpboost_exact,298,-0.4732456202664117,-0.4055071672393273,-0.231115209185365,0.2793640471253042,0.24213041108104671
9,gpboost_exact,299,-0.46154592176857107,-0.5040727330782608,-0.7634373709245903,0.30937009109198893,-0.30189144915601923
10,gpboost_exact,0,-0.018133937805316816,0.03327317707423676,-0.06905083005130308,0.30245959608893114,-0.050916892245986264
10,gpboost_exact,1,0.01935726717076705,0.12432064037159941,-0.2018840349297708,0.27475465461785736,-0.22124130210053786
10,gpboost_exact,2,1.0342087432265112,0.9301387453966492,0.5199577067444392,0.2541060908272937,-0.514251036482072
10,gpboost_exact,3,-0.424071959802075,-0.24478543887257187,-0.311083768877916,0.25395275882187507,0.11298819092415902
10,gpboost_exact,4,0.16898344580234476,0.38561965847521584,0.18159859127773004,0.2937482506661272,0.012615145475385281
10,gpboost_exact,5,-0.2593665744249303,-0.3680947207071482,-0.5045171028038271,0.2657498573647281,-0.24515052837889684
10,gpboost_exact,6,-0.3166904067297561,-0.3767693421346625,0.24767811756448355,0.30675510204462214,0.5643685242942397
10,gpboost_exact,7,0.13359497139987342,0.02455379787908779,0.45782378924292466,0.3111649031087105,0.32422881784305124
10,gpboost_exact,8,0.7529416484432588,0.8651324466420908,0.47686838243889307,0.28904123671721976,-0.27607326600436577
10,gpboost_exact,9,-0.02126595921844779,0.06259561756655847,0.24204111253246108,0.27752201021341283,0.26330707175090884
10,gpboost_exact,10,-0.6761218194091158,-0.6893203901639323,-0.6630041307874546,0.28315309059489613,0.013117688621661183
10,gpboost_exact,11,0.9157431445203608,0.9953686316576941,0.799749304482511,0.30383655983962443,-0.11599384003784974
10,gpboost_exact,12,-0.8015107224568655,-0.7296078621161705,-0.7803912334447185,0.30517165640498806,0.021119489012146997
10,gpboost_exact,13,0.2808974616117387,0.4112057113209884,0.16379198952730745,0.301762334212559,-0.11710547208443123
10,gpboost_exact,14,0.44551221779645167,0.4284277869386513,0.3226747865696842,0.29304038394718107,-0.12283743122676749
10,gpboost_exact,15,0.20766771651064908,0.37428878141719946,0.12040260516550916,0.29328900631094224,-0.08726511134513992
10,gpboost_exact,16,-0.5756434822712211,-0.5422570869426817,0.15186978878633628,0.3131434813418872,0.7275132710575574
10,gpboost_exact,17,0.597890153312313,0.5235567242369339,0.3731034902983943,0.29762260056695466,-0.2247866630139187
10,gpboost_exact,18,-0.08626719084482026,-0.12274984384087162,-0.02804543862409581,0.24839253021268135,0.058221752220724454
10,gpboost_exact,19,0.2525078692828627,0.1750763201622204,0.260523057346461,0.2990528484672907,0.0080151880635983
10,gpboost_exact,20,-0.3458270685387972,-0.4107189894990924,-0.18243820207817674,0.30149596962485564,0.16338886646062045
10,gpboost_exact,21,0.952207602498174,1.1710949941477171,0.6266833460761569,0.29577416438313664,-0.3255242564220171
10,gpboost_exact,22,-0.29011446388903783,-0.30905712088241655,-0.3158645673024285,0.21787671209715115,-0.02575010341339068
10,gpboost_exact,23,-0.025063223511582425,0.05712454800276226,-0.11217771188641956,0.31159335353299344,-0.08711448837483714
10,gpboost_exact,24,-0.5350265956509747,-0.49473465404509753,-0.3938723314034789,0.21650432820321006,0.14115426424749578
10,gpboost_exact,25,-0.13125256540572497,-0.11456317332961578,0.20059318840194984,0.27540404374835126,0.3318457538076748
10,gpboost_exact,26,0.03525744591236189,0.1285774505450024,0.09874662687587854,0.29266988610917505,0.06348918096351665
10,gpboost_exact,27,1.8061381665193839,1.6713719487477574,1.2173632707876845,0.3420680638279408,-0.5887748957316994
10,gpboost_exact,28,0.3608494644540551,0.4184190817678888,0.20718457044409533,0.29155158401657527,-0.15366489400995975
10,gpboost_exact,29,0.42671848278384417,0.49749128799951403,0.24329804765041052,0.2740311802334222,-0.18342043513343365
10,gpboost_exact,30,-0.29463281069355407,-0.20562536654951025,0.12957556685438476,0.3172207148897035,0.42420837754793883
10,gpboost_exact,31,0.02342657932977743,-0.1289085373187241,-0.004087661485554506,0.3111174472024323,-0.027514240815331936
10,gpboost_exact,32,1.3045923384070972,1.4130952160425403,0.878813083881715,0.322282706739421,-0.42577925452538223
10,gpboost_exact,33,-0.191071998790108,-0.29916515467781596,0.18964764072709972,0.3054001479753586,0.3807196395172077
10,gpboost_exact,34,0.014595958982930202,-0.01997163638538183,0.3512669160737767,0.3281488410767041,0.3366709570908465
10,gpboost_exact,35,-0.20874061388912746,-0.11617310912915296,0.19439047270735488,0.30410434542157255,0.40313108659648234
10,gpboost_exact,36,-0.24899432104808078,-0.11638627851663277,0.21637386197319763,0.31170634349500015,0.4653681830212784
10,gpboost_exact,37,-0.4727830522051642,-0.396784689169062,-0.22972108765198263,0.3051930246425568,0.24306196455318158
10,gpboost_exact,38,0.84795716396625,0.960216933111191,0.870346996104022,0.3185919726647802,0.022389832137772014
10,gpboost_exact,39,-0.5113268658945951,-0.5794528933505576,-0.3917026399482264,0.19926122357348205,0.11962422594636868
10,gpboost_exact,40,0.9913797584847713,0.9100320000448774,0.7440900287346244,0.256874579700423,-0.24728972975014696
10,gpboost_exact,41,0.4686911261387162,0.6008217798359239,0.1620491021461028,0.2656510872339045,-0.3066420239926134
10,gpboost_exact,42,0.07248448100119509,0.14527362924789267,0.4151223408853726,0.2659740079210334,0.3426378598841775
10,gpboost_exact,43,0.46283446756344404,0.36693491456104993,0.5761198839401,0.1884989621108241,0.11328541637665601
10,gpboost_exact,44,-0.11322027854613012,0.10054571503186274,0.14063264203685488,0.28721543484797907,0.25385292058298503
10,gpboost_exact,45,0.9186396370274938,0.8196275933820217,0.6404307589753362,0.33637348716604004,-0.27820887805215766
10,gpboost_exact,46,0.46112044315179673,0.6615470030315833,0.34775750097560865,0.28130237259506635,-0.11336294217618809
10,gpboost_exact,47,-0.014763706009209066,-0.18190224040306394,-0.1874348373899588,0.2523280644857865,-0.17267113138074974
10,gpboost_exact,48,-0.43818286540223134,-0.6035743563038667,-0.2979959873520057,0.29395465609727717,0.14018687805022562
10,gpboost_exact,49,0.7305340247579714,0.6421365984648377,0.5087003050332202,0.31846508689120795,-0.2218337197247512
10,gpboost_exact,50,0.666157094405804,0.5518421714157214,0.3703486934649449,0.20930262715385964,-0.29580840094085903
10,gpboost_exact,51,0.08350447354699692,0.09648691183803194,0.10482024301708082,0.28366069546292966,0.0213157694700839
10,gpboost_exact,52,0.12331635579437855,0.17738827314292202,-0.2100512810945201,0.32547230156688944,-0.33336763688889864
10,gpboost_exact,53,-0.07132605549446502,0.030002427306128787,-0.3031021421250628,0.2892762677227646,-0.2317760866305978
10,gpboost_exact,54,0.3883488465239133,0.4671813288256596,0.332363870421565,0.2985812979224733,-0.055984976102348316
10,gpboost_exact,55,-0.2399195566759571,-0.19932735452614675,-0.18851931753290074,0.26269257550747827,0.05140023914305636
10,gpboost_exact,56,0.35128462676472755,0.3507626837410285,0.07008810333263948,0.2521302265904324,-0.28119652343208806
10,gpboost_exact,57,-0.7345094661018858,-0.7666945158012157,-0.6141067835450933,0.326522680714552,0.12040268255679254
10,gpboost_exact,58,-0.15393762968298658,-0.18924611616859371,-0.13901708181779693,0.2990840787322843,0.014920547865189648
10,gpboost_exact,59,-0.04475631281770953,0.03644535799754001,0.02268477108101452,0.2633910744418406,0.06744108389872405
10,gpboost_exact,60,-0.9203733369262481,-1.0274997750593642,-0.860284763817788,0.28615360297340514,0.060088573108460164
10,gpboost_exact,61,0.11517180734713384,0.31242487080936554,0.2518942333152765,0.29745293916355736,0.13672242596814266
10,gpboost_exact,62,0.3956803559281481,0.2621575334998859,0.18016833969353718,0.369273428954112,-0.21551201623461091
10,gpboost_exact,63,0.3339136718375104,0.3546651828606801,0.23223756733832168,0.22846458125263122,-0.10167610449918874
10,gpboost_exact,64,-0.1459466807612697,-0.17924983399140587,-0.028331573884122108,0.3206611450669555,0.1176151068771476
10,gpboost_exact,65,-0.3225533337428994,-0.3699680521719939,-0.13772229777963885,0.298877989988062,0.18483103596326056
10,gpboost_exact,66,0.3764083852418917,0.42900974681723636,0.3109318303709152,0.2964900833912711,-0.06547655487097648
10,gpboost_exact,67,-0.9790151262241392,-1.0545170034652431,-0.7047714646621284,0.30224209341463965,0.27424366156201085
10,gpboost_exact,68,-0.2564537867554102,-0.2105255559892374,-0.2459802953111141,0.28313817024115295,0.010473491444296101
10,gpboost_exact,69,-0.09357580899038503,0.09813837956280397,0.25190782191627026,0.29775720597261446,0.3454836309066553
10,gpboost_exact,70,-0.21378859415283763,-0.3087074000916271,-0.2175116665924528,0.26504450902231785,-0.0037230724396151715
10,gpboost_exact,71,-0.37499149043507607,-0.364554488471752,0.20273609839279239,0.3031427145099696,0.5777275888278685
10,gpboost_exact,72,0.46954500376746955,0.45414331193723584,0.25146639075958754,0.24338891266975188,-0.218078613007882
10,gpboost_exact,73,0.3952740646398184,0.3599708914881349,0.08768883909782277,0.30667358135877526,-0.30758522554199563
10,gpboost_exact,74,0.5392138400899604,0.5116195483133189,0.2291805860248486,0.33029626835389964,-0.31003325406511184
10,gpboost_exact,75,-0.38392125166925434,-0.1902818134643845,-0.13458447187061218,0.21356818182065346,0.24933677979864216
10,gpboost_exact,76,-0.38431810603940186,-0.24994449450723663,-0.15537308227371627,0.25422688586260334,0.2289450237656856
10,gpboost_exact,77,-0.14962487258518925,-0.1742473177675935,0.0897667679479226,0.26823246285328045,0.23939164053311185
10,gpboost_exact,78,0.5817801114727599,0.5596904228235845,0.613131290493329,0.2963038446278135,0.031351179020569164
10,gpboost_exact,79,0.09181453797531501,0.04885931820025381,0.2460690022934049,0.3043896864145099,0.15425446431808987
10,gpboost_exact,80,0.3665611789484824,0.3463879439658333,0.4415325120038296,0.2841156875318232,0.0749713330553472
10,gpboost_exact,81,0.08843900495659726,0.16382555609777538,0.1505188368240571,0.2977399680319975,0.06207983186745983
10,gpboost_exact,82,-0.30674198759033267,-0.39114196636268783,-0.15176174011141574,0.32213093762322,0.15498024747891692
10,gpboost_exact,83,0.817697085018488,1.0125841182499795,0.5635013507155886,0.24804546404609093,-0.25419573430289943
10,gpboost_exact,84,0.1875959631749999,0.050878420693035664,0.0037910330678592175,0.3191326502715384,-0.1838049301071407
10,gpboost_exact,85,-0.39291936355064633,-0.3865153664795792,-0.18383001696114176,0.3211807871917639,0.20908934658950457
10,gpboost_exact,86,0.2453917915303031,0.2117268441688224,0.28061988701970764,0.26228118560395514,0.03522809548940453
10,gpboost_exact,87,0.4585768434218823,0.3523567331894737,0.07684570147983916,0.2553072630884721,-0.38173114194204316
10,gpboost_exact,88,0.13875534967070097,0.33043265657642495,0.42533161935721164,0.2689069267631877,0.2865762696865107
10,gpboost_exact,89,-0.39450583070925044,-0.3809613929834141,-0.31071529715420887,0.21632040904698774,0.08379053355504157
10,gpboost_exact,90,-0.17758153194836307,-0.06766317806110927,-0.4594571904470195,0.28994652217970607,-0.2818756584986564
10,gpboost_exact,91,0.8712389505825751,0.849726387769836,0.6183653989763158,0.23754737665039938,-0.25287355160625924
10,gpboost_exact,92,-0.3968053780244837,-0.5184494261835877,0.0004012614468891229,0.2581279849967459,0.3972066394713728
10,gpboost_exact,93,-0.10624458813520882,0.14952555166536874,-0.27489141993587696,0.16057308833290423,-0.16864683180066814
10,gpboost_exact,94,0.33749624524086214,0.37950516931367845,0.19241282024341233,0.2127675251686773,-0.1450834249974498
10,gpboost_exact,95,0.09041189802239899,0.11126232441374065,0.2064320066670664,0.34946075777480123,0.11602010864466741
10,gpboost_exact,96,0.5725996287104244,0.5385539526386077,0.34367326204982085,0.19620968034756273,-0.2289263666606035
10,gpboost_exact,97,-0.8838932141156666,-0.7504578311047475,-0.8706337386196763,0.3498224012785888,0.01325947549599027
10,gpboost_exact,98,-0.11559997365848972,-0.2951396642092088,-0.19163091675375954,0.18012656721432183,-0.07603094309526982
10,gpboost_exact,99,1.0227581215002643,1.2092020330930626,0.379098062198036,0.28466737088912714,-0.6436600593022284
10,gpboost_exact,100,1.1487376014430495,1.1671975171078273,0.7947541790162032,0.29138634048947204,-0.35398342242684633
10,gpboost_exact,101,1.158069958728671,0.9528722472002229,1.0240715146769919,0.38668727361391175,-0.13399844405167904
10,gpboost_exact,102,-0.037801509209065165,-0.010790227809162233,-0.15131857544363747,0.30222506090623563,-0.1135170662345723
10,gpboost_exact,103,-0.16504447727280297,-0.06669487416585815,-0.15536450062175255,0.31369690571888786,0.009679976651050415
10,gpboost_exact,104,1.0144676041711924,1.152073141953149,0.5466679284233606,0.28446273546567646,-0.46779967574783177
10,gpboost_exact,105,-0.31893079664997914,-0.3245999834937521,0.0911504817203932,0.29888174349756863,0.41008127837037234
10,gpboost_exact,106,-0.26601239253655296,-0.11702771779359991,0.17316214627320425,0.36002178612120994,0.4391745388097572
10,gpboost_exact,107,0.5659020677939355,0.46598989059151213,0.24415804433142374,0.3636504414472537,-0.32174402346251174
10,gpboost_exact,108,-0.232463357906185,-0.2270491894992751,-0.4288846301317215,0.3129326516512138,-0.19642127222553651
10,gpboost_exact,109,0.847772983683995,0.7466699705582069,0.4651804946264413,0.2890786155980648,-0.3825924890575537
10,gpboost_exact,110,-0.22316025331779332,-0.2097464854688394,-0.01719541406719083,0.27018728634107025,0.2059648392506025
10,gpboost_exact,111,0.46365749793395006,0.4485551623251523,0.28452572541496535,0.28551611922816833,-0.1791317725189847
10,gpboost_exact,112,1.1793529759542765,0.9578946812661571,0.5821361724202401,0.32708815387899204,-0.5972168035340364
10,gpboost_exact,113,-0.12698254857851898,-0.13539673790271375,0.23120789263682529,0.29293697436137367,0.35819044121534427
10,gpboost_exact,114,0.3532664102299711,0.38864199600573857,0.3063266168924592,0.2098084810042225,-0.04693979333751186
10,gpboost_exact,115,-1.0233904026681073,-1.033740280103713,-1.0544602087643935,0.3079750197306724,-0.03106980609628618
10,gpboost_exact,116,-0.23492812690078765,-0.31854122240718596,-0.46572058194011534,0.2853386699372949,-0.2307924550393277
10,gpboost_exact,117,1.6424783879752083,1.6604730894737052,1.27910360392339,0.32902175321935656,-0.3633747840518182
10,gpboost_exact,118,-0.15165506264336104,-0.16866216695836697,0.22141165453800227,0.3077372637508492,0.3730667171813633
10,gpboost_exact,119,-0.19453292478641693,-0.2379185204080567,-0.2960939047861224,0.2760533626288272,-0.10156097999970548
10,gpboost_exact,120,-0.24929658417929412,-0.24250750907292665,0.12993713971399412,0.294195656000954,0.37923372389328824
10,gpboost_exact,121,-0.7388097275602692,-0.7485677997591522,-0.5160463659727403,0.27569276863818026,0.22276336158752885
10,gpboost_exact,122,-0.17996198744001893,-0.2698676454162654,-0.2516540345999019,0.2207431762660328,-0.07169204715988295
10,gpboost_exact,123,0.27687981717239185,0.18879070691632682,0.4153135204561962,0.28201220762669,0.13843370328380433
10,gpboost_exact,124,0.5917668455313073,0.7247279659102743,0.49284290529241703,0.2932526391628351,-0.09892394023889028
10,gpboost_exact,125,0.0825680299396851,-0.07755031994303002,0.3567354141574741,0.27735677790857033,0.274167384217789
10,gpboost_exact,126,-0.37430787539165405,-0.40976666689987734,-0.2549912519641526,0.25763609979743524,0.11931662342750143
10,gpboost_exact,127,-0.1952421471939727,-0.24011241513461223,0.13952631784553082,0.3035649250350698,0.3347684650395035
10,gpboost_exact,128,0.4527821975390949,0.5205613306656767,0.33349304863828344,0.3101786070250342,-0.11928914890081144
10,gpboost_exact,129,0.8245717757396522,0.7786967306455486,0.5816544478975016,0.29136757337568814,-0.2429173278421506
10,gpboost_exact,130,-0.22864140561320903,-0.20569205582687713,-0.2822088048490099,0.3065284817115673,-0.05356739923580087
10,gpboost_exact,131,0.28172626969858094,0.28615074900768395,0.12003747809481258,0.23771708850800957,-0.16168879160376837
10,gpboost_exact,132,-0.17059408145641564,-0.07460967672446814,-0.015526413333681433,0.29098552354547275,0.1550676681227342
10,gpboost_exact,133,-0.7228458381943038,-0.7208726826215646,-0.635977354448376,0.33007841070625205,0.08686848374592782
10,gpboost_exact,134,0.24598658289676592,0.20517943922628362,0.2462109100743417,0.33620817711714945,0.0002243271775757838
10,gpboost_exact,135,-0.15786514992155268,-0.26120268072221886,-0.016658488307147223,0.2176262296938992,0.14120666161440545
10,gpboost_exact,136,-0.14167205440504743,-0.1773847116335101,-0.10158879330644366,0.30771237058265233,0.04008326109860377
10,gpboost_exact,137,0.5467415214974874,0.6110652701223998,0.4147703849310407,0.28003574594384745,-0.13197113656644677
10,gpboost_exact,138,-0.09814402368488961,-0.08143761979049673,0.2598929227286888,0.3084300627909798,0.3580369464135784
10,gpboost_exact,139,0.04696663102870058,-0.08303262881154169,-0.14657265021684296,0.28691998163627624,-0.19353928124554354
10,gpboost_exact,140,0.6304706407700391,0.670305294301393,0.3386673260325468,0.1774064874114747,-0.2918033147374923
10,gpboost_exact,141,0.1325076790263056,0.030770407521799076,-0.12866049437933835,0.23457670826067326,-0.26116817340564397
10,gpboost_exact,142,-0.35310497240067007,-0.3273701710366069,-0.19574349095744292,0.29443081611226346,0.15736148144322715
10,gpboost_exact,143,-0.3522964399363166,-0.3029577534327693,-0.037555165135204405,0.3028327018949964,0.3147412748011122
10,gpboost_exact,144,0.1411772272535987,-0.03955206659215743,0.10467401218730554,0.27226854312887094,-0.03650321506629317
10,gpboost_exact,145,0.342845346850854,0.38914768737178845,-0.028443935133557474,0.2683826981931788,-0.37128928198441147
10,gpboost_exact,146,-0.36502632915668665,-0.3191838634055556,0.02224353650887778,0.2578059370248376,0.38726986566556443
10,gpboost_exact,147,0.511117327567308,0.26049761123650117,0.20274155038333852,0.3061587653871953,-0.30837577718396947
10,gpboost_exact,148,-0.4835714807242742,-0.3869263768905455,-0.4177895259446731,0.28035395439289035,0.06578195477960108
10,gpboost_exact,149,0.2754799453367712,0.16542252130708318,0.1583294006404934,0.2888556100281062,-0.11715054469627784
10,gpboost_exact,150,-0.3802430702237492,-0.5062474011749729,-0.1860633674799983,0.304397881286898,0.1941797027437509
10,gpboost_exact,151,-0.9429669128161087,-1.0604558143809513,-1.0873548525933363,0.3811118973041349,-0.14438793977722764
10,gpboost_exact,152,1.1622933082438482,1.0332152614953671,0.887729827278831,0.33624260191771627,-0.27456348096501726
10,gpboost_exact,153,0.8285851016513502,0.9000552993996487,0.37778885603579937,0.2209336470346366,-0.4507962456155509
10,gpboost_exact,154,-0.4309379379886904,-0.375825861562059,-0.786571430367982,0.3558374569973974,-0.35563349237929165
10,gpboost_exact,155,0.14338759065334447,0.3290281146924605,0.1887261884537974,0.27846850670426365,0.045338597800452934
10,gpboost_exact,156,0.09058449729676604,0.20532485666692696,0.23680325855445128,0.3012639157282215,0.14621876125768524
10,gpboost_exact,157,0.6056899959810261,0.7076269430653783,0.316564971361335,0.18151734500775168,-0.28912502461969114
10,gpboost_exact,158,-0.7735575436436479,-0.7012844268830497,-0.10967322959012726,0.3211052212702913,0.6638843140535207
10,gpboost_exact,159,0.04721608364228036,-0.08954475545814605,0.2274616722759104,0.20125574612231914,0.18024558863363005
10,gpboost_exact,160,-0.4001618679246327,-0.601542016384084,-0.21856632723650904,0.2895431422926777,0.18159554068812367
10,gpboost_exact,161,-0.9782073553708766,-1.0342751817123947,-0.8120726354976515,0.318646445298435,0.16613471987322503
10,gpboost_exact,162,0.5245216398646989,0.5955684851778288,0.2953807560806556,0.2692042995953534,-0.2291408837840433
10,gpboost_exact,163,-0.8765524037267785,-0.8681645039057798,-0.7595121707563339,0.3063680631326167,0.11704023297044452
10,gpboost_exact,164,0.18392691174111836,0.28367545710137154,0.18013373298368274,0.27931433304991377,-0.0037931787574356224
10,gpboost_exact,165,0.5200363101946195,0.4019660925429233,0.0700949197683931,0.2604580481322016,-0.4499413904262264
10,gpboost_exact,166,-0.20448576129349894,-0.09718350142656608,-0.06721200493719515,0.291502469942962,0.1372737563563038
10,gpboost_exact,167,-0.5813999531706344,-0.6428332429068855,-0.5528843021702752,0.30132798089192225,0.028515651000359243
10,gpboost_exact,168,0.8319939702723285,0.5698587266668284,0.4589240945951869,0.2945877309372155,-0.37306987567714156
10,gpboost_exact,169,0.039857663182242306,-0.09199685810239346,0.12608610439715395,0.1936226624220858,0.08622844121491165
10,gpboost_exact,170,0.43326497631761696,0.43357126013031344,0.27076157442168824,0.2921985157438543,-0.1625034018959287
10,gpboost_exact,171,0.3939594525423109,0.40938934005715766,0.2987211177717346,0.2987494028918426,-0.0952383347705763
10,gpboost_exact,172,0.8749459664046362,0.8593060334791155,0.47071737916293044,0.2980248464154102,-0.40422858724170574
10,gpboost_exact,173,0.4825766416729242,0.4576679975752847,0.41411402251384866,0.2956786542579596,-0.06846261915907553
10,gpboost_exact,174,0.29459864246253625,0.2478944759555242,0.1274724441929722,0.23794793263598377,-0.16712619826956404
10,gpboost_exact,175,-0.3943622650882689,-0.33795232619700394,-0.47062399305064595,0.219328726504215,-0.07626172796237707
10,gpboost_exact,176,-0.2753822314902267,-0.3870899358755696,-0.16159529920051252,0.2859795061820098,0.1137869322897142
10,gpboost_exact,177,0.5286925428845339,0.548299333095609,0.20279269405782463,0.310999481564776,-0.3258998488267093
10,gpboost_exact,178,1.1509547215965539,1.1006631211755378,1.0108730097255245,0.30403193682314134,-0.14008171187102936
10,gpboost_exact,179,-0.3226937947604268,-0.3219288442716129,-0.05260149263597613,0.2769137279587378,0.2700923021244507
10,gpboost_exact,180,0.1750597546462248,0.18556285004384948,-0.004549383266925222,0.3269339941678374,-0.17960913791315003
10,gpboost_exact,181,0.25154911157486415,0.3270100690449637,0.4398596845707905,0.22775168889902186,0.18831057299592635
10,gpboost_exact,182,0.8233372858054009,0.7460264912779936,0.5783076666538629,0.30117773644171447,-0.24502961915153798
10,gpboost_exact,183,0.20181530565097835,0.20524770723570207,0.28302019307444715,0.24884492240525144,0.08120488742346879
10,gpboost_exact,184,1.3025737576275986,1.1432180603611009,0.8996303627615121,0.321939073244137,-0.40294339486608655
10,gpboost_exact,185,-0.2566682548831939,-0.13181368769226853,-0.32527512108526757,0.29297563001941623,-0.06860686620207368
10,gpboost_exact,186,-0.0633318274090468,-0.05714226593671559,-0.2586174373223469,0.29065747331313085,-0.19528560991330007
10,gpboost_exact,187,0.27823964936687506,0.28930377646984146,0.3273212999306221,0.2938727339165434,0.049081650563747026
10,gpboost_exact,188,-0.36985384882456224,-0.2372200008103947,-0.06688343708756062,0.29126934061674864,0.3029704117370016
10,gpboost_exact,189,0.028413989992399885,0.1531777196594596,0.032326192930248965,0.25176750829685723,0.00391220293784908
10,gpboost_exact,190,-0.812753538994647,-0.7248632516477758,-0.826480782534587,0.34566364017081175,-0.013727243539940037
10,gpboost_exact,191,-1.0326539751307335,-0.8604955931277306,-0.7460683196666649,0.29919688769310593,0.28658565546406867
10,gpboost_exact,192,-0.670332263265863,-0.4990660759598875,0.049246697074062595,0.3258013210818496,0.7195789603399256
10,gpboost_exact,193,-0.14463633208376064,-0.10633470333492367,-0.2439119931446685,0.2976021525619175,-0.09927566106090785
10,gpboost_exact,194,0.467075738633512,0.5267886690157961,0.3943236364828753,0.2550367793785917,-0.07275210215063671
10,gpboost_exact,195,1.1127496984041099,1.174574609418899,0.6990555728457526,0.3160137997184155,-0.4136941255583573
10,gpboost_exact,196,-0.46886739398742167,-0.4620804366882926,-0.17867136753812574,0.3003360582401732,0.29019602644929593
10,gpboost_exact,197,0.2407150102410009,0.2840268581103441,0.38888468470914184,0.31453173559117176,0.14816967446814094
10,gpboost_exact,198,-0.11949142741273372,-0.2571895195975335,0.16021914663839354,0.2564962267535374,0.27971057405112726
10,gpboost_exact,199,-0.37872515850503236,-0.23048951622160913,-0.3140802657116222,0.2535228127246355,0.06464489279341018
10,gpboost_exact,200,-0.30585601559562425,-0.21465540136218036,-0.5512381166642109,0.24630999076800728,-0.2453821010685866
10,gpboost_exact,201,0.0725540075364314,0.059196276312210666,-0.0955450514915075,0.28433852120511216,-0.1680990590279389
10,gpboost_exact,202,-0.31595727586510713,-0.1994720867815426,-0.1101703706582926,0.26016896797197125,0.20578690520681453
10,gpboost_exact,203,0.28825206441362106,0.17412821225622355,0.0020593599558749176,0.27729972453347734,-0.28619270445774614
10,gpboost_exact,204,0.4820049738906511,0.494305391082863,0.33446757877964206,0.2915071741801693,-0.14753739511100905
10,gpboost_exact,205,-0.11538570697335471,-0.12790413066960954,0.252026024610033,0.3085656902251913,0.3674117315833877
10,gpboost_exact,206,0.6994148154595577,0.5881755252409397,0.6776597058968115,0.15906799078561687,-0.02175510956274629
10,gpboost_exact,207,0.8512351947764749,0.8585173688371038,0.8574230657339061,0.3496950624612179,0.00618787095743123
10,gpboost_exact,208,0.8721077993318962,0.9911164661280046,0.4603813915383539,0.23214331899848875,-0.4117264077935423
10,gpboost_exact,209,0.7002460620090887,0.7738128666997228,0.6342298576376653,0.3003037454119064,-0.06601620437142341
10,gpboost_exact,210,0.2718050436237728,0.19359207001705178,0.06169783412606744,0.26558074087495365,-0.21010720949770534
10,gpboost_exact,211,-1.4332034478407987,-1.473484238975686,-0.8087625306978925,0.33790449853183985,0.6244409171429062
10,gpboost_exact,212,0.31090194458619347,0.27214197432705717,0.26355968222131887,0.2547192257354335,-0.0473422623648746
10,gpboost_exact,213,-0.2939026237117268,-0.3418262901865333,-0.38365070912358057,0.1687584833033386,-0.08974808541185375
10,gpboost_exact,214,-0.08727735503894857,-0.1451703136976376,-0.112796757172279,0.21879355232761527,-0.025519402133330427
10,gpboost_exact,215,1.0739140241153662,0.9201218356310007,0.5975456351862198,0.2609452928326713,-0.47636838892914635
10,gpboost_exact,216,0.4508822653770255,0.4542012667455034,0.6234027537066573,0.20164953769952626,0.1725204883296318
10,gpboost_exact,217,-0.575394858319282,-0.4196444761139163,-0.5619189856303084,0.2816780653667271,0.013475872688973656
10,gpboost_exact,218,0.044247830580799896,-0.03088091965871459,-0.047903418762179406,0.2878392976438572,-0.0921512493429793
10,gpboost_exact,219,-0.7226146378965894,-0.7255290425518666,-0.6982875844848433,0.2966820714190735,0.024327053411746125
10,gpboost_exact,220,0.9118986334918837,0.6130499184023122,0.7065280556893434,0.33814616613172005,-0.2053705778025403
10,gpboost_exact,221,-0.7840990477651797,-0.8117652772158855,-0.37519897606659325,0.4044478793231035,0.40890007169858644
10,gpboost_exact,222,-0.009039530542138352,0.19538811591091634,0.17773670740584047,0.2997890670658817,0.18677623794797882
10,gpboost_exact,223,-0.11484795631669553,-0.014269318196313496,0.06396010659731433,0.2512653441211044,0.17880806291400986
10,gpboost_exact,224,0.588081319944437,0.4590441827231613,0.3669294694671037,0.23524369240139298,-0.22115185047733332
10,gpboost_exact,225,-0.0060374927173456605,0.019698586565217086,0.20173660927787296,0.20084314755601407,0.20777410199521862
10,gpboost_exact,226,-0.10290062822777088,-0.14723689111042584,0.15433254152281872,0.2998669593497085,0.25723316975058963
10,gpboost_exact,227,0.9385179688144268,0.6797079242015813,0.47887641287417804,0.27811798800939175,-0.4596415559402488
10,gpboost_exact,228,-0.3126860309410999,-0.32083735758442844,-0.04441831752900072,0.2636255507409331,0.2682677134120992
10,gpboost_exact,229,1.2375795523385014,1.2582094250885623,0.581646215440986,0.2806480168478791,-0.6559333368975153
10,gpboost_exact,230,0.08682672610805561,-0.07687397773913168,0.006055593658386593,0.34210437374523844,-0.08077113244966902
10,gpboost_exact,231,0.8932942274774595,0.9100058476050379,0.6348077243131747,0.306562209253113,-0.2584865031642848
10,gpboost_exact,232,1.000324352216568,1.0778158781598384,0.5028450782429092,0.3247235562172062,-0.49747927397365865
10,gpboost_exact,233,0.20078224600993191,-0.007101022934704243,0.4061330528713549,0.21732629561690284,0.205350806861423
10,gpboost_exact,234,-0.22670995655979098,-0.17935290177679106,0.07823214994441763,0.2878140574375698,0.3049421065042086
10,gpboost_exact,235,-0.10487334908104139,-0.20124090368710645,-0.11196561631067148,0.2779611222141323,-0.007092267229630092
10,gpboost_exact,236,-0.3015949761325477,-0.39861798089288,0.12848111558804565,0.37398428018360413,0.43007609172059336
10,gpboost_exact,237,-0.24989488930997428,-0.10626579066550065,0.03800898246237594,0.3027908550884865,0.2879038717723502
10,gpboost_exact,238,0.9717033171175162,0.9428609517213404,0.5649080278625944,0.2788274939329417,-0.4067952892549218
10,gpboost_exact,239,-0.701621483539556,-0.6772090626680473,-0.49420061143862526,0.32799323944717124,0.20742087210093074
10,gpboost_exact,240,0.2611703965851019,0.3150418373043696,0.3218006880932762,0.18632571380519858,0.06063029150817434
10,gpboost_exact,241,0.5203598626657263,0.6517581327375298,0.4496217883798761,0.2979088366007031,-0.07073807428585022
10,gpboost_exact,242,-0.7102271543613099,-0.5550392501216339,-0.6081233620787874,0.2878469533382581,0.10210379228252253
10,gpboost_exact,243,-0.11911675500583098,-0.08450096033414368,-0.2542069967396454,0.26426130588299507,-0.13509024173381445
10,gpboost_exact,244,-0.9179861084714973,-0.9663383104218561,-0.6193230698191421,0.30434464795484184,0.2986630386523552
10,gpboost_exact,245,1.0471719547344975,1.162810227264309,0.7564908967269268,0.2908064068536902,-0.2906810580075707
10,gpboost_exact,246,0.40610437329235155,0.14523995219782954,0.14557878297156712,0.2683054338795724,-0.26052559032078443
10,gpboost_exact,247,-0.46469124234304654,-0.39226156688207825,-0.3041054609663778,0.254245319035416,0.16058578137666873
10,gpboost_exact,248,-0.40650138976167194,-0.29580699456061366,-0.4700694372502561,0.28111600028362627,-0.06356804748858413
10,gpboost_exact,249,1.0119571395719393,0.9511298234848562,0.4191096361429518,0.26642129628401656,-0.5928475034289875
10,gpboost_exact,250,-0.45983853289844795,-0.47066508313974825,-0.14685395152834824,0.30333824331593884,0.3129845813700997
10,gpboost_exact,251,-0.7175230846416915,-0.9196873301344565,0.01747265754509497,0.3284476749989887,0.7349957421867864
10,gpboost_exact,252,0.48539335425808156,0.40972929338095654,0.20647808725206263,0.2459339740284207,-0.27891526700601893
10,gpboost_exact,253,-0.9611218850926524,-1.087148928286681,-0.735182942125574,0.28942454881417884,0.2259389429670784
10,gpboost_exact,254,0.3199039672419869,0.25486989321250303,0.2750481772487521,0.3112522832148082,-0.04485578999323481
10,gpboost_exact,255,-0.09073922382347899,-0.2719834244392423,-0.07569927050029257,0.22863335507406216,0.015039953323186417
10,gpboost_exact,256,0.1973558421067737,0.2730646472822183,0.3361361423097553,0.27677903503282986,0.1387803002029816
10,gpboost_exact,257,0.371920711230856,0.2915985033873427,0.38612359540855934,0.3019380756206831,0.014202884177703323
10,gpboost_exact,258,-0.04923270136851374,-0.15413331262912977,-0.24989251969402826,0.2762190490379256,-0.20065981832551452
10,gpboost_exact,259,-0.6673069512273759,-0.5414264102814017,-0.646026276453834,0.27164771502015334,0.021280674773541897
10,gpboost_exact,260,-0.2650214428874822,-0.08833565449330577,-0.029499658297388542,0.31867170272093714,0.23552178459009365
10,gpboost_exact,261,0.8533055966530484,0.8754027530235766,0.41974533018858207,0.26330346847679525,-0.4335602664644663
10,gpboost_exact,262,0.2653424350541669,0.18961457957283379,0.17649040429673324,0.1850820222259824,-0.08885203075743364
10,gpboost_exact,263,-0.42069046983062863,-0.3154838680592105,-0.41498016877113697,0.3041518660365918,0.0057103010594916626
10,gpboost_exact,264,0.6388630297982849,0.6143264284359232,0.3979324936058313,0.2924431342719763,-0.24093053619245364
10,gpboost_exact,265,0.0989162363022597,0.06851236094309848,-0.00032350963673888344,0.2782025917306973,-0.09923974593899858
10,gpboost_exact,266,-1.1246900661207255,-0.9688395227975438,-0.8999936412995719,0.29270026001351945,0.2246964248211536
10,gpboost_exact,267,-0.18230799364987763,-0.2924332839943131,-0.24423985768768652,0.23396047406723536,-0.0619318640378089
10,gpboost_exact,268,-0.45810606083580196,-0.4917911676194487,-0.40209236776944923,0.26661191213615587,0.05601369306635273
10,gpboost_exact,269,0.4300656983189815,0.4529233267308031,0.34998200520461076,0.21093822203491946,-0.08008369311437075
10,gpboost_exact,270,-1.4433110335309642,-1.5196886381262962,-0.4345695629530768,0.3217990613670664,1.0087414705778874
10,gpboost_exact,271,-0.20877315899994434,-0.3680748576369164,-0.29671971700715094,0.30681629841161523,-0.0879465580072066
10,gpboost_exact,272,1.0761227817876222,1.137920969516698,0.747463759956835,0.2868891118831694,-0.3286590218307872
10,gpboost_exact,273,1.100942851976796,1.155561613764119,0.6531181785858644,0.3062866793548838,-0.4478246733909317
10,gpboost_exact,274,0.00015793299595473487,-0.06678651132617619,0.056581755521317945,0.2055686885651877,0.05642382252536321
10,gpboost_exact,275,-0.7213785249764242,-0.798755211833154,0.015548679687101163,0.3188318777584831,0.7369272046635253
10,gpboost_exact,276,-0.14354703171367308,0.05133824274936491,-0.28280086250979086,0.20232020066550127,-0.13925383079611778
10,gpboost_exact,277,0.7447293034293214,0.5614097187404271,0.02486076653954994,0.32781082644734133,-0.7198685368897715
10,gpboost_exact,278,0.189196612334811,0.2545364864925975,-0.06400207608197483,0.32224137068545444,-0.25319868841678583
10,gpboost_exact,279,1.2038494312142178,1.2311896426610573,0.7849391918320583,0.2965902580368736,-0.41891023938215954
10,gpboost_exact,280,0.6402275414238803,0.697227265674428,0.27055702097460976,0.3770669755558983,-0.3696705204492705
10,gpboost_exact,281,0.8104925371797487,0.7611986203015982,0.4149840087756571,0.27206707533304464,-0.39550852840409156
10,gpboost_exact,282,0.8042424730740568,0.7854129187608995,0.397553150551186,0.2839695830316524,-0.4066893225228708
10,gpboost_exact,283,0.009533158846597042,0.011323585517682005,0.052223561369840965,0.26287233488836936,0.04269040252324392
10,gpboost_exact,284,-0.29614067212111056,-0.3910721210791222,-0.13449702122167073,0.24259469116346324,0.16164365089943983
10,gpboost_exact,285,-1.3019578318002991,-1.4099239185322006,-0.8817010616888696,0.2999166839130251,0.4202567701114295
10,gpboost_exact,286,-0.4849119048567898,-0.4895586699657669,-0.6497412967446348,0.27853786462767033,-0.16482939188784496
10,gpboost_exact,287,-0.5196211277547592,-0.5963424383112649,-0.3088649854451573,0.23560980668173584,0.21075614230960193
10,gpboost_exact,288,-0.3464500486564031,-0.34372091381605985,-0.2187250717017477,0.34933975109582704,0.1277249769546554
10,gpboost_exact,289,-0.4411911185762521,-0.36124644844890286,-0.4765155360245372,0.20778266558047448,-0.03532441744828513
10,gpboost_exact,290,0.9247562501956447,0.8429441944071432,0.7728054677005312,0.2918679704709502,-0.1519507824951135
10,gpboost_exact,291,-0.43967156188686,-0.4037638940972075,-0.3792488367587836,0.22047181993685766,0.06042272512807639
10,gpboost_exact,292,0.04091278635898181,0.23791973848601378,0.08997887113248648,0.23649062064121262,0.04906608477350467
10,gpboost_exact,293,-0.41503182355334217,-0.5156928121063824,-0.2762961611097783,0.2075292783478173,0.1387356624435639
10,gpboost_exact,294,0.019106699753124956,0.04970623297041868,0.23913611214538522,0.33947124797010275,0.22002941239226026
10,gpboost_exact,295,-0.3184288047656336,-0.3178761726470259,-0.5238402296171687,0.21230340393120253,-0.20541142485153507
10,gpboost_exact,296,0.06646692003433544,0.00806341491618321,0.2170975652004694,0.3267189739269797,0.15063064516613398
10,gpboost_exact,297,0.28896790097035013,0.3690248799922942,0.322135354773895,0.25907702318283987,0.033167453803544855
10,gpboost_exact,298,0.9698842596915198,1.0589617879443203,0.6505029530981705,0.3201268556369195,-0.3193813065933493
10,gpboost_exact,299,-0.11061091940997878,-0.12524020244918063,0.2391956045628163,0.3262600362433383,0.3498065239727951
11,gpboost_exact,0,1.4141436937293685,1.5174726794017737,1.7754691280330022,0.3160267766277268,0.3613254343036336
11,gpboost_exact,1,1.5730932699188034,1.643835627511401,1.2723074187696,0.2613137202559117,-0.3007858511492034
11,gpboost_exact,2,0.5220829430865902,0.5040749930512898,0.5018082996059334,0.26610213189480714,-0.020274643480656773
11,gpboost_exact,3,2.0013808676814464,2.246746437605616,2.199690178361635,0.40890886197154547,0.19830931068018876
11,gpboost_exact,4,0.977603766380372,0.74431785530746,0.9201374137103286,0.329521074191429,-0.05746635267004341
11,gpboost_exact,5,2.0181570187243283,1.8161962114313606,2.0512135597777075,0.289490938127195,0.033056541053379185
11,gpboost_exact,6,1.50163151388402,1.6041781027477038,1.1528145988019602,0.2871967674999805,-0.3488169150820597
11,gpboost_exact,7,1.5202230776582446,1.6688502697988505,1.4259827976509598,0.4113409090250956,-0.0942402800072848
11,gpboost_exact,8,0.7401134621623303,0.8119200309125917,0.7204988951750977,0.29087310366889507,-0.01961456698723263
11,gpboost_exact,9,1.9137083200962992,2.018928645191172,1.973285369456562,0.32690298651950445,0.05957704936026276
11,gpboost_exact,10,0.5942586241676202,0.6995219641132923,0.9304774391551902,0.30416060967929803,0.33621881498757
11,gpboost_exact,11,0.09746355424504165,-0.10869783234146986,0.1993539566244138,0.22973743680510686,0.10189040237937215
11,gpboost_exact,12,0.8918704479076166,0.7990495636333886,0.8868695080845441,0.2089247197169401,-0.005000939823072481
11,gpboost_exact,13,0.7512239730211446,0.6827674373852063,1.0102427823087865,0.3005324299392251,0.25901880928764187
11,gpboost_exact,14,1.08057489697627,0.9998277221379274,0.6222174653935397,0.3072579067086054,-0.45835743158273035
11,gpboost_exact,15,2.383068825643365,2.268948061151136,2.2303884629473316,0.28428618935429145,-0.15268036269603336
11,gpboost_exact,16,1.623406365417443,1.7098497496677687,1.980926710673522,0.2527519166450109,0.3575203452560789
11,gpboost_exact,17,1.332891261947585,1.3505924137536256,0.9154989915691942,0.33492807028172256,-0.4173922703783908
11,gpboost_exact,18,0.9314688449497184,0.8993290133647182,1.0446786384500797,0.31434885281851793,0.11320979350036131
11,gpboost_exact,19,1.4840552354269505,1.3526957435320355,1.37654972574893,0.3309507072170994,-0.10750550967802042
11,gpboost_exact,20,1.4651192652945402,1.4706578310500442,1.3874321656112585,0.25638502382134865,-0.07768709968328169
11,gpboost_exact,21,2.5644323088967576,2.6196460498389937,2.6595155285932286,0.3101223240819116,0.09508321969647104
11,gpboost_exact,22,0.44984958988227997,0.520180735681067,0.5668678772232596,0.2649377070409022,0.11701828734097963
11,gpboost_exact,23,2.1590466913766155,2.2662894112967615,2.192635838486062,0.23509788320419217,0.03358914710944649
11,gpboost_exact,24,1.383762891262364,1.4383571967977222,0.949597344699697,0.2941633471468101,-0.43416554656266704
11,gpboost_exact,25,3.225278495410962,3.192250220582852,2.800035686456674,0.2687401726546146,-0.4252428089542879
11,gpboost_exact,26,3.4520834908854607,3.4952896829439832,3.0931209828818567,0.22749396270264244,-0.3589625080036041
11,gpboost_exact,27,1.2938633037523437,1.1484044143841834,1.0623951352078436,0.278176311753023,-0.23146816854450014
11,gpboost_exact,28,1.4430340236543968,1.4079209556583354,1.314404883473081,0.2377739814162243,-0.12862914018131577
11,gpboost_exact,29,0.8370183679692987,0.9773062116313672,0.6869927813607575,0.31415305969400803,-0.15002558660854126
11,gpboost_exact,30,2.7940954662871356,2.823392017522537,2.546738270881754,0.2973297883366074,-0.2473571954053817
11,gpboost_exact,31,1.688937621473905,1.8409101859509829,0.8783897127326057,0.30604377048310955,-0.8105479087412992
11,gpboost_exact,32,1.900205398420798,1.8994143046026435,1.6520906166878397,0.3426808222846786,-0.2481147817329583
11,gpboost_exact,33,0.21103560538581584,0.1411048926968494,0.600061533695488,0.28070278300182977,0.38902592830967214
11,gpboost_exact,34,0.6105399824303812,0.9066288871309289,0.8513088979614096,0.30168278739548576,0.24076891553102842
11,gpboost_exact,35,1.7237370564499266,1.6572016169493924,1.6859753460664706,0.19839054052293975,-0.03776171038345599
11,gpboost_exact,36,2.6370701779816206,2.6524338576117565,2.5811938814362847,0.3503501365794593,-0.05587629654533588
11,gpboost_exact,37,1.8103220462427765,2.0470720028687346,1.9050794445016308,0.21052088734481203,0.09475739825885432
11,gpboost_exact,38,0.8649487162053073,0.7937071509673879,1.2984378897762454,0.3002474947099419,0.4334891735709381
11,gpboost_exact,39,0.06199654709690683,-0.0944682677403387,0.7402518153875874,0.3243545604608634,0.6782552682906806
11,gpboost_exact,40,0.8760977964445239,0.8395839943027782,0.7782454132401497,0.3011561026827839,-0.09785238320437417
11,gpboost_exact,41,2.6714963966928194,2.758336238813822,2.5668706677355893,0.26175845095973244,-0.1046257289572301
11,gpboost_exact,42,0.9567413022976332,0.8489432872112579,0.9967184198022494,0.23089860228226114,0.03997711750461619
11,gpboost_exact,43,1.5336969589174732,1.3838529108556739,1.4107612298123229,0.23000328725607572,-0.12293572910515027
11,gpboost_exact,44,1.0898424693001545,1.0719315227475192,0.8454808978552819,0.26219758833726736,-0.24436157144487258
11,gpboost_exact,45,1.8944612622293604,1.8301624596046786,1.9574818011457609,0.3252710391976325,0.06302053891640047
11,gpboost_exact,46,1.1461232481706358,1.1646484202547207,0.8788255854008469,0.31777150044225855,-0.26729766276978895
11,gpboost_exact,47,2.2211302873693364,2.257158447551791,2.37935345560485,0.2801395123152671,0.15822316823551352
11,gpboost_exact,48,2.1835790169921436,2.0251471249011073,2.2149842832705744,0.32370099065072694,0.031405266278430766
11,gpboost_exact,49,2.4461932283231804,2.5776599755220486,2.6170527415790374,0.24687959556414732,0.17085951325585702
11,gpboost_exact,50,1.7557593934313513,1.6965479258197311,1.5769704142796641,0.22010360896690306,-0.17878897915168723
11,gpboost_exact,51,2.6367458972557123,2.574986957351812,2.61535038861237,0.23572765961977502,-0.021395508643342165
11,gpboost_exact,52,2.48733735904887,2.5667742639296476,2.3237686416347785,0.32023690886925915,-0.1635687174140914
11,gpboost_exact,53,1.1033013368337612,1.1162666382450441,1.0324576413325985,0.3125350467232237,-0.07084369550116265
11,gpboost_exact,54,1.4540479896654377,1.499665860047741,1.469782903432538,0.2354616687646861,0.015734913767100345
11,gpboost_exact,55,2.0002066638502285,2.078395038332393,2.0916927777417698,0.20793693456179937,0.09148611389154127
11,gpboost_exact,56,1.0331541461348428,1.083142505389312,0.7488361120997311,0.2909028468557944,-0.2843180340351117
11,gpboost_exact,57,1.091809020156267,1.116192626258532,0.7437043980807161,0.2733669303856537,-0.3481046220755508
11,gpboost_exact,58,2.500049146161614,2.3772154615313608,2.580838619068505,0.2914113655512499,0.08078947290689076
11,gpboost_exact,59,2.800357171567338,2.714285674279922,2.703798267505359,0.3008344172886559,-0.09655890406197898
11,gpboost_exact,60,1.0492820046416027,0.9978524410494615,1.2687212623617583,0.3093171314044297,0.2194392577201556
11,gpboost_exact,61,1.9512665506207096,1.9989869371662154,2.1828765671158337,0.17784718556172557,0.23161001649512403
11,gpboost_exact,62,0.7838744807249249,0.8520785722956428,0.7666435463639587,0.31482358690723333,-0.017230934360966232
11,gpboost_exact,63,1.0746266035637078,1.121334364540953,1.2220846228999847,0.27969972958128864,0.1474580193362769
11,gpboost_exact,64,0.9042540099930325,0.9581099254390387,0.4579192962461214,0.24653770020287918,-0.44633471374691114
11,gpboost_exact,65,2.1649519473437566,2.0682968743044805,2.0389009461899974,0.3496392400657318,-0.12605100115375922
11,gpboost_exact,66,1.348536498124653,1.299593100132647,1.3120192798525139,0.29541879766559986,-0.03651721827213916
11,gpboost_exact,67,2.073457087585292,1.9433114235295388,2.0448897646155046,0.23043945866329033,-0.028567322969787146
11,gpboost_exact,68,1.3488702530779477,1.3226512235904657,1.228356475282773,0.3145097718044,-0.1205137777951748
11,gpboost_exact,69,1.2942416327724344,1.1487971902068714,1.1651054515755064,0.32627632904377585,-0.12913618119692805
11,gpboost_exact,70,1.4724914077676745,1.4262514490334341,1.5888661843770322,0.3351571091015931,0.11637477660935769
11,gpboost_exact,71,1.046447721571763,0.8349245993919769,0.9017390876869484,0.35148596504259105,-0.14470863388481447
11,gpboost_exact,72,1.3988297509594618,1.3369037231157201,0.9346664600800239,0.2909799502884784,-0.464163290879438
11,gpboost_exact,73,0.08987375491472466,0.04884215281488441,0.6989117777698652,0.3609468376986173,0.6090380228551406
11,gpboost_exact,74,-0.15418006656594058,-0.037709745148948315,0.3558340582812036,0.32632309271743726,0.5100141248471441
11,gpboost_exact,75,0.4959229272346717,0.4436584492861507,0.8822296474568958,0.3555549331009994,0.3863067202222241
11,gpboost_exact,76,2.9553965710638637,3.003715748137686,2.924047420257523,0.1934898500257206,-0.03134915080634082
11,gpboost_exact,77,1.4735548999445969,1.6175938112625778,1.5410130905663806,0.32645972755809566,0.06745819062178371
11,gpboost_exact,78,2.413122001228104,2.5548485291894383,2.330042596087406,0.22948964835530516,-0.083079405140698
11,gpboost_exact,79,1.4942593906423003,1.5428810104384878,1.7092814368422111,0.2866387471765084,0.21502204619991083
11,gpboost_exact,80,1.1153611577335156,0.9517879637810991,0.917574204647579,0.30782240745763145,-0.19778695308593663
11,gpboost_exact,81,0.7693902270197504,0.726169985416134,0.7328818371638519,0.363923644356402,-0.03650838985589844
11,gpboost_exact,82,0.8402835964391417,0.926708924594858,0.7637114423845972,0.23240643050759538,-0.07657215405454454
11,gpboost_exact,83,2.142596195294596,2.1464063650400855,1.7052589777378984,0.28210491279356736,-0.43733721755669785
11,gpboost_exact,84,1.575116236475745,1.6438798162222361,1.204387673970409,0.21641153526938217,-0.37072856250533603
11,gpboost_exact,85,1.4829092425487043,1.3776819334816417,1.37786724236598,0.33169672251066973,-0.10504200018272436
11,gpboost_exact,86,1.476637984921385,1.4396345996899442,1.482978184500105,0.2738716487580161,0.006340199578720007
11,gpboost_exact,87,1.357366920822255,1.3991092638090783,1.4516942219322004,0.28936544430384403,0.09432730110994547
11,gpboost_exact,88,1.6377838247974001,1.4936804797923853,0.9833374444157812,0.3071550984733312,-0.654446380381619
11,gpboost_exact,89,1.7715804775659065,1.8010150493273092,1.9047435310227883,0.3515577815411996,0.13316305345688173
11,gpboost_exact,90,1.5686322264772783,1.5895052960503255,1.9373740313575212,0.24833115002974324,0.3687418048802429
11,gpboost_exact,91,2.6887213442241316,2.5902526758140527,2.471134393112017,0.31125320049301514,-0.21758695111211468
11,gpboost_exact,92,1.469099232726902,1.5488426598689014,1.4212133611717874,0.31361988111626116,-0.04788587155511448
11,gpboost_exact,93,0.9897448576254745,1.1271667842270425,0.7767239384320916,0.33006336856603047,-0.21302091919338284
11,gpboost_exact,94,1.958927597670192,2.0642181584950294,2.090024905009656,0.35733608052042765,0.13109730733946412
11,gpboost_exact,95,0.6942776484131976,0.7050386018522861,0.8031291991381906,0.32231759155553086,0.10885155072499297
11,gpboost_exact,96,2.89168975257186,2.8862961511332124,2.8768139347988395,0.16834710075776585,-0.014875817773020383
11,gpboost_exact,97,2.5244811664906806,2.55758723489675,2.30536413080673,0.26752755350001856,-0.2191170356839507
11,gpboost_exact,98,1.997953831579184,2.120278005612968,2.067631377783499,0.16738370265017133,0.0696775462043151
11,gpboost_exact,99,2.0503465279589075,1.9627993793411258,2.0203132640986183,0.2750188286696086,-0.03003326386028915
11,gpboost_exact,100,1.8223130142739965,1.9629387057647598,2.0366611331169366,0.43857055168544534,0.21434811884294014
11,gpboost_exact,101,1.976683032585116,1.9555263264759213,1.8512293448516317,0.3180814750529938,-0.1254536877334842
11,gpboost_exact,102,1.6588328029913022,1.6350556474766396,1.0442169163601065,0.2814122398095253,-0.6146158866311957
11,gpboost_exact,103,0.9989666406330219,0.9636815426293684,0.8019943709795356,0.3032600790584534,-0.19697226965348624
11,gpboost_exact,104,0.38963280964177316,0.5994625014467675,0.5319761206071121,0.3264686009655872,0.14234331096533892
11,gpboost_exact,105,1.449507748296137,1.3770948712965032,1.5662897217763678,0.2564175359110385,0.1167819734802309
11,gpboost_exact,106,1.0890981064883136,1.1858078382131125,1.0246628544784429,0.27292991183670834,-0.06443525200987077
11,gpboost_exact,107,1.4940672638487258,1.5128916290003895,1.6259853532909574,0.21486827935211844,0.1319180894422316
11,gpboost_exact,108,0.5640606268170886,0.48167694778642217,0.5551375850662055,0.331165094946163,-0.008923041750883098
11,gpboost_exact,109,0.650975679988423,0.5955511800413343,1.1818912144492941,0.33407221071817367,0.5309155344608711
11,gpboost_exact,110,1.0873932608325734,1.2114488928279123,1.287723100170421,0.3204525354488569,0.20032983933784765
11,gpboost_exact,111,0.8239476942720454,0.880339915098544,0.6671644431184731,0.2911355419876389,-0.15678325115357228
11,gpboost_exact,112,2.343803118621648,2.331814964970315,2.260179255406104,0.15629205912766725,-0.08362386321554371
11,gpboost_exact,113,2.7286769672740436,2.709455779802476,2.5026923922165167,0.256210023527458,-0.2259845750575269
11,gpboost_exact,114,1.4506186321526693,1.406369926730232,1.0624308026965252,0.4221974765604381,-0.38818782945614405
11,gpboost_exact,115,0.23949938986495148,0.35570721072368783,0.4545580338401578,0.2560343868065044,0.21505864397520633
11,gpboost_exact,116,2.015547226433984,2.138185741268672,1.8659328956993804,0.29175912410124183,-0.14961433073460384
11,gpboost_exact,117,1.263119309397187,1.111230465040752,1.2014613399446432,0.23918381468252392,-0.06165796945254387
11,gpboost_exact,118,1.1158744380440155,1.1432724125493225,0.8737336960950444,0.35173824481622845,-0.24214074194897117
11,gpboost_exact,119,2.2307034882175554,2.274776128421093,2.2693256867476563,0.28860519932615,0.03862219853010096
11,gpboost_exact,120,1.6718907129551919,1.560726395035608,1.3783265126731479,0.29700321081944625,-0.293564200282044
11,gpboost_exact,121,0.25880149549068837,0.20151907281876108,0.703031626323785,0.33932593944836403,0.44423013083309665
11,gpboost_exact,122,0.5124244124764107,0.488677769001859,0.7372646561644984,0.3460083049703658,0.22484024368808775
11,gpboost_exact,123,1.9974333152693649,2.0383957894965095,2.0098544599307075,0.3518302006072854,0.012421144661342698
11,gpboost_exact,124,1.8386304834418241,1.817479968816899,1.7790350777573707,0.321374843002268,-0.05959540568445343
11,gpboost_exact,125,1.6064623063289742,1.5764503990787861,1.3557256882788948,0.25861391827382546,-0.2507366180500794
11,gpboost_exact,126,1.4563441254842464,1.3463440775137623,1.8681287823834438,0.23561068303700697,0.4117846568991974
11,gpboost_exact,127,0.4527055554961026,0.5212413187447915,0.4291935261724902,0.3205169985823231,-0.023512029323612404
11,gpboost_exact,128,0.9899871533575454,0.9860922618370107,0.9135154374972672,0.3263777299750789,-0.07647171586027823
11,gpboost_exact,129,0.8050308734621359,0.7912062210137205,0.9656772922654184,0.31728546845383654,0.16064641880328256
11,gpboost_exact,130,0.9346814686814657,0.9054381486524996,0.888356399664616,0.3052049012809822,-0.04632506901684974
11,gpboost_exact,131,1.4542012181020563,1.3459968304304435,1.833997546497244,0.2377666256383944,0.37979632839518773
11,gpboost_exact,132,1.0486186000914164,0.919769400119965,0.9472168931016256,0.26074125228113376,-0.10140170698979079
11,gpboost_exact,133,1.841247078455786,1.9073410010259348,1.6051562604654421,0.22145893284741205,-0.23609081799034382
11,gpboost_exact,134,2.7146961235076423,2.6223255488147634,2.6647436392630723,0.23133504505564884,-0.049952484244569995
11,gpboost_exact,135,0.4845166327072827,0.41663826394084047,0.4969499378035209,0.35466278053900735,0.012433305096238245
11,gpboost_exact,136,0.9998728383231305,0.8633836087121037,0.5999283564308442,0.30163397199446307,-0.39994448189228626
11,gpboost_exact,137,2.636134308866711,2.7053722539618126,2.463713400630617,0.2708204826782325,-0.17242090823609413
11,gpboost_exact,138,2.3353585386673013,2.4112206673566496,2.5178416182679086,0.2208055868018589,0.1824830796006074
11,gpboost_exact,139,1.5704937409417714,1.6603581821923248,1.4674056769343622,0.33949524426059774,-0.10308806400740922
11,gpboost_exact,140,1.7710184203727424,1.7111621167923377,1.7473115948798537,0.30958207428698964,-0.023706825492888717
11,gpboost_exact,141,1.492041658094688,1.5095648048064008,1.4979726036490817,0.31031811269542126,0.005930945554393663
11,gpboost_exact,142,0.18241985274422073,0.29699666351117837,0.507098317650069,0.23009983523112246,0.32467846490584823
11,gpboost_exact,143,2.9586653686828743,2.8602619317500824,2.853848299854576,0.2877683006645594,-0.10481706882829833
11,gpboost_exact,144,0.9244573402601066,0.8294865792334625,0.6707677690756739,0.3259613796101478,-0.2536895711844327
11,gpboost_exact,145,1.5977354917845603,1.7167463101965619,1.7710493353164551,0.29005928066722997,0.17331384353189483
11,gpboost_exact,146,0.5846439105300216,0.5004460308552536,0.4485610022520987,0.3731625808279307,-0.1360829082779229
11,gpboost_exact,147,2.8736520594599297,2.640409283170885,2.850069932782148,0.202184365146277,-0.02358212667778181
11,gpboost_exact,148,2.560489788321404,2.4069708046376252,2.3895062955944226,0.2631025480450872,-0.17098349272698155
11,gpboost_exact,149,1.2142332432726461,1.076508879177621,1.384049343240882,0.3153977255117249,0.16981609996823588
11,gpboost_exact,150,1.1716571518415313,1.0963298513685458,0.7299634353917313,0.3163475623653427,-0.44169371644980004
11,gpboost_exact,151,1.9392940294855792,1.9063956716918873,2.013315082545084,0.21127585588285122,0.0740210530595049
11,gpboost_exact,152,0.9366133543818863,0.966873288774273,0.992050796514917,0.31116760175758035,0.0554374421330307
11,gpboost_exact,153,1.0971785384528847,1.0051047734935308,1.0212484193788853,0.2901099922016811,-0.07593011907399938
11,gpboost_exact,154,1.008360670790529,1.0217973464391494,1.1671693165205497,0.3406637663649533,0.15880864573002063
11,gpboost_exact,155,1.7460539954587888,1.8521872342028403,2.5693055036563415,0.49891259940662724,0.8232515081975527
11,gpboost_exact,156,3.2189260743177863,3.2570001923963394,3.03152112000884,0.26646829862448806,-0.18740495430894644
11,gpboost_exact,157,1.0146064834126154,1.3714015628381913,1.2087987004383294,0.24818787360720465,0.194192217025714
11,gpboost_exact,158,0.6442044325014705,0.7775685342172709,0.8688770995872943,0.3130479089731205,0.22467266708582379
11,gpboost_exact,159,1.4678525465892271,1.4615542742471355,1.232651708280386,0.2551337551824042,-0.2352008383088411
11,gpboost_exact,160,1.7054323365882196,1.7238246602517358,1.7797584907099377,0.3490256722294265,0.07432615412171817
11,gpboost_exact,161,2.1097065374857435,2.051200641923445,2.146738456668551,0.17447075043671176,0.03703191918280746
11,gpboost_exact,162,1.2656972068553014,1.2712369049341592,0.8442557420780261,0.2815868382263455,-0.4214414647772753
11,gpboost_exact,163,0.4419084707071507,0.45432185466822417,0.5041557047575012,0.38897141634651566,0.06224723405035043
11,gpboost_exact,164,1.8731335769513775,1.856194135262977,1.8532932292634285,0.2603237732596801,-0.019840347687948956
11,gpboost_exact,165,1.1404493681560008,1.1864587696125481,0.8992470599697882,0.35012023574512074,-0.2412023081862127
11,gpboost_exact,166,1.0364900804261818,1.1562143194057968,0.9463872812981435,0.32401276051587474,-0.09010279912803831
11,gpboost_exact,167,0.4567906027591898,0.4658330465016342,0.8825930584125885,0.32335463449123786,0.4258024556533987
11,gpboost_exact,168,2.3235696064282783,2.2321013094989115,2.2182781806922733,0.3235188120272494,-0.10529142573600492
11,gpboost_exact,169,1.335317019583192,1.404036367289523,1.492446634841727,0.2972981705670403,0.15712961525853486
11,gpboost_exact,170,0.1732184540497541,0.23044573294444165,0.41649448649462784,0.3893338102959061,0.24327603244487372
11,gpboost_exact,171,2.805293055754054,3.0265693673765837,2.419261959400039,0.25510215286065235,-0.386031096354015
11,gpboost_exact,172,2.0261267867663726,2.0114833926750064,1.8652868590936578,0.2800062479684007,-0.16083992767271482
11,gpboost_exact,173,0.5209204804523221,0.4590531079165189,0.9434382739026574,0.27300553894850976,0.42251779345033535
11,gpboost_exact,174,1.7675312151852611,1.8199766927843841,1.9557004307514774,0.26161364437567186,0.18816921556621624
11,gpboost_exact,175,1.086362318705143,1.0559379052824647,0.9856610086091422,0.31902579531205455,-0.1007013100960008
11,gpboost_exact,176,1.0266548605716062,1.0696962777256491,0.9256809513358064,0.3334051604858686,-0.10097390923579974
11,gpboost_exact,177,1.464726225440623,1.5750112195096782,1.4455219804234076,0.33044002200597344,-0.019204245017215404
11,gpboost_exact,178,2.1883223335026836,2.269744391392607,2.0004523376935524,0.2985421279337485,-0.18786999580913122
11,gpboost_exact,179,2.6009673748735684,2.7242580863349994,2.359869136132936,0.2768166054853078,-0.24109823874063263
11,gpboost_exact,180,2.113317474941005,2.219214153778993,2.2221591587713547,0.29464301529352754,0.10884168383034964
11,gpboost_exact,181,1.2653098103493123,1.1940760140541857,1.5425972503217693,0.29966117791452357,0.277287439972457
11,gpboost_exact,182,1.649465041929914,1.6662722644959986,1.933857719507948,0.37673005324755343,0.2843926775780341
11,gpboost_exact,183,1.268521435291017,1.2349230447182316,1.3119281483134273,0.19873485832425197,0.04340671302241028
11,gpboost_exact,184,1.747256504002104,1.7684179386862908,1.8065547325486193,0.29261026729441303,0.05929822854651534
11,gpboost_exact,185,0.4906476025363897,0.4001040207439539,0.5979618160028153,0.3414033210828483,0.10731421346642556
11,gpboost_exact,186,1.459513739467519,1.465631012293022,0.8968942264093229,0.3132805298378026,-0.5626195130581961
11,gpboost_exact,187,1.1830806725502565,1.1630886675449252,1.6173351118148034,0.2589394266428285,0.4342544392645469
11,gpboost_exact,188,1.1162157764591651,1.1832647979552018,0.6404297067698153,0.3116847767994885,-0.4757860696893499
11,gpboost_exact,189,1.2618058361074156,1.1456492289172886,1.0412787698578754,0.28072599050182045,-0.22052706624954022
11,gpboost_exact,190,1.2310344261429524,1.0926951716136124,1.0825380448075066,0.297781427947891,-0.14849638133544585
11,gpboost_exact,191,1.135420797910017,1.0347269486695738,1.5228748035360269,0.2723941171594808,0.38745400562600985
11,gpboost_exact,192,2.7792250414123467,2.780167942951927,2.6376420450625204,0.1719840325893158,-0.1415829963498263
11,gpboost_exact,193,1.8343028865963655,1.778287077551275,1.8762743066041843,0.20008341649859548,0.04197142000781873
11,gpboost_exact,194,2.228031193525691,2.156262036076907,2.206783319442529,0.1981582822844836,-0.021247874083162088
11,gpboost_exact,195,0.8127105820124184,0.7232190391980486,0.9660861375902599,0.3344792863822571,0.15337555557784144
11,gpboost_exact,196,2.0594787411166426,2.228599301977464,2.049025490998055,0.21833572276727325,-0.010453250118587665
11,gpboost_exact,197,2.015675239698422,1.898516324254972,1.7985166640418768,0.2794949933532142,-0.21715857565654506
11,gpboost_exact,198,1.6117851996622314,1.5654249319695472,1.4637696511194136,0.2609632372616348,-0.14801554854281784
11,gpboost_exact,199,0.1382875309151364,0.27715195329831643,0.6376068724168746,0.370640744573933,0.49931934150173823
11,gpboost_exact,200,1.800464060709822,1.7764132677521351,1.495746514092005,0.3225450799083751,-0.3047175466178169
11,gpboost_exact,201,1.632949321088054,1.5442807753917913,1.0810623023376706,0.44272136316066374,-0.5518870187503833
11,gpboost_exact,202,1.0635826159914081,0.9858494983561097,0.834616319928088,0.309473830306599,-0.22896629606332008
11,gpboost_exact,203,1.5417938875246169,1.4430371865072598,1.860980022385199,0.29802169765039616,0.3191861348605822
11,gpboost_exact,204,1.5287957185693473,1.6777719185583702,1.1811033096923254,0.32799986666239456,-0.3476924088770219
11,gpboost_exact,205,1.2829881213840817,1.4248373071060392,1.3550518432022258,0.2579612505499709,0.07206372181814413
11,gpboost_exact,206,1.1589125797136954,1.1917414758406653,0.9147066868195068,0.32403853530865706,-0.2442058928941886
11,gpboost_exact,207,1.499811478245689,1.6742194231066905,1.1369368590628,0.2644087762154988,-0.3628746191828891
11,gpboost_exact,208,2.21695244834003,2.175453958077542,2.002012877695776,0.3153306286194826,-0.21493957064425384
11,gpboost_exact,209,1.0876773573162057,1.121782057313321,1.2993321289654958,0.31169615592208727,0.21165477164929003
11,gpboost_exact,210,2.416677576548901,2.4807516782227195,2.3851867357590635,0.34120884825207626,-0.03149084078983755
11,gpboost_exact,211,1.2117813350983506,1.243974985262231,1.474856904691137,0.2817815619854625,0.26307556959278644
11,gpboost_exact,212,2.2572470618056037,2.2559858363342884,2.0300717537879507,0.2976768996668542,-0.22717530801765307
11,gpboost_exact,213,0.7537524091184777,0.6598693033778602,0.6761917072967591,0.25234799277131137,-0.07756070182171859
11,gpboost_exact,214,1.203219592466286,1.241894336149883,1.5322630132538109,0.3177008706184358,0.3290434207875248
11,gpboost_exact,215,1.423647854963675,1.4061489592047538,1.30010366264451,0.24014377286479063,-0.12354419231916514
11,gpboost_exact,216,1.7191008188738388,1.7734818742827954,1.3212828643124297,0.2527129002915904,-0.3978179545614091
11,gpboost_exact,217,1.750478617737976,1.5232609933668761,1.4076932597160763,0.2354343337606489,-0.3427853580218998
11,gpboost_exact,218,1.4262944799980677,1.4624900554471152,1.0168905207188175,0.33238571519033167,-0.4094039592792502
11,gpboost_exact,219,2.674902988896622,2.6455709675547436,2.6713537294732532,0.20417564930587256,-0.0035492594233685892
11,gpboost_exact,220,1.536490668715478,1.5711900341147633,1.7481647242324527,0.37377850503626137,0.2116740555169747
11,gpboost_exact,221,0.5906013761762468,0.48953858018845303,0.6963366864487455,0.371809947512751,0.10573531027249872
11,gpboost_exact,222,2.275757449332719,2.3640797759348886,2.025205601216207,0.2421718003463179,-0.2505518481165119
11,gpboost_exact,223,1.3396286333571485,1.4570468547147921,1.0984432538864866,0.27499045721066284,-0.241185379470662
11,gpboost_exact,224,1.6024454473802288,1.5002827970793495,0.912127476237913,0.3023202964127247,-0.6903179711423157
11,gpboost_exact,225,2.0449419245020617,1.8136404383023876,2.3125611632151077,0.357020116727536,0.26761923871304605
11,gpboost_exact,226,0.8077708078658639,0.6518866601069458,0.5038849011851312,0.43653346652136693,-0.3038859066807327
11,gpboost_exact,227,2.334156662691977,2.2776896311209587,2.4069742180785525,0.21411801854811222,0.07281755538657553
11,gpboost_exact,228,2.075717036241582,2.0719222875477254,1.7847604673347526,0.333238110823979,-0.29095656890682964
11,gpboost_exact,229,1.107126271791826,1.2035694643197963,1.621440477773021,0.28916291713377285,0.5143142059811949
11,gpboost_exact,230,0.41961235524942997,0.5496290448763379,0.5903892397035619,0.34866303039511864,0.17077688445413197
11,gpboost_exact,231,2.2035281923418406,2.2205806917880113,2.071249946474225,0.25280707873987124,-0.1322782458676155
11,gpboost_exact,232,1.8805782342555888,1.777092336668143,1.5903720765806781,0.17928496685900044,-0.29020615767491065
11,gpboost_exact,233,1.234859334869091,1.2704193823893442,1.0383844743993151,0.30788827972311833,-0.1964748604697759
11,gpboost_exact,234,0.7820256709512992,0.6985384387946704,0.9461121550968485,0.3124382464257813,0.16408648414554938
11,gpboost_exact,235,1.980564734470949,1.8159161870767253,2.2467062077599955,0.2839999150703942,0.2661414732890466
11,gpboost_exact,236,2.581127802073697,2.6758531010911972,2.0841348853908457,0.2895518622441952,-0.4969929166828515
11,gpboost_exact,237,0.6916717147211162,0.7150507664562005,0.6313893478637667,0.3113253553267315,-0.060282366857349556
11,gpboost_exact,238,1.5733395162894195,1.5494198703474018,1.5525510104939357,0.19645404910762268,-0.020788505795483747
11,gpboost_exact,239,2.0640927022068007,2.1615715185272704,2.556304932748361,0.38280267646952565,0.4922122305415604
11,gpboost_exact,240,-0.18831528372512546,-0.23526476275043656,0.10209051893271237,0.27870002805355826,0.29040580265783783
11,gpboost_exact,241,0.9877819179252189,1.0315136056373235,0.7251889091822648,0.3265787150098294,-0.2625930087429541
11,gpboost_exact,242,0.3644050712258889,0.31217237681096116,0.06145829472665554,0.3661471753725218,-0.30294677649923335
11,gpboost_exact,243,2.123245326759946,2.0343676486623767,2.187463813634622,0.2981545340248627,0.06421848687467602
11,gpboost_exact,244,0.5452487635871257,0.6404114352746292,0.7715045173250843,0.3152237227629345,0.2262557537379586
11,gpboost_exact,245,1.10045433714631,1.0279074475154366,1.6592753426974411,0.3027226365653258,0.5588210055511311
11,gpboost_exact,246,2.619170036099317,2.4858210233193185,2.425984798978945,0.2217931652951866,-0.19318523712037194
11,gpboost_exact,247,1.8803603560740523,1.9755975240547188,1.6838524440211913,0.2938658973662824,-0.196507912052861
11,gpboost_exact,248,1.0225214207084175,1.0765480210448881,0.8459693343702313,0.3015215988318216,-0.1765520863381862
11,gpboost_exact,249,2.5134066573393925,2.6180222622088327,2.2304902183678657,0.3255371648948597,-0.28291643897152685
11,gpboost_exact,250,1.3505528478305981,1.1600460367083274,1.1995168805836869,0.1669634747200925,-0.15103596724691126
11,gpboost_exact,251,2.73925423195612,2.768890855096837,2.5867038000074736,0.20601800776283602,-0.15255043194864637
11,gpboost_exact,252,0.8214494703783743,0.6920074419849597,0.7336320082816812,0.2791651773665151,-0.08781746209669317
11,gpboost_exact,253,1.6094549922542676,1.569210219504031,1.825178623694356,0.1741201404820188,0.21572363144008833
11,gpboost_exact,254,1.0503250264842583,1.0233279242283937,0.47470691552971545,0.2905508571089783,-0.5756181109545428
11,gpboost_exact,255,2.322348514125024,2.2413848202241393,2.318238834310357,0.31156294199461515,-0.004109679814667366
11,gpboost_exact,256,1.3678348300453038,1.2875713474937727,1.021317573674935,0.27897653678499995,-0.3465172563703689
11,gpboost_exact,257,1.406405864172424,1.2725072832952753,1.3165715454054165,0.23065051495121622,-0.08983431876700743
11,gpboost_exact,258,0.7925084454147955,0.7694525389524445,0.7361990965107026,0.2762634756000744,-0.05630934890409289
11,gpboost_exact,259,2.649083593155072,2.45692681242748,2.3069037350008585,0.2522816424554581,-0.34217985815421326
11,gpboost_exact,260,2.480367728977137,2.257464516947761,2.26788024019411,0.30141646587619564,-0.21248748878302726
11,gpboost_exact,261,0.9581622557977318,1.014826932091059,0.4861571388063375,0.23358432770390838,-0.47200511699139436
11,gpboost_exact,262,1.8566034504429487,1.9511080074293567,1.7998216940416967,0.20562964726480487,-0.05678175640125205
11,gpboost_exact,263,1.4655051653917344,1.475466102210077,1.8771827476300977,0.27447574455349993,0.41167758223836337
11,gpboost_exact,264,1.3823024221679803,1.3257686053202344,1.4831724127690933,0.25133725533779366,0.10086999060111301
11,gpboost_exact,265,2.0000302157839007,1.8970564975679767,1.908476383175831,0.2034629586470327,-0.09155383260806982
11,gpboost_exact,266,2.7004034006694635,2.6321405302623426,2.3606839181273997,0.28482289382534753,-0.33971948254206374
11,gpboost_exact,267,1.4887123692978603,1.2909173187043863,1.739162612467176,0.3194005780833362,0.25045024316931563
11,gpboost_exact,268,0.5984758519878931,0.6078330347305675,0.4673026949429939,0.3057895071537186,-0.13117315704489918
11,gpboost_exact,269,1.4565578331789992,1.5490536366989365,1.65242489541982,0.3060504409124712,0.19586706224082073
11,gpboost_exact,270,2.960518293584034,3.1406380536179554,2.8897761288163224,0.22946580353181634,-0.07074216476771156
11,gpboost_exact,271,1.0025284863033403,1.0347794153209333,0.8070968691363731,0.3155626780023866,-0.19543161716696722
11,gpboost_exact,272,0.7295625673512783,0.6159042771048288,1.1150676686645369,0.3795727343151526,0.38550510131325855
11,gpboost_exact,273,1.0705079361352763,1.233674921453082,0.7393945648034617,0.31139903397813823,-0.3311133713318146
11,gpboost_exact,274,2.175247078225433,2.2978346200618662,2.0371722663555474,0.17425935576750826,-0.13807481186988557
11,gpboost_exact,275,1.072221448167563,1.1258538973640504,0.8732059389165556,0.299579686588893,-0.1990155092510073
11,gpboost_exact,276,1.5000133597494696,1.4034038719673674,1.4686289188892303,0.3408690104126291,-0.03138444086023928
11,gpboost_exact,277,0.9670664963165563,0.9920307501931139,1.3861692434841757,0.2729135965929752,0.4191027471676194
11,gpboost_exact,278,1.495280677202059,1.37957002491591,1.8906782284022583,0.3176757729120737,0.39539755120019926
11,gpboost_exact,279,1.2619197696092237,1.2778557274347493,0.7400898692348079,0.30315954768618913,-0.5218299003744158
11,gpboost_exact,280,1.7333915490671559,1.8288378287614084,1.7203276499628686,0.2667757558262266,-0.013063899104287291
11,gpboost_exact,281,2.17745440186939,2.1331628134730147,2.198649373106285,0.37151449020841626,0.021194971236894844
11,gpboost_exact,282,2.9308978708375926,2.9928839270316234,2.836863083711812,0.29996321139614124,-0.09403478712578073
11,gpboost_exact,283,2.17179217119896,2.2050516198419503,1.7680572910877217,0.21579976112492724,-0.40373488011123815
11,gpboost_exact,284,0.748343902702505,0.7344175061386141,1.0810467803152477,0.2597549268093037,0.33270287761274275
11,gpboost_exact,285,2.021076857547791,1.9027869498726024,1.819195088439045,0.26965237443401374,-0.20188176910874578
11,gpboost_exact,286,0.6308962473112714,0.5306582214026875,1.1816572194572927,0.3188797645419202,0.5507609721460214
11,gpboost_exact,287,0.9952641847684123,0.931546140194408,1.004936761136051,0.23509187535757256,0.00967257636763863
11,gpboost_exact,288,1.397025506064985,1.1883692703770918,1.0214573746267064,0.31854011901846696,-0.3755681314382786
11,gpboost_exact,289,0.5187420975984058,0.5200569110901037,0.8900623104016745,0.27695021912274514,0.37132021280326866
11,gpboost_exact,290,0.5386837516422376,0.4732461010775605,0.4650763489823717,0.32861782589470273,-0.07360740265986587
11,gpboost_exact,291,2.7984793875920584,2.8236130583630055,2.788419422286424,0.22612024965234653,-0.010059965305634577
11,gpboost_exact,292,2.0919659244007476,2.1270448735157443,2.3028154221866437,0.3686978947481237,0.21084949778589612
11,gpboost_exact,293,0.5943584971792519,0.5917867453175288,0.67399868194547,0.2674782027601173,0.07964018476621804
11,gpboost_exact,294,1.0103102757085627,1.0889732636910563,1.0761688267343033,0.23928579107337117,0.06585855102574056
11,gpboost_exact,295,2.074749033709492,1.9772617159834294,2.1749377084716173,0.2225087973517276,0.10018867476212545
11,gpboost_exact,296,1.283431629146558,1.1424850500436456,1.441117483161925,0.19157927881136613,0.15768585401536694
11,gpboost_exact,297,2.0760333101604656,2.0987944500440343,2.244376566882515,0.3255934104143393,0.16834325672204953
11,gpboost_exact,298,2.4386094149688673,2.4663169771576148,2.3445996316462754,0.28417721894734377,-0.09400978332259191
11,gpboost_exact,299,2.41864541988239,2.4817596293797006,2.3150715287633403,0.2682329006498593,-0.10357389111904958
12,gpboost_exact,0,-0.6119258596782686,-0.6768542878791537,-0.7234177644186914,0.26133745613202114,-0.11149190474042281
12,gpboost_exact,1,-0.2455711338043701,-0.15144899859047112,-0.3928691906831254,0.23783920518779786,-0.14729805687875533
12,gpboost_exact,2,-1.2009053212649488,-1.175871714532065,-0.8048886222393214,0.35760321361516784,0.3960166990256273
12,gpboost_exact,3,-0.024085007427201544,0.010433513727856662,-0.7781442186796728,0.33312804138316204,-0.7540592112524712
12,gpboost_exact,4,-0.40587058260734654,-0.2554839408323353,-0.6425452653716963,0.2705251000030313,-0.23667468276434978
12,gpboost_exact,5,0.09226299915135172,0.16723924712475352,0.30293379338128634,0.28132556907307177,0.21067079422993462
12,gpboost_exact,6,-0.50927167688615,-0.5556302888266995,-0.1122939050857692,0.30188596994701744,0.39697777180038085
12,gpboost_exact,7,-0.09470073340499924,-0.12447515665405556,0.539792179055155,0.3593261673755557,0.6344929124601542
12,gpboost_exact,8,-0.5773911244660593,-0.5098542731829186,-0.43206007690213255,0.2541753639210263,0.14533104756392679
12,gpboost_exact,9,-1.292223408012179,-1.333971099366129,-0.6681412970249268,0.2779343160581284,0.6240821109872523
12,gpboost_exact,10,-0.7050625057686348,-0.6880781886721893,-0.6713173926020346,0.2413151500293115,0.03374511316660023
12,gpboost_exact,11,0.17385905262639784,0.16573634211561294,-0.17990489833253864,0.24691117530007237,-0.3537639509589365
12,gpboost_exact,12,-0.5901561704327355,-0.5348935311698586,-0.5798234223394694,0.2533409561853902,0.01033274809326612
12,gpboost_exact,13,-0.39929745470401123,-0.6349917425140654,-0.2805273615839772,0.24098080368300823,0.11877009312003406
12,gpboost_exact,14,-1.0247866607007143,-1.1408264602793423,-0.6979034344136772,0.3099380762624548,0.32688322628703714
12,gpboost_exact,15,1.2421694306951339,1.2048128835726508,1.3114070576966625,0.2468359662122572,0.06923762700152869
12,gpboost_exact,16,0.8625134967706315,0.8331424906482453,0.4111430455417917,0.28835949098617536,-0.4513704512288398
12,gpboost_exact,17,0.7892474673398184,1.100059739675898,0.5403433216757332,0.2777473712047224,-0.24890414566408525
12,gpboost_exact,18,0.2888880788220964,0.28519669321423274,0.1394771317935124,0.27962808530944405,-0.14941094702858398
12,gpboost_exact,19,-0.315762444591114,-0.23891643787152195,-0.2725324724882703,0.27629994169727257,0.04322997210284374
12,gpboost_exact,20,-0.520166137438406,-0.6467650214155333,-0.1343756074618927,0.27957973492481003,0.3857905299765133
12,gpboost_exact,21,-0.043022086616242905,-0.28595961889242205,-0.12396542151627976,0.21736461772198024,-0.08094333490003686
12,gpboost_exact,22,1.1066496869657565,0.962305388012725,1.1815959909004299,0.25912112693148526,0.07494630393467339
12,gpboost_exact,23,-0.09707530895408986,-0.062251895489152,0.2988481083228862,0.2863374105402114,0.3959234172769761
12,gpboost_exact,24,-0.40409609888341025,-0.3776015340354967,-0.43060641252328935,0.24256211797583604,-0.0265103136398791
12,gpboost_exact,25,-0.724866158653532,-0.7072542198943411,-0.475174625050383,0.2546976628670424,0.249691533603149
12,gpboost_exact,26,-1.2564252272571192,-1.2698617898292865,-0.6258143722790397,0.30225839366440393,0.6306108549780796
12,gpboost_exact,27,-1.388814908398802,-1.44186151005443,-1.269879202050225,0.25971611775723646,0.11893570634857697
12,gpboost_exact,28,0.2217541212046097,0.11050136549248572,-0.037384605305192053,0.3043586388398859,-0.25913872650980174
12,gpboost_exact,29,-0.7108193006718495,-0.608142172645399,-0.6010259173613228,0.26701925782321795,0.10979338331052668
12,gpboost_exact,30,1.3461559462443307,1.106153449383195,1.0879147898414931,0.25044377296149967,-0.2582411564028375
12,gpboost_exact,31,0.1745087171281876,0.06977604814794736,-0.04307197952627817,0.2529894977484127,-0.21758069665446578
12,gpboost_exact,32,-1.351085213314158,-1.3111312103788506,-0.655966353026411,0.3012335350200992,0.6951188602877469
12,gpboost_exact,33,0.31965573044270906,0.5344728100218323,0.16564514594747326,0.29710934922511373,-0.1540105844952358
12,gpboost_exact,34,0.22778627842741198,0.21528007901552643,0.13551481583254166,0.2420970347826982,-0.09227146259487032
12,gpboost_exact,35,0.4138777895846047,0.5323874300673526,0.13366410402635864,0.3007418468351274,-0.28021368555824605
12,gpboost_exact,36,1.9948086727852534,1.8951684837180502,1.786542432998111,0.1763457442387325,-0.20826623978714243
12,gpboost_exact,37,-0.18280207227887346,-0.29894551432200966,-0.40278412717442436,0.2593086225779804,-0.2199820548955509
12,gpboost_exact,38,-0.3710140041566081,-0.4420842038578091,-0.38529944916849246,0.20902487844367962,-0.014285445011884335
12,gpboost_exact,39,1.0267128120457625,1.0600598824657792,0.8163988610125967,0.22537089457377435,-0.21031395103316575
12,gpboost_exact,40,0.36264455618055236,0.32783930567655584,1.072734710911015,0.2717833443309464,0.7100901547304627
12,gpboost_exact,41,0.6096068085587718,0.8777166321022846,0.5488904303494202,0.2558336469059608,-0.06071637820935161
12,gpboost_exact,42,-0.69121456823629,-0.7418002922470399,-0.6335685265992286,0.23147836235612423,0.05764604163706144
12,gpboost_exact,43,0.5544496031608577,0.6464170273494614,1.2015205927331625,0.28176543501916546,0.6470709895723048
12,gpboost_exact,44,-0.47432380197215074,-0.3298930833812431,-0.4593536464964103,0.28286929247401865,0.014970155475740432
12,gpboost_exact,45,-0.48843853423735173,-0.31265616423985065,-0.5639734992134464,0.2323546721633471,-0.07553496497609469
12,gpboost_exact,46,0.40886832802908457,0.5369625331922552,0.055975690074713036,0.2833938972788636,-0.35289263795437154
12,gpboost_exact,47,1.481913737190855,1.4243716535000337,1.046795652033584,0.27267590725680274,-0.43511808515727113
12,gpboost_exact,48,0.327683126103045,0.31221564699959264,0.6770104670874986,0.2644912430841671,0.34932734098445356
12,gpboost_exact,49,0.10087275592500458,-0.050331139152510945,-0.15399253754894282,0.2901335707031793,-0.2548652934739474
12,gpboost_exact,50,1.0194647947784348,0.7806198188989095,0.7536076591994441,0.2585151572767187,-0.2658571355789907
12,gpboost_exact,51,0.14187364032469424,0.22063213498704204,0.2239909113824785,0.2720471475698312,0.08211727105778427
12,gpboost_exact,52,0.6567680337249484,0.6440757685840024,0.7714518495775486,0.27799135005914244,0.11468381585260023
12,gpboost_exact,53,-0.24289081365920806,-0.23223852632761746,-0.2471212628355648,0.27173002762491977,-0.004230449176356732
12,gpboost_exact,54,-0.07357867702559612,-0.008599268833847484,-0.2913020769685808,0.28082101954394567,-0.21772339994298467
12,gpboost_exact,55,-0.8450126690116888,-0.8925973216754497,-0.9797506034896575,0.24851209982085287,-0.13473793447796867
12,gpboost_exact,56,-0.4698781832050259,-0.5400002308088281,-0.3219903032678495,0.2656255644654736,0.1478878799371764
12,gpboost_exact,57,0.015075216015177972,-0.04070786780967304,0.11729424567189994,0.3007664908687792,0.10221902965672197
12,gpboost_exact,58,0.46551284757172384,0.3820718190035513,0.366733234992207,0.25636070319604487,-0.09877961257951684
12,gpboost_exact,59,-0.8317784218935125,-0.7399198905256856,-0.8838211800852722,0.15650201220936485,-0.05204275819175974
12,gpboost_exact,60,0.07575235607798804,0.2021381818254222,-0.15555931917937915,0.28387951316264814,-0.23131167525736718
12,gpboost_exact,61,0.6688334626396345,0.4837512427729881,0.4413432199334677,0.3188243350036755,-0.2274902427061668
12,gpboost_exact,62,-0.5976446547948654,-0.610030224819659,-0.5730888423699945,0.25081950244459406,0.024555812424870926
12,gpboost_exact,63,-0.9353109830743086,-1.022308039254717,-0.3765538119855716,0.2757612439742082,0.558757171088737
12,gpboost_exact,64,-0.2733694874300646,-0.19044309015651018,-0.6954012505681728,0.32771954886200066,-0.4220317631381082
12,gpboost_exact,65,1.191716629221208,0.9213519023160223,1.6774785051497325,0.24298810726873676,0.4857618759285245
12,gpboost_exact,66,-0.599653381140969,-0.6604807128119652,-0.5434839606947541,0.2319464724077419,0.05616942044621487
12,gpboost_exact,67,0.5664030571638803,0.34890708694975425,0.7833359378704685,0.26755931529505056,0.21693288070658823
12,gpboost_exact,68,-0.3589863895898664,-0.41403827745591637,-0.014357358097914386,0.27440493179975417,0.344629031491952
12,gpboost_exact,69,-0.20057846285272515,-0.2169198133633771,-0.04661326731146964,0.24910350484051078,0.1539651955412555
12,gpboost_exact,70,-0.5025700983025668,-0.5712573418550971,-0.342910485844822,0.2792097886747972,0.15965961245774485
12,gpboost_exact,71,-0.7891491912479502,-0.81146057086257,-1.0944104778626862,0.2538559843955653,-0.30526128661473595
12,gpboost_exact,72,-1.0803636232123952,-1.1587721513819929,-1.1336976654747186,0.2612850088251108,-0.05333404226232341
12,gpboost_exact,73,0.45607987910842995,0.38908281250015825,0.22285859896989635,0.271798674936327,-0.2332212801385336
12,gpboost_exact,74,-0.19190502828574127,-0.16191225590257896,-0.49700754577492745,0.2720961699886005,-0.30510251748918615
12,gpboost_exact,75,0.9631419329409617,0.9340017141241108,0.6447195788238105,0.2643115740231879,-0.31842235411715125
12,gpboost_exact,76,-0.5808205628621508,-0.6227593862733318,-0.6846686700451414,0.1801873854989773,-0.10384810718299065
12,gpboost_exact,77,1.529841704282826,1.6098009408779412,1.437761600796577,0.23596160894066315,-0.09208010348624907
12,gpboost_exact,78,-0.9636283096573076,-0.9529829602024733,-1.1080638326308438,0.2657327942799404,-0.14443552297353623
12,gpboost_exact,79,-0.568674482665609,-0.5425743651306438,-0.7445708367550168,0.2171079167498247,-0.17589635408940774
12,gpboost_exact,80,-1.1845307151333682,-1.2448473192038145,-0.9672109555939539,0.31600640701953103,0.2173197595394143
12,gpboost_exact,81,0.03694431953169197,-0.03222199305593183,-0.05167539482936334,0.19586204323347842,-0.08861971436105531
12,gpboost_exact,82,0.06443705323736237,0.08137536956981098,-0.23384951623368178,0.22610874779074408,-0.29828656947104415
12,gpboost_exact,83,-0.23895787541721386,-0.3859385596759263,-0.45036680110384175,0.27780224913478585,-0.2114089256866279
12,gpboost_exact,84,-1.4251125004755363,-1.3657775954126992,-0.6660530877250421,0.2924151620191918,0.7590594127504942
12,gpboost_exact,85,-0.09231222824095683,0.060083496998398656,-0.47543068145451883,0.26322858560911633,-0.38311845321356197
12,gpboost_exact,86,-0.7307659424457977,-0.6624046004578867,-0.882546039981051,0.22689474094647893,-0.15178009753525323
12,gpboost_exact,87,0.1433399146222668,0.023812836540497928,0.547332291894314,0.2720729395843354,0.4039923772720472
12,gpboost_exact,88,1.554222027901277,1.5537938577463788,1.1860004400797735,0.26699312461460856,-0.3682215878215036
12,gpboost_exact,89,0.5559708667960247,0.5314992123095926,0.896912322880473,0.26534137154777465,0.34094145608444826
12,gpboost_exact,90,-0.22211237256543925,-0.23825557895902721,0.31911173428035866,0.2773984256579297,0.5412241068457979
12,gpboost_exact,91,0.2847564218169064,0.1964379219744818,0.15342384152161248,0.28033937087929917,-0.13133258029529393
12,gpboost_exact,92,-0.5704060504315301,-0.44077222114391135,-0.4229596825246862,0.2748299995474899,0.14744636790684396
12,gpboost_exact,93,0.996077823092638,0.9844384663590322,1.1239583869902887,0.3312572537183859,0.12788056389765068
12,gpboost_exact,94,0.9413308125122006,1.1018038940517814,1.617268709823236,0.2799471238174904,0.6759378973110353
12,gpboost_exact,95,0.4629270542221475,0.53237844570482,0.8962257364200887,0.2680855435970431,0.4332986821979412
12,gpboost_exact,96,2.033719642765659,2.0986298193406423,1.8087616077370008,0.24035732406352536,-0.2249580350286582
12,gpboost_exact,97,-0.7910475335526234,-0.8024259382026145,-0.5207120506519454,0.2565753900413062,0.270335482900678
12,gpboost_exact,98,-0.521363136778701,-0.3085446032754797,-0.3046800220201007,0.2678568387072736,0.21668311475860036
12,gpboost_exact,99,-0.31552472001812915,-0.4288599736151026,-0.6687488220425664,0.26014144942718403,-0.3532241020244372
12,gpboost_exact,100,0.5135047701745247,0.5096375147878802,0.5642929834521739,0.28354612197574586,0.05078821327764926
12,gpboost_exact,101,-0.15055006318737485,-0.4278505190961868,-0.25661677220208734,0.22983896810026008,-0.10606670901471249
12,gpboost_exact,102,-0.772915574807705,-0.7677588554729312,-0.737533999070866,0.24971286527448153,0.03538157573683898
12,gpboost_exact,103,-1.2958523590609907,-1.1710235157863536,-0.7835527404287328,0.35073009637338776,0.5122996186322579
12,gpboost_exact,104,1.3755214989707145,1.4388959217039978,1.0347646816514633,0.2625803065453421,-0.3407568173192512
12,gpboost_exact,105,0.1165780755664741,0.21731167801756368,0.0002868973173768552,0.28380694907907006,-0.11629117824909724
12,gpboost_exact,106,0.32400516765231197,0.4134718941581368,0.6893316039600617,0.27936357952982704,0.3653264363077497
12,gpboost_exact,107,-0.22209407976738071,-0.14771214881862785,-0.20185535927411102,0.23473815278242202,0.02023872049326969
12,gpboost_exact,108,0.15837003329559224,0.05786852355401716,0.5787967492017687,0.2660826882640625,0.4204267159061765
12,gpboost_exact,109,-0.6018507575341653,-0.73108502162272,-0.17728662110215865,0.2536696688851776,0.42456413643200663
12,gpboost_exact,110,0.6245189392983103,0.614079097689219,0.6928652435379652,0.27987153596141395,0.06834630423965493
12,gpboost_exact,111,-0.23920459117942428,-0.2750902282012391,0.22666482357715445,0.34377762115850297,0.4658694147565787
12,gpboost_exact,112,1.4480677429174547,1.4705773936248638,1.7245350926616148,0.22005684666941125,0.2764673497441601
12,gpboost_exact,113,-0.8724294323285673,-0.7905210830366254,-0.9819119550309594,0.23106844612632133,-0.10948252270239212
12,gpboost_exact,114,1.2639740386962697,1.4932448638961986,1.0484975957671168,0.24957406798887263,-0.2154764429291529
12,gpboost_exact,115,0.126966017341059,0.22824143313770512,0.12881005038072857,0.2159690070127159,0.001844033039669568
12,gpboost_exact,116,-1.0200813801003212,-0.9313517831094587,-0.5592571255205927,0.2730310110251212,0.46082425457972853
12,gpboost_exact,117,-0.18605091295726917,-0.11470105502000978,0.1259016335242995,0.31700606639786766,0.31195254648156867
12,gpboost_exact,118,0.7639164803066856,0.6142518711138054,0.4954345999819889,0.27750218460715464,-0.26848188032469666
12,gpboost_exact,119,0.3466415194657686,0.36492792339979646,0.46535700546629855,0.28252671617595315,0.11871548600052995
12,gpboost_exact,120,-0.2871925580840237,-0.17391789785163728,-0.5649817887140482,0.24891076811626944,-0.27778923063002453
12,gpboost_exact,121,-0.8337288168000618,-0.8073383172837515,-0.8404950347146851,0.22693709683987434,-0.006766217914623285
12,gpboost_exact,122,-0.1167627472732471,-0.1280598371631646,0.022139934912236647,0.2750235412948164,0.13890268218548374
12,gpboost_exact,123,-0.341123942886244,-0.414647810518585,-0.6001655638213244,0.24964747417716862,-0.2590416209350804
12,gpboost_exact,124,0.49907270193658065,0.46010865334231066,1.1203076807858796,0.2667963465412674,0.621234978849299
12,gpboost_exact,125,0.216827703092051,0.2215021450334233,-0.1166868916168955,0.31748115403542193,-0.3335145947089465
12,gpboost_exact,126,0.4954294151762895,0.7685359422819475,0.21330997446509858,0.25929436412594903,-0.28211944071119094
12,gpboost_exact,127,1.2633873846909105,1.3763442633697047,1.4113546220484299,0.2603096056547753,0.14796723735751938
12,gpboost_exact,128,0.10137734019040645,0.08157108916496442,-0.034073924616624396,0.2915863939361234,-0.13545126480703085
12,gpboost_exact,129,0.05127318150701865,0.04254261187479039,-0.24235573549425338,0.2692593527725506,-0.293628917001272
12,gpboost_exact,130,0.2554785785481901,0.2999218263184995,0.08074852219894701,0.2167365590586628,-0.1747300563492431
12,gpboost_exact,131,1.6379333349627823,1.7016371727663737,1.7744119076499185,0.24576503350727283,0.13647857268713626
12,gpboost_exact,132,-1.4964946085704287,-1.5550875328663947,-0.7464403610527022,0.27617978465329607,0.7500542475177265
12,gpboost_exact,133,1.3078225499187572,1.2168525769669918,0.940297220325661,0.2521911193159459,-0.36752532959309625
12,gpboost_exact,134,0.2115507292213064,0.10168042442488778,0.5528163388511924,0.2592092408154542,0.341265609629886
12,gpboost_exact,135,-0.6072926795213791,-0.5861699556506754,-0.26191020777272556,0.2921260958583011,0.34538247174865355
12,gpboost_exact,136,-0.5347282378031764,-0.5502880565914978,-0.19694303674424596,0.2546988093460085,0.3377852010589304
12,gpboost_exact,137,0.04538327838102496,-0.024150707210693123,-0.10199093850321361,0.2887860281622263,-0.14737421688423857
12,gpboost_exact,138,1.1651152635427446,1.1074861981909971,1.4219597946800313,0.21912310895421216,0.25684453113728667
12,gpboost_exact,139,0.06429808853409762,0.2358367396328725,0.0588061993728628,0.2964441236502345,-0.005491889161234817
12,gpboost_exact,140,0.021087283622564373,-0.02410337271535687,0.041308116458800725,0.24700832241558107,0.020220832836236352
12,gpboost_exact,141,0.21199489651302741,0.1218300273458277,0.6296220701732178,0.2907496002665061,0.4176271736601904
12,gpboost_exact,142,2.0448863823272676,2.1746571085319255,1.7494251538738563,0.21465938164606765,-0.2954612284534113
12,gpboost_exact,143,-0.20526303120114706,-0.23709494271053552,-0.13984169430592264,0.2643734070440179,0.06542133689522442
12,gpboost_exact,144,-0.010118930454409286,0.14351100796464053,-0.032956421132106506,0.27482400710499255,-0.02283749067769722
12,gpboost_exact,145,0.7597863275303265,0.7118486953513137,0.39694568708893474,0.3151027555029756,-0.36284064044139175
12,gpboost_exact,146,-0.25365660912774723,-0.10569003051246642,-0.21691188469860379,0.2311361664518594,0.03674472442914345
12,gpboost_exact,147,0.7295257272635718,0.7221522286703809,0.9322029178100308,0.27864492187459877,0.20267719054645905
12,gpboost_exact,148,-0.09896693015051669,-0.24107128640296577,-0.19028282710052213,0.31290079188469855,-0.09131589695000544
12,gpboost_exact,149,-1.5186998492367652,-1.4942477532023555,-1.1991719453266345,0.2626540291535219,0.31952790391013064
12,gpboost_exact,150,-0.46623172741389907,-0.38493509467446957,-0.49121875078994215,0.26596082452952746,-0.024987023376043083
12,gpboost_exact,151,-0.535889970530149,-0.5473064553417661,-0.9096697526686537,0.24369204602380415,-0.3737797821385047
12,gpboost_exact,152,0.0029962017947765818,-0.03194110913787567,0.39675134655009714,0.2826500948949187,0.3937551447553206
12,gpboost_exact,153,-1.2438247847543349,-1.2039070374013632,-0.651855498274605,0.2711615705329385,0.5919692864797299
12,gpboost_exact,154,-1.465874101021718,-1.3144044461718312,-1.2250269320984355,0.26770525677023355,0.2408471689232825
12,gpboost_exact,155,-1.3028277977841567,-1.2623125355332696,-1.2730953206231934,0.2508446075095036,0.029732477160963278
12,gpboost_exact,156,1.08685164726415,1.0199296608187403,1.1737580703944985,0.26492236946247627,0.08690642313034846
12,gpboost_exact,157,-0.11281540681595154,-0.060191411121999716,0.8880926879706701,0.284859264872914,1.0009080947866216
12,gpboost_exact,158,-0.7535308563855035,-0.7228070058219545,-0.2670988386629336,0.26925882223235353,0.48643201772256994
12,gpboost_exact,159,1.8135811352500715,1.827769943731824,1.6745086562220521,0.17714504256139646,-0.13907247902801934
12,gpboost_exact,160,0.7065100261616021,0.732175630415347,0.6341895049481865,0.23712148014021467,-0.07232052121341559
12,gpboost_exact,161,-0.41029626030558797,-0.38635241086815225,-0.20519777937663086,0.28451505619769984,0.2050984809289571
12,gpboost_exact,162,-1.098253064387254,-1.1468912811175076,-0.6924072963494137,0.26925055725492486,0.4058457680378402
12,gpboost_exact,163,-0.14351100179575826,-0.12335151707984217,0.40852125119796234,0.2970478354970996,0.5520322529937206
12,gpboost_exact,164,-0.3360421215894712,-0.21755959709896788,-0.38217971326940114,0.2973835541184684,-0.046137591679929923
12,gpboost_exact,165,-0.9416914387615414,-0.9985480188867006,-0.8724525586335474,0.23286342832271384,0.06923888012799395
12,gpboost_exact,166,0.24874102399652198,0.3483199637508885,0.05778457768992773,0.2830506956208393,-0.19095644630659425
12,gpboost_exact,167,0.5509697292332352,0.6106405219537099,1.2730752425143566,0.2809201089510874,0.7221055132811214
12,gpboost_exact,168,0.32864909904888995,0.4297920692589635,0.5664656109787725,0.22308825087991999,0.2378165119298825
12,gpboost_exact,169,-0.7588769094239068,-0.7002714334184829,-0.3230429559487531,0.2921949992449013,0.43583395347515375
12,gpboost_exact,170,1.6457220081516684,1.6099780520562925,1.1963476402065032,0.24254255583326156,-0.44937436794516517
12,gpboost_exact,171,0.43124267191222315,0.4773634004012714,0.10219599859521011,0.3196914495307118,-0.32904667331701304
12,gpboost_exact,172,-0.7786376341180103,-0.9074043833642736,-0.7235214473352585,0.2533213522398817,0.055116186782751875
12,gpboost_exact,173,0.17723078725083002,0.05438618285703477,0.42400947282457757,0.2740946810146253,0.24677868557374755
12,gpboost_exact,174,-0.007639199661888418,0.005272077414493457,0.995446514540367,0.30273197134965246,1.0030857142022556
12,gpboost_exact,175,0.514146254578931,0.47685195494896804,0.33168952299722854,0.31842818581780197,-0.1824567315817025
12,gpboost_exact,176,-0.33869908787050257,-0.3908805106967873,-0.6826749187896297,0.25883823512813825,-0.34397583091912715
12,gpboost_exact,177,0.1559048302435212,0.11232531895870249,0.867409371938086,0.2712269961469315,0.7115045416945648
12,gpboost_exact,178,0.22979682102451515,0.2808950672068764,0.46212413282302833,0.2680995421903366,0.23232731179851318
12,gpboost_exact,179,0.509840488224181,0.665564537994955,0.2666086962825709,0.30014247685495943,-0.24323179194161015
12,gpboost_exact,180,-0.3499683096767067,-0.32092360400311787,-0.16628153703043402,0.2725423542451866,0.1836867726462727
12,gpboost_exact,181,0.4145937412741148,0.359674610597036,0.3719460058455146,0.24411978400417628,-0.042647735428600175
12,gpboost_exact,182,0.2218446934943424,0.09559614714512346,0.13201329915468385,0.2700581011240382,-0.08983139433965856
12,gpboost_exact,183,1.2804267668964213,1.3646842179811123,1.3235782428112959,0.26370172423540644,0.04315147591487456
12,gpboost_exact,184,-1.0729655009168264,-1.1438179238900075,-0.5586058080987817,0.2682228914762184,0.5143596928180447
12,gpboost_exact,185,-0.8627205200985602,-1.0362553925663123,-0.7641990336507245,0.20257773251839778,0.09852148644783565
12,gpboost_exact,186,0.7310003737033408,0.9187928202767204,0.5877859017847165,0.27469939511295366,-0.14321447191862435
12,gpboost_exact,187,1.442866379955,1.6430064796448383,1.0138912367544197,0.27337621033615905,-0.42897514320058017
12,gpboost_exact,188,-0.38662226688467394,-0.4528018181578788,-0.5934086890763339,0.2648157807698181,-0.20678642219166
12,gpboost_exact,189,-0.09393020715611988,-0.08662099949902566,0.0791551999092599,0.2781939428376385,0.17308540706537978
12,gpboost_exact,190,-0.20249491081826335,-0.2780492120111293,-0.3734954843429752,0.26558629126863986,-0.17100057352471185
12,gpboost_exact,191,1.4078347949412642,1.5274870197297656,1.0149219600292376,0.2663604713337729,-0.39291283491202655
12,gpboost_exact,192,-0.5013151494621576,-0.37475256708177884,-0.8861551166295065,0.27361912766648927,-0.3848399671673489
12,gpboost_exact,193,-0.16263044437383536,-0.15912131086495734,0.06176231008515387,0.2561547084930371,0.22439275445898924
12,gpboost_exact,194,-0.24142036495776267,-0.21957746159752753,-0.10729395046135437,0.22467036354880335,0.1341264144964083
12,gpboost_exact,195,1.4243312279305793,1.4333062457526797,1.2558570276527874,0.24666874402307543,-0.16847420027779192
12,gpboost_exact,196,-0.4417092071070275,-0.3641603963757065,-0.7227973967529238,0.24497078295355196,-0.28108818964589627
12,gpboost_exact,197,2.1993165331254216,2.2066951623496585,1.900360778744962,0.25640749102235355,-0.29895575438045974
12,gpboost_exact,198,1.3107097342032612,1.2181739567070091,1.647925769822308,0.2690594665833569,0.3372160356190468
12,gpboost_exact,199,0.7174701436352102,0.8406218061625652,1.0924323796036033,0.2749850649330999,0.37496223596839307
12,gpboost_exact,200,0.07719711865648751,-0.011902557613798659,-0.1565682998872049,0.24597171931856177,-0.2337654185436924
12,gpboost_exact,201,-0.47487397742136384,-0.49421768061380655,-0.6864747764128918,0.24007868202051694,-0.21160079899152795
12,gpboost_exact,202,0.3564839595085781,0.15735643053965823,0.8056111780890776,0.27909776612648274,0.4491272185804995
12,gpboost_exact,203,-0.2957755555760325,-0.40695062150905537,-0.3547376460544438,0.23120554560972514,-0.05896209047841128
12,gpboost_exact,204,0.5388069588250068,0.6266392647768573,0.3071710578095237,0.3133721714823224,-0.23163590101548315
12,gpboost_exact,205,0.4902238714416798,0.5119045928393519,0.9745533423852679,0.28553467445525166,0.48432947094358814
12,gpboost_exact,206,0.3780781442475567,0.3381939242141061,0.954863115760519,0.2535427700353968,0.5767849715129623
12,gpboost_exact,207,0.2541167622345304,0.24800399279841115,0.18908281503336966,0.26702502268599293,-0.06503394720116074
12,gpboost_exact,208,-0.99897226039538,-0.9254495768032209,-0.8767938151306467,0.2556329729849706,0.12217844526473332
12,gpboost_exact,209,0.3551140472757446,0.20566907317095678,0.6252714054174877,0.2695207636610579,0.27015735814174313
12,gpboost_exact,210,-0.741144044475239,-0.8611453382169861,-0.9095120571007023,0.22348275654237842,-0.1683680126254633
12,gpboost_exact,211,-0.24310097574196027,-0.2653563447327804,-0.5078982315013487,0.22551330119048796,-0.26479725575938845
12,gpboost_exact,212,-0.09057408774639081,0.0059009361129278015,0.020253818093344478,0.18912965707113433,0.11082790583973529
12,gpboost_exact,213,-0.7039044430847112,-0.7459106978870997,-0.8291015649747777,0.16374965055035257,-0.1251971218900665
12,gpboost_exact,214,1.3006415198464245,1.3615824430438463,1.2962035872989723,0.27721866771607206,-0.0044379325474521725
12,gpboost_exact,215,-1.0184474149913831,-1.0003421021348478,-0.5682627455021994,0.2588866427022284,0.4501846694891838
12,gpboost_exact,216,-0.15338919139554852,-0.1995217769906835,-0.5211301951601222,0.22099626124757762,-0.36774100376457364
12,gpboost_exact,217,-0.3808648524395151,-0.39581057837776135,-0.08360245913041808,0.29210673203892035,0.29726239330909704
12,gpboost_exact,218,1.5292189530101714,1.4822076615972493,1.8658741183284118,0.28917730684575477,0.33665516531824036
12,gpboost_exact,219,-0.9663175846267309,-0.9466381428866858,-1.0533244170212033,0.24768570479849758,-0.08700683239447238
12,gpboost_exact,220,0.16549716959236727,0.06140663201295675,-0.21946988237885812,0.24345846231968699,-0.3849670519712254
12,gpboost_exact,221,0.1814828312349302,0.16987086788938577,0.8107648644555834,0.28357443860712855,0.6292820332206532
12,gpboost_exact,222,-0.3431573567071614,-0.5220993584129788,-0.35828667170918393,0.22758649707681325,-0.015129315002022525
12,gpboost_exact,223,0.27089898163769344,0.18050103912550874,0.7398699560465722,0.24714355655598783,0.4689709744088788
12,gpboost_exact,224,-1.0339647165609518,-1.0279412494485634,-0.5414165012846226,0.2739756554019517,0.4925482152763292
12,gpboost_exact,225,1.0242403198155654,1.0016018553322943,1.0397114125540838,0.23880680278939934,0.015471092738518433
12,gpboost_exact,226,-0.13936265711419035,-0.10880322218601708,0.09809282608194536,0.28785171167861395,0.2374554831961357
12,gpboost_exact,227,0.10422641576690025,0.13765446093377778,0.4214981651234382,0.220724179356175,0.3172717493565379
12,gpboost_exact,228,0.3065143131933078,0.3092446229239257,0.14368992757089583,0.24470036590065822,-0.16282438562241197
12,gpboost_exact,229,-0.6060850882677286,-0.7698643867930102,-0.25263806304903724,0.29009424829942965,0.3534470252186913
12,gpboost_exact,230,-0.5172138510561246,-0.5710432685001777,-0.8910082739654541,0.2740936017342878,-0.3737944229093295
12,gpboost_exact,231,-0.09493075273308133,-0.15800449689516322,0.15112565465977568,0.29339817134727586,0.246056407392857
12,gpboost_exact,232,0.2876297732535819,0.254520677226692,0.3649542319437895,0.24828360484984024,0.0773244586902076
12,gpboost_exact,233,0.6518552776939628,0.6843641569718285,1.33106435482682,0.2753773660720834,0.6792090771328572
12,gpboost_exact,234,0.004851694556664926,0.030083702042692725,0.3145762667495937,0.28678913549398904,0.3097245721929288
12,gpboost_exact,235,0.22680541531059578,0.3150280740585389,0.04461891687915909,0.2719647785680669,-0.1821864984314367
12,gpboost_exact,236,-0.8291476964310784,-0.7492409245564338,-0.6212074753152486,0.28435159393002696,0.20794022111582988
12,gpboost_exact,237,0.41677519082785547,0.32330736292450835,0.34695483453932674,0.2665656313619806,-0.06982035628852873
12,gpboost_exact,238,0.8280024997918507,0.8354508046130196,0.9836729306374687,0.2744451520773127,0.15567043084561805
12,gpboost_exact,239,-1.1128462877946255,-0.9663748342252425,-0.8934927024286807,0.27699079624718886,0.21935358536594474
12,gpboost_exact,240,-0.32591081100575725,-0.37849306468065386,-0.050238391203430766,0.2702060474696284,0.2756724198023265
12,gpboost_exact,241,0.2624308520409354,0.24023679964585853,0.6475091592389344,0.24738405921721981,0.38507830719799896
12,gpboost_exact,242,-0.7021193769671799,-0.7461758467341849,-0.922678124756878,0.2536521337168483,-0.2205587477896982
12,gpboost_exact,243,0.0618098446527644,0.08405446091769952,-0.13437186933116507,0.3115331815980412,-0.19618171398392947
12,gpboost_exact,244,-0.22387834717476535,-0.34694330141694163,0.08474926834036722,0.2688825078090401,0.30862761551513257
12,gpboost_exact,245,0.07783785933736681,0.1029100398615327,0.5708732156649319,0.2867156934027857,0.49303535632756507
12,gpboost_exact,246,0.13918705975367102,0.3163361695257204,0.011371794014216619,0.25913803839646493,-0.1278152657394544
12,gpboost_exact,247,1.3368759005757929,1.3460775555089675,1.7834170772895623,0.25228644350601276,0.44654117671376947
12,gpboost_exact,248,-0.2882623160913688,-0.1847793873136961,-0.5005795487341214,0.27628062700565614,-0.21231723264275254
12,gpboost_exact,249,0.33663261015288565,0.3158808239187905,0.2790707362700626,0.22644308552495127,-0.05756187388282302
12,gpboost_exact,250,0.156627897738562,0.053112432752308605,0.03284766141541251,0.27675059905985233,-0.1237802363231495
12,gpboost_exact,251,0.28824668004201315,0.10581052483322376,-0.0674805025830012,0.286076410184113,-0.35572718262501435
12,gpboost_exact,252,0.508871811199091,0.5650004453497817,0.5430741524514833,0.31650203612533556,0.0342023412523923
12,gpboost_exact,253,0.1798216239529949,0.35006736486864165,0.13027087074059818,0.2492308118573956,-0.049550753212396714
12,gpboost_exact,254,0.3064863337380391,0.34573375938800704,-0.019185918316593664,0.2534445367503597,-0.32567225205463274
12,gpboost_exact,255,0.2677761345448746,0.18341478226669602,-0.03764977989179119,0.2868764759893758,-0.3054259144366658
12,gpboost_exact,256,-0.9554995965256559,-0.9361342513671682,-1.04198907528529,0.2823613133157585,-0.0864894787596342
12,gpboost_exact,257,-0.7113952006727291,-0.6503855602209598,-0.6199686902823527,0.26266381708834136,0.09142651039037641
12,gpboost_exact,258,0.03803053177374599,0.028912441249842116,-0.39740188433973955,0.20452490741003193,-0.43543241611348554
12,gpboost_exact,259,0.4615167594435544,0.5657405369913304,0.607789195035684,0.31128620046417943,0.14627243559212955
12,gpboost_exact,260,1.0357232854996046,1.024573855135444,1.2380507905551292,0.27103603110518926,0.20232750505552466
12,gpboost_exact,261,-0.06447155180134193,-0.09118103185166758,0.16508029144461034,0.3317835893808107,0.22955184324595226
12,gpboost_exact,262,-0.39365739866942573,-0.37356363843845763,-0.2960626591690332,0.2832706685536236,0.09759473950039255
12,gpboost_exact,263,1.2453708499565344,1.2694522941112951,0.8853890770867494,0.25937337799346305,-0.35998177286978494
12,gpboost_exact,264,0.3916406898256349,0.507201389339048,0.8089270469445964,0.2769482169580528,0.4172863571189615
12,gpboost_exact,265,0.5147113025534763,0.46468164974411075,0.6838016346096696,0.25179113511570184,0.16909033205619328
12,gpboost_exact,266,0.33852327895815965,0.26214339126418745,0.7253590348647627,0.2724494949854038,0.3868357559066031
12,gpboost_exact,267,-1.4445243455820491,-1.3272016897819856,-0.7352712371667964,0.26063717290460353,0.7092531084152527
12,gpboost_exact,268,-0.20375638239190408,-0.0825079913447249,-0.21773048454071464,0.27893348614208335,-0.013974102148810563
12,gpboost_exact,269,-1.0423853092378144,-1.083793016805935,-0.6586563944987116,0.28988308576620564,0.38372891473910276
12,gpboost_exact,270,0.45138806129768605,0.5988889613110995,0.8656024168937559,0.2712732342687267,0.4142143555960699
12,gpboost_exact,271,-0.8942791869430653,-0.858730685223082,-0.7892064194983206,0.3218010304937966,0.1050727674447447
12,gpboost_exact,272,0.3600613128197395,0.33571602354174984,1.021060799335487,0.28325713809114944,0.6609994865157475
12,gpboost_exact,273,-0.047508886890425844,0.1098567741129707,-0.22523394705636868,0.2699812799588525,-0.17772506016594283
12,gpboost_exact,274,0.8435870347073104,0.9070165889264155,0.7322937367530695,0.28309172107494546,-0.11129329795424092
12,gpboost_exact,275,0.0676486583342539,0.14598365947549033,0.2222477701339809,0.24852006991697517,0.154599111799727
12,gpboost_exact,276,0.21728362678287988,0.1954097472270518,0.7033542017523953,0.2835816120399582,0.4860705749695154
12,gpboost_exact,277,1.9081914889294271,1.976030825592019,1.5270658744930206,0.25201617639849583,-0.3811256144364066
12,gpboost_exact,278,-0.19562221258507376,-0.16370369342120084,-0.23228576107209697,0.29875097502876224,-0.03666354848702322
12,gpboost_exact,279,0.29543347735149944,0.3451271192178034,0.41047832129290285,0.29976764754089125,0.11504484394140341
12,gpboost_exact,280,1.4210744061616465,1.5338680087388759,1.7219016280337485,0.21708934568464422,0.300827221872102
12,gpboost_exact,281,0.7474789623487601,0.8353380734924315,0.3500645189375682,0.3102957780078196,-0.3974144434111919
12,gpboost_exact,282,0.07394712331740533,0.07079231111136355,0.04157151390021241,0.22977451207771607,-0.03237560941719292
12,gpboost_exact,283,1.6252021993165495,1.6969893989038973,1.766454637914288,0.18760333511287033,0.1412524385977385
12,gpboost_exact,284,-0.23046568606855708,-0.23772885427440876,-0.12049042864548198,0.2876081379966001,0.1099752574230751
12,gpboost_exact,285,1.5460527756902782,1.5000453987134619,1.1363234165400211,0.2349375406155767,-0.4097293591502571
12,gpboost_exact,286,0.2396571374559826,0.3128319366722768,0.34087237408064475,0.2959080098358954,0.10121523662466214
12,gpboost_exact,287,1.6393216129100587,1.7212480536869021,1.4436141513160052,0.22025512924957277,-0.1957074615940535
12,gpboost_exact,288,-1.2036461386625679,-1.319507699988815,-0.5170486160554688,0.2573145288531982,0.686597522607099
12,gpboost_exact,289,0.22467488625188525,0.0796937176071141,0.28162159912825047,0.2603495079006602,0.05694671287636521
12,gpboost_exact,290,-0.3623225260736455,-0.4138580047866066,0.03609621707584321,0.22951808451733666,0.3984187431494887
12,gpboost_exact,291,-0.15035939210939156,-0.08131107288696222,0.061903920923037425,0.2770073214315903,0.21226331303242899
12,gpboost_exact,292,-0.7351097308277722,-0.6577509238107752,-0.615512840336967,0.32513909785838646,0.11959689049080524
12,gpboost_exact,293,0.4030433294438578,0.4158809073281816,0.6804990138915503,0.26186218254732163,0.27745568444769253
12,gpboost_exact,294,2.130335385631391,2.0373546805844795,1.8146149442828028,0.20571922038272805,-0.3157204413485881
12,gpboost_exact,295,0.267853448258336,0.29832772015609305,0.8441050658570646,0.27945270606530215,0.5762516175987286
12,gpboost_exact,296,1.1970328037395501,1.3055701647616842,0.9470582394949378,0.25414767424009593,-0.24997456424461229
12,gpboost_exact,297,1.4484918205953057,1.4783975826635576,1.1344797227612275,0.2684288738521741,-0.31401209783407813
12,gpboost_exact,298,-0.796271391651012,-0.6924876137040182,-0.8079402134043416,0.1911058199188447,-0.011668821753329617
12,gpboost_exact,299,1.267611621080737,1.1933082334544207,1.7013254076380582,0.2611367133793662,0.43371378655732107
13,gpboost_exact,0,-0.5432817514842578,-0.6820710007912565,-0.15494792417701753,0.41177739641553823,0.3883338273072403
13,gpboost_exact,1,0.4155898960949956,0.4197664035886213,0.26683290725004305,0.27314999674084817,-0.14875698884495253
13,gpboost_exact,2,0.1529542613318839,0.17564974287683022,-0.20780147767208668,0.3743730867795363,-0.36075573900397057
13,gpboost_exact,3,-0.27845904045158754,-0.1256071522330183,-0.6547054799425993,0.42726694899237005,-0.3762464394910118
13,gpboost_exact,4,1.130494549296714,1.167791287960537,0.7727284845253211,0.31312036706823154,-0.35776606477139294
13,gpboost_exact,5,1.0556640831063224,1.1495001726765526,0.543793973424668,0.30143943253627237,-0.5118701096816545
13,gpboost_exact,6,0.40040830268632305,0.6774221179253395,0.042201515466338435,0.2553043219051962,-0.3582067872199846
13,gpboost_exact,7,0.6469050474029093,0.4985290393961017,0.7018831956366816,0.2831215624914198,0.05497814823377223
13,gpboost_exact,8,1.028992381056989,1.2046636891392142,1.0659139108503286,0.18596572578751241,0.036921529793339625
13,gpboost_exact,9,0.5091987286675222,0.5657732674613061,0.2576792123247813,0.24954422948677574,-0.25151951634274095
13,gpboost_exact,10,1.805982243740776,1.8350527871082425,1.265262200350799,0.2601898160170685,-0.540720043389977
13,gpboost_exact,11,0.009608323598139179,-0.07046545515317064,-0.29139382873523445,0.24266299730858887,-0.30100215233337363
13,gpboost_exact,12,0.7175112033982789,0.6938121322683306,0.8064602999715635,0.3127728920401324,0.08894909657328465
13,gpboost_exact,13,0.37224180442151333,0.4658745891948645,-0.10699879443486715,0.3126294206678779,-0.4792405988563805
13,gpboost_exact,14,0.23919885424802656,0.13776774352457766,0.24530517617232306,0.3086695705146225,0.006106321924296498
13,gpboost_exact,15,-0.333732899375236,-0.4500703130888668,-0.3279292661847739,0.2123697545347381,0.005803633190462065
13,gpboost_exact,16,-0.024980468793748378,0.09746019342587389,0.010959359504036925,0.2829906723555469,0.0359398282977853
13,gpboost_exact,17,-0.7021940354871287,-0.7179118356104521,-0.5939920842226787,0.2297142981372535,0.10820195126444998
13,gpboost_exact,18,1.156612398669657,1.1310828604247698,0.6308605428585459,0.46901262345265593,-0.5257518558111112
13,gpboost_exact,19,-1.061166613658358,-1.1952896971874232,-0.8612396887211071,0.39738846603835754,0.19992692493725084
13,gpboost_exact,20,-1.7122423320191555,-1.7282990796696984,-1.3492337986697542,0.2979886352060623,0.3630085333494013
13,gpboost_exact,21,-0.40649423298658194,-0.42146058719371815,-0.3560200700163101,0.32752627612736424,0.05047416297027185
13,gpboost_exact,22,-0.34429595203307006,-0.3623838701606308,-0.33001194944579204,0.20781755203787786,0.014284002587278022
13,gpboost_exact,23,0.3097173642744027,0.2869657754660529,0.16061847769594984,0.29839179946522687,-0.14909888657845288
13,gpboost_exact,24,1.236784634116749,1.2503187155250826,1.0586783885606899,0.22666215714720478,-0.17810624555605914
13,gpboost_exact,25,0.4377800132945314,0.516699954728995,0.7787955203422205,0.3335232939845224,0.3410155070476891
13,gpboost_exact,26,0.529402353955774,0.41246073682828255,0.8204513846711521,0.26928186432664813,0.29104903071537813
13,gpboost_exact,27,-0.6074518296852871,-0.610198584655463,-0.1928420496248089,0.2944792432235046,0.4146097800604782
13,gpboost_exact,28,0.4290738711236718,0.450285732967647,0.33789739558951926,0.2911401805962442,-0.09117647553415253
13,gpboost_exact,29,0.6911154428747878,0.6383004940038424,0.62271541729758,0.34960288742136536,-0.06840002557720781
13,gpboost_exact,30,0.5746828791396297,0.5379430442103831,0.38059471455626337,0.33125233904649304,-0.1940881645833663
13,gpboost_exact,31,-1.5191788201030925,-1.666684484402145,-1.283616207665137,0.2457269528670591,0.2355626124379555
13,gpboost_exact,32,-0.694075467929966,-0.8521421644101768,-0.348545373655754,0.28388471428282674,0.345530094274212
13,gpboost_exact,33,-1.1786302098316601,-1.242129517820203,-0.9105840427110117,0.3222414476439412,0.26804616712064844
13,gpboost_exact,34,2.1234177599958297,2.1142467645543985,1.2841971812926305,0.3521027155922908,-0.8392205787031992
13,gpboost_exact,35,-0.5775402346925351,-0.5219355947268137,-0.24595596131824404,0.294132466800688,0.3315842733742911
13,gpboost_exact,36,1.345575647678155,1.525863627513897,1.096566333587397,0.40463157449351494,-0.2490093140907581
13,gpboost_exact,37,1.6745396238379233,1.7224593956570364,1.1471952120079907,0.36808533138895627,-0.5273444118299326
13,gpboost_exact,38,0.015685026734021612,0.13204920495663458,0.06296591027495069,0.2743632117590002,0.047280883540929075
13,gpboost_exact,39,0.32990239362126694,0.2677889957125708,0.5030927009430846,0.2413976563197866,0.17319030732181762
13,gpboost_exact,40,1.7702849273207404,1.746533391408555,1.3397942051302882,0.2659493532496842,-0.43049072219045215
13,gpboost_exact,41,0.1460988877135435,0.09479614541724979,0.13984573472445572,0.32359230677251555,-0.006253152989087796
13,gpboost_exact,42,-0.5093579233782412,-0.5971996665996289,-0.3963215573173171,0.2545931953320333,0.11303636606092404
13,gpboost_exact,43,1.7367823063428192,1.8764443957517274,1.1347400730052373,0.4056191436390222,-0.6020422333375819
13,gpboost_exact,44,0.023442017693743933,-0.03371052199193811,-0.224111241891908,0.28779150776905277,-0.24755325958565194
13,gpboost_exact,45,-1.165644786392169,-1.1849286553357241,-1.1004382104219932,0.2937493218262447,0.06520657597017587
13,gpboost_exact,46,-0.14485502350470708,-0.03182479925247948,0.16001299952990333,0.33954404703906005,0.3048680230346104
13,gpboost_exact,47,-0.4823299258985178,-0.5199902072240923,-0.7256939500657955,0.34174756083134805,-0.2433640241672777
13,gpboost_exact,48,-0.7627610343275065,-0.7263604152010769,-0.8058859087061165,0.3317600251189836,-0.04312487437861001
13,gpboost_exact,49,-1.0984908471532255,-1.0144503902411044,-0.5862750513235389,0.3509041439158084,0.5122157958296867
13,gpboost_exact,50,0.9599492012469262,1.0778184151941075,0.9827994716645296,0.2808761963833074,0.022850270417603458
13,gpboost_exact,51,-0.5541126429477194,-0.5138980168972028,-0.6408155295591476,0.4011528551650494,-0.08670288661142811
13,gpboost_exact,52,-0.16616126712075285,-0.24651166714480932,-0.08728689502231735,0.20651955257435278,0.07887437209843551
13,gpboost_exact,53,0.8857001831182684,0.8490174774682471,0.9213066160800176,0.43611627550919624,0.03560643296174926
13,gpboost_exact,54,1.0911624353619178,1.1008119149307896,0.9681649198422289,0.3778493024316665,-0.12299751551968896
13,gpboost_exact,55,-0.7898268655978504,-0.8508989326326619,-0.9816693132851153,0.2220375451866902,-0.19184244768726488
13,gpboost_exact,56,-0.4907452614929354,-0.5957596474985749,-0.1368151627023142,0.3161888943778529,0.3539300987906212
13,gpboost_exact,57,0.2761647967513016,0.3641754587784486,0.2544660329102362,0.32553460170204,-0.02169876384106545
13,gpboost_exact,58,1.4432600167001914,1.6181118722021182,1.0861944559290198,0.3990479209106899,-0.3570655607711717
13,gpboost_exact,59,-0.47046073402534805,-0.4642256846915008,-0.3911006476983765,0.307557852972169,0.07936008632697156
13,gpboost_exact,60,1.7585733335561886,1.5696551370756229,1.1926740406173417,0.36622326305806113,-0.5658992929388469
13,gpboost_exact,61,-1.3117857197078038,-1.0675234474635475,-1.0612682866084313,0.3025750601307051,0.25051743309937247
13,gpboost_exact,62,-1.3912761525046693,-1.4189648309873315,-0.845312791888218,0.31092967909163904,0.5459633606164513
13,gpboost_exact,63,-0.5350902614315279,-0.5359837215369154,0.20848070281424835,0.4260969219675867,0.7435709642457763
13,gpboost_exact,64,-0.7978536690258106,-0.7651985483630439,-0.5755778251958983,0.24647184570771463,0.22227584382991228
13,gpboost_exact,65,1.658634177926698,1.6044864254157543,1.1697276866014326,0.4018410299985871,-0.4889064913252654
13,gpboost_exact,66,0.36834934631132465,0.4917151225784222,0.7412238263852204,0.31588102054012357,0.3728744800738958
13,gpboost_exact,67,0.15074174641369414,0.21960390446242284,0.2325942518247146,0.3233548939228176,0.08185250541102046
13,gpboost_exact,68,1.084711805950667,1.17870456358022,0.9150946709486636,0.250798052623544,-0.16961713500200348
13,gpboost_exact,69,-0.4283555232839812,-0.39651988555537815,-0.5658397349094368,0.26340377813338045,-0.13748421162545565
13,gpboost_exact,70,0.33288312688618815,0.31699510046913504,0.051651904131411186,0.2871922188836097,-0.28123122275477697
13,gpboost_exact,71,0.9055444900374823,1.0098789402470714,1.0013432158524003,0.2175580306569344,0.095798725814918
13,gpboost_exact,72,1.3001655692693903,1.1931531906984838,1.0254663098200671,0.42329928881004664,-0.27469925944932316
13,gpboost_exact,73,-0.7950258358925019,-0.8900786740363797,-0.01438513416730558,0.35976383250918587,0.7806407017251963
13,gpboost_exact,74,-0.8803085569762772,-0.8596860976256203,-0.7022853854996836,0.27656608667559135,0.17802317147659363
13,gpboost_exact,75,1.0658704011685476,1.0725485951848481,0.8792581017585661,0.29717388522167976,-0.18661229940998147
13,gpboost_exact,76,0.25641635908586957,0.12644400240559062,-0.013246960759056847,0.38729901803150885,-0.2696633198449264
13,gpboost_exact,77,1.041541638954227,0.9326663158901519,0.8062992943293708,0.2266067060785121,-0.23524234462485616
13,gpboost_exact,78,0.4868451976071249,0.3829142361890138,0.09663750758278145,0.3624295361557716,-0.39020769002434347
13,gpboost_exact,79,-0.7433821954117725,-0.6359296760548719,-0.7273242334367236,0.19548440242134482,0.01605796197504894
13,gpboost_exact,80,-0.7466457443504447,-0.8365931422883318,-0.568606220666414,0.23100639174157053,0.17803952368403075
13,gpboost_exact,81,-0.22612960415759847,-0.3592908444250057,0.06711615498043333,0.312925577383715,0.2932457591380318
13,gpboost_exact,82,-0.8130961027737464,-0.9721827459252205,-0.6035896837437873,0.4440665996660622,0.20950641902995915
13,gpboost_exact,83,-0.03653259426930269,-0.03437737489129193,0.07509052591225984,0.28633160972376953,0.11162312018156254
13,gpboost_exact,84,-1.0139393009585351,-1.1258075607935716,-0.6713897805015456,0.3009619100479016,0.3425495204569895
13,gpboost_exact,85,-0.006957531913185096,-0.05084292208223684,0.06571917227684132,0.2207265151725286,0.07267670419002642
13,gpboost_exact,86,-0.7165464070780141,-0.5676055069630567,-0.7320045205860133,0.19141283920202481,-0.015458113507999194
13,gpboost_exact,87,1.1297519185459872,1.143777342433721,0.5489554997488435,0.23006063717706327,-0.5807964187971437
13,gpboost_exact,88,-0.6228857397596783,-0.8347681877723842,-0.8312972484614578,0.26479988358164014,-0.2084115087017795
13,gpboost_exact,89,-0.5947814096197888,-0.5362094776019459,-0.08082567308735467,0.2578384340587725,0.5139557365324341
13,gpboost_exact,90,-0.6018200883858699,-0.7686951274379638,-0.7014145462209074,0.29574545745180014,-0.09959445783503751
13,gpboost_exact,91,0.11305392278116255,0.037691558404426506,0.23361637331883855,0.25262933061167114,0.120562450537676
13,gpboost_exact,92,0.0025625715690775763,0.0496307063122726,0.6174202528235204,0.3475762065301012,0.6148576812544428
13,gpboost_exact,93,-0.9733892417710113,-1.0839008206491973,-0.7347247154514549,0.3607931106501201,0.23866452631955637
13,gpboost_exact,94,1.0364154836971915,0.8598935328358154,1.0116286589174326,0.36167371964630535,-0.02478682477975891
13,gpboost_exact,95,-0.9533674170937325,-0.9164381331368537,-0.6914527921102263,0.2835360999610341,0.26191462498350626
13,gpboost_exact,96,-0.3077861916169549,-0.6284470286100974,0.28107728535996834,0.3860383234662156,0.5888634769769232
13,gpboost_exact,97,0.6406376430452311,0.5245241336610307,0.47652664205128836,0.33504369127664646,-0.1641110009939427
13,gpboost_exact,98,-0.279491279976498,-0.2922015430223198,-0.04664097227897557,0.3561070104137523,0.2328503076975224
13,gpboost_exact,99,-0.3976665419190588,-0.4379407373772613,0.07395498276960044,0.3234930591420089,0.47162152468865925
13,gpboost_exact,100,-0.7240427014370951,-0.9645179549758567,-0.522773964818497,0.43568616447055114,0.20126873661859812
13,gpboost_exact,101,0.5399779351270226,0.5032729934294398,0.32495226343057304,0.320873071590251,-0.2150256716964496
13,gpboost_exact,102,-0.03035330446763662,0.025995413181190634,0.07389474698800402,0.32077740075545924,0.10424805145564064
13,gpboost_exact,103,0.6156553401606298,0.3714706737561072,0.7278235408006104,0.2835073861474025,0.11216820063998056
13,gpboost_exact,104,0.8363170334470917,0.8014794048556185,0.8086129642278737,0.2975692719512715,-0.027704069219218086
13,gpboost_exact,105,0.22986712056317427,0.21198095618297674,-0.1255471658577969,0.30595242725294264,-0.35541428642097117
13,gpboost_exact,106,0.14856974576066234,0.24814141147782126,0.1420867845430056,0.3467446168863135,-0.006482961217656735
13,gpboost_exact,107,-0.36153856595960465,-0.3052810526476808,-0.08485158540471538,0.3416072217630321,0.2766869805548893
13,gpboost_exact,108,0.6604488811082447,0.5647234403485494,0.37610384025943233,0.24923096336979503,-0.2843450408488124
13,gpboost_exact,109,-0.5010603592548979,-0.6050588061856608,0.0886960786519948,0.3128423018556468,0.5897564379068927
13,gpboost_exact,110,-1.383872358515564,-1.374061728518154,-1.0852827484125562,0.24767089078325255,0.29858961010300766
13,gpboost_exact,111,-0.17475402402252382,-0.3893299336876861,-0.01521581050571541,0.3328985411498529,0.1595382135168084
13,gpboost_exact,112,-0.4139325004729887,-0.335527129253273,0.11328855361313472,0.35324453189768246,0.5272210540861234
13,gpboost_exact,113,0.04316024649134376,0.14206430583139765,0.05595634363066537,0.2791509041699723,0.012796097139321616
13,gpboost_exact,114,-1.2368325707550718,-1.165997293244517,-0.5297457272479238,0.40979434422405214,0.707086843507148
13,gpboost_exact,115,-0.3820988445211151,-0.4337426183876303,0.016212650519316973,0.34381547272030943,0.39831149504043206
13,gpboost_exact,116,0.1627910544502682,0.07896282170314863,0.045286444477159016,0.33234661045858044,-0.11750460997310919
13,gpboost_exact,117,0.39898373318614644,0.26659772666444165,0.4183516540253329,0.28155513913516056,0.01936792083918648
13,gpboost_exact,118,-0.3303245964043352,-0.37386702578176517,0.09558804884287309,0.34220639383287543,0.4259126452472083
13,gpboost_exact,119,-0.4869855787342938,-0.4116095253938848,0.23768019746546054,0.3978127544388419,0.7246657761997544
13,gpboost_exact,120,0.43182584855575895,0.39502674852285996,0.4530291094843868,0.3603022539485384,0.021203260928627843
13,gpboost_exact,121,0.5427011847178548,0.46118433649192714,0.7371802565980179,0.3621872616808037,0.1944790718801631
13,gpboost_exact,122,0.46325182323812264,0.5252690129445943,0.13217949908530002,0.3709658969303226,-0.3310723241528226
13,gpboost_exact,123,-0.6447354853283317,-0.6808932353470808,-0.5805338467169925,0.2775079481271963,0.0642016386113392
13,gpboost_exact,124,0.19527753181196816,0.20642855316755188,0.28582124033396283,0.3244415864403527,0.09054370852199467
13,gpboost_exact,125,0.6388706367416224,0.5579511593531399,0.5413483821456211,0.32293230011445595,-0.09752225459600128
13,gpboost_exact,126,0.22224274158071192,0.3071434315138536,0.2976217785098463,0.2919125081723278,0.07537903692913436
13,gpboost_exact,127,-0.658181862177661,-0.6227166284486154,-0.6318905971367164,0.3007645629564291,0.02629126504094459
13,gpboost_exact,128,-0.8705093453784927,-0.9979370724262042,-0.8277616914232517,0.29156926938580474,0.04274765395524094
13,gpboost_exact,129,-0.14047850149193009,-0.040525286342479594,-0.10152450414586411,0.2324836533162235,0.03895399734606597
13,gpboost_exact,130,0.8223943915554998,0.7885718591767761,0.6526568957016421,0.31724810369253575,-0.16973749585385767
13,gpboost_exact,131,-1.001817495632247,-0.9455602707416213,-0.877885175656635,0.3377280498129084,0.12393231997561194
13,gpboost_exact,132,-0.07426465378127306,-0.05632179651071008,-0.036508129419812185,0.2828832298938247,0.037756524361460875
13,gpboost_exact,133,0.3710338239380485,0.17210203393135542,0.3846963480899337,0.3892391735151142,0.01366252415188518
13,gpboost_exact,134,0.5322788952870324,0.4560094039031876,0.4393705548988409,0.30260832136171545,-0.09290834038819151
13,gpboost_exact,135,-0.8427267251424242,-0.6311587071302932,-0.8846687869145633,0.303826672096449,-0.041942061772139105
13,gpboost_exact,136,-0.18618185592122893,-0.20303186484843905,-0.1574635993127167,0.19066021943780936,0.028718256608512238
13,gpboost_exact,137,-0.6211958781987629,-0.6780519841149923,-0.5581091689899242,0.23295780577770114,0.06308670920883863
13,gpboost_exact,138,0.8380080823787679,0.7813010047015171,0.5816988013176605,0.319105005056793,-0.2563092810611074
13,gpboost_exact,139,0.5935365758455542,0.5075432944078758,0.8120841706057371,0.26232070987816364,0.21854759476018293
13,gpboost_exact,140,-0.3815256492937895,-0.3862817635592149,0.017259004869964123,0.3409210312898064,0.39878465416375364
13,gpboost_exact,141,0.13944191000038686,0.293270425586165,0.35663011500583686,0.32128567140564407,0.21718820500545
13,gpboost_exact,142,-0.4797837373012044,-0.5452729641375947,0.013397474402795595,0.2909079827009458,0.493181211704
13,gpboost_exact,143,0.25478271594822105,0.11787374750895621,0.532740287504903,0.25012287292018365,0.27795757155668194
13,gpboost_exact,144,0.47530496093982605,0.4796409106696613,0.7442119233402789,0.31033784377117557,0.2689069624004528
13,gpboost_exact,145,-1.4570644298384228,-1.5918489765829902,-1.0731123147961856,0.2835581613641848,0.38395211504223714
13,gpboost_exact,146,0.5496176013954543,0.5271413242263795,0.8144034479556259,0.3499243030373815,0.26478584656017157
13,gpboost_exact,147,-0.6401741488331815,-0.4605508028927722,-0.15176332305495688,0.3312025489492165,0.4884108257782246
13,gpboost_exact,148,0.3211141333333346,0.41099979321170255,0.2424676921738147,0.3396768243811505,-0.07864644115951991
13,gpboost_exact,149,-0.9171429066225296,-0.9856034597418417,-0.5218568617658619,0.30797890367398867,0.39528604485666774
13,gpboost_exact,150,-0.23610912268625722,0.015759799554549758,0.056861078485683336,0.33877585116557124,0.29297020117194056
13,gpboost_exact,151,-0.26202138926180085,-0.2906187370373204,-0.21005380084045644,0.29701871327014345,0.05196758842134441
13,gpboost_exact,152,1.316335910349638,1.4560236247978802,1.1217688925781362,0.40014019052040567,-0.19456701777150176
13,gpboost_exact,153,0.6490484719789116,0.6272898830094461,0.588724195341074,0.3436091354854566,-0.06032427663783757
13,gpboost_exact,154,-0.698127987353379,-0.7876148382865418,-0.09768203971463496,0.26550072832352495,0.600445947638744
13,gpboost_exact,155,-0.39001334917079356,-0.4458804354405501,-0.28796588466420125,0.25439133159791777,0.1020474645065923
13,gpboost_exact,156,1.4706619016953166,1.44217170059554,1.045173545504011,0.4024388872011685,-0.42548835619130565
13,gpboost_exact,157,-0.45886355564299974,-0.3724611576228479,-0.461473594937134,0.310732595200928,-0.002610039294134281
13,gpboost_exact,158,0.2974463143692295,0.30866946466312284,0.20815252950094099,0.33859601166973,-0.08929378486828854
13,gpboost_exact,159,-0.08497753850202183,0.009719964125726094,0.06599049507561894,0.29753210728537244,0.15096803357764077
13,gpboost_exact,160,-0.6216859203578157,-0.6703261201476972,-0.5195796135437103,0.2508509363340391,0.10210630681410537
13,gpboost_exact,161,0.22575850733178204,0.4328960020987923,-0.1347971492021074,0.2964537795482017,-0.36055565653388943
13,gpboost_exact,162,0.6044918051584227,0.785474601452402,-0.0004486410819568576,0.302349777857659,-0.6049404462403796
13,gpboost_exact,163,-1.5616420594880092,-1.5851223157619752,-1.0749282565421172,0.299349053032618,0.48671380294589195
13,gpboost_exact,164,-0.541172198869317,-0.5562783054621143,-0.1245098499925752,0.35150852469525007,0.4166623488767418
13,gpboost_exact,165,0.5959842916901049,0.5677212141845182,0.26823609514611757,0.2778529038160402,-0.32774819654398735
13,gpboost_exact,166,0.8404495265489011,0.6659743418340796,0.9882132274950299,0.3977640931131582,0.14776370094612878
13,gpboost_exact,167,1.0392777359783196,0.7619498992982299,0.4895195829734371,0.3004649807436061,-0.5497581530048825
13,gpboost_exact,168,-0.6915353158466894,-0.7185833532276259,-0.7793149900684195,0.2872320165113993,-0.08777967422173016
13,gpboost_exact,169,-0.7236586782427058,-0.7823986558799962,-0.8399330458353234,0.2031419685689544,-0.11627436759261756
13,gpboost_exact,170,-0.08007025985747779,0.055892594893644426,-0.0303922569490358,0.3842592571048805,0.04967800290844199
13,gpboost_exact,171,-0.39863883379208487,-0.40675461326730455,-0.6536990576703516,0.25734571542837426,-0.25506022387826677
13,gpboost_exact,172,-1.1686733922101773,-1.0292727646743616,-0.6201810405004928,0.395261447677465,0.5484923517096845
13,gpboost_exact,173,0.05918345786113455,0.11662349436326022,0.07804739958400475,0.25901131496756596,0.018863941722870203
13,gpboost_exact,174,1.197238950715183,1.0991993258553179,0.9493326867270557,0.46458441618317603,-0.24790626398812732
13,gpboost_exact,175,0.19366423829481968,0.39868342641826826,0.043028139461086745,0.2905341915211347,-0.15063609883373294
13,gpboost_exact,176,0.2240750492459515,0.3257200978432221,-0.11431587976747348,0.3055769623412494,-0.338390929013425
13,gpboost_exact,177,0.5247596811978515,0.5476313022666944,0.3191891984615305,0.3289436394038146,-0.20557048273632106
13,gpboost_exact,178,0.4981180420376131,0.7202345591598773,0.5458060219245606,0.2555783079715473,0.04768797988694751
13,gpboost_exact,179,0.23465973852321914,0.12816868630112427,0.4055931504752426,0.3091305443712689,0.17093341195202344
13,gpboost_exact,180,0.2259759698101832,0.3396773720429911,0.45801832735373527,0.2831498320443943,0.23204235754355207
13,gpboost_exact,181,-0.3521241440721472,-0.19615449549616676,-0.1731611846200254,0.32840688208012303,0.17896295945212182
13,gpboost_exact,182,0.7481232444274275,0.8244448246180736,0.8724789814294338,0.3332559335104445,0.1243557370020063
13,gpboost_exact,183,-0.6100458793448024,-0.4623136453585135,-0.20204208910882748,0.317078075614582,0.4080037902359749
13,gpboost_exact,184,2.1389612001169906,2.0549827232317663,1.3235171697644024,0.33513235288695453,-0.8154440303525883
13,gpboost_exact,185,0.2765336464685658,0.2891951220726212,0.25630259529040966,0.3705255786137287,-0.020231051178156156
13,gpboost_exact,186,1.3502752878928805,1.3932351673641457,1.1694772364833286,0.24145326534826994,-0.18079805140955196
13,gpboost_exact,187,0.7060816762022275,0.6936868513430675,0.694904476830871,0.21310667856115523,-0.011177199371356528
13,gpboost_exact,188,0.7883548975865691,0.9828603621282819,0.7419554734255422,0.29753880541969735,-0.046399424161026825
13,gpboost_exact,189,-0.6130666315815249,-0.6961554990437152,-0.2648689189923612,0.28010317925835415,0.34819771258916365
13,gpboost_exact,190,1.0229999064656399,1.1389214094079039,0.7282207708889263,0.3996815196428475,-0.29477913557671354
13,gpboost_exact,191,-0.09786433902083258,-0.09658799947852467,0.5718464209487699,0.3156929606664101,0.6697107599696025
13,gpboost_exact,192,0.4312926588055036,0.49167763863778935,0.4947120308043269,0.3049453447886616,0.0634193719988233
13,gpboost_exact,193,-0.3852232700810915,-0.3672886685449733,-0.31057307115325017,0.24454960316765043,0.0746501989278413
13,gpboost_exact,194,1.0033354769674037,0.9518684203157208,0.8011468855595645,0.3065494342721694,-0.20218859140783918
13,gpboost_exact,195,-0.4167981485978278,-0.3035687693247575,-0.301577624825617,0.28365785960546097,0.11522052377221081
13,gpboost_exact,196,-1.1936875666982607,-1.340095271121895,-0.5651280943165218,0.42906585339455566,0.6285594723817389
13,gpboost_exact,197,0.29854957057081033,0.3034013738948769,0.2910184725449332,0.26585102769440955,-0.007531098025877148
13,gpboost_exact,198,0.6607964125879897,0.7575995094596758,0.18465980126045523,0.28376174775112784,-0.4761366113275345
13,gpboost_exact,199,-1.1222937154907275,-1.1937816064211177,-1.1669241937826165,0.24665861773757738,-0.04463047829188893
13,gpboost_exact,200,1.259929215205149,1.2981686409634774,1.117375464017976,0.3024109966910568,-0.14255375118717284
13,gpboost_exact,201,-1.3142145439571697,-1.3258579043637138,-1.0678804094115062,0.24333620484444887,0.24633413454566355
13,gpboost_exact,202,0.7494062412404402,0.5734408042668298,0.8100395471675981,0.2448884141837354,0.06063330592715788
13,gpboost_exact,203,0.312086293131254,0.3247630800548122,0.35132643523748364,0.3602001888899188,0.039240142106229614
13,gpboost_exact,204,-1.9573687168850944,-1.8675309032175555,-1.8351348960686718,0.3309773646416707,0.12223382081642264
13,gpboost_exact,205,0.443224977957149,0.42480568628336673,0.5357316240915182,0.2355697224192745,0.09250664613436921
13,gpboost_exact,206,1.2069148746754794,1.347804496792081,1.1394011495499319,0.3336293190206395,-0.06751372512554754
13,gpboost_exact,207,0.6278136374501171,0.4846930621888531,0.8612210114859025,0.2897023579288566,0.23340737403578538
13,gpboost_exact,208,0.9011039778166137,0.8980420032068093,0.6201861033927436,0.27239800758070143,-0.28091787442387006
13,gpboost_exact,209,-0.6448303032105014,-0.5637787011570964,-0.6967944963248627,0.25862058303800906,-0.05196419311436129
13,gpboost_exact,210,-0.3896893603436127,-0.4210938229486942,-0.40537099912355146,0.22661550283021498,-0.015681638779938778
13,gpboost_exact,211,-0.15016847575609732,-0.14549950179654117,0.3328004591809588,0.2715415133100049,0.4829689349370561
13,gpboost_exact,212,-0.635971754391571,-0.6970145978838526,-0.16684911821480597,0.2493827886266111,0.4691226361767651
13,gpboost_exact,213,0.6417736030564118,0.5461684680180093,0.7478790869704337,0.3732825079179248,0.10610548391402186
13,gpboost_exact,214,0.16593361607247403,0.2329131718090119,0.18422422793965154,0.29201168021999785,0.01829061186717751
13,gpboost_exact,215,1.3806689988600358,1.675121653837353,0.9218520622572912,0.30756745594514723,-0.4588169366027446
13,gpboost_exact,216,0.9597865891154093,0.932536066113396,1.0020783893219098,0.28777393100435567,0.042291800206500585
13,gpboost_exact,217,0.1908528135280949,0.2193910557395295,0.08842082302737264,0.28964103519597045,-0.10243199050072227
13,gpboost_exact,218,-0.5370560631978649,-0.4506421455422852,0.10251499949880749,0.3845804939433241,0.6395710626966724
13,gpboost_exact,219,0.9765628223152841,0.9311933131190158,0.6989660750338489,0.29485226020499944,-0.27759674728143524
13,gpboost_exact,220,0.7975826941307829,0.9305685930271077,0.8593084891832348,0.18629183904229066,0.061725795052451904
13,gpboost_exact,221,0.9196758695291037,0.926319194760591,0.5148135652204333,0.3058584822616204,-0.40486230430867043
13,gpboost_exact,222,-0.19363938836296202,-0.019077628907244404,0.055970366127942484,0.2832489650584001,0.2496097544909045
13,gpboost_exact,223,-0.1955051487827873,-0.17432163855548702,0.2629112629936854,0.33121101922219015,0.4584164117764727
13,gpboost_exact,224,-0.5649417749044481,-0.6642399100098028,-0.6850875779187611,0.2031739166178595,-0.12014580301431299
13,gpboost_exact,225,-0.030901396289084754,0.0552449890822906,-0.18413355340805815,0.3017715681374922,-0.1532321571189734
13,gpboost_exact,226,-0.23522239527504019,-0.38946551824069187,-0.08846460475925522,0.2723419647636574,0.14675779051578497
13,gpboost_exact,227,0.738369332493969,0.8472367792816131,1.0673533486726203,0.33555089373379293,0.32898401617865136
13,gpboost_exact,228,0.7011696512433416,0.5925691722834592,0.3596460225836342,0.37738291890211395,-0.3415236286597074
13,gpboost_exact,229,-0.48134949138500027,-0.5855156611768663,0.05053588264298803,0.3000584487318909,0.5318853740279883
13,gpboost_exact,230,0.18696114395039642,0.09959225255873794,0.575238891536114,0.2906938917325593,0.38827774758571754
13,gpboost_exact,231,2.1298275191046043,2.231576026072824,1.2661887896719044,0.3474688696775532,-0.8636387294326999
13,gpboost_exact,232,0.5537200019829228,0.5156957907612236,0.5129119889925828,0.3261458343457024,-0.04080801299033998
13,gpboost_exact,233,0.7163687041544176,0.8654092264916988,0.35614121207772964,0.2799012790400562,-0.3602274920766879
13,gpboost_exact,234,-0.04813824202247852,0.03504199956297205,-0.05911861962290921,0.22916485461196887,-0.01098037760043069
13,gpboost_exact,235,0.11730236323390342,0.14288172626472148,0.10758088152998369,0.3161787396510401,-0.009721481703919732
13,gpboost_exact,236,0.7664434468631889,0.8124665569104879,0.6441263239563924,0.18751787195135344,-0.12231712290679653
13,gpboost_exact,237,-0.5381491670272672,-0.5729132449751676,-0.4823841035879024,0.3677013637208416,0.055765063439364826
13,gpboost_exact,238,-0.4828630732984814,-0.48282772796345125,-0.4392063537719917,0.3097254740403595,0.043656719526489696
13,gpboost_exact,239,-0.6498083199099225,-0.7396864988258878,-0.8372431690082465,0.2624651226128164,-0.18743484909832397
13,gpboost_exact,240,-0.09176666186076943,-0.08972783932896924,0.04866282201895977,0.3109012326297755,0.1404294838797292
13,gpboost_exact,241,-0.40246866277441484,-0.48929462324847794,-0.0008046586121412957,0.34889915618640066,0.40166400416227355
13,gpboost_exact,242,-0.8458351081486825,-0.7776999949460279,-0.8052660837204719,0.2382027261456989,0.04056902442821053
13,gpboost_exact,243,1.1590303213034392,1.1794431268540193,0.5228859741362513,0.2544766199942308,-0.6361443471671879
13,gpboost_exact,244,0.5501595741114802,0.5495126132621808,0.712213596587735,0.3099141540397316,0.16205402247625478
13,gpboost_exact,245,0.610875769739509,0.7056531020580408,0.7045092996806073,0.4521859339036926,0.0936335299410983
13,gpboost_exact,246,-0.08409248492284987,-0.1705361210551143,-0.08881523795344837,0.2624405247091519,-0.004722753030598492
13,gpboost_exact,247,-0.6370838023593943,-0.5398337108019795,-0.06126842526257281,0.31035443491857706,0.5758153770968215
13,gpboost_exact,248,0.6564879488084823,0.7061192273599172,0.5295464059431332,0.22253397816519005,-0.1269415428653491
13,gpboost_exact,249,0.16581627313883665,-0.04945352939153644,0.21117824616096126,0.324135319613748,0.04536197302212461
13,gpboost_exact,250,0.021818505793358645,0.017465483577911424,-0.027681330167011353,0.2802558728563796,-0.04949983596037
13,gpboost_exact,251,0.16166116967889438,0.1934626879025204,0.16166345606658705,0.34692788123047785,2.2863876926737525e-06
13,gpboost_exact,252,0.15125677868833565,0.08005410620691837,-0.04709695100392963,0.2947845534233952,-0.19835372969226528
13,gpboost_exact,253,0.9947000707221758,1.0920954425715395,0.7243720329068726,0.2853774270676998,-0.27032803781530323
13,gpboost_exact,254,-0.3674383651475148,-0.5358249926855982,-0.11234110083547044,0.35365738302945016,0.2550972643120444
13,gpboost_exact,255,0.3178801624665403,0.24210781961956046,-0.0212021090371044,0.27892029253672207,-0.33908227150364467
13,gpboost_exact,256,-0.7418448028276373,-0.8337336281894266,-0.13590222903697402,0.2947307082443132,0.6059425737906633
13,gpboost_exact,257,-0.3062227678445026,-0.15497737976338358,-0.30136660609284505,0.2543840885478159,0.0048561617516575395
13,gpboost_exact,258,0.7847111520009243,0.8336148058738897,0.7156471157586921,0.327751970983174,-0.06906403624223223
13,gpboost_exact,259,-0.10149043510608857,-0.2354954436955707,-0.12570447896500347,0.27081641645152216,-0.024214043858914902
13,gpboost_exact,260,-0.8663665163317424,-0.6958690383625039,-0.8681424308207415,0.22821880417615606,-0.001775914488999053
13,gpboost_exact,261,-1.1209981041377388,-0.9281241509049447,-0.68794868380831,0.4210045339740328,0.43304942032942884
13,gpboost_exact,262,-0.8165935759274007,-0.6735845710005917,-0.9571104514095232,0.34880123841400346,-0.14051687548212255
13,gpboost_exact,263,-0.6567655439065558,-0.8200839179285815,-0.7446022587037744,0.2561568154449612,-0.08783671479721855
13,gpboost_exact,264,-0.864028633372872,-0.9247650013016854,-0.6610553672012562,0.38106016382998315,0.2029732661716157
13,gpboost_exact,265,0.9453081363066864,0.9414604915707899,0.7917466391412198,0.27012495035444445,-0.15356149716546663
13,gpboost_exact,266,2.0601084113310346,2.0878605277913453,1.2215479037586734,0.4565226898134905,-0.8385605075723612
13,gpboost_exact,267,0.9989298555408449,1.0658033860289406,0.8397179252555143,0.27852567140056644,-0.15921193028533065
13,gpboost_exact,268,-0.44499672918949695,-0.44115933528563417,-0.04434859098497235,0.3219140861761662,0.4006481382045246
13,gpboost_exact,269,-0.26217221688081815,-0.17238640497181987,-0.007466243374151915,0.2249742066301443,0.25470597350666624
13,gpboost_exact,270,0.3054119695428914,0.3180710377074938,0.5939392881998256,0.22779335587724717,0.28852731865693415
13,gpboost_exact,271,-0.39949350498186875,-0.5213835693556428,-0.5476790959015148,0.3010118858515004,-0.148185590919646
13,gpboost_exact,272,1.1640824965900114,1.1436877730136197,1.0241289029088012,0.33656240535312687,-0.1399535936812102
13,gpboost_exact,273,-0.8414218740979645,-0.9564714031693239,-0.11431831790610136,0.3509622158628479,0.7271035561918632
13,gpboost_exact,274,1.1069025051517123,1.0519169523629512,0.5599493608768267,0.30164815260418076,-0.5469531442748856
13,gpboost_exact,275,0.04982482734475821,0.1347412578726374,0.23063106923530796,0.2867388521533306,0.18080624189054975
13,gpboost_exact,276,-0.25533415495322787,-0.12992127279641832,0.1370992356505374,0.29164562501560737,0.39243339060376525
13,gpboost_exact,277,1.0675340607102655,1.1474848762907297,0.8184318104116972,0.2345114566801586,-0.24910225029856825
13,gpboost_exact,278,-0.7286940059361242,-0.8610163326479616,-0.19586491054791022,0.44201321214658157,0.532829095388214
13,gpboost_exact,279,-0.37841053096541105,-0.4669825426463627,-0.54641770121858,0.22433263404494497,-0.16800717025316897
13,gpboost_exact,280,0.31710535035505194,0.37686152746463925,0.15776483306326305,0.2807386503075086,-0.15934051729178889
13,gpboost_exact,281,0.7698462246197852,0.871485281010369,0.7175169900806733,0.30455467924492985,-0.05232923453911198
13,gpboost_exact,282,0.8050123889840455,0.638253766977635,0.662092417256166,0.3317819886516785,-0.1429199717278795
13,gpboost_exact,283,0.35850786607592133,0.20461413857922753,0.7955824506717306,0.26791528366332784,0.4370745845958093
13,gpboost_exact,284,1.7564004396554305,1.7253643414457243,1.1565486167134376,0.3874945658475963,-0.5998518229419929
13,gpboost_exact,285,-0.563499873574592,-0.5463193948605586,0.003490249426904235,0.2727514086587007,0.5669901230014962
13,gpboost_exact,286,0.25719465140853937,0.293835264831387,-0.12842250802245925,0.3733858719431484,-0.3856171594309986
13,gpboost_exact,287,-0.031002515777142803,-0.10538158827127068,0.061968053640642395,0.23918358350714175,0.0929705694177852
13,gpboost_exact,288,0.865253045990908,1.0062656749843637,0.4135308186227329,0.35093606106165887,-0.45172222736817513
13,gpboost_exact,289,0.5024008199880782,0.31980291705804664,0.05036910888962076,0.29723198780876803,-0.4520317110984574
13,gpboost_exact,290,1.0972255992892628,1.1085724241956796,1.0778715321641599,0.2150500351406069,-0.019354067125102903
13,gpboost_exact,291,-0.039085879722468575,0.003080972930671333,0.44559617602173063,0.26309104122173,0.4846820557441992
13,gpboost_exact,292,0.47392634532658495,0.54724400437699,0.3013952380909952,0.2857156196208492,-0.17253110723558973
13,gpboost_exact,293,2.1583513494297537,2.159381596886839,1.278105970293459,0.386025717076095,-0.8802453791362947
13,gpboost_exact,294,1.0547826978164585,1.1604332146249938,1.0873068286209016,0.32309916448588405,0.03252413080444305
13,gpboost_exact,295,1.1553444362166516,1.1624096744570123,1.046919585282077,0.31522101251736484,-0.10842485093457466
13,gpboost_exact,296,0.0654718748935974,-0.10224399394517966,0.1493328731894712,0.2954481418227117,0.08386099829587379
13,gpboost_exact,297,0.9642750319889442,0.9279251202078967,0.20547088022591442,0.28827314835013995,-0.7588041517630297
13,gpboost_exact,298,-0.8688442341953728,-0.8548063921487749,-0.7177420483988026,0.3494150323625769,0.1511021857965702
13,gpboost_exact,299,-0.3701020456074087,-0.5115813248487494,-0.6185970821367359,0.41289851704020386,-0.2484950365293272
14,gpboost_exact,0,1.273168926328951,1.3789164881473108,1.145333094469513,0.32930597996161265,-0.12783583185943792
14,gpboost_exact,1,0.9326755741442221,0.9960738862776509,0.9798771532318988,0.2838637897807043,0.04720157908767675
14,gpboost_exact,2,0.8994774604828922,0.7950082517110174,1.0255458469254108,0.20882067584121908,0.1260683864425186
14,gpboost_exact,3,1.6663414856753818,1.7995336101981787,1.6623860543500695,0.20148488809265871,-0.003955431325312286
14,gpboost_exact,4,0.7554075349535804,0.6647062994249884,0.948497648875736,0.3268125432230236,0.19309011392215558
14,gpboost_exact,5,1.8427086754767539,1.9052660911454087,1.755609915925377,0.2936170267402409,-0.0870987595513768
14,gpboost_exact,6,0.5334787249704931,0.47930533868442626,0.9218618202498856,0.35462728607864913,0.3883830952793925
14,gpboost_exact,7,1.1919559953646228,1.0860107970526833,0.9536728398842023,0.29675669928549125,-0.23828315548042056
14,gpboost_exact,8,2.172327879208028,2.027732250115716,1.7727264844300619,0.2965275303814082,-0.39960139477796597
14,gpboost_exact,9,2.0452281965193597,2.2260183678265397,1.4410042650613715,0.30360283207136524,-0.6042239314579883
14,gpboost_exact,10,-0.20481100144199216,-0.055881923262557975,0.005184662441442889,0.2637461085569209,0.20999566388343505
14,gpboost_exact,11,1.0233704043061276,1.003054488480002,0.7994109856663405,0.4682420932813987,-0.22395941863978708
14,gpboost_exact,12,0.9459728188789701,0.906198511891267,0.7896563502335159,0.3695666478526165,-0.15631646864545423
14,gpboost_exact,13,1.8791352332323665,1.768327159051059,1.781932257840321,0.22631478922150006,-0.09720297539204559
14,gpboost_exact,14,0.2882326750405835,0.12175393363229275,0.1544993058524442,0.39072334647014423,-0.13373336918813927
14,gpboost_exact,15,0.16612007950336138,0.0996503427519528,0.46953702158787536,0.35188736694965495,0.303416942084514
14,gpboost_exact,16,0.49975371650029066,0.5212928850477457,0.6593368129459289,0.2528962441062707,0.15958309644563828
14,gpboost_exact,17,1.1370627995485565,1.1302703456273813,0.9640366072976465,0.38578092004458886,-0.17302619225090998
14,gpboost_exact,18,2.027760223770112,2.028997209656927,1.5456990871175562,0.2668381753259312,-0.4820611366525558
14,gpboost_exact,19,1.00201829424885,0.9294641646094024,0.9446345275369423,0.19534071143828832,-0.0573837667119077
14,gpboost_exact,20,0.6999331549772312,0.6878486405539014,0.8671081710813464,0.22967017921869626,0.16717501610411523
14,gpboost_exact,21,-0.15103999176297392,-0.0993343770411842,-0.11337541780643967,0.2708241741439975,0.03766457395653425
14,gpboost_exact,22,-0.048636204891978424,-0.06458127441957848,0.12011282133071788,0.28230073622765023,0.1687490262226963
14,gpboost_exact,23,0.7538170393358216,0.7786900223193163,0.9041107145734149,0.3902117161647328,0.1502936752375933
14,gpboost_exact,24,1.1812614441499087,1.1721087514769972,0.9354929506522263,0.19663008852549985,-0.24576849349768248
14,gpboost_exact,25,-0.11606348406049483,-0.08374358660462505,0.3712841719308657,0.416699062847031,0.48734765599136054
14,gpboost_exact,26,2.054404555060782,2.00946663580115,1.8693384577416685,0.311855152173678,-0.1850660973191136
14,gpboost_exact,27,-0.307503986163537,-0.2436059004943536,-0.0752142902677777,0.2572068007173702,0.23228969589575932
14,gpboost_exact,28,0.7724161269179994,0.761486821050204,0.7750828429575094,0.41740531040739454,0.0026667160395099643
14,gpboost_exact,29,-0.46479245613198505,-0.4912173709168605,-0.02431379174353232,0.41629328103972973,0.44047866438845273
14,gpboost_exact,30,0.12606508755618331,0.02569971756334781,0.04311094511986724,0.28246957226150177,-0.08295414243631608
14,gpboost_exact,31,1.53835071220401,1.5148725359532798,1.535706367381608,0.26269811724348024,-0.002644344822402056
14,gpboost_exact,32,0.8158814782814785,0.7607770544712902,0.8243303952226526,0.4442665464121136,0.008448916941174112
14,gpboost_exact,33,0.6808768142182209,0.7622308951576007,0.6037885356250152,0.32365098400861203,-0.07708827859320566
14,gpboost_exact,34,0.7223415360746466,0.7946799767485648,1.0127195711569983,0.24708702838934005,0.2903780350823517
14,gpboost_exact,35,1.2752148934272565,1.1197837564657473,1.227988029034389,0.37889364225916755,-0.047226864392867496
14,gpboost_exact,36,0.9647004764310401,1.0224522176573676,0.950386559316664,0.19604110717118112,-0.014313917114376018
14,gpboost_exact,37,-0.20267799779166057,-0.2849866583065392,-0.1863017706554304,0.21039934685700834,0.01637622713623016
14,gpboost_exact,38,0.6362845969418924,0.6346233764783444,0.6385839002115246,0.2349674796852102,0.0022993032696321247
14,gpboost_exact,39,1.4193261038793274,1.3736429435493167,1.246608993960617,0.25916367158493003,-0.17271710991871037
14,gpboost_exact,40,0.4568481742416327,0.4029671653082203,0.554573234914808,0.22890708588908534,0.09772506067317532
14,gpboost_exact,41,2.123639999335662,2.19994089317916,1.7957137837533672,0.2568659466577776,-0.32792621558229484
14,gpboost_exact,42,0.8048064742290074,0.6825858573661708,0.8516425595795027,0.27897742622657706,0.04683608535049533
14,gpboost_exact,43,0.8296777454120514,0.7861775504941714,0.49446193463078814,0.35148010213677994,-0.3352158107812633
14,gpboost_exact,44,1.93740105617876,1.8383332259076437,1.7425182591706467,0.30490332112116,-0.19488279700811328
14,gpboost_exact,45,1.2246026896865025,1.2424437685360974,1.228728684383325,0.4133795969910647,0.004125994696822399
14,gpboost_exact,46,1.2717383911675129,1.2156107360558293,1.3057067713153083,0.30500287503257634,0.03396838014779546
14,gpboost_exact,47,1.078368251938,1.1990717312147972,1.0636653341025073,0.2300468002509366,-0.014702917835492713
14,gpboost_exact,48,1.6534696692319304,1.6388847403182183,1.0983603128368786,0.33699464474887536,-0.5551093563950518
14,gpboost_exact,49,1.6600855766325446,1.5821188740055492,1.5270293330340303,0.3098489821728918,-0.1330562435985143
14,gpboost_exact,50,1.1629280475890227,1.0630784037457603,0.9204678136701929,0.27142167183754196,-0.24246023391882976
14,gpboost_exact,51,0.6965661087649424,0.7053928235346996,0.5419496977680152,0.38176878034741607,-0.15461641099692724
14,gpboost_exact,52,0.5752075984035842,0.5084822893545593,0.6712025722420822,0.3816780085068642,0.09599497383849809
14,gpboost_exact,53,-0.2575432170108456,-0.30355719283396754,-0.28499072408499115,0.3093281073473442,-0.02744750707414556
14,gpboost_exact,54,1.2903149729070744,1.4437705442885986,1.2667082307713056,0.27983603332582596,-0.023606742135768854
14,gpboost_exact,55,1.0252817573658453,1.0948105845602703,1.2898335720454552,0.24258427519914985,0.26455181467961
14,gpboost_exact,56,0.7759789163006655,0.7213608898639527,0.9808260385018093,0.3045609052972496,0.20484712220114376
14,gpboost_exact,57,0.08522321905565847,0.1769836208903704,0.11608766285004535,0.1925620550161359,0.03086444379438688
14,gpboost_exact,58,1.5366767345113088,1.5171405755896852,1.3423885223804803,0.23578289749895948,-0.19428821213082847
14,gpboost_exact,59,1.5067053267284451,1.7441619706746678,1.1084683293682036,0.42580040898404364,-0.39823699736024154
14,gpboost_exact,60,0.6353837188037986,0.5000914828725916,0.6042321179556343,0.22759661509536172,-0.031151600848164374
14,gpboost_exact,61,0.558207203393774,0.6980880299414445,0.5521487239549256,0.2160900976039599,-0.0060584794388484076
14,gpboost_exact,62,0.037889316574567566,-0.07364212475647858,0.057910564771766815,0.25281300403498147,0.02002124819719925
14,gpboost_exact,63,1.5466017165145143,1.455833931763502,1.1236650343066343,0.37639719515270953,-0.42293668220787994
14,gpboost_exact,64,1.947140724150773,2.1251242178323317,1.2860468709293507,0.2753244706976387,-0.6610938532214223
14,gpboost_exact,65,1.1634304792860244,1.2261677462488607,0.9250422251805697,0.202996910877169,-0.23838825410545472
14,gpboost_exact,66,0.8962885020147521,1.0606304611435589,1.156117060448083,0.2623963997835438,0.25982855843333097
14,gpboost_exact,67,0.1462180583155473,0.20848341181859972,0.31089638244182893,0.2518223622298118,0.16467832412628164
14,gpboost_exact,68,-0.2811216345653509,-0.3717405323356005,-0.1383338609160938,0.3216858662722285,0.1427877736492571
14,gpboost_exact,69,1.871179322268531,1.8273917808357014,1.3873977906163755,0.4554974103663453,-0.4837815316521554
14,gpboost_exact,70,-0.0426494945906557,-0.08866135921858012,0.03170971540613188,0.3007346121343743,0.07435920999678758
14,gpboost_exact,71,1.1076971517499072,1.2193262105497475,1.3652001256260817,0.2722165974298975,0.2575029738761745
14,gpboost_exact,72,0.9750192953079668,1.029550888098607,1.2606009736956456,0.4978989738554716,0.2855816783876788
14,gpboost_exact,73,0.9840908516998332,1.0363822688749684,1.1394547488058997,0.3743306118921229,0.15536389710606646
14,gpboost_exact,74,0.3617868709586335,0.36505998857985733,0.6830772033701527,0.26039580158554226,0.32129033241151916
14,gpboost_exact,75,0.7482552172543611,0.5948859838599506,1.2047581550339235,0.297046730746789,0.4565029377795624
14,gpboost_exact,76,1.828159061318645,1.7762228681048506,1.4057587506491713,0.3795872502307957,-0.4224003106694736
14,gpboost_exact,77,1.3977895495007806,1.6190120423822627,1.2851149837046165,0.3381652051581454,-0.11267456579616408
14,gpboost_exact,78,0.7019872083746991,0.8518173335585463,0.1821788442582517,0.43611372491055944,-0.5198083641164474
14,gpboost_exact,79,0.10824304980665023,0.15840851379916415,0.23323177159130015,0.38658375438341663,0.12498872178464993
14,gpboost_exact,80,0.8658250670548255,1.0024927969671436,1.0019954461764726,0.48999528065224,0.1361703791216471
14,gpboost_exact,81,2.0502404450126077,2.04388570979266,1.8603319204643998,0.24983104881833829,-0.18990852454820795
14,gpboost_exact,82,1.532439667058917,1.5712669074656556,1.1364502534623395,0.33675289705239536,-0.3959894135965776
14,gpboost_exact,83,0.6975958367275111,0.6368971599660237,0.7666288118819846,0.29892130931762745,0.06903297515447349
14,gpboost_exact,84,1.387992012167401,1.4529288080663345,1.3490567344889843,0.2917135817002214,-0.03893527767841665
14,gpboost_exact,85,1.384772042592506,1.267524719796167,1.1998650602093575,0.304523494904552,-0.18490698238314862
14,gpboost_exact,86,-0.1145157222437273,-0.052804042525132995,-0.09997278880222815,0.15794696240797035,0.01454293344149915
14,gpboost_exact,87,1.270360529614953,1.1392154635019365,0.8314657913914516,0.39184324873872417,-0.43889473822350134
14,gpboost_exact,88,0.60183879570333,0.6757376592119418,0.7188296085944632,0.23138184644174195,0.11699081289113322
14,gpboost_exact,89,1.2473630137353264,1.2554802882125518,1.1500232596623334,0.270539900475403,-0.097339754072993
14,gpboost_exact,90,1.2058609437825576,1.2870698012951234,1.1617771915359754,0.2584698185042831,-0.04408375224658223
14,gpboost_exact,91,1.0276986294799069,0.9752854050279647,0.9970833623742399,0.18648464102566956,-0.030615267105666977
14,gpboost_exact,92,0.8230890590345901,0.8331098373083181,0.7135231760615159,0.2100666352427055,-0.10956588297307412
14,gpboost_exact,93,0.6594896069360314,0.6240780683947463,0.8816655809616742,0.25395630093021004,0.22217597402564282
14,gpboost_exact,94,0.10371755259549231,0.17272067731766286,0.24539351715838054,0.18924994397382822,0.14167596456288822
14,gpboost_exact,95,0.8835192136865432,0.82618683439756,1.0468865883504872,0.230462975802305,0.16336737466394402
14,gpboost_exact,96,1.0678426430823096,0.939202329451656,0.9589904567829732,0.2186155347253228,-0.10885218629933635
14,gpboost_exact,97,1.1841248291614956,1.2379307625385678,1.3024103415726476,0.3798964098137257,0.11828551241115193
14,gpboost_exact,98,2.1561127059086753,2.1338448787856024,1.3841464340502712,0.3949757952236276,-0.7719662718584042
14,gpboost_exact,99,1.3111138432923455,1.3286082952159182,1.0274527922378756,0.28610531454144866,-0.2836610510544699
14,gpboost_exact,100,0.8621334768075519,0.8825221084257866,0.6455869564031325,0.3011717470978279,-0.21654652040441946
14,gpboost_exact,101,-0.24958837033278602,-0.3158826593213738,-0.008823788052760406,0.30447269314487246,0.24076458228002562
14,gpboost_exact,102,1.5960243336176978,1.7590695152118392,1.5158662055766627,0.2345795079570567,-0.08015812804103506
14,gpboost_exact,103,0.998166093770665,1.0727328317234044,1.0523614512006216,0.35268771699363,0.054195357429956625
14,gpboost_exact,104,0.4674859875439708,0.5143448513851361,0.4028480158303971,0.20469536556881146,-0.06463797171357372
14,gpboost_exact,105,0.5101471925252657,0.6200710437784468,0.32256614776400117,0.2744318197315322,-0.18758104476126458
14,gpboost_exact,106,0.04025471852571255,-0.008720783666389204,0.08349211067048934,0.27915338030738623,0.04323739214477679
14,gpboost_exact,107,1.1219713910801643,1.1731170787936476,1.1843573006856563,0.5473287928522248,0.06238590960549195
14,gpboost_exact,108,0.6075882706507689,0.623659143890015,0.8367522630295747,0.5055037190601748,0.2291639923788058
14,gpboost_exact,109,0.3384433322696052,0.2801288883852936,0.13062705816177012,0.22384984609474443,-0.2078162741078351
14,gpboost_exact,110,0.9037596109154117,0.9888678536950091,1.3036133804052161,0.40438212142155355,0.39985376948980444
14,gpboost_exact,111,-0.5765473148294326,-0.5074991071487291,-0.2116703201559167,0.4406827556859299,0.36487699467351586
14,gpboost_exact,112,-0.23302577737234934,-0.4915975396355472,0.1468650306510968,0.31868509713495885,0.3798908080234461
14,gpboost_exact,113,-0.24957022372388715,-0.3781958983483439,0.03598069764528855,0.246951992866239,0.2855509213691757
14,gpboost_exact,114,0.8740909041072159,0.9740578480274327,0.82374319768059,0.2719524515793429,-0.05034770642662589
14,gpboost_exact,115,1.5523205640519586,1.5612024278186074,1.495981834532591,0.2746424949480374,-0.05633872951936758
14,gpboost_exact,116,-0.24046523122943295,-0.3272493011534665,-0.19231306775927237,0.18696941867250733,0.048152163470160575
14,gpboost_exact,117,0.178543460430944,0.1664821306462452,0.2697683736879739,0.2536079378780616,0.09122491325702992
14,gpboost_exact,118,0.02510498630373076,-0.033125587906031276,0.02826018028985544,0.2177008334606988,0.0031551939861246825
14,gpboost_exact,119,1.57322644911401,1.410703033713046,1.1790944385068762,0.317157402633941,-0.39413201060713376
14,gpboost_exact,120,0.10334307074138671,-0.0930367439997748,0.2332075341148787,0.35532961492737863,0.129864463373492
14,gpboost_exact,121,0.6982464194800875,0.70698607606827,0.7257155660221439,0.3185757844560002,0.027469146542056455
14,gpboost_exact,122,0.7273734504754948,0.8678771890768116,0.5659134375075112,0.21471577710529566,-0.16146001296798362
14,gpboost_exact,123,0.03716177547082422,0.23711366620532692,0.15259787382159828,0.23919345280734874,0.11543609835077406
14,gpboost_exact,124,0.2336655219012762,0.11789758132737588,0.2198632214673264,0.29890580511596626,-0.01380230043394981
14,gpboost_exact,125,1.9428871415073832,1.942597404722709,1.5432984374741423,0.212745133600985,-0.39958870403324087
14,gpboost_exact,126,0.5232982681495462,0.4389642113412923,0.44519835587983625,0.38662195613934575,-0.07809991226970991
14,gpboost_exact,127,0.5909986269125052,0.5760412619760888,0.8106031523486195,0.22563768131393971,0.2196045254361143
14,gpboost_exact,128,0.8868953502483984,0.9990614817508072,0.6472838899838806,0.272810664239753,-0.23961146026451774
14,gpboost_exact,129,0.6009798800030361,0.6367575170357891,0.5347912557694272,0.23958938165671215,-0.06618862423360894
14,gpboost_exact,130,1.750273096285961,1.6944346583873415,1.6271373961127447,0.3431103351572858,-0.12313570017321629
14,gpboost_exact,131,1.6338954007148643,1.6917680189173816,1.4886382976854486,0.2471113420073047,-0.14525710302941564
14,gpboost_exact,132,0.7893429485079608,0.9011412294624032,0.8163445564025311,0.2382700738339408,0.02700160789457029
14,gpboost_exact,133,-0.0927330905255059,-0.05781184017849738,0.1687990692329704,0.30953460477395317,0.2615321597584763
14,gpboost_exact,134,-0.15272794676574236,-0.07601023738848828,-0.10989054193209391,0.34806717265393367,0.04283740483364845
14,gpboost_exact,135,0.08575789512755895,-0.010847647914130357,0.08112224787213407,0.30350916465867456,-0.004635647255424882
14,gpboost_exact,136,1.3508480736484514,1.4617948580601436,1.314475341263381,0.4146168101586388,-0.03637273238507044
14,gpboost_exact,137,1.768941223628638,1.8623751783609988,1.656143551971737,0.29435322883119985,-0.11279767165690102
14,gpboost_exact,138,0.7868430102809718,0.8831464798471292,1.3729481194918147,0.4036902899078912,0.5861051092108429
14,gpboost_exact,139,0.6795007945807554,0.7927822914665037,0.8463585793316177,0.32336815878824243,0.16685778475086233
14,gpboost_exact,140,1.2277943240947065,1.3680652772475785,0.9543474013347075,0.21570120853000124,-0.27344692275999893
14,gpboost_exact,141,1.7801632474063669,2.007083776320459,1.6361006159032527,0.36633866712359353,-0.14406263150311416
14,gpboost_exact,142,0.7163050420365766,0.8640918478078217,1.012139235581519,0.23524590655500713,0.29583419354494245
14,gpboost_exact,143,1.1519061329931108,1.184473325681872,0.9892432644024169,0.3354957786085519,-0.1626628685906939
14,gpboost_exact,144,1.4134448210778103,1.3852011243591578,1.196269770275146,0.38492208890138724,-0.21717505080266442
14,gpboost_exact,145,1.5417376380464736,1.4019739827846212,1.1434091092483305,0.3176318216757025,-0.39832852879814307
14,gpboost_exact,146,1.4195907594123303,1.3372828062345465,1.3323873913473019,0.4093867938103498,-0.08720336806502837
14,gpboost_exact,147,2.0899177766817827,2.0072280572263197,1.676635857558904,0.26795252959272925,-0.4132819191228787
14,gpboost_exact,148,0.4070289425366415,0.5282264402856638,0.20138690727066244,0.335244082330452,-0.20564203526597907
14,gpboost_exact,149,0.656167577638823,0.6779026471666019,1.0238356756134044,0.4394033490366909,0.36766809797458133
14,gpboost_exact,150,0.8387408742482376,0.8136307716971515,0.9606949624328669,0.18997500785088328,0.12195408818462927
14,gpboost_exact,151,1.0242879450843936,1.1645826871355627,0.6974265041361694,0.20519226779970948,-0.3268614409482242
14,gpboost_exact,152,0.5402147359640583,0.5472191979123594,0.8219038384212354,0.26510693947464087,0.28168910245717704
14,gpboost_exact,153,0.36202501335191833,0.36662600846818705,0.3625996387596322,0.23250869494521234,0.000574625407713858
14,gpboost_exact,154,0.7456631050179081,0.8872968695873567,0.4891333695000557,0.31896149199742246,-0.2565297355178524
14,gpboost_exact,155,-0.32582514174278876,-0.3505489952136567,-0.18111211787459203,0.4499874966400361,0.14471302386819673
14,gpboost_exact,156,0.9230079669346529,0.9647874938844432,0.6031029408129642,0.5149773400223635,-0.3199050261216887
14,gpboost_exact,157,0.5941905957579388,0.3183254257060792,0.6183221002477008,0.24552774413595677,0.02413150448976209
14,gpboost_exact,158,0.9386428639234521,1.1424132043021542,0.7545604381161164,0.3174801097251006,-0.1840824258073357
14,gpboost_exact,159,1.0568655845782537,1.0310269082829369,1.1427213468621886,0.2153756968057314,0.08585576228393488
14,gpboost_exact,160,1.1595272522727134,1.13375898051279,1.4088012663496046,0.31766439167839755,0.2492740140768912
14,gpboost_exact,161,0.08474027247859187,0.14160411535890663,0.8516188241898135,0.3951486865340825,0.7668785517112217
14,gpboost_exact,162,0.22633220345780225,0.18496856778053394,0.019163933753700846,0.29539876736840204,-0.2071682697041014
14,gpboost_exact,163,0.7525441430926791,0.7408088376670102,0.7163788638353097,0.3517148800708293,-0.036165279257369454
14,gpboost_exact,164,0.01628541367727948,-0.07630821672620122,-0.0426739856520606,0.326383923118768,-0.05895939932934008
14,gpboost_exact,165,1.6388408112947976,1.4081395756897868,1.5068693024788713,0.27770909205069316,-0.13197150881592634
14,gpboost_exact,166,1.2419062181230942,1.3183274422379347,1.1629584007446092,0.27181727602995603,-0.078947817378485
14,gpboost_exact,167,0.4551187190455619,0.4953243234290794,0.6088201070575154,0.42079771219085454,0.15370138801195354
14,gpboost_exact,168,0.108547538407678,0.24391783543409273,0.07626113119984712,0.20922229174525028,-0.03228640720783088
14,gpboost_exact,169,0.24477079955100128,0.17389585445832276,0.23860284740349158,0.20667136117440102,-0.006167952147509703
14,gpboost_exact,170,0.8186350920601876,0.9058323783372964,0.8473271984866644,0.33492933298313887,0.028692106426476793
14,gpboost_exact,171,1.7595701234139522,1.888383830554802,1.7152466385529697,0.27007458034067267,-0.04432348486098259
14,gpboost_exact,172,0.668376410169431,0.8089963302539509,0.8831257452220216,0.20281913768863744,0.21474933505259064
14,gpboost_exact,173,0.6977203717585068,0.6516468561344515,0.5893031476510897,0.3240757685377268,-0.10841722410741705
14,gpboost_exact,174,0.13606749560280273,0.2473728187949964,0.10663717657447691,0.2912291973843781,-0.029430319028325824
14,gpboost_exact,175,-0.23932701673314616,-0.13569157872692922,-0.09997230017463865,0.30738797490275876,0.1393547165585075
14,gpboost_exact,176,-0.3899379646860879,-0.39012522788640475,0.23809242934893904,0.49126607093151986,0.6280303940350269
14,gpboost_exact,177,0.8134307562840072,1.0446455280360087,0.6303479707143413,0.22069270539772506,-0.18308278556966584
14,gpboost_exact,178,0.9653244586125092,0.9447650850344902,1.0167432175428006,0.32491837954519576,0.051418758930291464
14,gpboost_exact,179,0.11879358760522668,0.09547189220495243,0.03675813857172283,0.16770770133507618,-0.08203544903350385
14,gpboost_exact,180,0.44621254493217355,0.4849033959118818,0.34765080888367983,0.2506445260274839,-0.09856173604849372
14,gpboost_exact,181,0.7872256452888007,0.8608916575142966,1.2276822647522279,0.26377873883737074,0.4404566194634272
14,gpboost_exact,182,-0.2160763501485195,-0.1688310275275503,-0.10846322647800055,0.2906694261649582,0.10761312367051895
14,gpboost_exact,183,1.394028747725404,1.236188831997862,1.570690200581173,0.2809392905137939,0.17666145285576884
14,gpboost_exact,184,0.9937056706531411,0.9888137902422567,0.9759578816201024,0.33567121607632255,-0.01774778903303864
14,gpboost_exact,185,0.5294902006014289,0.5043518827791461,0.4857288177449677,0.2685872511045714,-0.04376138285646125
14,gpboost_exact,186,1.7688481308079305,1.6848711552974556,1.8682939866466581,0.2740171411601848,0.09944585583872767
14,gpboost_exact,187,2.162080486184327,2.1837797825231773,1.4375906022135627,0.30177865596058284,-0.7244898839707643
14,gpboost_exact,188,0.7337287046485461,0.744758098060449,1.0159551768963198,0.4673867952699647,0.28222647224777364
14,gpboost_exact,189,0.9939544459452616,0.9688091456181989,0.8863587623753975,0.26930920752497367,-0.10759568356986415
14,gpboost_exact,190,0.781610707268185,0.6394098168082106,1.0449868259140107,0.3138828229466727,0.26337611864582566
14,gpboost_exact,191,0.22015234965883612,0.3505397252245275,0.25439513810635184,0.17759907454443014,0.034242788447515715
14,gpboost_exact,192,1.3319837502923215,1.5081165199633753,1.4449278999691861,0.2842617699515006,0.11294414967686461
14,gpboost_exact,193,0.9749663190616102,1.1621784660949446,0.8405250472141299,0.22098727980655047,-0.13444127184748034
14,gpboost_exact,194,1.6162316730414288,1.6639378495015147,1.3322020736388067,0.2610196873764605,-0.28402959940262207
14,gpboost_exact,195,0.9488078645366672,0.9709335679799408,0.9392705202809872,0.31761491366117767,-0.00953734425567998
14,gpboost_exact,196,0.2676785590035704,0.3091516923252609,0.027491968173267267,0.1811439731476824,-0.24018659083030314
14,gpboost_exact,197,0.19565492412256807,0.19690635763151187,0.038007341684159535,0.31364043242697326,-0.15764758243840854
14,gpboost_exact,198,-0.11682106070997156,-0.1854690321250255,-0.002595876079388937,0.17058039175796325,0.11422518463058262
14,gpboost_exact,199,0.9295339864872246,0.9707882533720977,0.6262157651340514,0.49974724531771075,-0.3033182213531732
14,gpboost_exact,200,0.6304862407056645,0.7409679565088915,0.9741651954532915,0.4125706841256146,0.343678954747627
14,gpboost_exact,201,1.2623062563333296,1.2319691698095463,1.0692428237477234,0.2232540511967378,-0.1930634325856062
14,gpboost_exact,202,0.11396211521281442,0.2575723060574746,0.012449401582475428,0.3128470146102141,-0.101512713630339
14,gpboost_exact,203,0.5761955796115739,0.581656174206101,0.1715895634246727,0.19028058548974836,-0.4046060161869012
14,gpboost_exact,204,0.9488974677975222,0.9279278649472453,1.0187316625557759,0.49458515619694704,0.0698341947582537
14,gpboost_exact,205,0.9671608358366933,0.8332706115578152,0.5978423472130041,0.25137198604702016,-0.3693184886236892
14,gpboost_exact,206,0.9444165602137815,1.0157937629840128,0.9471325127822237,0.2580347012657054,0.002715952568442148
14,gpboost_exact,207,0.0007602159987029622,-0.011877360158291581,0.3210061005335678,0.3529214025395564,0.32024588453486486
14,gpboost_exact,208,0.6896710622624136,0.7013471326367596,0.9512721764528274,0.3340358712219539,0.26160111419041376
14,gpboost_exact,209,-0.1416480146780674,-0.11011648592211615,0.7563647774450004,0.39600367096618694,0.8980127921230678
14,gpboost_exact,210,1.104364065137997,1.1724853811533988,0.7561082368071865,0.3004737722434808,-0.34825582833081037
14,gpboost_exact,211,1.2648310644121012,1.362510314129182,1.2037087277732401,0.23990438006443393,-0.06112233663886113
14,gpboost_exact,212,1.7011299106032534,1.975358938778896,1.3760593333635676,0.2596124847228276,-0.3250705772396858
14,gpboost_exact,213,0.9636842700399764,1.1422671696655144,0.45563157551949374,0.27670453126867267,-0.5080526945204826
14,gpboost_exact,214,0.7375141628671883,0.5823321039486296,0.7664465679619683,0.20493398758841028,0.02893240509478001
14,gpboost_exact,215,1.2316472503127307,1.2248254165269166,1.3520739911544304,0.23275036031829258,0.12042674084169969
14,gpboost_exact,216,0.5085018967926171,0.5795266251774583,0.48424953280619665,0.29774447796879167,-0.0242523639864205
14,gpboost_exact,217,0.48645909749192473,0.5345014178949326,0.718022973087387,0.23732623679361167,0.23156387559546232
14,gpboost_exact,218,0.9415530827921387,0.8838819208814055,1.173210089582951,0.2415529736937261,0.23165700679081225
14,gpboost_exact,219,1.6764275838655889,1.7740014836698899,1.2371677657739362,0.35188711345103374,-0.4392598180916527
14,gpboost_exact,220,1.864780409027711,1.7815336745315933,1.3456288910203926,0.43647564067306355,-0.5191515180073183
14,gpboost_exact,221,0.39954663433429005,0.5145634735448086,0.15580997247270378,0.3039184008889806,-0.24373666186158627
14,gpboost_exact,222,0.7807408235860898,0.7479075369528724,0.7031259884819292,0.2581205135302789,-0.07761483510416056
14,gpboost_exact,223,0.6723967336779861,0.7187270123371811,0.9084673890695916,0.3434974329089154,0.23607065539160543
14,gpboost_exact,224,0.4133911251863921,0.3305010114393597,0.3004735219162651,0.3228354247305845,-0.11291760327012701
14,gpboost_exact,225,1.1061366238224029,1.1553412277641957,0.9845898232159129,0.2457696439673777,-0.12154680060648992
14,gpboost_exact,226,0.07628343351304637,0.13420534478570026,0.2963482356774443,0.32498723775703625,0.22006480216439792
14,gpboost_exact,227,1.418298263093828,1.4687255428496855,1.591217594323826,0.2522277271374982,0.17291933122999814
14,gpboost_exact,228,0.989898796504414,0.8575208606415883,0.8481555402504277,0.293706467643692,-0.14174325625398632
14,gpboost_exact,229,0.9026874333180788,0.9764634452231565,0.7100164267366509,0.2605388915178349,-0.19267100658142788
14,gpboost_exact,230,1.238681283103024,1.3868833514063892,0.8613030696368407,0.45559110159599975,-0.3773782134661834
14,gpboost_exact,231,0.6728285935624992,0.7754706107633405,0.32745712504581626,0.210227110559088,-0.345371468516683
14,gpboost_exact,232,1.8575504595077934,1.8066006914195674,1.7196496561526127,0.33211624995867933,-0.13790080335518073
14,gpboost_exact,233,0.6852396567317448,0.6265428986345754,0.8999466389741739,0.28456257199834767,0.21470698224242912
14,gpboost_exact,234,0.7939913541167256,0.8548498508728194,0.8749751465133899,0.3569028290643232,0.08098379239666431
14,gpboost_exact,235,0.6038978233573031,0.6611452834931335,0.5365887019764415,0.37857380772936045,-0.06730912138086165
14,gpboost_exact,236,1.0068862549232869,0.933301854870298,0.66888818143501,0.22832282851448857,-0.3379980734882768
14,gpboost_exact,237,0.7169773477197788,0.7070296155992156,0.5623955719091382,0.29625732016664397,-0.1545817758106406
14,gpboost_exact,238,0.8943022978964675,0.7373003551727513,0.9917078724430048,0.4110513677261421,0.09740557454653731
14,gpboost_exact,239,1.4768675686970407,1.5025870780064132,1.4905575767595445,0.26322449325433406,0.013690008062503756
14,gpboost_exact,240,0.13807485747033732,0.0167787648998185,-0.030801808763763372,0.33432289077236405,-0.1688766662341007
14,gpboost_exact,241,1.1843955062229425,1.0424322390173442,1.239297683302813,0.2537534984418549,0.05490217707987055
14,gpboost_exact,242,0.8441661114893018,0.8499124971870057,0.5590434265376398,0.24926452773472205,-0.28512268495166193
14,gpboost_exact,243,0.46772834719317125,0.35424990855021626,0.31358894729474196,0.26746772895912085,-0.15413939989842929
14,gpboost_exact,244,1.6943445184438,1.6065140887761566,1.5838028168348388,0.32916921153534784,-0.11054170160896115
14,gpboost_exact,245,0.9906225847051381,1.0252447317632638,0.9524598084259588,0.20482744309846843,-0.0381627762791793
14,gpboost_exact,246,1.3635199272624348,1.2302067867564064,1.333618620325983,0.32632251459242656,-0.029901306936451766
14,gpboost_exact,247,0.5439824398653369,0.5770712566292131,0.752143030449469,0.21024147665161794,0.20816059058413205
14,gpboost_exact,248,0.7294169109511335,0.6788738422922693,0.7979377777438059,0.23776351100207085,0.06852086679267244
14,gpboost_exact,249,0.5995132876628919,0.6235386996862613,0.7916320876065388,0.29178323613367113,0.1921187999436469
14,gpboost_exact,250,-0.011972620943260015,-0.10530784501691116,0.19398933185581102,0.3993239915331783,0.20596195279907104
14,gpboost_exact,251,0.011765235308530131,0.03397964213060595,0.0658821647875989,0.36279458392800074,0.054116929479068765
14,gpboost_exact,252,1.1969138077425727,1.408128710160377,0.6657008373810571,0.3614247734829773,-0.5312129703615156
14,gpboost_exact,253,-0.0936649615814904,-0.11674475630411753,0.014823550042890155,0.34934266754618415,0.10848851162438056
14,gpboost_exact,254,1.3233579149462837,1.2599995766765897,1.1994438158231313,0.3496153531335831,-0.12391409912315243
14,gpboost_exact,255,1.6236709755599334,1.3543204818485606,1.3124814976316879,0.42395124588626804,-0.3111894779282456
14,gpboost_exact,256,-0.14298696539939132,0.010483744357070474,-0.09106809193640153,0.26527316950016694,0.05191887346298979
14,gpboost_exact,257,0.15669153158015836,0.2768892534879654,0.6295610515221455,0.41837692333952176,0.4728695199419871
14,gpboost_exact,258,0.8138868613855046,0.907302035480891,0.9647780591584194,0.2600541861547344,0.15089119777291482
14,gpboost_exact,259,2.1423558263786386,2.1654610403273464,1.9179432349267165,0.28266588840128254,-0.22441259145192216
14,gpboost_exact,260,0.4108679368838436,0.2939814946118514,0.392975905457702,0.20579814234257066,-0.017892031426141597
14,gpboost_exact,261,1.0061793764524212,0.8885926143878576,0.9809296708391351,0.3697185827656358,-0.0252497056132861
14,gpboost_exact,262,1.466033109558717,1.4892512783100447,1.269119278010617,0.24801293571654995,-0.19691383154809983
14,gpboost_exact,263,1.0226664448380989,1.1271112043966403,0.9564826396493018,0.2102705855662774,-0.06618380518879707
14,gpboost_exact,264,-0.17741235591069854,-0.07363651529751664,0.7437074084409305,0.42481472168115003,0.9211197643516291
14,gpboost_exact,265,0.7699468781864585,0.781165340656603,1.1646125848462359,0.348119447202032,0.3946657066597774
14,gpboost_exact,266,0.7876188699006118,0.8709922880945363,0.6363085702677456,0.19839181689368968,-0.15131029963286624
14,gpboost_exact,267,1.9453790051650488,2.2460817350903186,1.494205782694019,0.39418324185955833,-0.45117322247102987
14,gpboost_exact,268,1.2043091904404346,1.2368383735652795,1.0143497054882369,0.2946056538938842,-0.18995948495219772
14,gpboost_exact,269,1.9970894342606083,1.9647796735608651,1.717949954341857,0.31217635001138316,-0.2791394799187512
14,gpboost_exact,270,-0.21695705164970025,-0.1461522636820483,-0.12705188811356405,0.3341284458380574,0.0899051635361362
14,gpboost_exact,271,0.10369362871824961,0.1422733069426377,0.021180083879983602,0.32460560152699375,-0.082513544838266
14,gpboost_exact,272,0.5228708689314933,0.5148528309363226,0.6371457141869392,0.39288159584982113,0.11427484525544596
14,gpboost_exact,273,1.9300926334704755,1.876276374575676,1.4134668485420168,0.3366143608608999,-0.5166257849284588
14,gpboost_exact,274,1.350024977078184,1.5024075486377009,1.3397099077151657,0.23244565687931043,-0.010315069363018292
14,gpboost_exact,275,1.2578478831183206,1.3150063792231008,1.0687895545140167,0.3811685949442509,-0.18905832860430394
14,gpboost_exact,276,0.7244979756861814,0.911333801697504,0.5050561475043516,0.2570945851432754,-0.21944182818182978
14,gpboost_exact,277,0.7708398574001765,0.8164391732471588,1.0136405866784628,0.24097996361468524,0.24280072927828633
14,gpboost_exact,278,0.5435701901789018,0.5409824792256411,0.8621949549604762,0.5116990408501351,0.3186247647815743
14,gpboost_exact,279,0.362230341520697,0.31388349536885807,0.19985924076621142,0.27921334497755573,-0.16237110075448558
14,gpboost_exact,280,0.556831372713535,0.5344148093630695,0.6403638291314122,0.21405081594280348,0.08353245641787721
14,gpboost_exact,281,0.9024597015365485,0.8433140019500545,0.8811998179127096,0.32740157232700196,-0.021259883623838904
14,gpboost_exact,282,0.618329388020943,0.529724925197836,1.067116154833612,0.44860463645025594,0.44878676681266916
14,gpboost_exact,283,1.5240306107766102,1.7612038075471834,1.3982987913590552,0.2130498800563588,-0.12573181941755496
14,gpboost_exact,284,2.07386404783763,2.0020900946102396,1.7580073622639065,0.26620098799274217,-0.31585668557372326
14,gpboost_exact,285,0.6887410344559873,0.720042271955322,0.9119341524199989,0.2629972820971766,0.22319311796401153
14,gpboost_exact,286,1.7952552122374226,1.7880394866415195,1.650320727362284,0.29838182389448414,-0.1449344848751386
14,gpboost_exact,287,1.1600182276701312,1.08262692481505,1.0123658680483025,0.3661079211079129,-0.14765235962182865
14,gpboost_exact,288,0.5755713456811489,0.6292730843247082,0.5310451287334144,0.3015479103683981,-0.04452621694773451
14,gpboost_exact,289,1.1268333684447636,1.0607538999903712,0.9826052452382079,0.1851248512504702,-0.14422812320655565
14,gpboost_exact,290,1.2676649682566454,1.2661127763563815,0.9845102446586429,0.4428681060482041,-0.28315472359800253
14,gpboost_exact,291,0.2790713668193583,0.2105726108198041,0.30293778347256595,0.3048295936119457,0.023866416653207656
14,gpboost_exact,292,0.19335405271725836,0.16976720850683552,0.14661275217884118,0.19530872529075405,-0.046741300538417185
14,gpboost_exact,293,1.0994037082548251,1.170146862839677,1.069218748015241,0.26254679906764616,-0.030184960239584058
14,gpboost_exact,294,0.901713149347139,0.9203605774666163,1.2675873871150092,0.300491664175403,0.3658742377678702
14,gpboost_exact,295,0.45176522303933364,0.44331242035645085,0.8138456329746666,0.290062639968895,0.36208040993533297
14,gpboost_exact,296,0.5803125130323502,0.4078357571486654,0.7102383212673056,0.2529494765526072,0.12992580823495536
14,gpboost_exact,297,-0.07756891192507875,-0.09978510410556113,0.1758427102733604,0.3640808992839583,0.25341162219843916
14,gpboost_exact,298,2.022292416985413,2.054178787334862,1.681492272375142,0.19747532980555008,-0.3408001446102711
14,gpboost_exact,299,-0.3842027585673278,-0.37960000523164295,-0.020522287320794863,0.43362105410633095,0.3636804712465329
15,gpboost_exact,0,-0.1722010882078675,-0.05271700158855905,-0.19612964477187234,0.30735981162361176,-0.023928556564004833
15,gpboost_exact,1,2.2226590817357748,2.3144663899694518,1.7502492374772984,0.40196847425817417,-0.4724098442584763
15,gpboost_exact,2,1.8997364880557592,1.8796232370302965,2.071199458534956,0.39738777870398523,0.17146297047919656
15,gpboost_exact,3,-0.217903478618717,-0.2211206895796962,0.028235854423670048,0.2720565316641071,0.24613933304238705
15,gpboost_exact,4,1.658088656333119,1.6782485665610527,1.476417141541436,0.3006951318364742,-0.18167151479168298
15,gpboost_exact,5,2.0056605768848774,1.9545201430186951,1.541141341921854,0.4831538991046673,-0.4645192349630234
15,gpboost_exact,6,0.31186512832425467,0.2418800951285227,0.6205221297953472,0.2647150270866256,0.3086570014710925
15,gpboost_exact,7,1.1547842802918695,1.1801966606491219,1.4020220012684153,0.28514668618075967,0.24723772097654573
15,gpboost_exact,8,2.6951101677253124,2.661416474026521,2.5699241197331766,0.3745390987747876,-0.12518604799213584
15,gpboost_exact,9,-0.21775135862732647,-0.4631355576788602,-0.2837535843695811,0.23862025811932247,-0.06600222574225462
15,gpboost_exact,10,-0.6112855337312838,-0.6165095052797842,-0.6784986428133415,0.16847898920618265,-0.06721310908205769
15,gpboost_exact,11,0.5161535635113346,0.6186758015295619,0.5733437566232311,0.15500692127767998,0.05719019311189655
15,gpboost_exact,12,1.172992211770301,1.0777242488993029,1.3286398772206756,0.23308777601725522,0.15564766545037445
15,gpboost_exact,13,2.3855518995856997,2.471648906029877,2.0306624664124335,0.3952187758870802,-0.35488943317326616
15,gpboost_exact,14,2.0009120054555085,1.961335090562758,1.476574104865481,0.37033024684792576,-0.5243379005900275
15,gpboost_exact,15,2.1812795245020076,2.0781673601803385,2.0952633650044703,0.3181681815483147,-0.08601615949753727
15,gpboost_exact,16,0.8563293747357257,0.9582300288643356,0.7150654315898599,0.24086805356897914,-0.14126394314586577
15,gpboost_exact,17,-0.8616754926250804,-0.7747878474626165,-0.9053173590351733,0.21334989883450345,-0.04364186641009293
15,gpboost_exact,18,0.7976416768182722,0.7977188628535458,0.3848634292416193,0.42451575475817793,-0.41277824757665293
15,gpboost_exact,19,1.0594003433450698,1.084740534966825,1.0117342513019558,0.35905406739382717,-0.047666092043114006
15,gpboost_exact,20,0.11619029540918432,0.17835603438041464,0.2643049762277663,0.2702904189703436,0.14811468081858195
15,gpboost_exact,21,0.32777898794390864,0.2895686386718663,0.28728370650511437,0.20081304017481158,-0.04049528143879427
15,gpboost_exact,22,1.253660993169834,1.3547576649707718,0.9966259870559142,0.1907855885670236,-0.2570350061139197
15,gpboost_exact,23,0.1330380012080385,0.16510028946444003,-0.13588294371767162,0.3740632915786959,-0.2689209449257101
15,gpboost_exact,24,1.1542427081599813,1.1891846734594105,1.1016061831638844,0.23906537803975952,-0.052636524996096945
15,gpboost_exact,25,-0.6263301517422868,-0.7186024915770124,-0.7227715395936087,0.21680605643029205,-0.09644138785132195
15,gpboost_exact,26,0.7474176597975227,0.7221153454943233,0.7440952621417516,0.22394784060325668,-0.0033223976557711365
15,gpboost_exact,27,1.7434329116303855,1.810090704798557,1.8596121138023136,0.31798793868663,0.11617920217192812
15,gpboost_exact,28,2.251223635030768,2.111286660361383,2.1007857307373143,0.48349273491984135,-0.1504379042934536
15,gpboost_exact,29,-0.5936048157886005,-0.6825541205347004,-1.0758335762529647,0.23770408387198574,-0.48222876046436425
15,gpboost_exact,30,1.2509454201704342,1.2428907241457614,1.094116336486838,0.27353029936218987,-0.15682908368359616
15,gpboost_exact,31,1.0651346853563386,0.9117297435668633,1.3125803952974557,0.30332616353350605,0.24744570994111714
15,gpboost_exact,32,1.7393584090258727,1.6992334283527013,1.8014670183981103,0.34585403640264484,0.06210860937223761
15,gpboost_exact,33,0.42674401962157804,0.3587472818869442,0.5968779356153959,0.21591040039761308,0.17013391599381789
15,gpboost_exact,34,2.718099264606919,2.72329318071136,2.586093453836174,0.3726538577404211,-0.13200581077074514
15,gpboost_exact,35,0.02225864514291176,-0.02854589394484798,0.03607174103919597,0.3393010106179759,0.013813095896284211
15,gpboost_exact,36,1.7485243554445735,1.6966471663919656,1.8911964884521808,0.4183068812228743,0.14267213300760728
15,gpboost_exact,37,0.5396263693501304,0.6649128846525246,0.7333750211649743,0.2824937523815328,0.1937486518148439
15,gpboost_exact,38,1.6414873750507049,1.4980469549682942,1.1941589408817244,0.22088971372422617,-0.4473284341689805
15,gpboost_exact,39,1.6063738015481936,1.516058680223461,1.9548733592153482,0.5606469129308973,0.34849955766715457
15,gpboost_exact,40,1.6321741642809366,1.5554055568037517,1.5902540869533066,0.43201087917415504,-0.041920077327630034
15,gpboost_exact,41,-0.8618417039615109,-0.8901890701268012,-0.8505066354451429,0.25846856957554853,0.011335068516368008
15,gpboost_exact,42,1.7469180662793216,1.732732307016336,1.5729854319708334,0.2946280767370531,-0.17393263430848815
15,gpboost_exact,43,1.243778708613403,1.334443920245984,1.3828296086365413,0.2850084961428538,0.13905090002313836
15,gpboost_exact,44,0.6305086667301361,0.5617681098551904,0.603991667224264,0.2899772446542989,-0.026516999505872052
15,gpboost_exact,45,1.580944951743916,1.6045263747617315,1.8082396654138186,0.37743928217524275,0.22729471366990261
15,gpboost_exact,46,1.4698959731763173,1.3244837233622038,1.5082862986973886,0.35044256697422815,0.038390325521071356
15,gpboost_exact,47,-0.2019737872229453,-0.17615924414345588,-0.3649446137854646,0.23469609125916766,-0.16297082656251932
15,gpboost_exact,48,1.5066703996573885,1.5805120833804376,1.4264800893696226,0.3923654331700722,-0.08019031028776591
15,gpboost_exact,49,0.06035938650710637,0.029581784361022948,-0.022298904878557124,0.245677186450868,-0.0826582913856635
15,gpboost_exact,50,1.9132157142016886,1.9383902918671587,2.0782535497837955,0.3772682098075557,0.16503783558210694
15,gpboost_exact,51,1.1184492915609185,1.0829520835848347,1.3253390811969759,0.3582201364082668,0.2068897896360573
15,gpboost_exact,52,1.6150199943909038,1.6199972594673095,1.813954554311028,0.3938354366052817,0.1989345599201242
15,gpboost_exact,53,1.8553690478390936,1.8704431790248532,1.725705114021241,0.6006927072894682,-0.12966393381785268
15,gpboost_exact,54,1.651473058857567,1.6383732100733037,1.5291304346688115,0.18115115890486075,-0.12234262418875552
15,gpboost_exact,55,1.7185873827570957,1.647354221204271,1.8217849830514687,0.36142454208725755,0.10319760029437308
15,gpboost_exact,56,0.9966730905645311,1.0149534339267934,0.976162589893578,0.25134285035913784,-0.02051050067095317
15,gpboost_exact,57,2.2864352192658206,2.3245318327163518,2.4687474780450707,0.264819318728451,0.18231225877925006
15,gpboost_exact,58,0.9821626360665964,0.9854562672850616,1.022198504284212,0.1817547655494967,0.04003586821761573
15,gpboost_exact,59,1.2915356949035184,1.250565642162328,1.343232037904766,0.26728562676416084,0.05169634300124759
15,gpboost_exact,60,0.9861323279925527,1.1136217779840618,1.1398612232291825,0.2211025724801932,0.1537288952366298
15,gpboost_exact,61,2.2461696423592,2.065933821410055,1.960417800144917,0.3865703848821002,-0.28575184221428307
15,gpboost_exact,62,0.7055465486607778,0.6694301856066736,0.770515179592099,0.41518024944124915,0.06496863093132121
15,gpboost_exact,63,0.3436382944402993,0.3962006267674889,0.2594961646279117,0.28975308218223744,-0.08414212981238761
15,gpboost_exact,64,1.6926882857043317,1.7333147008913192,1.4259436993589887,0.39047735136574213,-0.26674458634534304
15,gpboost_exact,65,2.0503688598965066,1.9278189299257946,1.7264292114021629,0.4143415641657649,-0.32393964849434376
15,gpboost_exact,66,-0.529839561633406,-0.4198374815637404,-1.2084143486855687,0.46884705386421643,-0.6785747870521628
15,gpboost_exact,67,1.9339951219133509,1.9676135395916035,1.6960953535543553,0.4492626066634958,-0.23789976835899562
15,gpboost_exact,68,1.7462582142996776,1.7055767991053035,1.330744037959839,0.38271415105241346,-0.41551417633983867
15,gpboost_exact,69,1.4849486323631127,1.4720782809076898,1.7195574650719863,0.27693103486154286,0.23460883270887356
15,gpboost_exact,70,0.5163186823828656,0.647431878213472,0.5307778397046974,0.371444755107588,0.014459157321831784
15,gpboost_exact,71,1.4416939312006254,1.5886892187669934,1.2549513691696,0.38977254872607303,-0.18674256203102546
15,gpboost_exact,72,1.366838233296122,1.2521028579202516,1.0508284159250216,0.5321759419656376,-0.31600981737110034
15,gpboost_exact,73,-0.6936400599024227,-0.5317676487274566,-0.7696863184735037,0.17537543037938105,-0.07604625857108094
15,gpboost_exact,74,2.0290893860924277,1.9161522054735933,1.7977288121931156,0.2573472475383592,-0.23136057389931208
15,gpboost_exact,75,2.124046436477439,2.3047340975774837,1.848774078485551,0.43749569369883323,-0.2752723579918879
15,gpboost_exact,76,1.0852982031682896,1.1558253367949198,0.65285193590314,0.27158552791172985,-0.4324462672651497
15,gpboost_exact,77,-1.130591476386718,-1.1268128916308293,-1.6177583248988654,0.31379207616627924,-0.4871668485121474
15,gpboost_exact,78,1.5723567313521305,1.6254057432371793,1.3186730163490559,0.32745412937797735,-0.25368371500307463
15,gpboost_exact,79,1.1359670697289075,1.0774571345735884,1.0183007960134347,0.30985966478427157,-0.11766627371547278
15,gpboost_exact,80,1.935563303007625,2.0087153499190635,1.7878077651156499,0.38636126036105956,-0.14775553789197504
15,gpboost_exact,81,2.4212812651235476,2.316781943761221,2.047990568960593,0.609095178610372,-0.37329069616295474
15,gpboost_exact,82,1.6269246066305716,1.664936197435971,1.4766618984657942,0.26996872920642917,-0.15026270816477738
15,gpboost_exact,83,0.7734176485859474,0.8626816657223285,0.5094805073077566,0.35078225154860915,-0.2639371412781908
15,gpboost_exact,84,0.35768257937942505,0.16163624489624068,0.7131796504757268,0.3430547837266367,0.3554970710963018
15,gpboost_exact,85,-1.3013610346365185,-1.2780676010365914,-1.4438572197266737,0.3155316657491364,-0.14249618509015516
15,gpboost_exact,86,1.2648299295575143,1.2528274187731645,1.4336222769121711,0.28541440167596316,0.16879234735465687
15,gpboost_exact,87,1.6709589025914624,1.6264384519121566,1.2663029045208312,0.32785223773128597,-0.40465599807063124
15,gpboost_exact,88,2.1925616206552734,2.1464513992815,1.9465719957564005,0.4135052626851142,-0.24598962489887288
15,gpboost_exact,89,-1.234703853903719,-1.262206474409979,-1.6182271351016055,0.3580149231288066,-0.3835232811978866
15,gpboost_exact,90,1.340909224986462,1.322978420032801,1.4678736520365234,0.29132596497529095,0.1269644270500614
15,gpboost_exact,91,2.0619723974643844,2.305935818637685,1.5745817091468801,0.26142690402963403,-0.4873906883175043
15,gpboost_exact,92,2.0351079713450075,2.0901202947918502,1.9209758306811047,0.29154787697030515,-0.11413214066390287
15,gpboost_exact,93,2.0836457943779267,2.1360458917035667,1.9154237097130027,0.2939821143451563,-0.16822208466492405
15,gpboost_exact,94,-0.03893326085957442,-0.12330769427072606,0.055795756008620856,0.19158990744869817,0.09472901686819528
15,gpboost_exact,95,2.2579447214878883,2.161038040032978,1.8853545361404933,0.4020722344902997,-0.37259018534739496
15,gpboost_exact,96,-0.5259277085811296,-0.717877847331338,-0.558064073199759,0.1905685707585582,-0.032136364618629454
15,gpboost_exact,97,0.5503643607117619,0.5491962764599041,0.7964722018101966,0.2788802052647601,0.24610784109843475
15,gpboost_exact,98,-0.03917267482936038,-0.15409301835535252,0.10471375524721438,0.24430001357102485,0.14388643007657476
15,gpboost_exact,99,1.5788230649459902,1.7013388644813583,1.6091245191219095,0.3378526715320477,0.03030145417591923
15,gpboost_exact,100,1.4128654059629333,1.4450125034521448,1.5559860157884344,0.2991017971320279,0.14312060982550112
15,gpboost_exact,101,1.6138162839191363,1.6188573764053953,1.3297711024599614,0.29408422421392366,-0.2840451814591749
15,gpboost_exact,102,1.1544607729769383,1.0903632711636633,0.9532703900941719,0.3222453529382893,-0.20119038288276636
15,gpboost_exact,103,-0.7283465577198054,-0.6601509893792112,-1.2682912973842804,0.34580155819393793,-0.539944739664475
15,gpboost_exact,104,-0.30247487764342196,-0.23704924236113362,-0.2061838601880588,0.21088905846877537,0.09629101745536317
15,gpboost_exact,105,1.4891328394379144,1.441367114921759,1.3419965548145996,0.31835977066689586,-0.14713628462331485
15,gpboost_exact,106,-0.5499183072641103,-0.6000220286768324,-0.26762625994296485,0.23579086828074258,0.28229204732114543
15,gpboost_exact,107,1.1920001342588467,1.280956689870158,1.6122820787514627,0.3230442542557428,0.420281944492616
15,gpboost_exact,108,1.5658493833246223,1.3986928755423464,1.7023757140659619,0.26163017284812784,0.13652633074133957
15,gpboost_exact,109,-0.5116097066936849,-0.44665029739505646,-0.7571213858766228,0.492948457437506,-0.24551167918293793
15,gpboost_exact,110,1.3806561411551161,1.1693449225589203,1.5801758038894107,0.25593711124414836,0.19951966273429456
15,gpboost_exact,111,1.7632684352336256,1.7902038325177005,1.8310709023555205,0.4360694740042522,0.06780246712189486
15,gpboost_exact,112,0.1223822501607983,0.11223483510600095,0.045896290514392035,0.28039449770670755,-0.07648595964640627
15,gpboost_exact,113,1.8945294543683067,1.955482817419167,1.505451247535305,0.33834156188302944,-0.38907820683300165
15,gpboost_exact,114,1.4895185355825622,1.539985173129908,1.5178685034454782,0.3615376347064883,0.028349967862915992
15,gpboost_exact,115,2.2784946700758413,2.146513218038476,2.2454276894575322,0.26613467729397755,-0.03306698061830904
15,gpboost_exact,116,-0.029882968256711606,-0.04478857211843857,0.11410242512471314,0.2561028735150828,0.14398539338142474
15,gpboost_exact,117,1.3144957319624173,1.42145606513199,1.7541677443585328,0.2494084661146294,0.43967201239611553
15,gpboost_exact,118,0.873520194651721,0.73401170086883,0.8484613357048687,0.35891792877861994,-0.025058858946852336
15,gpboost_exact,119,-0.5673546113336463,-0.42005847780956795,-0.24235369621700897,0.24258607721605366,0.3250009151166373
15,gpboost_exact,120,0.11476826951766292,0.020941376859676022,0.5460668567214917,0.320463037409498,0.43129858720382874
15,gpboost_exact,121,0.7707817683970494,0.5954166836087045,0.40463245451903873,0.2681028567281193,-0.36614931387801064
15,gpboost_exact,122,-0.2630534898186542,-0.3480853480786835,-0.6981212891078918,0.30670221911182777,-0.43506779928923767
15,gpboost_exact,123,1.67276419957979,1.5504402684038237,1.529307247322322,0.3055184942589278,-0.14345695225746802
15,gpboost_exact,124,-0.715997600568939,-0.5782974676381214,-0.6577179254540937,0.1786063256049895,0.05827967511484533
15,gpboost_exact,125,2.5808773273739645,2.431255582218117,2.2354182366861455,0.3482696045085375,-0.345459090687819
15,gpboost_exact,126,2.291086777015211,2.2841545112099366,2.0934718118146103,0.4015288557223703,-0.1976149652006005
15,gpboost_exact,127,0.49584454441415693,0.6868925567068926,0.728245721140901,0.18799869630767674,0.2324011767267441
15,gpboost_exact,128,1.042018513029142,1.0882095222318617,0.8042429140303717,0.3715054439295377,-0.2377755989987702
15,gpboost_exact,129,-1.2698105065776293,-1.2501770043523863,-1.6437308628808438,0.3001577895152258,-0.3739203563032145
15,gpboost_exact,130,2.5490829363857213,2.448880499006434,1.594375409751052,0.49748434206507963,-0.9547075266346692
15,gpboost_exact,131,-0.2501263661942471,-0.4085225642649961,-0.46482692916951507,0.4606398854773073,-0.21470056297526796
15,gpboost_exact,132,-1.0379197221319525,-1.0019100519596043,-1.4527574263426182,0.2631309393398992,-0.4148377042106657
15,gpboost_exact,133,1.7035902117203325,1.5001609529670297,1.7289605684716456,0.23438674971159856,0.02537035675131305
15,gpboost_exact,134,1.6715751734771556,1.5651259328227511,1.537749778764681,0.3578072486284214,-0.13382539471247457
15,gpboost_exact,135,1.3738209887633124,1.3939668021943332,1.473463254607701,0.2688537747965213,0.09964226584438851
15,gpboost_exact,136,1.5744849273281667,1.5593791067455895,1.4196377388001835,0.2694206811365542,-0.15484718852798318
15,gpboost_exact,137,0.32256681735176407,0.436578936537023,0.35690498995677444,0.26950378469673564,0.034338172605010375
15,gpboost_exact,138,2.271251114296419,2.264134142670063,2.122446569336388,0.25562248849840663,-0.14880454496003104
15,gpboost_exact,139,1.7997324071885548,1.518528509969891,1.621405224273186,0.22192601678283427,-0.17832718291536875
15,gpboost_exact,140,1.2018826831282035,1.250719246270098,1.2157065735299746,0.1791000916419883,0.013823890401771122
15,gpboost_exact,141,1.7360881737285978,1.8563625511581703,1.8304534392988678,0.35822075425451694,0.09436526557027003
15,gpboost_exact,142,1.9644140166043418,1.8181211886551298,1.7481580638089547,0.3906519524058965,-0.21625595279538712
15,gpboost_exact,143,-1.218610138678906,-1.3457144500385196,-1.4565245922922614,0.30774267060195615,-0.23791445361335528
15,gpboost_exact,144,0.23763940174209458,0.33284728386967044,0.11506604126479658,0.2327341543781568,-0.122573360477298
15,gpboost_exact,145,0.9035403602769483,0.9911544873499526,0.6468080912732432,0.2286462658575699,-0.25673226900370505
15,gpboost_exact,146,1.6557702110194366,1.6797116046771083,1.6425147150157002,0.31930046625722025,-0.013255496003736322
15,gpboost_exact,147,-0.6995688882134922,-0.8200040660355571,-0.7231149896842766,0.22756637182364842,-0.023546101470784397
15,gpboost_exact,148,-1.0190884705249972,-1.1656230174347655,-1.2796132145130947,0.3634539873039899,-0.26052474398809755
15,gpboost_exact,149,0.49456395144192394,0.4282638099259374,0.27632346381805206,0.21729128343923906,-0.21824048762387188
15,gpboost_exact,150,-0.08870619527504359,-0.23485529106195016,-0.4215588666271266,0.4001449024442528,-0.332852671352083
15,gpboost_exact,151,-0.08137821328377426,-0.10918570101569443,-0.20488704529463675,0.22471164938200652,-0.12350883201086249
15,gpboost_exact,152,2.5367405879505958,2.6843839042711766,2.2284279982011945,0.4722627431726052,-0.30831258974940123
15,gpboost_exact,153,1.7658507717487468,1.846983277718636,1.6225910127922525,0.17488129041210548,-0.14325975895649434
15,gpboost_exact,154,-0.4327096136848562,-0.3608105584870125,-0.1957697997607042,0.3588007562963669,0.23693981392415203
15,gpboost_exact,155,0.21927780708815076,0.23822051500760516,0.2338093020887193,0.2071611326550655,0.01453149500056855
15,gpboost_exact,156,0.2642931927840704,0.1972362983445941,0.20087879269618725,0.22841807598848965,-0.06341440008788313
15,gpboost_exact,157,1.0168851500633629,0.8714098299452318,0.9636716953210325,0.32398916874254763,-0.05321345474233041
15,gpboost_exact,158,2.20307965692361,2.157043009623919,2.068541948917783,0.36845675102086206,-0.13453770800582676
15,gpboost_exact,159,1.6451144272695322,1.7178214342986347,1.7431738161085093,0.3649063506523388,0.09805938883897714
15,gpboost_exact,160,1.732834641221985,1.835334474622159,1.7703708664315396,0.2583605298807834,0.037536225209554575
15,gpboost_exact,161,0.01406382190623573,0.037366740400569046,-0.08105429286702304,0.24312486997074942,-0.09511811477325877
15,gpboost_exact,162,1.6896949374537076,1.8215998772804172,1.670291934253913,0.30785485843652205,-0.01940300319979449
15,gpboost_exact,163,-0.1912999736930694,-0.2670172032173968,0.12472146243776194,0.3655076674236031,0.31602143613083133
15,gpboost_exact,164,1.4431148473672264,1.338920574138482,1.248776819034326,0.26470171262013004,-0.19433802833290037
15,gpboost_exact,165,2.2730994766337314,2.3602961792891826,2.1708519991173176,0.31053741052464756,-0.10224747751641372
15,gpboost_exact,166,1.596923863379703,1.506875418434815,1.4858254006714091,0.1847180867827117,-0.11109846270829382
15,gpboost_exact,167,1.1040107145372067,1.058161692896491,1.2328451827648301,0.3687420298429441,0.12883446822762346
15,gpboost_exact,168,1.7254797551238161,1.5945909526497315,1.938069820641573,0.26980430664983757,0.21259006551775683
15,gpboost_exact,169,2.0502682716994944,2.100717362104999,2.085022923071068,0.569675968672039,0.03475465137157352
15,gpboost_exact,170,2.2241147851420617,2.237925926362722,2.1801570337236624,0.2451622442502813,-0.043957751418399305
15,gpboost_exact,171,1.2069584758473624,1.2055776473252613,0.9789226662572474,0.35011378609950894,-0.22803580959011494
15,gpboost_exact,172,-0.909288801271426,-1.069224659196593,-0.7719014384383946,0.37472198458195277,0.13738736283303132
15,gpboost_exact,173,2.2204941771619446,2.154545837275971,1.8697155039521327,0.45193117742689687,-0.35077867320981193
15,gpboost_exact,174,-0.615454634431476,-0.49349801172000807,-0.6239360067803084,0.20325726261887755,-0.008481372348832394
15,gpboost_exact,175,-0.356954278886333,-0.1745046984715037,-0.46519848430987665,0.16443766551929428,-0.10824420542354363
15,gpboost_exact,176,0.022302357805406237,-0.001984090304115921,0.21448884201502239,0.19475400642079638,0.19218648420961615
15,gpboost_exact,177,0.030548536229561996,-0.007245577175962241,-0.4236305536679339,0.3997533691748948,-0.4541790898974959
15,gpboost_exact,178,1.9530366981656162,1.9265186266545213,1.3906800820733451,0.37513286690867687,-0.562356616092271
15,gpboost_exact,179,1.8863241680124123,1.9893932780455061,1.9931694991093778,0.507915014292031,0.10684533109696548
15,gpboost_exact,180,1.4018833899338756,1.376541416509904,1.4873802812940227,0.25569668630068787,0.08549689136014704
15,gpboost_exact,181,2.640869850796502,2.6117938411942396,1.8674427043185418,0.5192542569977918,-0.7734271464779603
15,gpboost_exact,182,-0.07557584539810619,-0.06351531619980184,0.36507493120818424,0.2853167104178713,0.44065077660629043
15,gpboost_exact,183,1.3590303243714692,1.3114098121914888,1.3293187241582842,0.4300331266706166,-0.029711600213184974
15,gpboost_exact,184,0.9524561286418979,0.8297967262802388,0.9407530219565761,0.23782840067411665,-0.011703106685321818
15,gpboost_exact,185,1.5935794544879105,1.315999902819595,1.3379744367585538,0.37627030655803145,-0.25560501772935673
15,gpboost_exact,186,0.6138124081132951,0.6398237910186344,0.18761293847108007,0.2771499075499728,-0.426199469642215
15,gpboost_exact,187,1.590935083531464,1.4806253582997944,1.524796876345171,0.34169900932280284,-0.06613820718629304
15,gpboost_exact,188,1.8127929977075339,1.9782878860381135,1.5407658611550623,0.29464550537788375,-0.27202713655247157
15,gpboost_exact,189,1.5232344807491027,1.7240008113791754,1.371531348793349,0.15162626474455845,-0.1517031319557538
15,gpboost_exact,190,0.8366015211808144,0.825978635244996,0.8787692728983743,0.20167351632133657,0.04216775171755982
15,gpboost_exact,191,-0.43225821972499573,-0.4889230781861783,-0.4435423358580728,0.17377760878484236,-0.01128411613307706
15,gpboost_exact,192,1.083108811576853,1.1104488545376474,1.7602138220720818,0.41505897112314777,0.6771050104952288
15,gpboost_exact,193,-1.2451690828404347,-1.243146211418197,-1.9917508998171911,0.33287935201586893,-0.7465818169767564
15,gpboost_exact,194,2.1979587179217828,2.098859314604041,2.344124963767383,0.2962506035872004,0.14616624584560034
15,gpboost_exact,195,-1.7614423352402464,-1.832439255736749,-1.4158081222413834,0.28479170110255175,0.345634212998863
15,gpboost_exact,196,0.9302193460991497,0.936522438306243,1.246764760928837,0.2531979761350324,0.31654541482968734
15,gpboost_exact,197,1.6309621272061114,1.816822387116377,1.3360520535992428,0.3857032846622192,-0.2949100736068686
15,gpboost_exact,198,1.847629167135291,1.9582777269697753,1.9848752721718625,0.4048137918897574,0.13724610503657164
15,gpboost_exact,199,-0.8537051772950461,-0.8277277482644788,-1.3358384882809773,0.2746959595792235,-0.48213331098593115
15,gpboost_exact,200,-0.4729311643371246,-0.4401796277243649,-0.5306174565894324,0.2356883141667341,-0.05768629225230776
15,gpboost_exact,201,-0.15757959391372242,-0.18514584359438396,-0.49995861946470654,0.29915104890308175,-0.3423790255509841
15,gpboost_exact,202,1.3540582895068618,1.3447626679699445,1.3911534261346183,0.2626615285675305,0.03709513662775654
15,gpboost_exact,203,-0.8175621370629446,-0.9053894809635223,-1.2029658636603386,0.2819954031280661,-0.3854037265973941
15,gpboost_exact,204,-0.12440582578645468,-0.3045347272562516,-0.19323169093123838,0.26078193713335585,-0.0688258651447837
15,gpboost_exact,205,0.9680938039281404,0.8119496646636747,0.7648678399793054,0.3170302269560641,-0.20322596394883496
15,gpboost_exact,206,0.045457031492694866,0.15255164209492736,0.1525000477757814,0.23240356513466645,0.10704301628308655
15,gpboost_exact,207,2.0153417391740507,1.944734642490607,1.9030979984851264,0.23097551584343795,-0.11224374068892429
15,gpboost_exact,208,1.4041906314855468,1.6365067038503316,1.286815371479479,0.33316778197750857,-0.1173752600060678
15,gpboost_exact,209,0.4982886118445862,0.5131715446770172,0.8485809999253178,0.2299542443160722,0.35029238808073154
15,gpboost_exact,210,1.4940242884789108,1.5735201843520883,1.4438735151706448,0.32763910475502367,-0.050150773308266006
15,gpboost_exact,211,-1.6173346900200083,-1.6731532157181257,-1.6984463098870037,0.27384140822105413,-0.08111161986699544
15,gpboost_exact,212,1.304548698136253,1.201179068388421,1.4521680065532472,0.35941691800441894,0.1476193084169941
15,gpboost_exact,213,1.4127162656052028,1.3414778734511161,1.276843245322567,0.2549027765475333,-0.1358730202826357
15,gpboost_exact,214,1.1264625742685157,1.088699450562043,0.8376327619188437,0.25076067240033184,-0.288829812349672
15,gpboost_exact,215,0.5311960385964947,0.49343493273028355,0.5393248447884655,0.31419646997974876,0.008128806191970872
15,gpboost_exact,216,0.21856905469366755,0.30021950713958356,-0.17561958087872043,0.37309437825994496,-0.394188635572388
15,gpboost_exact,217,2.146704853632517,1.971252874313518,1.6359633306360948,0.3904905723608951,-0.5107415229964221
15,gpboost_exact,218,0.582617035847748,0.5603970264082091,0.8745479839409356,0.367781044760438,0.29193094809318754
15,gpboost_exact,219,1.8803146395168868,1.9163511811887288,1.8372069521962997,0.37161711507867085,-0.04310768732058712
15,gpboost_exact,220,0.20036187256471183,0.334677843546241,0.7039717051381729,0.2914671782806728,0.503609832573461
15,gpboost_exact,221,2.11269860633044,2.2397762078238785,2.067494532144792,0.27801843116183655,-0.04520407418564787
15,gpboost_exact,222,-0.8401784050559897,-0.8585378593667181,-1.1606599978911376,0.3159840103754621,-0.3204815928351479
15,gpboost_exact,223,-0.02134649957362339,-0.16124614516922126,0.08199583415269274,0.27133474526024914,0.10334233372631613
15,gpboost_exact,224,-1.0330518509955968,-1.0056119626353655,-1.0701230598716691,0.1948160754627435,-0.03707120887607229
15,gpboost_exact,225,0.577017774191606,0.5212131975966712,0.8495867200403957,0.27284240670514354,0.27256894584878966
15,gpboost_exact,226,2.0460754651419766,2.135376001308496,2.3328885333182487,0.31957040319158597,0.28681306817627217
15,gpboost_exact,227,-1.9617890663693713,-2.005668391917923,-2.1392000784051852,0.29563701105742024,-0.1774110120358139
15,gpboost_exact,228,2.202450874756622,2.387101184474977,2.200582972138317,0.4369457040324825,-0.0018679026183048286
15,gpboost_exact,229,2.162953715567628,2.256726366847698,2.211077422454455,0.36872802685784184,0.04812370688682677
15,gpboost_exact,230,1.8143051943118902,1.8442757760209445,1.6824814456742683,0.4271709714514863,-0.13182374863762192
15,gpboost_exact,231,0.9069200352474271,0.7094345289569415,1.0159778122254544,0.2743344926916335,0.10905777697802721
15,gpboost_exact,232,0.43737951276492504,0.38317286237772097,0.47582616945370404,0.24571858064187363,0.038446656688779
15,gpboost_exact,233,1.6787402384923704,1.6261420740751855,2.009304614660877,0.3131437920533635,0.33056437616850665
15,gpboost_exact,234,1.9601008855441338,1.9869080613537284,1.9497175007683083,0.3537265289988653,-0.010383384775825455
15,gpboost_exact,235,1.084734793160498,1.2047262572675717,1.0076556612672016,0.24521068318702738,-0.0770791318932964
15,gpboost_exact,236,0.05154920525438045,0.05358048638445653,0.1296306172905446,0.24319993900649273,0.07808141203616414
15,gpboost_exact,237,1.8541390748250017,1.6833454710419793,1.8928064602269483,0.4556910590025785,0.038667385401946586
15,gpboost_exact,238,0.001547710425818083,0.0019399723268521797,-0.09197568541144108,0.227929773009107,-0.09352339583725916
15,gpboost_exact,239,1.7356460414325046,1.7540710252498393,1.975459594857675,0.3267136654456688,0.2398135534251704
15,gpboost_exact,240,1.0492450511541167,1.1167429599064578,0.6776987655305255,0.29705202800239955,-0.37154628562359115
15,gpboost_exact,241,1.8416320700936877,1.9360180298198837,1.7176513682725183,0.3818615097385892,-0.12398070182116938
15,gpboost_exact,242,1.2576135960225021,1.265416444869287,1.3020143580891501,0.20799124773005384,0.044400762066648
15,gpboost_exact,243,1.300918666430543,1.4370328853216057,1.2569421630426945,0.30980644719596734,-0.04397650338784853
15,gpboost_exact,244,1.476899589073988,1.3816188404338736,1.5516982774725996,0.4125703850929608,0.07479868839861159
15,gpboost_exact,245,0.3183173945966942,0.2732382651026585,0.18024388778410128,0.24993192997733438,-0.13807350681259295
15,gpboost_exact,246,2.138339392247614,2.126222403813287,1.6832531206790655,0.29163543852057955,-0.45508627156854864
15,gpboost_exact,247,2.2110448821411097,2.2595968035723546,2.411317120217018,0.27492925495594595,0.20027223807590833
15,gpboost_exact,248,-0.45692160930064213,-0.4294421972160768,-0.5117792973323851,0.3225485518115387,-0.05485768803174301
15,gpboost_exact,249,1.3214550228738133,1.3820403452456993,1.8807653428920617,0.4470825308411372,0.5593103200182483
15,gpboost_exact,250,-0.24809167695099194,-0.3060306559649823,0.06656855857404409,0.22122556180551903,0.314660235525036
15,gpboost_exact,251,-0.3307373809965959,-0.31721774005163933,0.019993276076935018,0.2427029890903608,0.3507306570735309
15,gpboost_exact,252,-0.3705951221198537,-0.33046922925804817,-0.7665444931274834,0.35687997529129606,-0.3959493710076297
15,gpboost_exact,253,-0.19620623979092708,-0.07286154017491107,-0.2558449773119662,0.24088795077624686,-0.059638737521039126
15,gpboost_exact,254,2.2345192743831297,2.1297375072839713,2.1545024543504043,0.21685667651130103,-0.08001682003272537
15,gpboost_exact,255,0.4121038233904288,0.5382542228382264,0.3741997127718584,0.28796254698256063,-0.03790411061857041
15,gpboost_exact,256,-0.2061719265762211,-0.3157353097354012,-0.09814360964891122,0.22369118621307357,0.10802831692730988
15,gpboost_exact,257,1.997654736473439,2.137691746437934,1.7467903789863506,0.49650363428050925,-0.25086435748708835
15,gpboost_exact,258,0.5717124330549298,0.6566099340924076,0.5141655027734799,0.2608634139599778,-0.05754693028144986
15,gpboost_exact,259,1.8837869874329471,1.7799483006565715,1.9694632312463831,0.3581005903570819,0.08567624381343597
15,gpboost_exact,260,1.0925106259468684,1.0715262510533192,1.2556134697533032,0.3205829445438829,0.1631028438064348
15,gpboost_exact,261,2.341980753641634,2.23898797108395,2.2754590570311626,0.2698301302969298,-0.06652169661047136
15,gpboost_exact,262,2.040091043814825,2.022932451586693,1.6042129853159715,0.38096538473305736,-0.4358780584988535
15,gpboost_exact,263,-0.9343678982656586,-1.0843774190114162,-0.5501125023104301,0.4094470892487233,0.3842553959552285
15,gpboost_exact,264,-0.24940148328448553,-0.21539446234418744,0.041270987493732036,0.5031978956620085,0.29067247077821756
15,gpboost_exact,265,2.3125940062001336,2.323180185311584,1.5816601020380077,0.3111791915196252,-0.7309339041621259
15,gpboost_exact,266,2.0470018705610977,2.1089887094899877,1.8859795429324429,0.3696819881528881,-0.16102232762865487
15,gpboost_exact,267,1.6810650690853677,1.6463634307067736,1.7502771701755542,0.34051353015961705,0.0692121010901865
15,gpboost_exact,268,-0.3515794603191038,-0.18061718099196278,-0.7428483886926216,0.3377957576005697,-0.3912689283735178
15,gpboost_exact,269,1.8503024292968242,1.8168580109998167,1.6148141899440986,0.2935527205544902,-0.23548823935272556
15,gpboost_exact,270,0.9454386643340202,0.9746738750756223,1.0954504551010444,0.35117477896889515,0.1500117907670242
15,gpboost_exact,271,-0.16704820249463426,-0.14242311987368275,-0.05811858183769658,0.3429247404292282,0.10892962065693768
15,gpboost_exact,272,1.6946401571625327,1.7354807538411574,1.3852210265250626,0.3515179888090585,-0.30941913063747006
15,gpboost_exact,273,1.9118850302673214,1.9394364421110049,1.9869215253708248,0.4210399096822537,0.07503649510350341
15,gpboost_exact,274,-0.6773923074530723,-0.705641862013162,-1.5277586488189883,0.41503964814533084,-0.8503663413659159
15,gpboost_exact,275,0.6198737228993478,0.46213235054475954,0.2946771763526712,0.2936070768874711,-0.3251965465466766
15,gpboost_exact,276,0.7856283148949863,0.7955698830841007,1.0245987959337235,0.4117851156361054,0.2389704810387372
15,gpboost_exact,277,-0.05173776351453757,0.07104231538089362,0.3306112848390903,0.3046459242519247,0.3823490483536279
15,gpboost_exact,278,1.0519400670453876,0.9639644743959455,1.0164183576505899,0.3150906906552917,-0.03552170939479771
15,gpboost_exact,279,2.0583120328193534,1.9046294640439039,1.957435087675261,0.41547153584053803,-0.10087694514409229
15,gpboost_exact,280,2.3781852463660207,2.370322401085442,1.4578999229910892,0.4533852721009304,-0.9202853233749315
15,gpboost_exact,281,0.8283550519966095,0.9311274849815185,1.2477449366271145,0.28025855576204084,0.41938988463050497
15,gpboost_exact,282,0.6860040293684178,0.6772050637606859,0.42311689515968,0.21790624445180734,-0.26288713420873777
15,gpboost_exact,283,-0.2513267424524763,-0.2548302599641801,-0.052707746477807405,0.39315842524972916,0.19861899597466892
15,gpboost_exact,284,1.133003931255256,1.1149134353932222,1.1366961290697475,0.39793453994591044,0.0036921978144914824
15,gpboost_exact,285,2.1995573082555246,2.1385065488244686,2.033258283232808,0.47704234591410405,-0.16629902502271676
15,gpboost_exact,286,-1.408378981833503,-1.5458185739792463,-1.6359211940511358,0.2646802318905457,-0.2275422122176327
15,gpboost_exact,287,1.6382379374628182,1.547714939853582,1.41044715432799,0.31950400461884265,-0.22779078313482826
15,gpboost_exact,288,-0.679789584332818,-0.6314182790709327,-0.9138505187195278,0.171387182832124,-0.23406093438670983
15,gpboost_exact,289,1.974257239636128,2.026000878687793,1.812819685197483,0.24458758024211283,-0.16143755443864505
15,gpboost_exact,290,2.400818221110142,2.2528233867315928,2.384986356677844,0.2463087832297401,-0.01583186443229767
15,gpboost_exact,291,0.38502840739528404,0.2884622644540351,0.42788316248860525,0.22070655383431634,0.042854755093321206
15,gpboost_exact,292,1.1545802961666443,1.2739497918616616,1.3805878062369423,0.39617880950454804,0.22600751007029807
15,gpboost_exact,293,0.7807666204864143,0.6982355324278161,1.158153603655581,0.2768785372720706,0.37738698316916675
15,gpboost_exact,294,1.911081721082277,1.971994955839301,1.8508732127596748,0.31577858926702784,-0.06020850832260227
15,gpboost_exact,295,2.145858954644824,2.2132306060288234,2.0180970590714544,0.41094168689631627,-0.1277618955733697
15,gpboost_exact,296,1.460879853731325,1.4394728241433192,1.4642782362277806,0.37265738945919774,0.003398382496455632
15,gpboost_exact,297,1.7365519063599473,1.670264056029845,1.9185828692852063,0.4459973194977779,0.182030962925259
15,gpboost_exact,298,0.8599854274400329,0.8873920459806235,0.9616815593712964,0.36522959863461596,0.10169613193126348
15,gpboost_exact,299,1.99752675766588,1.895369463287757,1.90345191579308,0.19439153167187959,-0.09407484187279991
16,gpboost_exact,0,1.3160016365482923,1.457200262202179,1.0996294805243885,0.3526336127285017,-0.2163721560239038
16,gpboost_exact,1,-0.3072232207161974,-0.38553226635630167,0.1435680076751229,0.2356084189928882,0.4507912283913203
16,gpboost_exact,2,0.004775412320967787,0.1889891237245498,-0.30194764918494066,0.41178990436486385,-0.30672306150590845
16,gpboost_exact,3,0.27621647522826154,0.3294560955281655,0.0120936098915152,0.2560460398565677,-0.26412286533674634
16,gpboost_exact,4,1.1142904451152518,1.2187088519492397,0.8993129658047163,0.2000534441180712,-0.21497747931053546
16,gpboost_exact,5,-0.08876466318776224,-0.145710568650311,0.19718462295860917,0.25045325011643377,0.2859492861463714
16,gpboost_exact,6,-0.0773538288546333,-0.08427701737472612,0.2937517034351451,0.3074072864344307,0.3711055322897784
16,gpboost_exact,7,1.4822353512373252,1.5717738655267628,1.837225874975502,0.2922821288035613,0.35499052373817674
16,gpboost_exact,8,1.475173524001333,1.6171544351480092,1.0929242165883117,0.3202885675806466,-0.3822493074130213
16,gpboost_exact,9,-0.19290677915760834,-0.30426119271262425,-0.3327281707150238,0.5079284981361536,-0.13982139155741546
16,gpboost_exact,10,1.1313123862623187,1.1227291507182153,1.0543327353600187,0.1743718689153968,-0.07697965090229997
16,gpboost_exact,11,0.7404863529822789,0.7386717702391739,0.8705020942126112,0.3272894113964521,0.13001574123033222
16,gpboost_exact,12,0.4965505828389407,0.4862047587074252,0.0993749140420217,0.28147460673476016,-0.397175668796919
16,gpboost_exact,13,0.6895436430573751,0.6595704873896232,0.9320778115580808,0.4262850244378187,0.24253416850070564
16,gpboost_exact,14,0.27915216357398587,0.2516053180222434,0.6417864416852819,0.32029054690406183,0.362634278111296
16,gpboost_exact,15,-0.043155379616653444,-0.019166338255355717,-0.2872487767816789,0.2687073192322108,-0.24409339716502548
16,gpboost_exact,16,0.49662406984944146,0.30043003321229256,0.34961283153791456,0.25814175953736307,-0.1470112383115269
16,gpboost_exact,17,1.0659435238826787,1.0547430816750398,1.0926675675126276,0.33722396488685386,0.026724043629948957
16,gpboost_exact,18,0.12206512042825796,0.09782180527076922,-0.22545272722179455,0.2920942795773101,-0.3475178476500525
16,gpboost_exact,19,0.6903621675149398,0.6728621712998737,0.7474155254957076,0.32945593887681873,0.057053357980767716
16,gpboost_exact,20,2.42844345951652,2.57547348465683,2.353498698659166,0.44044942215167604,-0.07494476085735391
16,gpboost_exact,21,0.8631226490667013,0.8766879713119526,1.1988235712524133,0.5256587547551319,0.335700922185712
16,gpboost_exact,22,1.1275914274418182,1.1874086057248792,1.0209917244718323,0.27741316500313484,-0.10659970296998589
16,gpboost_exact,23,0.11199354030315528,-0.005912717825535277,0.29087181598944056,0.31624415002563894,0.17887827568628528
16,gpboost_exact,24,0.6726003359345413,0.7928434822919659,0.9949581379057637,0.41013657593185904,0.32235780197122244
16,gpboost_exact,25,0.1986100841680083,0.2323282071025902,0.4268977447885014,0.2406978828932937,0.2282876606204931
16,gpboost_exact,26,1.274557905703896,1.4491836780401919,1.5766621402925587,0.24227211768641327,0.30210423458866265
16,gpboost_exact,27,0.5844017765100877,0.6029284261816542,0.8274403135296922,0.4378793349141172,0.24303853701960443
16,gpboost_exact,28,0.37536462535932436,0.3741628811980257,0.3410427684095225,0.32243937560387553,-0.03432185694980183
16,gpboost_exact,29,-0.028926739225350398,0.07807589865532229,0.4287707300587318,0.3671270454405855,0.45769746928408217
16,gpboost_exact,30,0.08497854122515683,0.03855033821231083,-0.20561098370632358,0.32449055951379663,-0.2905895249314804
16,gpboost_exact,31,0.17128771585628103,0.1950738681234308,0.5100925275327448,0.2889538508390787,0.3388048116764638
16,gpboost_exact,32,1.774084076085927,1.8725910764989195,1.8556091340086702,0.42591327863222866,0.08152505792274312
16,gpboost_exact,33,2.533370331926343,2.552287128757328,2.3458176843297807,0.23801261162526777,-0.18755264759656232
16,gpboost_exact,34,-0.6769570163595214,-0.7029999000435811,-0.587397091430077,0.3049925518096246,0.08955992492944442
16,gpboost_exact,35,2.3698210734031147,2.4935397649780824,2.5627185222343343,0.25015805057008034,0.19289744883121962
16,gpboost_exact,36,1.2983277093872245,1.32421976622356,1.3894224876266783,0.33737819814574815,0.09109477823945378
16,gpboost_exact,37,1.6939197036956568,1.655672138666653,1.5117841361216513,0.4104498829234725,-0.1821355675740055
16,gpboost_exact,38,0.49956845469122124,0.5265925650962248,0.6500572896492436,0.2735622670349468,0.15048883495802234
16,gpboost_exact,39,1.119656816691907,1.212935114088425,0.8000166995805387,0.40748267772779045,-0.3196401171113683
16,gpboost_exact,40,0.025137346395011168,0.12466468494720653,-0.0450629804353504,0.2613831146821644,-0.07020032683036156
16,gpboost_exact,41,0.7335381003569078,0.7668654461223847,0.5884965315975137,0.3188980875955164,-0.1450415687593941
16,gpboost_exact,42,-0.5638500919408654,-0.618041099726419,-0.5239170495963155,0.5592181729624762,0.039933042344549974
16,gpboost_exact,43,-0.3894555771279018,-0.4990907127367613,-0.04954861712956671,0.26855055556904567,0.3399069599983351
16,gpboost_exact,44,0.24728742987187485,0.31872942443058194,0.6984365796232659,0.31127180064773563,0.45114914975139103
16,gpboost_exact,45,2.7507833040283716,2.7711797804260123,2.4855085195642346,0.35518509526863845,-0.265274784464137
16,gpboost_exact,46,0.2584197678347962,0.0952668449300687,0.8145748399374781,0.3106889612675699,0.556155072102682
16,gpboost_exact,47,1.2083389701941547,1.4131031613297327,0.9324598699707565,0.42335186295723964,-0.27587910022339823
16,gpboost_exact,48,2.203209662046597,2.0060327485637637,2.367466827643824,0.3165090906846868,0.16425716559722714
16,gpboost_exact,49,1.769234283830934,1.727935623755936,1.7137740911945354,0.46876291023487293,-0.055460192636398675
16,gpboost_exact,50,0.39708892880735563,0.4542219884556416,0.8710311916334206,0.29786903138908827,0.47394226282606494
16,gpboost_exact,51,1.0556659878932362,1.0206983220467796,1.207873276361017,0.24563677815574408,0.15220728846778075
16,gpboost_exact,52,1.967619614361655,2.0639229019594874,1.8431164654069931,0.4069015407353373,-0.12450314895466175
16,gpboost_exact,53,0.7026795607153649,0.643308841806399,0.47753775122200715,0.318803771104195,-0.22514180949335771
16,gpboost_exact,54,1.2192277253061823,1.2541280738002905,1.3463625095208975,0.24941549466792653,0.12713478421471525
16,gpboost_exact,55,1.5036011352788856,1.3373822537736506,1.0778544678883115,0.32343002207592747,-0.4257466673905741
16,gpboost_exact,56,0.8191689313525367,0.8111054010089074,0.9942845061129404,0.25610110022300847,0.17511557476040374
16,gpboost_exact,57,0.9319623372697947,1.0555660361782508,0.8797302175439068,0.3008641227974444,-0.05223211972588793
16,gpboost_exact,58,0.7379357777390401,0.8078095573397246,0.5771305223821379,0.21691815611390658,-0.16080525535690215
16,gpboost_exact,59,-0.093988504012183,-0.1315419330625501,0.20278338080853686,0.23149947579255387,0.29677188482071987
16,gpboost_exact,60,0.8058098576836379,0.9136057022132603,1.1708808540932907,0.2711223643564325,0.3650709964096528
16,gpboost_exact,61,0.4388056689381976,0.48397634114765953,-0.002994111104257513,0.2841976112198773,-0.4417997800424551
16,gpboost_exact,62,0.053539012754520054,0.025235313521487845,0.053642866852975146,0.2640059497799892,0.00010385409845509175
16,gpboost_exact,63,0.4728447049551573,0.5046161765757908,0.8789664983457453,0.2812276746956554,0.40612179339058796
16,gpboost_exact,64,0.14840674407198495,0.047882628952684636,-0.2422964101605114,0.300286462873716,-0.39070315423249635
16,gpboost_exact,65,0.0890313043142748,0.08573199095972511,-0.3083163397117241,0.33186079844974403,-0.3973476440259989
16,gpboost_exact,66,1.5376229997782231,1.4004603132106932,1.6471556408001078,0.23889940008969932,0.10953264102188465
16,gpboost_exact,67,-0.1076211996374468,-0.13618471369735569,0.3639402232218849,0.41357065600903065,0.4715614228593317
16,gpboost_exact,68,0.5032052427086533,0.5052189988843099,0.737261204926023,0.33371924687078225,0.23405596221736968
16,gpboost_exact,69,0.5263144743073305,0.5652516037117989,0.7992676226555382,0.3612851621572946,0.2729531483482077
16,gpboost_exact,70,0.32822472744303693,0.2827592673148861,0.5024540557043125,0.33451380795547064,0.17422932826127552
16,gpboost_exact,71,0.6440243241869449,0.5141481194099135,0.6493122911135458,0.453278691947748,0.00528796692660094
16,gpboost_exact,72,0.6868185424274935,0.6029112452025182,0.2978580805675968,0.3386764561140274,-0.38896046185989674
16,gpboost_exact,73,1.7722357208830122,1.7168280938354408,1.8314650817513325,0.3032311715696813,0.05922936086832031
16,gpboost_exact,74,0.8317147069171111,0.91216255322894,1.0894283842557737,0.2209277081699941,0.2577136773386626
16,gpboost_exact,75,0.47483164569394626,0.48396632309390214,0.8353405307222452,0.36402077174305886,0.360508885028299
16,gpboost_exact,76,0.8263322187791106,0.6386180844429556,1.1778821607731942,0.4342290096676017,0.3515499419940836
16,gpboost_exact,77,2.892057127603624,2.9902225864130005,2.5714817015730667,0.33084466206580154,-0.32057542603055733
16,gpboost_exact,78,1.6782979914308649,1.6816789375970362,1.9577879853614508,0.3649979056128928,0.27948999393058593
16,gpboost_exact,79,0.8293001578129785,0.7963429667503525,1.1612029527516778,0.25300194985371594,0.33190279493869934
16,gpboost_exact,80,0.10293267134150166,0.08903328544803175,-0.312846349258578,0.3299877042750909,-0.41577902060007965
16,gpboost_exact,81,0.1747629785781259,0.21313836359536478,0.027982500963767976,0.265987582948856,-0.14678047761435792
16,gpboost_exact,82,-1.0702950047009339,-0.8851052555326798,-1.0780864062491649,0.2484836066632385,-0.007791401548230992
16,gpboost_exact,83,0.2548448899479483,0.16219473314060173,0.44979599746682375,0.27401855952844606,0.19495110751887545
16,gpboost_exact,84,1.0022029450890384,1.056402470739462,1.0101714406765936,0.36908673256641217,0.007968495587555191
16,gpboost_exact,85,0.7716712075917694,0.717317957771506,0.33040899184602246,0.28994600851827396,-0.441262215745747
16,gpboost_exact,86,-0.5346152278061964,-0.5866508589908672,-0.1569806878963078,0.35469321856424973,0.3776345399098886
16,gpboost_exact,87,-0.14671077416802975,-0.061737952304306856,0.37237982467628683,0.30759484342403604,0.5190905988443166
16,gpboost_exact,88,1.2096536400079925,1.1283505748739202,0.5812685220116345,0.29907188637405024,-0.628385117996358
16,gpboost_exact,89,0.06889844965977887,0.09469478798691881,0.3775128833482402,0.317089618378263,0.3086144336884613
16,gpboost_exact,90,1.835315011181814,1.7190137770463865,1.7826260841840256,0.2068156091255393,-0.05268892699778838
16,gpboost_exact,91,0.7656188771250254,0.8273522812500036,0.49110156144409345,0.324363072474281,-0.27451731568093196
16,gpboost_exact,92,1.6023898866822444,1.707183800508308,1.889645000543597,0.3177271275555637,0.2872551138613526
16,gpboost_exact,93,-0.6814866542604431,-0.7028327292771701,-0.41537200876279456,0.3256821689883524,0.2661146454976485
16,gpboost_exact,94,0.8572081108447552,0.7423115519017359,1.1453390273827964,0.39870061856278205,0.2881309165380411
16,gpboost_exact,95,0.4694342402198124,0.574225028360468,0.9977318344646893,0.28587470045969204,0.5282975942448769
16,gpboost_exact,96,0.3971990039512487,0.48470000236891525,0.49830125618729326,0.5220833488454703,0.10110225223604458
16,gpboost_exact,97,-0.17125354060218945,-0.3220457383561235,0.08882782619381757,0.43004455548404996,0.260081366796007
16,gpboost_exact,98,0.3695911922518198,0.3116748491191788,0.3362056779513196,0.3008503781409415,-0.033385514300500185
16,gpboost_exact,99,0.9388945823722057,0.950255850044255,0.9458070199987425,0.17061078675244462,0.006912437626536816
16,gpboost_exact,100,0.4608457957345075,0.4871228599782946,0.4994021783480882,0.4990223141257314,0.038556382613580686
16,gpboost_exact,101,2.1399614639118982,2.064034460841734,1.8844972480601463,0.3418448344940128,-0.25546421585175194
16,gpboost_exact,102,0.43719909579860405,0.5232425474664535,0.7227412602689149,0.2924625031526431,0.2855421644703109
16,gpboost_exact,103,-0.21061484877267245,-0.2899041024957735,0.39281266340411847,0.2718113210546599,0.6034275121767909
16,gpboost_exact,104,-0.28779790208313194,-0.1881051813293496,-0.1979509224797269,0.2880569953161694,0.08984697960340504
16,gpboost_exact,105,0.7972675457948246,0.6897340355133694,1.0316322428389135,0.23062317561869786,0.2343646970440889
16,gpboost_exact,106,1.0962243131267995,1.0968281628194319,1.1844708464751044,0.3338104496623226,0.0882465333483049
16,gpboost_exact,107,1.284201475033645,1.1758172897821553,1.6645027870216236,0.25046366633393535,0.38030131198797856
16,gpboost_exact,108,-0.19946783511885335,-0.2180235129706424,-0.24514781709615363,0.16700913209512688,-0.04567998197730028
16,gpboost_exact,109,0.6012821258928918,0.4844750825007573,0.6638019427699611,0.3709016346994394,0.06251981687706931
16,gpboost_exact,110,0.8379686221628647,1.0048366717306665,1.233234152415971,0.33259754432522326,0.3952655302531062
16,gpboost_exact,111,1.1001166661231498,1.1157534795316137,0.9680327862445743,0.4719947098250673,-0.1320838798785755
16,gpboost_exact,112,1.4128715813019157,1.4632880660275105,1.41385524929483,0.4451985713392094,0.0009836679929142722
16,gpboost_exact,113,0.31118728036837817,0.37267219711574895,0.011858337818910769,0.451829661929314,-0.2993289425494674
16,gpboost_exact,114,0.08561008866255854,0.13062780670276058,0.178679735372544,0.31348919294329025,0.09306964670998547
16,gpboost_exact,115,0.7734259494967315,0.6575404541735901,0.9065526002409268,0.23202570907157283,0.13312665074419527
16,gpboost_exact,116,0.724651853804327,0.7784034941399379,0.8441835112997751,0.34538833545427056,0.11953165749544814
16,gpboost_exact,117,0.5950306250934059,0.46472522431541385,0.9323298352079732,0.27794498965011655,0.3372992101145673
16,gpboost_exact,118,1.3877460019154408,1.4220919402394996,1.5468269593448074,0.3011786094896904,0.15908095742936657
16,gpboost_exact,119,1.1909007888348468,1.2119566603407887,1.0940768066642352,0.24064226385407872,-0.09682398217061161
16,gpboost_exact,120,0.14378595683822057,0.2022088726156241,0.4605377921947955,0.24591878856683363,0.3167518353565749
16,gpboost_exact,121,1.0307512980586693,1.1654501451392179,0.7300531300856008,0.42081087741942264,-0.3006981679730685
16,gpboost_exact,122,-0.09732928791819406,-0.10046163607799584,-0.24426901651151312,0.22371757694254063,-0.14693972859331905
16,gpboost_exact,123,-1.2489569065225128,-1.2801544094652164,-0.7964008137226166,0.24141296203009813,0.45255609279989617
16,gpboost_exact,124,0.6407496868651013,0.7138045542325664,0.6789799587179886,0.32982336283765523,0.0382302718528873
16,gpboost_exact,125,0.5715602192205446,0.7495331657543409,0.5495276212704017,0.2098299213948362,-0.022032597950142896
16,gpboost_exact,126,2.1839705831793803,2.132759507371674,2.4173127688032636,0.3003855318420459,0.2333421856238833
16,gpboost_exact,127,-0.5360770733337079,-0.7534186026522388,-0.35351683736700323,0.2815325798902521,0.18256023596670468
16,gpboost_exact,128,-1.0334214859999857,-1.0147881534512115,-0.7790343164034983,0.4258078872341092,0.25438716959648744
16,gpboost_exact,129,1.4906698324061989,1.4738259332980796,1.0515224314072658,0.2526860689531237,-0.4391474009989331
16,gpboost_exact,130,2.3113981468450358,2.06279696239396,2.332714532797132,0.424414626865402,0.021316385952096173
16,gpboost_exact,131,1.0657731269897623,0.9707775631596225,0.6439915774118106,0.27622516191539576,-0.4217815495779518
16,gpboost_exact,132,0.3785389221315079,0.4521954025756825,0.555056356798266,0.29705236825078635,0.17651743466675812
16,gpboost_exact,133,0.8358889494192208,0.8991086440214872,0.9675301991612439,0.2576139299740753,0.13164124974202318
16,gpboost_exact,134,-0.20041878393092222,-0.10419736419846862,0.44869206363476266,0.4123910905298219,0.6491108475656848
16,gpboost_exact,135,0.42985096309899606,0.38445405963139334,0.5427111919934688,0.30100220225392854,0.11286022889447278
16,gpboost_exact,136,0.17243847169699134,0.08001281194755686,0.24839974582556756,0.5431867074080394,0.07596127412857623
16,gpboost_exact,137,-0.016656797105374987,-0.2031729371643548,-0.2024526177997359,0.3885350540537757,-0.1857958206943609
16,gpboost_exact,138,-0.11332439146471568,-0.0781508371381902,-0.23320797586688613,0.5015406249947695,-0.11988358440217045
16,gpboost_exact,139,0.31195026458110653,0.2952866529650248,0.02336457720462981,0.28918160733641035,-0.2885856873764767
16,gpboost_exact,140,-0.7736810733682788,-0.827584531387426,-0.6617502291946025,0.39157012786402906,0.11193084417367638
16,gpboost_exact,141,-0.23846718874224862,-0.2974182706858997,-0.7687471503869467,0.24374452709737765,-0.5302799616446982
16,gpboost_exact,142,2.072560077893656,2.052302832088178,2.178199659711055,0.37479345000539177,0.10563958181739874
16,gpboost_exact,143,-0.08158994504442735,-0.03153325296597262,0.02279844627038763,0.2841578825408501,0.10438839131481498
16,gpboost_exact,144,0.3878788420289825,0.4407460550699484,0.6271555676419549,0.3545472228583592,0.23927672561297242
16,gpboost_exact,145,-0.2887889219447047,-0.11532489491725248,0.028134398940121486,0.258116402725807,0.31692332088482617
16,gpboost_exact,146,-0.47266928185378476,-0.5302631519517894,0.08769381000212562,0.453996427761602,0.5603630918559104
16,gpboost_exact,147,0.003995149388450581,-0.1546489016563849,0.3014440958412763,0.35060414984394217,0.2974489464528257
16,gpboost_exact,148,1.2130670256973717,1.1300956741468493,1.6584519963879956,0.25314891701650905,0.4453849706906239
16,gpboost_exact,149,-0.2591454511496482,-0.3422512712761236,0.05283827008871533,0.24758070884283723,0.31198372123836354
16,gpboost_exact,150,-0.48655313375899756,-0.3864424185625855,-0.42162828549253817,0.22246164566786628,0.06492484826645939
16,gpboost_exact,151,0.5665699555560909,0.5295714558382686,0.6399306370497531,0.334226865689347,0.07336068149366215
16,gpboost_exact,152,-0.25745824452067023,-0.39272043063789897,-0.008561555036283863,0.2423623518437371,0.24889668948438637
16,gpboost_exact,153,1.2054994103243466,1.2462949636714422,1.2401242002685073,0.26774249901172287,0.03462478994416074
16,gpboost_exact,154,0.010810224036811145,0.06691553773248045,0.13529988697696638,0.3586066298765976,0.12448966294015523
16,gpboost_exact,155,0.7160376771191168,0.7210009490304291,0.6708343981071039,0.28234613114325086,-0.04520327901201293
16,gpboost_exact,156,-0.3812461680032745,-0.22336079029835337,-0.07593520675561649,0.21866835635648593,0.305310961247658
16,gpboost_exact,157,0.7129972356566321,0.6590551807314993,0.37760709115621616,0.2856846413198923,-0.33539014450041593
16,gpboost_exact,158,1.5394409572868841,1.7591482499762545,1.5016957049081512,0.2774014459810332,-0.03774525237873294
16,gpboost_exact,159,0.02118602943658021,0.04789634626550096,-0.0844246497804555,0.3330993583981866,-0.10561067921703571
16,gpboost_exact,160,-0.38924362593715195,-0.1882526452822817,-0.319826455649185,0.2811842283393547,0.06941717028796696
16,gpboost_exact,161,1.4740915404819026,1.3396259985231342,1.0537796308712304,0.3047290456930594,-0.4203119096106722
16,gpboost_exact,162,0.3924608420156243,0.3968782667432762,0.20814575948762482,0.25269336083745836,-0.1843150825279995
16,gpboost_exact,163,0.3048621760433051,0.14222605197928345,0.3703626189047329,0.29666435820276815,0.06550044286142775
16,gpboost_exact,164,0.9970613492306021,1.0388374910746407,0.7143558517370288,0.3744929092883933,-0.2827054974935733
16,gpboost_exact,165,0.6349787772126719,0.8257972477671986,0.4281735992124176,0.3039161809810337,-0.20680517800025433
16,gpboost_exact,166,-0.11378127789901327,-0.184979205479272,0.06579360192003314,0.519451835205114,0.1795748798190464
16,gpboost_exact,167,1.355537125788047,1.3112202582899244,1.7704463094622085,0.3620805399132994,0.4149091836741614
16,gpboost_exact,168,1.512662488766925,1.4777033483298827,1.174129920821736,0.3243762554723066,-0.33853256794518916
16,gpboost_exact,169,1.6040911102015927,1.6926821736614162,1.2132237239825816,0.2592030254885893,-0.39086738621901107
16,gpboost_exact,170,1.5060309398539151,1.4246120947069656,1.4155958093618377,0.24788207903345297,-0.09043513049207741
16,gpboost_exact,171,-0.17641441881109143,-0.1645847371266884,-0.23350391443400653,0.3055910105960117,-0.0570894956229151
16,gpboost_exact,172,-0.32647594053205853,-0.5517340409782824,-0.42183501199868445,0.2493174788502703,-0.09535907146662592
16,gpboost_exact,173,0.3036960270022639,0.33721146538042035,0.6847744483123304,0.27887160225154434,0.3810784213100665
16,gpboost_exact,174,1.0821189581373827,1.2324622485648264,1.1129885270671096,0.27122921974181813,0.03086956892972692
16,gpboost_exact,175,1.6013280889128754,1.7404783810478064,1.0727752858446031,0.32842411199701504,-0.5285528030682722
16,gpboost_exact,176,-1.0102865229196283,-1.1082358915283408,-0.6030598480199778,0.441331509590832,0.4072266748996505
16,gpboost_exact,177,0.48443488798630696,0.5192171300528394,0.8405602902061666,0.35240946804575796,0.35612540221985967
16,gpboost_exact,178,0.4998058451287305,0.5445208151508916,0.35071034330533024,0.30609137378707646,-0.14909550182340026
16,gpboost_exact,179,1.0994873679920705,0.9854207968401005,1.1137591840005356,0.19842670354829015,0.014271816008465166
16,gpboost_exact,180,2.4568171101989797,2.5151366919799982,2.225224587410704,0.35121101986409353,-0.2315925227882758
16,gpboost_exact,181,1.4713941052891357,1.4545677413138272,1.319937501855314,0.2455218259837807,-0.1514566034338216
16,gpboost_exact,182,1.0154620776258605,0.9440927230662871,0.8807507131914498,0.2362014408283387,-0.13471136443441067
16,gpboost_exact,183,1.464375517013068,1.647345854283262,1.4351443385523908,0.22086253300833245,-0.029231178460677132
16,gpboost_exact,184,0.872696280736248,0.6940410027176906,0.3932825067321142,0.37975517812902715,-0.4794137740041339
16,gpboost_exact,185,-0.15713256210487533,-0.25834149424094766,0.36409707512224365,0.6047869270373412,0.521229637227119
16,gpboost_exact,186,1.1390436462569649,1.0843228228930584,1.0635665155372447,0.3126478309709016,-0.07547713071972018
16,gpboost_exact,187,0.7728121084870092,0.7676689786748155,0.8287874834898847,0.46340334540188416,0.05597537500287553
16,gpboost_exact,188,0.9438818112400813,1.0423488258224824,1.4794743090998637,0.29886651678454096,0.5355924978597824
16,gpboost_exact,189,0.6897227704753377,0.9281888649587531,0.9658148964845577,0.572862809014914,0.27609212600921995
16,gpboost_exact,190,-0.7353038394234742,-0.4625150116367962,-0.38901027274762257,0.3151663004628437,0.34629356667585165
16,gpboost_exact,191,-0.8416325987078614,-0.8141227614011346,-0.8094047876557049,0.33906681566369723,0.03222781105215655
16,gpboost_exact,192,-0.33250326654104334,-0.24906256971140323,-0.007838618870119163,0.5449576796303434,0.3246646476709242
16,gpboost_exact,193,-0.20452931244805012,-0.009892859258479436,-0.12567616737850074,0.20287734084088538,0.07885314506954938
16,gpboost_exact,194,1.2888843799119265,1.2400333207752077,1.0137905042331568,0.3000422681698446,-0.27509387567876975
16,gpboost_exact,195,-0.2838401385755229,-0.3122662757444854,-0.15793438987193298,0.35000840302323055,0.12590574870358995
16,gpboost_exact,196,-0.10946837242340052,-0.23925872045342877,-0.49113024923084225,0.48441554356792865,-0.38166187680744174
16,gpboost_exact,197,0.7441577839261556,0.7030931958661979,0.19476357386032905,0.39131629654962335,-0.5493942100658266
16,gpboost_exact,198,0.9635568747161178,0.8151137964102813,1.1504395467729713,0.37277083044445136,0.1868826720568535
16,gpboost_exact,199,0.757411052304812,0.748845128111767,0.8524480611590519,0.36717977358638015,0.09503700885423993
16,gpboost_exact,200,-0.8853577382646065,-0.9192686181339944,-0.6571166578852861,0.38860960392929744,0.22824108037932045
16,gpboost_exact,201,-0.17419526092838863,-0.2276658308705189,0.3984744597903642,0.3206183376117497,0.5726697207187529
16,gpboost_exact,202,0.10544374112055613,0.0636416809544685,0.09282093533591329,0.3086332519861221,-0.012622805784642838
16,gpboost_exact,203,0.8430721160656214,0.9346141810742007,1.1194066166363292,0.23762286989811954,0.27633450057070785
16,gpboost_exact,204,-0.5606282451724636,-0.4742702434800573,-0.2586686857429328,0.33944506858385554,0.3019595594295308
16,gpboost_exact,205,0.6033439538696148,0.6095142982304084,0.9033697263189442,0.35104706455751966,0.3000257724493294
16,gpboost_exact,206,1.0462361635576616,1.036154182394997,1.5326406668855252,0.26554824176143227,0.48640450332786367
16,gpboost_exact,207,0.6651449532731275,0.6360301361667658,0.9185451102631497,0.36708699379982307,0.25340015699002216
16,gpboost_exact,208,0.09799413355016186,0.06573104788450859,0.7803313937067244,0.3177314421398591,0.6823372601565626
16,gpboost_exact,209,-0.11523845779202734,-0.09833954590899009,0.03615896032367516,0.25131172278760594,0.1513974181157025
16,gpboost_exact,210,1.0420137136648984,0.9628055645142716,1.088326721076088,0.4553376546052906,0.04631300741118971
16,gpboost_exact,211,-0.0473388904419747,-0.05296372555951139,0.15391103455189548,0.2893373262888303,0.20124992499387018
16,gpboost_exact,212,1.2691303055611278,1.124427685685383,1.1396254237131052,0.4123780273042976,-0.12950488184802267
16,gpboost_exact,213,-0.8888618228507352,-0.9300404754666577,-0.5912473039182338,0.43131964286636754,0.29761451893250146
16,gpboost_exact,214,0.22508290383975688,0.23628250887676738,0.3683793417308916,0.3262278889968742,0.14329643789113472
16,gpboost_exact,215,1.2056561739935965,1.1707310756579266,1.1299011915583943,0.3504910120998928,-0.07575498243520218
16,gpboost_exact,216,-1.2413066530902348,-1.4512201753590384,-1.0778583642970734,0.30617478789138736,0.16344828879316142
16,gpboost_exact,217,-0.7409978844848374,-0.5671577659886425,-0.671818272429995,0.22807849608071484,0.06917961205484235
16,gpboost_exact,218,-0.07577990768074358,-0.09421558473613889,0.18789636538615362,0.5168911647926295,0.2636762730668972
16,gpboost_exact,219,1.6581250775244718,1.5716945970738838,1.6325061158068301,0.4375031253109361,-0.025618961717641664
16,gpboost_exact,220,0.45433139427455255,0.3509394104930874,0.9599743787746142,0.27570298281102573,0.5056429845000616
16,gpboost_exact,221,0.6770672313809212,0.8729817352520326,0.6398529316447394,0.3263353508567756,-0.03721429973618173
16,gpboost_exact,222,0.04979437830684283,0.08805803655260708,0.1818390558308174,0.2581087120768586,0.13204467752397456
16,gpboost_exact,223,0.5084675929343702,0.4203134172275928,0.3049444536417436,0.2668678241377009,-0.20352313929262655
16,gpboost_exact,224,0.4267831760552283,0.5246782127028328,0.704111769925932,0.3598295390270557,0.27732859387070374
16,gpboost_exact,225,-1.551081915362649,-1.5833168902987933,-1.063203497952431,0.2591228961631514,0.487878417410218
16,gpboost_exact,226,0.6014251920493441,0.5849009191068296,0.7749784940572502,0.3932247017715028,0.17355330200790609
16,gpboost_exact,227,-0.12397732402552883,0.07518799848240212,0.037389379920385934,0.521153920979038,0.16136670394591476
16,gpboost_exact,228,0.7196363145929607,0.9461119022776152,0.6695287547454569,0.43164871372064517,-0.05010755984750381
16,gpboost_exact,229,-0.5732086824725495,-0.3809846350703013,-0.6853326572763976,0.18519112163301896,-0.11212397480384806
16,gpboost_exact,230,-0.8927806643158736,-0.9354339158923753,-0.21100629226059375,0.2610799630937948,0.6817743720552798
16,gpboost_exact,231,2.0768729460585975,2.0484608064726455,2.0213290762699803,0.2946191430620255,-0.05554386978861725
16,gpboost_exact,232,-0.062144707894287624,-0.0039002856935583807,0.06272434878739475,0.22844856448967804,0.12486905668168237
16,gpboost_exact,233,0.9962977835568084,1.026778928070495,0.936511112784002,0.18639860783489254,-0.059786670772806416
16,gpboost_exact,234,-0.7620219732411948,-0.5945698740806595,-0.6539937646588765,0.2997319730133594,0.10802820858231832
16,gpboost_exact,235,1.5573460836609267,1.6161712617931405,1.2185656928299622,0.4367140348493771,-0.33878039083096456
16,gpboost_exact,236,1.0052166863900585,0.9218590455689042,1.3245180070793232,0.25768477305996995,0.31930132068926476
16,gpboost_exact,237,2.6685890232477303,2.7430858174428527,2.2701128944198867,0.3251643541101194,-0.39847612882784356
16,gpboost_exact,238,0.44349415114831503,0.4289541266168485,0.45149531954169575,0.3197843539146912,0.00800116839338072
16,gpboost_exact,239,1.1971390784625047,1.1041708004534632,1.421260213546221,0.25362785350890626,0.22412113508371623
16,gpboost_exact,240,0.7950817809718805,0.6245230528180264,0.4063324376204607,0.3532137315789203,-0.38874934335141986
16,gpboost_exact,241,0.4442370051101642,0.45889712809978783,0.7042546260416103,0.38182019600224465,0.2600176209314461
16,gpboost_exact,242,1.2050366544096496,1.1067271976969744,1.0167073502453867,0.3755869069458992,-0.18832930416426286
16,gpboost_exact,243,-1.1924675421098632,-1.1835763498317828,-0.9392611181623796,0.3310782020783588,0.2532064239474836
16,gpboost_exact,244,1.086867178856773,0.8994304164970797,0.857931945565058,0.41017987224942576,-0.22893523329171495
16,gpboost_exact,245,1.3556520793633804,1.6084641032321132,1.4290854088016367,0.2754189736256485,0.07343332943825631
16,gpboost_exact,246,0.5145464271401323,0.3388284696778571,0.6260170125052458,0.2144894960547666,0.11147058536511345
16,gpboost_exact,247,0.5712860886909201,0.6442736863773547,0.45865265968850366,0.2785666536365525,-0.11263342900241646
16,gpboost_exact,248,0.05179794072296445,0.34123211937474596,-0.05348174760127655,0.4362847834650956,-0.105279688324241
16,gpboost_exact,249,-0.2229439898478482,-0.2725291428348736,-0.053686663438591964,0.4382084395560976,0.16925732640925623
16,gpboost_exact,250,-0.13747737553513614,-0.17300677635145556,0.2935446681029603,0.3136956170232564,0.4310220436380965
16,gpboost_exact,251,-0.21833529773896032,-0.22368138677204383,0.06760966951088854,0.30379646511568714,0.28594496724984886
16,gpboost_exact,252,1.379295161168143,1.4348831745136752,1.4742090428846346,0.17022059032628747,0.09491388171649162
16,gpboost_exact,253,1.091086456525268,1.2146020252656031,1.0410165570981356,0.21289891066782562,-0.05006989942713247
16,gpboost_exact,254,-0.5368645342074465,-0.5304236633282295,-0.19068856742352125,0.2880422106528681,0.34617596678392526
16,gpboost_exact,255,-0.09257568013133746,-0.3800672014924561,0.002799560968270498,0.2761245576831901,0.09537524109960796
16,gpboost_exact,256,-0.6653954812548372,-0.487198447675536,-0.7429155397628548,0.271842108651197,-0.07752005850801769
16,gpboost_exact,257,1.4969453195477849,1.5258254662860116,1.6245880469474452,0.3066801365356061,0.12764272739966032
16,gpboost_exact,258,2.3799112732474823,2.3376758078012307,2.316556043808186,0.24134346537984225,-0.0633552294392965
16,gpboost_exact,259,-0.27752943549006104,-0.24291968405672193,-0.003922873290935769,0.2715579084408977,0.27360656219912527
16,gpboost_exact,260,0.3723349789838705,0.38352727279718984,0.5862898834044152,0.3217693603797255,0.2139549044205447
16,gpboost_exact,261,0.36564132307755537,0.35739137430179835,0.732260226485181,0.43513506003759156,0.3666189034076256
16,gpboost_exact,262,0.19558573404777854,0.091604135126969,0.505260578525526,0.24207121488227015,0.3096748444777474
16,gpboost_exact,263,0.1781267427440308,0.14488639218802588,-0.09000221558269317,0.32180599652735287,-0.268128958326724
16,gpboost_exact,264,0.6812324783300326,0.722296458862685,0.8533483190475781,0.27409024381339797,0.1721158407175455
16,gpboost_exact,265,0.9250298429062785,1.002615688238014,0.9078913035246678,0.24771916565749402,-0.017138539381610696
16,gpboost_exact,266,1.541019291509736,1.3784078227691159,1.5394251698219694,0.35688660830636076,-0.0015941216877666253
16,gpboost_exact,267,1.946118456805412,1.9067541599939002,1.7907275793438338,0.40031201431421537,-0.1553908774615782
16,gpboost_exact,268,2.4326301347199295,2.434950392442821,2.47077832732357,0.21690025919667533,0.03814819260364066
16,gpboost_exact,269,0.2508909247740344,0.17293730453989858,-0.0030886805824916763,0.409585466239264,-0.2539796053565261
16,gpboost_exact,270,-0.24056900781062263,-0.35697224231367114,-0.13769663027249734,0.2892426027147984,0.10287237753812528
16,gpboost_exact,271,-1.2435992763132688,-1.1382412765644672,-1.0853942140662252,0.3216603953433828,0.15820506224704367
16,gpboost_exact,272,1.613353187382319,1.4400721215724603,0.9257995305654081,0.45364199430297997,-0.6875536568169109
16,gpboost_exact,273,0.30758987296004703,0.3251090445055077,0.17227251496180607,0.4345753094614704,-0.13531735799824096
16,gpboost_exact,274,0.4492500045912806,0.4584602182528585,0.8425084186615308,0.37330875305699307,0.3932584140702502
16,gpboost_exact,275,1.4962763217020563,1.585741935996534,1.3025647305038746,0.3394491162927696,-0.1937115911981817
16,gpboost_exact,276,1.4849937779221836,1.4563879105544633,1.4429402734799197,0.20540498521375658,-0.042053504442263856
16,gpboost_exact,277,-0.32199296383303166,-0.26029451701630135,-0.4894526562582353,0.29047884600199686,-0.16745969242520364
16,gpboost_exact,278,0.6324426889200743,0.7618405118613247,0.8347892287655494,0.28290597320256927,0.20234653984547513
16,gpboost_exact,279,-0.898637138785318,-1.029108604889718,-0.7668756274849109,0.30885388397083746,0.13176151130040714
16,gpboost_exact,280,0.6991400230230065,0.6145509314003915,0.9335193681805656,0.4038792064686682,0.2343793451575591
16,gpboost_exact,281,-0.31344884856282057,-0.37074414392772875,0.015996964237753986,0.2918634523535573,0.32944581280057456
16,gpboost_exact,282,1.477492698786146,1.5892425295653778,1.4985803946469698,0.3354599634908827,0.021087695860823708
16,gpboost_exact,283,-1.0302751688090324,-1.0880726034983976,-0.8643776550963782,0.4077816253383086,0.16589751371265415
16,gpboost_exact,284,-1.2530001903821586,-1.1713373342804276,-1.0640830206704237,0.32566384921504204,0.1889171697117349
16,gpboost_exact,285,2.143000201642174,2.0389710887035686,1.9612491496850302,0.4347353567634571,-0.1817510519571437
16,gpboost_exact,286,-0.4005331041430573,-0.5587137177922833,-0.2842884711976694,0.37946848210720985,0.1162446329453879
16,gpboost_exact,287,1.145393232219842,1.0286566512431012,1.156603683211296,0.2271721315772094,0.011210450991454124
16,gpboost_exact,288,0.1596962822482369,0.3118445196335327,-0.023632459623037505,0.3160019577860744,-0.1833287418712744
16,gpboost_exact,289,0.6078524331523728,0.42794198983634224,0.9151556706446122,0.35083935829411805,0.3073032374922394
16,gpboost_exact,290,-0.6918912545977051,-0.49699056858162016,-0.35654987029402463,0.28099286226544423,0.33534138430368043
16,gpboost_exact,291,-0.9615840285128758,-1.0676567995586974,-0.6957487946051497,0.4381189183108413,0.2658352339077261
16,gpboost_exact,292,1.2147238707934043,1.130249566410625,0.9590179087748218,0.25846568560323246,-0.2557059620185824
16,gpboost_exact,293,0.7314850952672417,0.6712028898810493,0.4784126465107761,0.26698754390433294,-0.2530724487564656
16,gpboost_exact,294,-0.6900440278492933,-0.8057646818379897,-0.4956133278173951,0.40126124057976287,0.19443070003189822
16,gpboost_exact,295,-0.15743048035587348,-0.277657270618497,0.10747220855630957,0.24599788862394764,0.26490268891218305
16,gpboost_exact,296,1.2691662393738006,1.3150673119782643,0.8504946089113847,0.43863335509185336,-0.41867163046241584
16,gpboost_exact,297,-0.28985955758806026,-0.23329655967829252,-0.025477846476393395,0.4287113275461732,0.26438171111166686
16,gpboost_exact,298,1.5385741984376065,1.4471310290966841,1.3609302866703743,0.38624261531154436,-0.17764391176723215
16,gpboost_exact,299,-0.7801118071597538,-0.6424167045912459,-0.6163133572841328,0.29140359397613624,0.16379844987562098
17,gpboost_exact,0,-0.871345150397083,-0.8993650616758712,-1.1860895497743447,0.3297015767976026,-0.3147443993772616
17,gpboost_exact,1,-0.6871743292750817,-0.8935598168809344,-0.676438914238954,0.3466535598793187,0.010735415036127738
17,gpboost_exact,2,-0.10077785283927432,-0.20987194853171637,-0.3754529976241532,0.30675540852784383,-0.27467514478487887
17,gpboost_exact,3,-0.9012437411229979,-0.9140137640189503,-0.9226901895463353,0.18842510940259014,-0.021446448423337428
17,gpboost_exact,4,1.4908640250287502,1.5489616601957177,1.3323639912556815,0.3746857989766722,-0.15850003377306865
17,gpboost_exact,5,-0.3851667800798888,-0.2834255933945891,-0.6833984032183071,0.2566144812858938,-0.29823162313841833
17,gpboost_exact,6,-0.9279693242038213,-1.0659872860039732,-0.7033414934498357,0.31441218720142017,0.22462783075398562
17,gpboost_exact,7,-0.30500711606595265,-0.22117455538471995,-0.6504353712179434,0.2142541246084094,-0.3454282551519907
17,gpboost_exact,8,-0.4488100106414148,-0.6111908593942521,-0.09789495011360927,0.24090727568862666,0.3509150605278055
17,gpboost_exact,9,0.5562994901192009,0.6134311171573121,0.5508334456604675,0.5016241277402237,-0.005466044458733332
17,gpboost_exact,10,-0.648428393186118,-0.6050416153262961,-0.49310123031496156,0.2736219900646248,0.15532716287115644
17,gpboost_exact,11,0.2038330350830435,0.19504094819904957,-0.01186685528803233,0.3622142566266862,-0.21569989037107584
17,gpboost_exact,12,-0.8665512984868575,-0.9742715132339395,-0.5716043639838002,0.20492160760910205,0.2949469345030573
17,gpboost_exact,13,-1.567387288410063,-1.8234923833670773,-1.3268470534281631,0.26268605690611413,0.24054023498189991
17,gpboost_exact,14,-0.9228281859378772,-0.8907521603124466,-0.7761534613284145,0.2754871775769463,0.14667472460946274
17,gpboost_exact,15,-1.1318758506788973,-1.1799373251161622,-1.0182583075982556,0.2097508180597266,0.11361754308064165
17,gpboost_exact,16,-1.3016951016840907,-1.4203244615547392,-1.2813998570971057,0.26014129796764357,0.02029524458698506
17,gpboost_exact,17,-0.6574244688841117,-0.5878142487081746,-0.4654705126038543,0.22372226028190326,0.19195395628025735
17,gpboost_exact,18,-0.7175055138964264,-0.7315338992082553,-0.7067422672852111,0.19199711983807713,0.010763246611215305
17,gpboost_exact,19,-1.063057401208905,-1.0228791109141842,-0.726906767152304,0.31315282035605935,0.33615063405660095
17,gpboost_exact,20,-0.9782573346284755,-0.8909846797655819,-1.093482158109225,0.2121994827966008,-0.11522482348074958
17,gpboost_exact,21,-1.51895657018915,-1.5142508676136468,-1.4983089602660264,0.328136529674564,0.020647609923123644
17,gpboost_exact,22,-0.6505944757073232,-0.5832007513358995,-0.9943895827790845,0.2832746833255518,-0.3437951070717613
17,gpboost_exact,23,-0.6048543667602702,-0.5158860794619723,-0.9264081377654856,0.25769089124091465,-0.3215537710052154
17,gpboost_exact,24,0.9288559331082349,0.9157362634223739,0.6385146914015589,0.40149233933232387,-0.29034124170667597
17,gpboost_exact,25,-0.4193522934890176,-0.500158351039033,-0.4927222589159488,0.3450229257867021,-0.0733699654269312
17,gpboost_exact,26,-0.7977792786414153,-0.8719320929598905,-0.6488340804166839,0.23504707865650512,0.1489451982247314
17,gpboost_exact,27,0.36222491618191227,0.2528700608321848,0.05357258320774072,0.2105106768567979,-0.30865233297417155
17,gpboost_exact,28,-0.9840674982254854,-0.9840299068144149,-0.8478855946928485,0.26232754773865946,0.13618190353263693
17,gpboost_exact,29,1.2675304491864978,1.363147940798755,1.1578882648389448,0.3334419070725051,-0.10964218434755302
17,gpboost_exact,30,0.08546285203848991,0.06251073432223703,-0.5344459440525982,0.34538550567128945,-0.6199087960910881
17,gpboost_exact,31,-1.3492695282387959,-1.2852434110611064,-1.3646967218469683,0.2515161803268562,-0.015427193608172463
17,gpboost_exact,32,0.15207992692564332,0.2518444964344637,-0.38078068485899763,0.3436227983585526,-0.532860611784641
17,gpboost_exact,33,-1.0750996687805414,-1.1258070830565643,-0.803701157517791,0.36140810714114285,0.2713985112627504
17,gpboost_exact,34,0.8683177643339578,0.9407328079626519,0.5733467678285371,0.3220176471199393,-0.2949709965054207
17,gpboost_exact,35,-1.4726689589462705,-1.5081039225593225,-1.1108673984490025,0.23130355856204934,0.36180156049726797
17,gpboost_exact,36,-1.6631335791275035,-1.6251211414934434,-1.5069528813148256,0.3107328097677656,0.15618069781267785
17,gpboost_exact,37,0.7021653280617923,0.8186125639198713,0.43629897265906514,0.3007645728098094,-0.2658663554027272
17,gpboost_exact,38,-0.9330195731809441,-0.9577634012234055,-0.9184779132473531,0.32946808182519716,0.014541659933591022
17,gpboost_exact,39,-0.390517398176904,-0.44352399721523594,-0.49659812110105284,0.31315681682518665,-0.10608072292414883
17,gpboost_exact,40,0.06135101876128693,0.039126944907146265,-0.04318265396743648,0.24845356284266226,-0.10453367272872341
17,gpboost_exact,41,-0.07255011630433894,-0.23905670565371925,-0.6750549063810549,0.38347823568493405,-0.602504790076716
17,gpboost_exact,42,-0.5996030221868455,-0.5332228858943866,-0.8599484978385021,0.3206145188769434,-0.26034547565165667
17,gpboost_exact,43,-0.8114341632559392,-0.623526240446905,-1.2719261358695615,0.395767451829817,-0.4604919726136223
17,gpboost_exact,44,-1.031769978460975,-1.045790419373064,-0.7623258657381875,0.24229534566968702,0.26944411272278757
17,gpboost_exact,45,-0.17596746029673288,-0.08884940810542596,-0.29092607106929513,0.21123491413008888,-0.11495861077256225
17,gpboost_exact,46,-0.7999676427681397,-0.7591502156184171,-0.6281220931633467,0.1828854501199596,0.17184554960479304
17,gpboost_exact,47,-1.7692866095061848,-1.9233119403695986,-1.443993795827521,0.2673934555586053,0.3252928136786637
17,gpboost_exact,48,-2.249851281784822,-2.4470520933904254,-2.1063347390519223,0.3031943760507051,0.14351654273289993
17,gpboost_exact,49,0.785616573362321,0.8817441581274474,0.5664070945969057,0.24326511423508354,-0.2192094787654153
17,gpboost_exact,50,0.8604168506670581,1.0069911689225326,0.6403473461038214,0.21110927598225832,-0.2200695045632367
17,gpboost_exact,51,-0.7609417127087,-0.7701730824643125,-0.777227078730256,0.1780692043286566,-0.016285366021555947
17,gpboost_exact,52,0.684520887711053,0.7087753329427599,0.35340503345101215,0.29715865089264115,-0.33111585426004086
17,gpboost_exact,53,-0.9373824138584737,-0.8655974484367119,-1.199041636544214,0.21702082038052645,-0.2616592226857404
17,gpboost_exact,54,-0.5354284726856946,-0.3286058072024229,-0.7705508353997779,0.21566677745470642,-0.23512236271408327
17,gpboost_exact,55,-1.485282146028923,-1.5786276851180516,-1.219439312607694,0.24854937987198147,0.26584283342122905
17,gpboost_exact,56,-0.24368295126238526,-0.2667763329574796,-0.26523329394099804,0.19619628596059574,-0.021550342678612777
17,gpboost_exact,57,0.3785269992359027,0.3816397587227194,0.014772494056539465,0.2405319407909339,-0.36375450517936325
17,gpboost_exact,58,-1.1968668129636733,-1.050090804824971,-1.452998936693887,0.299898347440653,-0.25613212373021366
17,gpboost_exact,59,-1.7483089108615961,-1.8812307364184166,-1.4651030470348942,0.2444733899832055,0.2832058638267019
17,gpboost_exact,60,-0.8632962757914449,-0.8028535983378868,-1.054281217818139,0.31067584660923714,-0.19098494202669425
17,gpboost_exact,61,1.4784996509557324,1.6382494131082064,1.386088183338164,0.38529034894639996,-0.09241146761756847
17,gpboost_exact,62,-1.1684686574965215,-1.2592842260928727,-1.1334102599476417,0.19652564846585716,0.03505839754887985
17,gpboost_exact,63,-0.9325356055384616,-0.9171859615001687,-0.5234660762071321,0.19215722222342255,0.40906952933132945
17,gpboost_exact,64,-1.0691996393426753,-1.1108370980201956,-1.0719230570235565,0.39950795308329823,-0.002723417680881246
17,gpboost_exact,65,-1.4317616958257757,-1.5684562865821927,-1.3217598205552576,0.1890582117809697,0.11000187527051808
17,gpboost_exact,66,-0.7794601709501338,-0.9339971840748954,-0.867295573874947,0.19861902849792984,-0.08783540292481329
17,gpboost_exact,67,-1.3150251696352404,-1.3654890873961378,-0.9934077524638933,0.23898761280028247,0.32161741717134706
17,gpboost_exact,68,0.9050113992315186,0.9811273863700076,0.6130876479452638,0.19058370689473164,-0.2919237512862548
17,gpboost_exact,69,-0.9553219884428358,-0.9703184588832643,-1.034634572397108,0.28346340223287986,-0.07931258395427221
17,gpboost_exact,70,0.8689097797761935,0.8914927429224079,0.8279581270675078,0.3450791003667731,-0.040951652708685726
17,gpboost_exact,71,-0.09328626764894588,-0.13486961799829641,-0.3371018726385504,0.16595487602664907,-0.24381560498960453
17,gpboost_exact,72,-1.5270769229889034,-1.4563968392694298,-1.4315984190605073,0.2698791569378687,0.09547850392839607
17,gpboost_exact,73,-0.8673928472550401,-0.8074712536563298,-1.0870253851508718,0.31040451447932044,-0.2196325378958317
17,gpboost_exact,74,-1.1467235128316193,-0.9866812654945001,-0.8348221751937723,0.22873326798024315,0.311901337637847
17,gpboost_exact,75,0.012540936462433844,-0.1363562918264772,-0.4359383309070881,0.3518121933211617,-0.44847926736952193
17,gpboost_exact,76,-0.10521083086456717,0.024775117235843164,-0.050114581608369235,0.2873771629643497,0.05509624925619794
17,gpboost_exact,77,-1.127521153664993,-1.070192162082488,-1.1031234789113853,0.2256548113061607,0.024397674753607657
17,gpboost_exact,78,-1.0150146927444779,-1.2021240911171738,-1.0449309961528193,0.2794596228328667,-0.029916303408341394
17,gpboost_exact,79,0.8087868114834567,0.7689993958042418,0.9441980765594313,0.37823767531381375,0.13541126507597467
17,gpboost_exact,80,-1.0660021044799965,-1.1310963478130924,-0.9842153506118727,0.1909054031975972,0.08178675386812384
17,gpboost_exact,81,-1.241385856989312,-1.1347119899751341,-1.0784525298860856,0.22104667368205186,0.16293332710322628
17,gpboost_exact,82,-0.5661627175975671,-0.5667730882410309,-0.519833834865743,0.23980880029091137,0.04632888273182412
17,gpboost_exact,83,-0.29262429709418947,-0.2777650409202955,-0.4081611719062508,0.25248365445862686,-0.11553687481206132
17,gpboost_exact,84,-0.5742049387347177,-0.5512868766162202,-0.28966907036198686,0.5673372753877373,0.2845358683727308
17,gpboost_exact,85,0.03022525820437913,-0.004901182769700717,-0.3461132693127702,0.24127992554768654,-0.37633852751714936
17,gpboost_exact,86,-0.5998409130418361,-0.537031714111686,-0.7987213901717074,0.3555393464422397,-0.19888047712987134
17,gpboost_exact,87,-1.399518172880922,-1.4167016623756445,-1.2844450446708695,0.23446202917076467,0.11507312821005256
17,gpboost_exact,88,0.11651676958332144,-0.15447535379928176,0.07198018267684958,0.42312920202641263,-0.04453658690647186
17,gpboost_exact,89,0.1634405914328222,0.2563718322951214,0.12290053663936407,0.29544419311456194,-0.040540054793458125
17,gpboost_exact,90,-0.5576478097282503,-0.5148573268111697,-0.7272182644169574,0.40425302487321324,-0.16957045468870702
17,gpboost_exact,91,-0.4807386569436368,-0.3697940178295136,-0.6987694147971082,0.2101642210172623,-0.21803075785347137
17,gpboost_exact,92,0.3301657695544896,0.23566003825667364,-0.434931556515048,0.3123216369358499,-0.7650973260695376
17,gpboost_exact,93,-1.051316220986081,-1.0483173906255476,-0.9613250455218392,0.20984217573204875,0.08999117546424173
17,gpboost_exact,94,-0.5543101435322987,-0.512765917013042,-0.5658545666683352,0.2718597190611767,-0.011544423136036541
17,gpboost_exact,95,-0.8080271240453987,-0.688908158782359,-0.5026091099368344,0.19904726258325225,0.3054180141085643
17,gpboost_exact,96,-0.39566248338510823,-0.3250671933708792,-0.7616006460583913,0.30815397521285315,-0.36593816267328305
17,gpboost_exact,97,-0.1944608048430585,-0.08722928379553119,-0.32984776330975674,0.21048904671483062,-0.13538695846669824
17,gpboost_exact,98,-0.4901617557394081,-0.5281520354488204,-0.6840843236240595,0.23565592376895655,-0.19392256788465134
17,gpboost_exact,99,-0.32230454486984705,-0.21922175127857652,-0.512201347322927,0.25364680194832123,-0.18989680245307994
17,gpboost_exact,100,-0.4946397872576458,-0.3066491049927144,-0.2270449995540922,0.2020592617958347,0.2675947877035536
17,gpboost_exact,101,-0.9078770234630394,-0.8481196465492851,-1.3256426936467882,0.32909687680958266,-0.41776567018374877
17,gpboost_exact,102,-0.456237457657624,-0.4539121490323937,-0.7132645680726704,0.1997923694821324,-0.25702711041504633
17,gpboost_exact,103,-0.7197409103517175,-0.5990314603678998,-0.7788812170692054,0.3235362131418565,-0.059140306717487934
17,gpboost_exact,104,-0.5822363816742768,-0.6250878741381406,-0.6784851090119997,0.3385545945910417,-0.09624872733772283
17,gpboost_exact,105,-0.7200540834412833,-0.7018746442380798,-0.36032038231337893,0.26878511668147737,0.35973370112790437
17,gpboost_exact,106,0.07538221605738099,0.05992328105050622,-0.11560458713539878,0.3453112894128217,-0.19098680319277977
17,gpboost_exact,107,0.7526603989045941,0.7541859600891558,0.6631060903924801,0.5985274507319699,-0.08955430851211399
17,gpboost_exact,108,-0.8566592280716196,-0.7514666173797466,-1.2488392996336866,0.3341639322874183,-0.3921800715620669
17,gpboost_exact,109,0.11451451077547972,0.21877258137716044,-0.36302167609268743,0.3563976705842838,-0.4775361868681671
17,gpboost_exact,110,-0.641938908899041,-0.7089061835407975,-0.7360564166665124,0.34611073652256563,-0.09411750776747141
17,gpboost_exact,111,0.38555145019718573,0.29287239154200484,0.16468282554546043,0.39564789004630596,-0.2208686246517253
17,gpboost_exact,112,-0.20187205776193395,-0.08538795004724788,-0.2746017201011757,0.25905131602742953,-0.07272966233924172
17,gpboost_exact,113,-0.408092532184805,-0.3663938431010415,-0.4314259010506838,0.2951777906627459,-0.02333336886587878
17,gpboost_exact,114,-0.45621002086213913,-0.3403566747961003,-0.5298551585157556,0.34248512912317214,-0.07364513765361647
17,gpboost_exact,115,-0.5648051840432657,-0.6265184652406462,-0.7889154100744733,0.24975141995037398,-0.22411022603120756
17,gpboost_exact,116,0.9343449563637065,1.1782103033583042,0.658593696056732,0.2592490251119714,-0.2757512603069745
17,gpboost_exact,117,0.5566255635874044,0.6614177558465075,0.642615606686318,0.32216643207009926,0.08599004309891356
17,gpboost_exact,118,-1.5343772024413411,-1.479263515291551,-1.4147787710371835,0.23926841799194606,0.1195984314041576
17,gpboost_exact,119,0.20632481989291515,0.18552548973551475,0.20471452870249607,0.23552246159421483,-0.001610291190419083
17,gpboost_exact,120,-0.7999741875804817,-0.7355205260918237,-0.9534382587691954,0.3702923895397758,-0.15346407118871375
17,gpboost_exact,121,0.033046414756899845,-0.1445859991512941,0.014715609139751784,0.2958710913018731,-0.01833080561714806
17,gpboost_exact,122,-0.8514000300826288,-0.8673173038438672,-0.5639215804633118,0.27937997747891197,0.287478449619317
17,gpboost_exact,123,-0.2093484821819881,-0.34672719757142234,-0.5517619086444956,0.19604886837802923,-0.3424134264625075
17,gpboost_exact,124,-0.7753105855882375,-0.6783249425349046,-1.235007557151512,0.3006327612864373,-0.4596969715632745
17,gpboost_exact,125,-1.1162553865087081,-0.9642371872677714,-1.2934798376740897,0.2914023017780899,-0.17722445116538155
17,gpboost_exact,126,-0.5558679720733378,-0.5862389054317388,-0.7258619899331151,0.27856009652238833,-0.1699940178597773
17,gpboost_exact,127,0.3116328564389636,0.2557992392279793,0.31229144003122844,0.3217578369691689,0.0006585835922648386
17,gpboost_exact,128,-1.396190114113465,-1.4208531358895335,-1.0949394927397273,0.34479385939087753,0.3012506213737376
17,gpboost_exact,129,-1.260529702746849,-1.201162853503589,-1.2340519480058312,0.24852394723528354,0.026477754741017767
17,gpboost_exact,130,-0.9271261955544565,-0.9196095982335377,-0.6723058883487223,0.1552996628470568,0.25482030720573423
17,gpboost_exact,131,0.5712975136802266,0.6724575682129428,0.5205335941083926,0.26238856518936865,-0.050763919571834015
17,gpboost_exact,132,-1.0881108959002814,-1.0788747980249807,-1.0044349301821152,0.2211047374835856,0.08367596571816627
17,gpboost_exact,133,-1.0751514689981614,-1.2387544622794258,-1.0231287368643773,0.21795056468955148,0.052022732133784055
17,gpboost_exact,134,1.1593996142123824,1.2916317117435554,1.1362760568531167,0.4053926578111715,-0.023123557359265634
17,gpboost_exact,135,-0.8527324550779651,-0.9764931591012918,-0.9660729872965665,0.34542367314455485,-0.11334053221860141
17,gpboost_exact,136,-0.372008405985247,-0.6228928649948671,-0.389850934626196,0.2657001249597127,-0.01784252864094904
17,gpboost_exact,137,-1.037173775728834,-0.8500535288608422,-0.8731038381725416,0.16782372775651974,0.1640699375562924
17,gpboost_exact,138,-0.39906217559892826,-0.36566357447878106,-0.5187372936312098,0.15000190974580446,-0.11967511803228154
17,gpboost_exact,139,-0.4403098169424886,-0.524396770490088,-0.4396391305347631,0.36578600371883707,0.0006706864077254959
17,gpboost_exact,140,-0.5863965971868508,-0.45456330231758146,-0.8356105026394154,0.21356302816607017,-0.2492139054525646
17,gpboost_exact,141,0.6973460034363915,0.67003175711169,0.5664802065055135,0.4049370078729437,-0.13086579693087808
17,gpboost_exact,142,-0.541506820707403,-0.3453100478190113,-0.5572808009633761,0.2194717204809748,-0.015773980255973097
17,gpboost_exact,143,-0.2870008150987596,-0.19466247005830742,-0.5056820294573523,0.25081735030806457,-0.21868121435859272
17,gpboost_exact,144,-1.045305325268301,-1.1294060076524657,-1.1586224042828324,0.12469873532066716,-0.11331707901453125
17,gpboost_exact,145,0.2724752690415841,0.24744437976523842,0.32100619104028594,0.329434189778121,0.04853092199870185
17,gpboost_exact,146,0.6307885184934962,0.5094401257661961,0.7711438564402542,0.435274458471416,0.14035533794675803
17,gpboost_exact,147,-0.4251670857451378,-0.34010380863257733,-0.4485181825198796,0.29222007377624637,-0.023351096774741842
17,gpboost_exact,148,-0.4071734672832689,-0.5754871893047673,-0.774921158349068,0.17976525266067925,-0.36774769106579913
17,gpboost_exact,149,-0.5350036151933472,-0.6665790863121352,-0.6112156866986256,0.19882896816019172,-0.07621207150527842
17,gpboost_exact,150,-0.8246838166229119,-0.812234815194163,-0.8546393363699032,0.22578796834177955,-0.029955519746991288
17,gpboost_exact,151,-0.1639705789904015,-0.08138561147298098,0.02068300747597185,0.28184249634522895,0.18465358646637334
17,gpboost_exact,152,0.853885813935308,0.7553689504913128,1.1607212591486453,0.4155152677900374,0.3068354452133373
17,gpboost_exact,153,-1.6472932738839652,-1.6316915930307534,-1.462198042292417,0.24887417181723312,0.18509523159154817
17,gpboost_exact,154,0.09068787686553405,0.14891087333297176,0.04255897929163588,0.3469221768185595,-0.04812889757389817
17,gpboost_exact,155,0.16015802260052625,0.23518453237013465,0.13987095083268475,0.31364542469149087,-0.020287071767841502
17,gpboost_exact,156,-0.9670503845348294,-0.9238643630444534,-1.2264815663690687,0.27089197020295513,-0.2594311818342393
17,gpboost_exact,157,-0.65777861700631,-0.7280004362602617,-0.615401736233359,0.18444486965620893,0.04237688077295099
17,gpboost_exact,158,-0.3997341679178386,-0.3580643329884459,-0.5458808508562321,0.2247536409452403,-0.14614668293839345
17,gpboost_exact,159,-0.6487142220233558,-0.5710874204282962,-0.8293381707971035,0.4146244848758498,-0.18062394877374766
17,gpboost_exact,160,0.5177607589234359,0.513408884743024,0.5313277287279101,0.46780602028104534,0.01356696980447425
17,gpboost_exact,161,0.27070046281303695,0.1926071132847983,0.2502321753851966,0.3106522656456903,-0.020468287427840348
17,gpboost_exact,162,-0.5428213725789366,-0.5717861892695135,-0.655143483124192,0.1823988614876314,-0.11232211054525543
17,gpboost_exact,163,-1.116523984883256,-1.2045026377257662,-1.0719729481726255,0.25462325128404995,0.04455103671063054
17,gpboost_exact,164,-1.106567605934213,-1.1135230074141231,-0.9101001221561962,0.1976776110588573,0.19646748377801693
17,gpboost_exact,165,-0.38398063936647886,-0.5436947478122042,-0.45805147638089316,0.33268531087476577,-0.0740708370144143
17,gpboost_exact,166,0.5757491653937902,0.6379635561951433,0.6009696082620994,0.30433127727449577,0.025220442868309267
17,gpboost_exact,167,-0.8243681902436997,-0.7830543736892425,-0.8400091855235896,0.23868547916284594,-0.015640995279889935
17,gpboost_exact,168,-0.46857530517741913,-0.47217765662983435,-0.6114032135281082,0.16111519806130653,-0.1428279083506891
17,gpboost_exact,169,0.329754539393203,0.22719456789780523,0.12194067317289203,0.41439041333098897,-0.20781386622031095
17,gpboost_exact,170,-0.6056295480862376,-0.6483644703616056,-0.7760360934670274,0.160206980504909,-0.1704065453807898
17,gpboost_exact,171,-0.3271529765944858,-0.37575612971999794,0.1277462068895403,0.22817646892580815,0.4548991834840261
17,gpboost_exact,172,-0.7176879970708099,-0.466218317808697,-0.9982130359190071,0.2980196775158603,-0.28052503884819724
17,gpboost_exact,173,-0.6015382268785193,-0.7629772450005494,-0.7540960572780833,0.15519499106584228,-0.15255783039956394
17,gpboost_exact,174,-0.4425205549445546,-0.3160675113910318,-1.0798225979792546,0.34070875525197863,-0.6373020430347001
17,gpboost_exact,175,-1.0352681440432108,-0.9099145572720677,-0.9177063460151782,0.22295960749001406,0.11756179802803257
17,gpboost_exact,176,-0.275605722793948,-0.2383122662371322,-0.38606930424894115,0.32697091971346226,-0.11046358145499313
17,gpboost_exact,177,1.4641503319761042,1.4866017001866951,1.4496433178706334,0.35473330561585004,-0.014507014105470839
17,gpboost_exact,178,-1.124710360387248,-1.0884081534741028,-0.8784024354458797,0.20076463867020053,0.24630792494136822
17,gpboost_exact,179,-1.9280057124252656,-1.8849296740706198,-1.8085996994644278,0.25979827949865536,0.11940601296083786
17,gpboost_exact,180,-1.1785269609180595,-1.238619080853025,-1.2546432225031836,0.2113132698988828,-0.07611626158512408
17,gpboost_exact,181,-1.3663202072707243,-1.447292888646056,-1.2317400543870978,0.2523467102758059,0.13458015288362657
17,gpboost_exact,182,0.8131038148910408,0.8549032888645439,0.9418343027596716,0.4301063243363237,0.12873048786863084
17,gpboost_exact,183,-0.8425578195675223,-0.9515250886746062,-0.7137179811628473,0.3983311676236926,0.12883983840467494
17,gpboost_exact,184,-0.8360491054468357,-0.750365713567317,-0.9707231066685971,0.23655885262225973,-0.13467400122176132
17,gpboost_exact,185,-1.1800582936725992,-1.1692380369744682,-0.9682422716301904,0.18146908272131745,0.2118160220424088
17,gpboost_exact,186,0.059452452686191426,-0.01951149319392037,-0.258766174041261,0.2286749461284272,-0.31821862672745244
17,gpboost_exact,187,-0.31835594285737295,-0.21545183379171184,-0.3423163572464212,0.16161853778706786,-0.023960414389048224
17,gpboost_exact,188,-0.5592125959089826,-0.5464305849354077,-0.7764711405562217,0.24866820915603696,-0.21725854464723904
17,gpboost_exact,189,-1.3485472721586855,-1.4375137887083222,-1.2122462427885345,0.20637310383604368,0.13630102937015098
17,gpboost_exact,190,0.6092307809879784,0.617569846995983,0.5930536893578129,0.45857976541873474,-0.016177091630165563
17,gpboost_exact,191,0.8669162989780769,0.8539494913756451,0.6756863053828237,0.2710949120847315,-0.19122999359525317
17,gpboost_exact,192,-1.2795193825601114,-1.264262138681479,-1.2417047057150814,0.3590809673172245,0.03781467684503004
17,gpboost_exact,193,1.3294025351670198,1.3662034658766784,1.4514679376561948,0.4201460125903657,0.12206540248917497
17,gpboost_exact,194,-0.28207138022294054,-0.4564870775541915,-0.24066981330245518,0.1620441165164877,0.041401566920485355
17,gpboost_exact,195,0.09885726476429418,0.07168526990381432,0.20648160929855885,0.3545972349118037,0.10762434453426467
17,gpboost_exact,196,-0.6493950091304052,-0.8526135694986475,-0.27210172293294876,0.29120203959874197,0.3772932861974564
17,gpboost_exact,197,0.49690045121606746,0.44922472628383014,0.35959335206487886,0.21031751169648116,-0.1373070991511886
17,gpboost_exact,198,-0.5642949729869833,-0.718681399863968,-0.6430585184663644,0.27122478260155264,-0.07876354547938114
17,gpboost_exact,199,-0.8141667705565858,-0.8295264617258955,-0.911537302436563,0.1915136929487499,-0.09737053187997713
17,gpboost_exact,200,-0.20451315578321477,-0.2157166716319571,-0.5751178631101137,0.3279881902744775,-0.37060470732689893
17,gpboost_exact,201,-0.0620974533195604,-0.12601045035266234,-0.7301074123255065,0.3947864984937926,-0.6680099590059461
17,gpboost_exact,202,-0.9613225485076041,-0.8260559997929022,-1.0282223110017537,0.19786112162333594,-0.06689976249414953
17,gpboost_exact,203,0.45966459820224337,0.4259118410823423,0.39526042602468525,0.4006303827678218,-0.06440417217755812
17,gpboost_exact,204,-0.5665326458303305,-0.4276187952822332,-0.5886863335864252,0.27905115083574367,-0.02215368775609472
17,gpboost_exact,205,0.0724091231903296,0.12484593434673802,-0.3443690635409391,0.34500233080932446,-0.4167781867312687
17,gpboost_exact,206,0.03202780905657905,0.05714660927339832,0.3543437230814561,0.27542071300358256,0.3223159140248771
17,gpboost_exact,207,0.6252647697776768,0.5247000406558849,0.6572126857677549,0.28488366488110217,0.03194791599007818
17,gpboost_exact,208,-0.6320303106226525,-0.48939018881128005,-0.6533687372377992,0.2405021366996788,-0.021338426615146733
17,gpboost_exact,209,-0.0475631993215144,-0.19459155746879267,-0.0009318468828354298,0.22963866422252982,0.04663135243867897
17,gpboost_exact,210,-0.8673178227285842,-0.9586993946872557,-1.3575294795482296,0.2761450369931255,-0.4902116568196454
17,gpboost_exact,211,-0.013884209431200834,-0.10130439508129252,-0.22997684677224495,0.2509843899658035,-0.2160926373410441
17,gpboost_exact,212,-0.0853935709802783,-0.13663908235547845,0.16645046819093778,0.21098075355827386,0.2518440391712161
17,gpboost_exact,213,-1.2534658443078162,-1.1178919327890724,-1.165326103556941,0.3709880497309055,0.08813974075087505
17,gpboost_exact,214,-0.7967970507702695,-0.7814703416089189,-0.6322935419426372,0.1826110932567063,0.16450350882763232
17,gpboost_exact,215,-0.6900725184182117,-0.8496568683352842,-0.6965408236589941,0.26922848719518916,-0.006468305240782346
17,gpboost_exact,216,-0.4385165874755487,-0.45163165565284646,-0.47923732011487097,0.14589859279178488,-0.040720732639322244
17,gpboost_exact,217,-0.4787534422977127,-0.43239548674948985,-0.5823119023821537,0.1752608104898503,-0.10355846008444097
17,gpboost_exact,218,-1.5252266707542694,-1.4415196568774267,-1.1482133920970643,0.31119722394320615,0.37701327865720513
17,gpboost_exact,219,-0.36444340817389687,-0.2078316131842358,-0.5234073131229646,0.2885666397356851,-0.15896390494906776
17,gpboost_exact,220,-1.0839464988600154,-1.0986522465422532,-1.0219128067128285,0.17948025393092923,0.0620336921471869
17,gpboost_exact,221,-0.46123148023898836,-0.25480770620573645,-0.5159773337380109,0.34002612142399224,-0.054745853499022556
17,gpboost_exact,222,-1.4352664369422423,-1.4572530044467222,-1.0932141172092704,0.3226494541325188,0.3420523197329719
17,gpboost_exact,223,-0.34864985647195196,-0.3552248678939974,-0.13753431848635156,0.330311624085485,0.2111155379856004
17,gpboost_exact,224,-0.5729022372909734,-0.5724786607351203,-0.6385391292406553,0.23417666042646307,-0.06563689194968181
17,gpboost_exact,225,-0.4765010159639559,-0.4769653248787567,-0.6570408658851328,0.3252377149416629,-0.1805398499211769
17,gpboost_exact,226,-0.9598313908519506,-0.8509171928137454,-0.8317763969311756,0.23203960943550409,0.12805499392077502
17,gpboost_exact,227,0.3809247342583646,0.42298370534987606,0.1211248226205468,0.2826148140451048,-0.2597999116378178
17,gpboost_exact,228,-0.44940799569161427,-0.38602631169736223,-0.242940405235764,0.2077369871176164,0.20646759045585028
17,gpboost_exact,229,-0.48319808423288285,-0.6515629011876729,-0.45250494546280606,0.19818370032042906,0.03069313877007679
17,gpboost_exact,230,-1.8952066554914508,-1.8835865567997756,-1.802327503915337,0.24011349199441367,0.09287915157611382
17,gpboost_exact,231,-0.7993503395296728,-0.7813120661084157,-0.36905458026378746,0.24455685982786377,0.43029575926588537
17,gpboost_exact,232,0.7130726011709515,0.818573587819394,0.6678623487169784,0.30741288913069936,-0.04521025245397314
17,gpboost_exact,233,-0.8402642799631675,-0.8565693847944819,-1.0013040543457477,0.18178037237714315,-0.1610397743825801
17,gpboost_exact,234,-0.9996054766512691,-0.982746611286719,-1.1810742830610188,0.3293584929825508,-0.18146880640974972
17,gpboost_exact,235,-0.7761703846391703,-0.7394291088156579,-1.0549409508467513,0.3220866597003586,-0.278770566207581
17,gpboost_exact,236,-1.0908465474156832,-1.088636941775476,-0.8817055306930932,0.22419684969354026,0.20914101672259
17,gpboost_exact,237,0.06505620203794925,0.12525506070529013,0.25365319912544315,0.28193674729582224,0.1885969970874939
17,gpboost_exact,238,-1.414842116800963,-1.3618005597422822,-1.403706950153401,0.22514488993973042,0.01113516664756209
17,gpboost_exact,239,-0.42652925109844075,-0.4251323413882284,-0.7141396125335691,0.45078034617665985,-0.2876103614351283
17,gpboost_exact,240,0.17414142604706007,0.23218677129578383,-0.3734345723867083,0.32296725195153936,-0.5475759984337684
17,gpboost_exact,241,0.32812726077289256,0.4867337069064459,-0.18811786814103204,0.36249316581901697,-0.5162451289139246
17,gpboost_exact,242,-0.5073137700594633,-0.6311180353598715,-0.5925394823736561,0.1745647051883165,-0.08522571231419274
17,gpboost_exact,243,-1.7924864139391086,-1.9983073019941673,-1.5699714486831917,0.22778619328342078,0.22251496525591685
17,gpboost_exact,244,-1.4397303589798172,-1.5461607599173013,-1.264125756205547,0.2090680397972772,0.17560460277427015
17,gpboost_exact,245,-0.5618004745642686,-0.6302477956803391,-0.7968736346050065,0.2836031460945221,-0.23507316004073786
17,gpboost_exact,246,-0.8621724277503945,-0.7729279427708797,-0.8691483873069101,0.2561852490919894,-0.006975959556515643
17,gpboost_exact,247,0.24581580649131524,0.18705135690321414,0.3593971092947399,0.3762136522208889,0.11358130280342466
17,gpboost_exact,248,0.8916199643995608,0.9580318280282357,0.7174544835449961,0.29842646344644813,-0.17416548085456474
17,gpboost_exact,249,0.9021855171163509,1.0719395952153017,0.7738954764016404,0.34772222732112984,-0.1282900407147105
17,gpboost_exact,250,0.07816473302483884,0.10456225902735469,-0.024432717769002466,0.3188044160010229,-0.1025974507938413
17,gpboost_exact,251,0.4185527611981904,0.41859361718428195,0.20512232104663397,0.3649605815585293,-0.21343044015155643
17,gpboost_exact,252,-0.6029240231226766,-0.255331552000493,-0.6655335597854357,0.2778586867857811,-0.06260953666275915
17,gpboost_exact,253,-1.2113537401929881,-1.322725621890232,-1.230529347394926,0.28379263799758986,-0.019175607201937783
17,gpboost_exact,254,0.8262099415335321,0.8347217576935555,0.5031819681743084,0.18636517851213816,-0.32302797335922373
17,gpboost_exact,255,-0.9393128547869866,-0.9725612868641699,-0.7819186956942499,0.19440127753064007,0.15739415909273669
17,gpboost_exact,256,-0.9643759634289099,-1.1722290743155166,-1.0479153014392093,0.2032192102241646,-0.08353933801029945
17,gpboost_exact,257,-1.155457510522239,-1.0366947388938241,-0.9958075258594388,0.2037002981640147,0.15964998466280034
17,gpboost_exact,258,-0.2512235393373278,-0.2259512542888135,-0.5336508851986235,0.36334615994929614,-0.2824273458612957
17,gpboost_exact,259,0.15064466762505174,0.0912472625382591,-0.42820846097935217,0.2696237121832442,-0.5788531286044039
17,gpboost_exact,260,-1.3706753003060261,-1.4787620294428834,-1.3763072633537972,0.22487562983126758,-0.005631963047771027
17,gpboost_exact,261,0.4928914984439895,0.49214628692513973,0.48979181854069687,0.4678212133889181,-0.003099679903292629
17,gpboost_exact,262,-1.631029922833242,-1.712087164297033,-1.5261523131415107,0.29577806023503955,0.10487760969173143
17,gpboost_exact,263,-0.2566036659685905,-0.12076977071408737,-0.5301171373841793,0.1938868088561689,-0.2735134714155888
17,gpboost_exact,264,-1.2008047875846448,-1.352367272778337,-1.0007593432441269,0.17026233582297412,0.20004544434051796
17,gpboost_exact,265,-0.825994326853255,-0.9324010876792495,-1.0396084373568542,0.3278711236215489,-0.21361411050359913
17,gpboost_exact,266,-0.9129954398353962,-0.955703166894724,-1.0796751594589171,0.22920254639898655,-0.1666797196235209
17,gpboost_exact,267,-0.6413874965445678,-0.6085864515453083,-0.6335491866036449,0.23249556277754907,0.007838309940922938
17,gpboost_exact,268,-0.6999323966960451,-0.7636009352511727,-0.28914524303182354,0.26034171590989036,0.4107871536642216
17,gpboost_exact,269,0.7398814994388603,0.9292586534999259,0.6825668107469678,0.32531850445553573,-0.05731468869189249
17,gpboost_exact,270,0.6017269346753382,0.6629241751001917,0.5514772969815969,0.27265267603515514,-0.050249637693741356
17,gpboost_exact,271,0.23258416965184614,0.182985724326414,-0.12652220208165055,0.2905730908669226,-0.3591063717334967
17,gpboost_exact,272,-0.6370566934971899,-0.7301253138683039,-0.7036070473663241,0.20849458438024163,-0.06655035386913422
17,gpboost_exact,273,-0.08793514554810367,-0.21391260920620964,-0.3525985959322915,0.3502237485276637,-0.2646634503841878
17,gpboost_exact,274,-0.12472852058108386,-0.2723382885895498,-0.4014119642930396,0.29200815473385144,-0.27668344371195575
17,gpboost_exact,275,-0.18020755453044435,-0.11961035483097657,-0.24045443514463472,0.2322429596152345,-0.06024688061419037
17,gpboost_exact,276,-1.2694597718211782,-1.2743429815042273,-1.5564353886008737,0.2594310147819086,-0.2869756167796955
17,gpboost_exact,277,-0.5158203920707325,-0.3036485334133021,-0.7577912872249386,0.2856582810160254,-0.2419708951542061
17,gpboost_exact,278,-0.7763319184780347,-0.8402921203121446,-0.5625819691083862,0.3367022212339416,0.21374994936964853
17,gpboost_exact,279,1.2453427272333226,1.1223129631928306,1.5806579708888644,0.40436952972073353,0.3353152436555418
17,gpboost_exact,280,0.5503514598477315,0.4526785882072146,0.6162428540879885,0.46964493589509604,0.06589139424025703
17,gpboost_exact,281,-0.64311192263854,-0.6998473655834431,-0.5993474334180569,0.3124617502809508,0.04376448922048315
17,gpboost_exact,282,-0.8423513943775548,-0.7993169058717194,-0.8220943313478806,0.26971036315564967,0.020257063029674227
17,gpboost_exact,283,-1.0895025967903442,-1.2167215166402203,-1.1782415530565267,0.22726925940333256,-0.08873895626618244
17,gpboost_exact,284,0.13196448510562286,0.21343547433129637,-0.31183425920424135,0.36646822675614027,-0.4437987443098642
17,gpboost_exact,285,0.4392659018961867,0.3724295620189685,0.31549833854077214,0.38258092347468486,-0.12376756335541456
17,gpboost_exact,286,-0.4594828638293109,-0.48871504345911054,-0.5984559408754713,0.18475518487475553,-0.13897307704616035
17,gpboost_exact,287,-0.3223844484990641,-0.2185654620288009,-0.32762699848616705,0.14513490325444411,-0.00524254998710294
17,gpboost_exact,288,0.28876410333533276,0.19646649502936506,0.3860306083952163,0.4118975449801882,0.09726650505988355
17,gpboost_exact,289,-0.4912968315024864,-0.6192799327227302,-0.7371108593999249,0.20595788243351182,-0.24581402789743856
17,gpboost_exact,290,0.49007038469420494,0.6103603908445699,0.6211093302168509,0.3580532150455299,0.13103894552264594
17,gpboost_exact,291,-0.8856429490713209,-0.8533460355127206,-0.6946947603659082,0.34734388129782684,0.19094818870541275
17,gpboost_exact,292,0.7800661881985888,0.8725663074622153,0.6110581245039644,0.2681896076743708,-0.1690080636946244
17,gpboost_exact,293,-0.5512887983694948,-0.5067064479244472,-0.709075318966077,0.24216386408526017,-0.15778652059658216
17,gpboost_exact,294,-1.394288210881769,-1.306987506754902,-1.370470856590309,0.21429259409037885,0.023817354291459925
17,gpboost_exact,295,1.0464141629012853,1.2022836029537514,0.9961945865461679,0.33483926347532594,-0.05021957635511742
17,gpboost_exact,296,-0.3307988341783455,-0.40131196302398076,-0.1935779149265926,0.1607067238113329,0.1372209192517529
17,gpboost_exact,297,-0.7338235285283526,-0.8680236725367174,-0.8316199624405307,0.16034020436488128,-0.09779643391217807
17,gpboost_exact,298,-1.0913353726672748,-1.094294244432775,-0.9720027426933786,0.17528422100919977,0.11933262997389615
17,gpboost_exact,299,-0.530445013980661,-0.49268411754113134,-0.6996719972430387,0.24739815296472525,-0.16922698326237773
18,gpboost_exact,0,0.8047740307613365,0.8628067853549829,0.8241011833990353,0.20497845476800217,0.019327152637698797
18,gpboost_exact,1,0.07353737625271467,0.054053731024418586,0.26154221703428426,0.2418852578515596,0.1880048407815696
18,gpboost_exact,2,0.5674442377728508,0.724698482251229,0.6894745875076183,0.2629492702994959,0.12203034973476745
18,gpboost_exact,3,0.6017401549708574,0.5153347983088168,0.10103465457945582,0.30034846980724184,-0.5007055003914016
18,gpboost_exact,4,1.9532922383353497,1.9078121089094684,1.7881797281381733,0.28090954657246603,-0.16511251019717643
18,gpboost_exact,5,1.190553376078369,1.1815239884092437,0.8236211303939696,0.23711210372100505,-0.3669322456843995
18,gpboost_exact,6,1.0180539741187462,1.1913804659790883,0.9903917545786101,0.1891730255770194,-0.027662219540136146
18,gpboost_exact,7,0.40621299498080304,0.52857656433314,0.23591502944131193,0.13050194102496296,-0.17029796553949111
18,gpboost_exact,8,0.4792420057871826,0.528120557390531,0.3879247962939587,0.16178863552191358,-0.09131720949322392
18,gpboost_exact,9,1.4941204549398275,1.5134029498223929,1.275028513385788,0.27904373282258693,-0.21909194155403955
18,gpboost_exact,10,0.43416306929703435,0.38558224166008065,0.5712714355164632,0.24336366558495345,0.13710836621942885
18,gpboost_exact,11,1.3692182753007698,1.2685812430522436,1.4868049276027513,0.2921030504821618,0.11758665230198151
18,gpboost_exact,12,1.9615902280648385,1.9451928709029944,1.7211652456248134,0.2830018723568568,-0.24042498244002508
18,gpboost_exact,13,-0.356975527498265,-0.25949654625865737,-0.23319317236253134,0.18931139043964068,0.12378235513573366
18,gpboost_exact,14,2.0754727250642357,2.212320056063323,1.7283553060925296,0.24687002653056886,-0.3471174189717061
18,gpboost_exact,15,0.17833490950640046,0.2388625949086734,0.11696709756180468,0.20732185102350806,-0.061367811944595785
18,gpboost_exact,16,0.05621384465224774,0.04310636732409058,0.15360238650189117,0.22757465329456966,0.09738854184964343
18,gpboost_exact,17,0.6454882256060492,0.7536052108025213,0.7490301121678922,0.23737108452594177,0.10354188656184293
18,gpboost_exact,18,1.584600022112985,1.7157522074868492,1.2136374394448035,0.2867334915722153,-0.3709625826681815
18,gpboost_exact,19,0.5097669956156285,0.5072593278525188,0.39000120522498705,0.29791555294400385,-0.1197657903906415
18,gpboost_exact,20,1.0995925122793524,1.17553935340634,0.8822628914336912,0.25024178904519484,-0.2173296208456612
18,gpboost_exact,21,0.6419257741824583,0.5424108191767559,0.8805749078641352,0.2887445812759884,0.23864913368167684
18,gpboost_exact,22,0.5349297916242856,0.3994394220782581,0.9700302219699122,0.27766389816106174,0.4351004303456266
18,gpboost_exact,23,0.5311489499107185,0.4530451014076996,-0.02571011557052927,0.30789100162178973,-0.5568590654812478
18,gpboost_exact,24,0.7106520966719503,0.7121493568935264,0.5350982125426764,0.28984124949198253,-0.17555388412927386
18,gpboost_exact,25,0.5307902863408885,0.6383189525445887,0.7684821025854633,0.17873211260360217,0.2376918162445748
18,gpboost_exact,26,0.832669349296587,0.7877475778805493,1.2154719536937568,0.23433944818441335,0.38280260439716984
18,gpboost_exact,27,2.2396202430191536,2.1671706821416414,1.718635201863048,0.31692816391941697,-0.5209850411561057
18,gpboost_exact,28,1.8179829649022892,1.8693311659440228,1.6133950761493718,0.23261212983109733,-0.20458788875291734
18,gpboost_exact,29,2.1557626550275453,2.115563519151778,1.772743282577041,0.29536327137307294,-0.3830193724505042
18,gpboost_exact,30,1.0910883622377237,1.1353637708722792,0.9324663018429513,0.2170209850527116,-0.15862206039477234
18,gpboost_exact,31,2.106562575204116,2.166911418273552,1.9793393832428654,0.3279468160739976,-0.12722319196125076
18,gpboost_exact,32,1.2422923815431994,1.3882301930947336,0.9100461132133972,0.2574247857197842,-0.3322462683298022
18,gpboost_exact,33,0.29398670875254024,0.18458645439222646,-0.05243911762692477,0.2607104592045232,-0.346425826379465
18,gpboost_exact,34,1.8251590081823483,1.9688888696111069,1.5763783826679036,0.2782926892306923,-0.2487806255144447
18,gpboost_exact,35,1.5761354564291392,1.607088076179315,1.1953485024839727,0.3281372936139679,-0.3807869539451665
18,gpboost_exact,36,0.12095279271441792,-0.03955713587017545,0.27505251303113276,0.24774422854459582,0.15409972031671484
18,gpboost_exact,37,0.6184927641083693,0.7735221555317873,1.003907304419693,0.3463210704506463,0.3854145403113236
18,gpboost_exact,38,0.5422712765054228,0.6069912920468727,0.4415583206520326,0.29231219499066263,-0.10071295585339024
18,gpboost_exact,39,0.5092419676649975,0.575273522567505,0.15153540577588753,0.3277820217042574,-0.35770656188911
18,gpboost_exact,40,1.0928482439924552,1.0774349044502611,1.5639353818937192,0.28403860747296034,0.471087137901264
18,gpboost_exact,41,0.21009734628560187,0.17452935328075087,0.4448039740511369,0.26491858429042575,0.23470662776553505
18,gpboost_exact,42,-0.33483073014866743,-0.21428606862946514,0.0017299180369807488,0.2654927806042875,0.3365606481856482
18,gpboost_exact,43,0.7056251082565792,0.7655981290653171,-0.024115009978069146,0.34066310931308813,-0.7297401182346483
18,gpboost_exact,44,1.0017799228406308,1.0352788413891272,0.9281895093828423,0.20466821811833516,-0.0735904134577885
18,gpboost_exact,45,-1.0415811247970068,-0.9240891076925088,-0.5042346148636478,0.4030233433443873,0.537346509933359
18,gpboost_exact,46,1.0315826107043917,1.0221238253913891,0.7502512964239774,0.2955984161237515,-0.28133131428041436
18,gpboost_exact,47,2.1971039029777244,2.2330188118206795,1.8437906126395136,0.27573546685001604,-0.3533132903382108
18,gpboost_exact,48,0.6938059143700583,0.85335455713896,0.6749146914769959,0.15477809143995905,-0.018891222893062443
18,gpboost_exact,49,2.2689588711647977,2.1664563231355527,2.003475560734854,0.22817509415386272,-0.26548331042994366
18,gpboost_exact,50,-0.2374490266573524,-0.21043266419969653,-0.11018082158459208,0.2863640260710811,0.12726820507276032
18,gpboost_exact,51,1.69436958691453,1.7895443018352344,1.2695653046829012,0.2797121191431354,-0.4248042822316289
18,gpboost_exact,52,1.9209264325755735,2.0445980603219174,1.5964747694010626,0.26298117777048285,-0.3244516631745109
18,gpboost_exact,53,0.6982404663181186,0.4899910079049435,1.2752413604316732,0.29111656211017256,0.5770008941135546
18,gpboost_exact,54,1.0817556945876392,1.1354448495710243,1.0141626886004609,0.2466239978829205,-0.06759300598717832
18,gpboost_exact,55,-1.018999148208655,-1.1388716134422077,-0.5940364949911432,0.3300620835374279,0.4249626532175117
18,gpboost_exact,56,0.44887583073543863,0.350074361657303,0.6860461230330683,0.27650473143522014,0.2371702922976297
18,gpboost_exact,57,-0.15879533134261092,-0.10892150454373777,0.03609907295822801,0.20177412119598595,0.19489440430083893
18,gpboost_exact,58,0.8108821419301167,0.9777371717748604,1.0453630472918256,0.23417730245454188,0.23448090536170896
18,gpboost_exact,59,1.1172091913601958,1.2351648335213026,1.3710749580812172,0.26443029688636277,0.25386576672102135
18,gpboost_exact,60,0.6355920441175746,0.5674707869115581,0.6801317882256619,0.17632584417669514,0.044539744108087254
18,gpboost_exact,61,1.46796243515477,1.4046663539478994,1.4587590928200376,0.2810324878084812,-0.009203342334732412
18,gpboost_exact,62,0.8762905252369934,1.0254994534283146,1.0515495262140977,0.231529457401362,0.17525900097710434
18,gpboost_exact,63,1.2056322953617384,1.2773851124044384,1.0086277298642052,0.2970427925072063,-0.1970045654975332
18,gpboost_exact,64,1.040736712846571,1.1221187659044622,1.1061409453352518,0.22762720719314422,0.06540423248868077
18,gpboost_exact,65,2.0443949356923077,1.836765160774012,1.6708099144444692,0.2804039096232876,-0.37358502124783843
18,gpboost_exact,66,2.121114470272946,2.2815503763274085,1.9870488850155663,0.2623111603328531,-0.13406558525737955
18,gpboost_exact,67,0.4939995302505754,0.5854233118132665,0.263029978416883,0.17274885015746572,-0.2309695518336924
18,gpboost_exact,68,0.6469773051527985,0.6710488508460355,-0.02923999279729994,0.3314457493223358,-0.6762172979500984
18,gpboost_exact,69,0.11385508387477498,0.11353787317415323,0.5761506031675294,0.2286202951495793,0.4622955192927544
18,gpboost_exact,70,0.2757450704840774,0.261777955224999,-0.07996937382257308,0.27146491023209574,-0.3557144443066505
18,gpboost_exact,71,1.0761408769934615,1.057600126756819,0.994259340237102,0.27568618747893997,-0.08188153675635945
18,gpboost_exact,72,0.8296032198529906,0.788109509104705,0.7709648020666435,0.3083636829672208,-0.05863841778634704
18,gpboost_exact,73,2.346490404084086,2.194850220258702,2.197080169661966,0.28470521981104485,-0.14941023442211998
18,gpboost_exact,74,-0.34124762461217584,-0.3087472388515338,-0.15711864143541554,0.2667959814076188,0.1841289831767603
18,gpboost_exact,75,0.6435717963483663,0.8667044232719109,1.0000476752705092,0.2625910865899453,0.35647587892214294
18,gpboost_exact,76,0.5534393453319213,0.6481412179580082,0.5660985559693792,0.275138655027488,0.012659210637457896
18,gpboost_exact,77,-0.7514639591015384,-0.7161039663245956,-0.22939517906038454,0.2911627219090851,0.5220687800411539
18,gpboost_exact,78,-0.7610493344724036,-0.8316658068282928,-0.7930444779980625,0.34303704047199574,-0.03199514352565891
18,gpboost_exact,79,2.0924308954799495,2.029916146068229,1.8197271810027225,0.29928141302172,-0.2727037144772271
18,gpboost_exact,80,0.8159613572269326,0.7952743779401837,0.9455204391354322,0.25278651511815126,0.12955908190849952
18,gpboost_exact,81,1.0359296632955073,1.1014585137454331,0.734578826877252,0.2011838566657699,-0.30135083641825533
18,gpboost_exact,82,1.4505449450090375,1.4632296068054162,1.0882429044038684,0.31042842005588783,-0.36230204060516913
18,gpboost_exact,83,0.5359098437732548,0.3801228905658527,-0.0385134335318682,0.3228763468155161,-0.574423277305123
18,gpboost_exact,84,0.5437662970625368,0.5785281778672919,0.5645152702961624,0.2915752165895663,0.020748973233625678
18,gpboost_exact,85,1.9361759923629422,2.062928077215974,1.5823273386365573,0.2987378000589352,-0.35384865372638497
18,gpboost_exact,86,1.6266099374004421,1.717703418638167,1.2392777677624416,0.260788381514421,-0.38733216963800055
18,gpboost_exact,87,2.317796383714246,2.3074821737482036,2.10217285730322,0.3109967969237817,-0.21562352641102622
18,gpboost_exact,88,2.147333811992644,2.3024754984077274,2.347396131006599,0.1978514351744132,0.20006231901395521
18,gpboost_exact,89,-0.36348153171852376,-0.3015230746723063,-0.0749036744981808,0.25526558048729553,0.28857785722034296
18,gpboost_exact,90,0.417500146114865,0.499567184018279,0.07291665215035437,0.22986402153116806,-0.34458349396451066
18,gpboost_exact,91,1.0640467329908376,1.201723793674743,1.1043265620896188,0.3049646005242412,0.04027982909878114
18,gpboost_exact,92,0.5237711612398478,0.6705958168203763,0.0682300329502823,0.28890966304269766,-0.4555411282895655
18,gpboost_exact,93,0.6478393152393689,0.6386040405512725,0.11836494501951123,0.22844924793017252,-0.5294743702198577
18,gpboost_exact,94,-0.2995982319981605,-0.5019094551780386,-0.184547493318739,0.29392734676932114,0.1150507386794215
18,gpboost_exact,95,0.17418046492248046,0.27025545677153195,0.4236771364270062,0.27016607768252754,0.24949667150452576
18,gpboost_exact,96,0.6771924358990836,0.6211880463002323,0.9557130503293845,0.23432366016180478,0.27852061443030085
18,gpboost_exact,97,2.022126583314417,1.8400079656789958,1.7288111544755975,0.29868871532187435,-0.29331542883881934
18,gpboost_exact,98,0.04072327384628216,-0.0073522761173418286,0.27530247812366504,0.23318304763009773,0.23457920427738288
18,gpboost_exact,99,0.5918835432217255,0.6947461826537124,0.5557115011934961,0.2565673316770229,-0.036172042028229434
18,gpboost_exact,100,0.3775940733564723,0.32673239686340083,0.08071642575508164,0.2580674707117731,-0.2968776476013907
18,gpboost_exact,101,-0.8139432260360817,-0.8001094625956686,-0.32708682303425984,0.2950803934230544,0.48685640300182187
18,gpboost_exact,102,0.47862600993905047,0.46662873583085585,0.8282181491069753,0.2711479450133986,0.34959213916792486
18,gpboost_exact,103,0.2415293388166495,0.1872389790419381,0.6252506229836037,0.33237247329596387,0.38372128416695417
18,gpboost_exact,104,0.1057016030944864,0.05842846702217072,0.312497011457074,0.22355863295403172,0.20679540836258758
18,gpboost_exact,105,1.031160985658932,0.9013816918374478,0.8895833035693101,0.28152247644598044,-0.14157768208962196
18,gpboost_exact,106,1.8275493980646016,1.936757850907275,1.773517506199922,0.2684205675788365,-0.054031891864679604
18,gpboost_exact,107,2.631503549227341,2.9476286485602214,2.15255058488553,0.3045154554837955,-0.4789529643418109
18,gpboost_exact,108,0.20154082723404526,0.25778902880186777,0.5226621240787566,0.25014329930950724,0.3211212968447113
18,gpboost_exact,109,0.49828132717793294,0.4287542943271207,0.12288323764807352,0.2139602950059215,-0.3753980895298594
18,gpboost_exact,110,-0.5539778340894479,-0.42290836938119475,-0.25847509298929516,0.344918853348771,0.29550274110015273
18,gpboost_exact,111,0.6879099652127451,0.5597758699583668,0.6717073119784178,0.262190153001908,-0.016202653234327236
18,gpboost_exact,112,0.18591045351895522,0.09875719470893829,-0.13189200858437644,0.2370911515014165,-0.31780246210333163
18,gpboost_exact,113,0.9650855220794814,1.0455704281221982,1.0125267423826951,0.2337549500976892,0.04744122030321374
18,gpboost_exact,114,0.8852854140358541,0.8761712585325399,0.4853166950172163,0.2742925621371095,-0.39996871901863784
18,gpboost_exact,115,2.067098106473713,1.9107043633350607,1.717758862811837,0.3056636459064548,-0.3493392436618761
18,gpboost_exact,116,1.623540296866593,1.5908996644708135,1.4035467805986146,0.31317161771457486,-0.21999351626797847
18,gpboost_exact,117,1.8396825164468238,1.906679668579418,1.9618378153317924,0.27063135358297596,0.12215529888496857
18,gpboost_exact,118,1.7535750221553381,1.718629416197957,1.4796146620440922,0.2771717016582237,-0.2739603601112459
18,gpboost_exact,119,1.13224306466101,1.0138805694783772,0.6933273211422861,0.2241882265148996,-0.43891574351872387
18,gpboost_exact,120,1.7129787681128708,1.8397797683234494,1.5069761478702586,0.3340973346922497,-0.20600262024261218
18,gpboost_exact,121,1.9261455187713357,1.997095738350578,1.3852806687320562,0.2831322033275631,-0.5408648500392794
18,gpboost_exact,122,0.5494004026536279,0.5333312835500337,0.6896061923929411,0.1366940623235404,0.1402057897393132
18,gpboost_exact,123,0.3576383276782618,0.157334997848318,0.33552453792609516,0.22943745135526633,-0.022113789752166657
18,gpboost_exact,124,-0.20720210423328841,0.05865349139152645,0.10368704327602352,0.24965535006478062,0.31088914750931196
18,gpboost_exact,125,1.7125039152086532,1.6968707174482227,1.403066228620962,0.2565852194066712,-0.3094376865876911
18,gpboost_exact,126,1.0921134936461818,1.0671853963786622,0.8686146064496301,0.31878266963238455,-0.22349888719655175
18,gpboost_exact,127,-0.38396563778648535,-0.3005866446966624,-0.08252739016451738,0.2902586022488536,0.30143824762196797
18,gpboost_exact,128,1.2505206124147183,1.223785771808523,1.2759912530031823,0.27302780312783154,0.025470640588463933
18,gpboost_exact,129,1.9413763197063914,1.956854258111768,1.7580881796968262,0.28835170148023986,-0.18328814000956517
18,gpboost_exact,130,0.4351938063643678,0.4439113212559761,-0.17140823496001012,0.29192770040658106,-0.6066020413243779
18,gpboost_exact,131,0.30615122720320764,0.4255148745024944,0.7084191488829283,0.196691736751764,0.4022679216797207
18,gpboost_exact,132,0.5864136779133191,0.677313880800432,0.3685823217001536,0.283043515820033,-0.21783135621316552
18,gpboost_exact,133,1.4822054126037045,1.5673510259502883,1.0321256785251491,0.30019405690460904,-0.4500797340785554
18,gpboost_exact,134,1.3395357221285729,1.2410472471591272,1.194053518966732,0.2774893221270845,-0.1454822031618408
18,gpboost_exact,135,0.38145822000065677,0.3780031651243551,0.5606355102773364,0.20637415992853023,0.1791772902766796
18,gpboost_exact,136,0.20573006475411176,0.1914429582593739,0.1905899898978065,0.25680974727178413,-0.015140074856305252
18,gpboost_exact,137,1.4957783411761394,1.616929546625288,1.173533365612788,0.2649192513536318,-0.3222449755633514
18,gpboost_exact,138,0.9207825022092702,0.9740758674871425,0.86558615145261,0.2767270635571402,-0.055196350756660184
18,gpboost_exact,139,2.1936821662216244,2.242750925013059,1.70112324997495,0.3066789012274234,-0.49255891624667436
18,gpboost_exact,140,-0.02040118714884772,0.020499730779557628,0.10079028264462941,0.2715726244391901,0.12119146979347714
18,gpboost_exact,141,0.7996692657780617,0.933553741377942,0.7397810119090265,0.17150212501262596,-0.05988825386903529
18,gpboost_exact,142,0.5258347589479095,0.49889723033398753,0.4760375764130167,0.24901405247338074,-0.04979718253489285
18,gpboost_exact,143,1.1079567087256612,1.1193599027125194,1.314642563823183,0.2583470683492662,0.2066858550975217
18,gpboost_exact,144,0.7256770985066974,0.6149978022067141,0.48187338038717975,0.2223012252965277,-0.24380371811951762
18,gpboost_exact,145,-0.3505411080281967,-0.5766106541763575,-0.16731875604076762,0.2569347826608726,0.1832223519874291
18,gpboost_exact,146,-0.7947040399793567,-0.7357985722248855,-0.40574915579502235,0.2744969238883496,0.3889548841843343
18,gpboost_exact,147,1.239144733653538,1.1637358812024166,1.1350683899916119,0.2350550460006254,-0.10407634366192609
18,gpboost_exact,148,-0.8137798160716225,-0.8286363168645423,-0.3507356412896332,0.2563034107273468,0.46304417478198934
18,gpboost_exact,149,0.28211364082879803,0.31379623598850226,0.06672999329755047,0.26958220304580965,-0.21538364753124756
18,gpboost_exact,150,1.915819018583967,1.9374203288589165,1.7663493580227838,0.25711561684209067,-0.14946966056118316
18,gpboost_exact,151,-0.6274861423988614,-0.6343637042607712,-0.23196870603683806,0.3003039502963216,0.3955174363620233
18,gpboost_exact,152,-0.0940008136104249,-0.00331603824524096,0.3380363084494711,0.29774834739044914,0.432037122059896
18,gpboost_exact,153,1.166960376951673,1.001998972883918,1.3615969926603446,0.22118098114074086,0.19463661570867163
18,gpboost_exact,154,-0.7943889869421664,-0.7475692341437219,-0.3411260601792603,0.4523957692590296,0.45326292676290614
18,gpboost_exact,155,1.8069951803855013,1.7319802485936198,1.788994132242161,0.2633531154079775,-0.01800104814334036
18,gpboost_exact,156,0.3193229537300612,0.3236259395038801,0.18397386253873194,0.22963115166422382,-0.13534909119132926
18,gpboost_exact,157,1.2089685781373964,1.4055004996702094,0.9177755613858452,0.2607029081672122,-0.2911930167515513
18,gpboost_exact,158,2.0911612148410077,2.0761893875237813,1.7298562865741136,0.31770221306712315,-0.3613049282668941
18,gpboost_exact,159,0.5530076289134508,0.45767720921244737,0.5632486811418191,0.25251258601256493,0.010241052228368352
18,gpboost_exact,160,1.2271459787635641,1.3429763665286667,0.9061638436263433,0.3058338060468084,-0.32098213513722085
18,gpboost_exact,161,1.0279175201021435,1.0096383337647117,1.4904672693345247,0.2606969714063254,0.4625497492323811
18,gpboost_exact,162,1.4425941800848312,1.3700101226862123,1.6020526359904688,0.32265727447708986,0.15945845590563756
18,gpboost_exact,163,0.1134825924290917,0.08243551520458318,0.011351444610713912,0.20085043854341483,-0.10213114781837779
18,gpboost_exact,164,-0.6580345982688507,-0.876069815483432,-0.24284041258483668,0.28590384729489654,0.415194185684014
18,gpboost_exact,165,0.5992809105549559,0.4504725547860612,0.7917491308217866,0.2707148130389885,0.19246822026683064
18,gpboost_exact,166,1.0707417477314092,1.1665975144845966,0.9304966853264549,0.19616252061396589,-0.14024506240495427
18,gpboost_exact,167,1.7464861460635832,1.702321889993487,1.4129533723334617,0.26615016144467285,-0.33353277373012147
18,gpboost_exact,168,0.7856792084671801,0.5727135562583847,0.7087666630741243,0.25571219516465266,-0.07691254539305581
18,gpboost_exact,169,-0.13259245332763026,-0.06690554142878523,-0.1144647744176499,0.28883444989132295,0.01812767890998035
18,gpboost_exact,170,0.6861022040443949,0.6466075946542886,0.45732614141472716,0.2923421580522181,-0.22877606262966776
18,gpboost_exact,171,0.3833222380124628,0.4311810924353617,0.3857222807104925,0.275490777023227,0.0024000426980297362
18,gpboost_exact,172,-0.35173333003055807,-0.2836810487595643,-0.07171369009484252,0.18232349765554043,0.28001963993571555
18,gpboost_exact,173,0.9460907077701755,1.057243419036974,1.090671558191512,0.2921034251292149,0.14458085042133662
18,gpboost_exact,174,0.42801256871664345,0.42215219140188615,1.0012117549211874,0.30393058720213567,0.573199186204544
18,gpboost_exact,175,1.1742133927928162,1.0699684485124112,1.1895607392606689,0.2558585363694663,0.01534734646785263
18,gpboost_exact,176,1.1123822780405144,1.2079785050060385,0.9791359439097951,0.22278233017564544,-0.1332463341307193
18,gpboost_exact,177,1.2837354641382532,1.2216345819198466,1.0272770632044956,0.23383894267727923,-0.2564584009337576
18,gpboost_exact,178,1.7890256594452225,1.8509717410108975,1.5958250888561554,0.2951888166102473,-0.19320057058906714
18,gpboost_exact,179,1.9229741392804947,1.8968698743432362,1.9453770864820683,0.28662716934510135,0.022402947201573653
18,gpboost_exact,180,2.2803605862199197,2.3705025859027704,1.77028487277075,0.30938043765020373,-0.5100757134491696
18,gpboost_exact,181,0.6310944607920654,0.6737798559325163,-0.0622508617858859,0.34320694647864053,-0.6933453225779513
18,gpboost_exact,182,1.3407837818001793,1.3876535612951437,1.1753095020118254,0.2664817967548533,-0.16547427978835394
18,gpboost_exact,183,-0.35339515820999146,-0.3501851221674009,0.005607699262698773,0.27956396552300755,0.35900285747269023
18,gpboost_exact,184,1.5920849222980622,1.773120836544411,1.1942305715093093,0.32110074792474796,-0.39785435078875286
18,gpboost_exact,185,0.9066462375002963,1.0151023813224662,0.8886305874800886,0.21900219772979115,-0.018015650020207663
18,gpboost_exact,186,-0.015537342289151268,-0.04029151536978447,0.3098805886289355,0.25559673873007754,0.3254179309180868
18,gpboost_exact,187,0.238392524696583,0.2884024797635392,0.3480259903855156,0.17657505396367898,0.10963346568893262
18,gpboost_exact,188,1.2150940268194834,1.3188382965335044,1.245990083602483,0.3229431330805211,0.03089605678299967
18,gpboost_exact,189,1.8622814692644425,1.7232467935808973,1.4822858280062094,0.3302992485917542,-0.37999564125823304
18,gpboost_exact,190,0.414179960010849,0.3068104185753005,0.3251856701191844,0.2674353392828448,-0.08899428989166458
18,gpboost_exact,191,0.6771760201418473,0.6787040749541483,0.7096648542054016,0.25006063302158016,0.032488834063554295
18,gpboost_exact,192,1.8824380880187073,2.028432418285265,1.4162642916279875,0.27651144552151286,-0.46617379639071976
18,gpboost_exact,193,0.40914558607659274,0.33864283290400643,0.9378717416606746,0.2840753393706175,0.5287261555840819
18,gpboost_exact,194,1.3957890054085091,1.1413216002893116,1.0467573250745978,0.24345490118023566,-0.3490316803339113
18,gpboost_exact,195,1.6348702128040675,1.7156812824845853,1.1263174896244625,0.2852484044986804,-0.508552723179605
18,gpboost_exact,196,1.2036305670953666,1.0937614584211381,1.0546379884545463,0.3097749657811177,-0.14899257864082038
18,gpboost_exact,197,0.3663972815569836,0.42482649790653376,0.22587747129328584,0.11507624385369133,-0.14051981026369775
18,gpboost_exact,198,0.2625648423726059,0.21641234220563277,0.4667876849588879,0.2577470303892986,0.20422284258628198
18,gpboost_exact,199,0.12534235320167375,0.10930374824408016,0.2143418556546628,0.20128229791167931,0.08899950245298904
18,gpboost_exact,200,0.5432342680698589,0.5422307047660181,0.3200422521941917,0.3026198164791053,-0.22319201587566717
18,gpboost_exact,201,0.6363262025497168,0.6796663824759598,0.4371795916136776,0.21469905539425643,-0.19914661093603925
18,gpboost_exact,202,-0.27999621743554814,-0.30600408163316817,-0.00358306087760063,0.25907149017369435,0.2764131565579475
18,gpboost_exact,203,1.1347289809213263,1.121241448724829,0.966862685275367,0.15948466299082603,-0.16786629564595934
18,gpboost_exact,204,0.20195191543808422,0.2944343162026533,0.1855115682959365,0.2618376013992442,-0.016440347142147704
18,gpboost_exact,205,1.846114588758326,2.0348472766935246,1.3689223202774619,0.2588042196342741,-0.47719226848086405
18,gpboost_exact,206,-0.07391795376924526,-0.10869653074943578,-0.08638631627254689,0.29049461148084976,-0.012468362503301633
18,gpboost_exact,207,0.46478993473346514,0.3123233269736126,-0.04593283110253932,0.2904039075761966,-0.5107227658360045
18,gpboost_exact,208,0.25175511459547467,0.3703898176020509,-0.06553467137533531,0.15553318685922254,-0.31728978597081
18,gpboost_exact,209,0.39123784528821526,0.5338196747811531,0.28789287717256506,0.23165684210759008,-0.1033449681156502
18,gpboost_exact,210,1.6537958605256833,1.6768114896824386,1.517316351879133,0.29517400082043654,-0.13647950864655023
18,gpboost_exact,211,1.3949800453900574,1.420695579451371,1.241404152096658,0.2418874496660728,-0.15357589329339927
18,gpboost_exact,212,0.03950125157751125,-0.021512767530453225,0.44285096998594575,0.2963984243125211,0.4033497184084345
18,gpboost_exact,213,0.7954887420395437,0.7743865547464495,0.49930408354403966,0.28685856010618005,-0.296184658495504
18,gpboost_exact,214,2.0570765401270257,2.0353086119006782,2.0371217549665825,0.2030332495649248,-0.019954785160443134
18,gpboost_exact,215,0.3954860712219284,0.36060893283360534,0.9431909237032325,0.2878664442578019,0.5477048524813042
18,gpboost_exact,216,2.353379213950317,2.2051690248182254,2.205633649423431,0.2886351756844338,-0.1477455645268857
18,gpboost_exact,217,-0.8131365354648598,-0.7851471734388473,-0.6865814609812051,0.42009406366855456,0.12655507448365466
18,gpboost_exact,218,0.20550265232817724,0.20419868144117295,0.37724943836136404,0.23614712809109653,0.1717467860331868
18,gpboost_exact,219,0.3980586465318715,0.36350347188456666,0.7638281066772965,0.24234318334704508,0.365769460145425
18,gpboost_exact,220,1.0575369939547021,1.02368669888983,1.2304630223187623,0.24104014000124774,0.17292602836406012
18,gpboost_exact,221,0.6906546534161222,0.6506070775073256,0.33712426469904955,0.31031856990012263,-0.35353038871707265
18,gpboost_exact,222,-0.22200205262196848,-0.2737206708829682,0.15387928782125293,0.2737562483542303,0.3758813404432214
18,gpboost_exact,223,1.7932217243989217,2.015971851377436,1.9475801292263348,0.2913632459457327,0.15435840482741314
18,gpboost_exact,224,0.09135892101669985,0.12829136925630802,0.20847410946383782,0.2530602672087336,0.11711518844713797
18,gpboost_exact,225,2.3987323604507185,2.5901406191825473,2.1619022802271264,0.25750191035435976,-0.2368300802235921
18,gpboost_exact,226,1.6205953412189902,1.5083374867689612,1.5823239896518597,0.26402604315333295,-0.03827135156713046
18,gpboost_exact,227,0.18757119250094328,0.3158284472870485,0.06045042552916513,0.2638664781229127,-0.12712076697177815
18,gpboost_exact,228,0.35827017880478507,0.2728505256974717,-0.08982897739952378,0.2878047648321933,-0.44809915620430885
18,gpboost_exact,229,1.2306718607437173,1.4394304164850062,1.084898543307803,0.2085879103384651,-0.14577331743591415
18,gpboost_exact,230,0.2447701739308879,0.1483963737345651,0.30915329885156595,0.26783867696947017,0.06438312492067805
18,gpboost_exact,231,0.8350974780170171,0.8629281055976623,0.4398486759883635,0.18889112127106603,-0.39524880202865353
18,gpboost_exact,232,1.6779277044623249,1.6231545189484076,1.5371793471186823,0.27039438668590554,-0.14074835734364255
18,gpboost_exact,233,-0.4876187231278312,-0.45915129073588584,-0.14182428179661777,0.28861935920123954,0.34579444133121345
18,gpboost_exact,234,2.2989456735609455,2.173532127800244,2.294124163272854,0.27236179347577877,-0.004821510288091524
18,gpboost_exact,235,0.3026552162641719,0.14203919126708042,0.5117748305127208,0.25875135743434374,0.20911961424854886
18,gpboost_exact,236,0.3392463193951974,0.44842041546773365,0.48014115463161566,0.22018158268809745,0.14089483523641827
18,gpboost_exact,237,1.9914789918801867,2.0262566153948227,1.610406074496047,0.30297246275844436,-0.38107291738413984
18,gpboost_exact,238,1.3571192756735555,1.2356601197723092,1.0806634913253879,0.301756306426767,-0.27645578434816764
18,gpboost_exact,239,0.28459971384519445,0.2553724492635149,0.668288991829808,0.25662856759805125,0.3836892779846136
18,gpboost_exact,240,0.048639611110730785,-0.01836196551787464,0.22253097724826,0.25646942549823,0.1738913661375292
18,gpboost_exact,241,0.134649199663394,-0.05649888989342258,0.20768542403870427,0.19156362216924386,0.07303622437531027
18,gpboost_exact,242,-0.5649691802995374,-0.6521587705873286,-0.3032673917581832,0.3650817141754263,0.2617017885413542
18,gpboost_exact,243,0.845590989133068,0.7583754364042077,0.6498183041280612,0.3161223182108332,-0.19577268500500677
18,gpboost_exact,244,1.0500786537941058,0.8664996093166937,1.0734158687539637,0.23488671882618675,0.023337214959857855
18,gpboost_exact,245,0.5228502092963814,0.2952092222834539,0.6166483355503214,0.22301066303258318,0.09379812625394002
18,gpboost_exact,246,0.8341466565143496,0.7801003994583987,0.39493009729895867,0.2482121360328569,-0.43921655921539093
18,gpboost_exact,247,0.3265818656258021,0.37561299376310914,0.11177719125194852,0.27488732576514446,-0.2148046743738536
18,gpboost_exact,248,1.3346638613047397,1.2045525537012993,1.045776845906233,0.31723529879638834,-0.2888870153985066
18,gpboost_exact,249,2.031195880965847,1.9635156242204732,1.7150645391235804,0.27744988214178024,-0.31613134184226643
18,gpboost_exact,250,1.8466631321411766,2.01955215602273,1.5519760358704087,0.26501647386175303,-0.29468709627076795
18,gpboost_exact,251,0.36043525755552064,0.47708213107638264,0.5601076904093025,0.19744288318999362,0.1996724328537819
18,gpboost_exact,252,1.3799184648450167,1.4655100464228574,1.2131380895150468,0.2955122656316724,-0.16678037532996992
18,gpboost_exact,253,2.476987755165045,2.691840734735056,2.3049706001131076,0.27145356614336474,-0.17201715505193738
18,gpboost_exact,254,1.7371075792673802,1.79152014118605,2.067207650044942,0.20374234398011593,0.33010007077756187
18,gpboost_exact,255,0.2858973018329699,0.32741080262952543,0.6548067504330293,0.24891949948272002,0.36890944860005936
18,gpboost_exact,256,1.0244301717268707,1.0211421998217842,0.9509813385991945,0.22075060299624089,-0.07344883312767614
18,gpboost_exact,257,0.39246857136734226,0.45256570651432526,0.19749006202341235,0.30314970964888804,-0.1949785093439299
18,gpboost_exact,258,0.570134414922679,0.3693393612466859,0.5497979674606421,0.27701751686305803,-0.02033644746203689
18,gpboost_exact,259,0.14079508671926821,-0.10813924018600513,0.06974704801760723,0.24794506741266398,-0.07104803870166099
18,gpboost_exact,260,0.06935661111256072,0.14050787268821213,0.15745038682914725,0.16851147277102924,0.08809377571658653
18,gpboost_exact,261,-0.11220226293138974,-0.04352024196089073,0.11710841196266308,0.24634853989911923,0.22931067489405282
18,gpboost_exact,262,0.5790624100348014,0.6378006533310063,0.4246601384071873,0.29648227017981804,-0.1544022716276141
18,gpboost_exact,263,1.260821705876981,1.3678276725061045,1.0942178122353479,0.16334861714527862,-0.1666038936416332
18,gpboost_exact,264,-0.4730063082055114,-0.37322276138018184,-0.0731953364961484,0.3161084936764906,0.39981097170936303
18,gpboost_exact,265,0.9382440918668327,1.0403948969569279,1.0414178246232906,0.22253248759714137,0.10317373275645791
18,gpboost_exact,266,1.1774989070418034,1.182611921288235,1.206028066739532,0.29919460889671573,0.028529159697728623
18,gpboost_exact,267,0.18508265390531897,0.32080672970958196,0.23158870240327722,0.2185536375272538,0.04650604849795825
18,gpboost_exact,268,1.6063591974849245,1.5690866394818603,1.1591896946428477,0.2737860259192612,-0.4471695028420768
18,gpboost_exact,269,1.0606025803129602,1.0277962235801361,0.6628967760519142,0.21917271926392487,-0.39770580426104596
18,gpboost_exact,270,0.10429903706169702,-0.052648163713032436,-0.03632036096320945,0.291330078818557,-0.14061939802490647
18,gpboost_exact,271,1.177700664717479,1.230632281368145,0.9732491235195715,0.2678256456227879,-0.20445154119790754
18,gpboost_exact,272,0.5192855410616445,0.5984397612697354,0.6001069485701267,0.28280171730690673,0.08082140750848221
18,gpboost_exact,273,2.1069030577610146,2.113794524532784,1.7717738005255406,0.24426829935316127,-0.33512925723547404
18,gpboost_exact,274,0.3449066429265161,0.32141792937087293,0.35160708125873086,0.2802502918925439,0.006700438332214731
18,gpboost_exact,275,0.3373888141601173,0.34232923650489633,0.5335434169161193,0.1678006475812017,0.196154602756002
18,gpboost_exact,276,0.3090323055687483,0.23853327090012727,-0.052523921196638845,0.21494806816459278,-0.3615562267653871
18,gpboost_exact,277,0.9130045723253098,1.0853184656595456,0.7306580229589743,0.21725424239489963,-0.18234654936633554
18,gpboost_exact,278,0.468664877461186,0.5066975936489106,0.6653434413496431,0.2302828003836208,0.19667856388845706
18,gpboost_exact,279,-0.2563188733634595,-0.3314586310599258,-0.12983007877436847,0.3241470910996028,0.126488794589091
18,gpboost_exact,280,1.2197059321614356,1.28244558180453,0.865003752926139,0.25802114074028576,-0.3547021792352967
18,gpboost_exact,281,1.9757484388493738,2.024513579690818,1.5904566195739385,0.2745885609451507,-0.3852918192754353
18,gpboost_exact,282,0.3620861534387823,0.24874907688777528,0.9790115299621451,0.301466862990089,0.6169253765233629
18,gpboost_exact,283,1.5571555821216259,1.4656844106119704,1.4230509020577227,0.2860468406391098,-0.1341046800639032
18,gpboost_exact,284,0.8603564259325397,0.9499393905541614,0.7801608780592666,0.20056338605366153,-0.0801955478732731
18,gpboost_exact,285,1.7299672232098788,1.6943775329536923,1.5700558718807738,0.269602441706678,-0.15991135132910506
18,gpboost_exact,286,0.6088844834703852,0.6406003956403136,0.6327517268089968,0.1565434740203003,0.023867243338611677
18,gpboost_exact,287,0.25575332359136776,0.10789568786912682,0.4238835613427048,0.23508282588133975,0.168130237751337
18,gpboost_exact,288,1.6598695231476168,1.6686076691616485,1.3739055237734243,0.27978174546673695,-0.2859639993741925
18,gpboost_exact,289,1.352507133373956,1.4047011751513225,1.059753716278661,0.3208196249681426,-0.292753417095295
18,gpboost_exact,290,0.9155756667863032,0.8529571883183826,0.9951786709951929,0.2593441814807534,0.07960300420888966
18,gpboost_exact,291,1.7400871909583073,1.7368176824202233,1.4906684084048285,0.2666935697450387,-0.24941878255347882
18,gpboost_exact,292,0.27703575543975933,0.49350239966308296,0.005555562733935204,0.14793919999236094,-0.27148019270582413
18,gpboost_exact,293,0.3206083845522838,0.09060740844458848,0.5342325554563274,0.2787041188538134,0.21362417090404362
18,gpboost_exact,294,0.5150680398495715,0.6523400918967585,0.5986167413254204,0.30232238096460573,0.08354870147584892
18,gpboost_exact,295,1.58310874906427,1.3070297879036579,1.2134549052229655,0.25006615801733867,-0.3696538438413044
18,gpboost_exact,296,-0.035911606584669964,-0.13761254291204894,0.07654965639117783,0.1920651087124403,0.1124612629758478
18,gpboost_exact,297,-0.22501545734698297,-0.03558187610718869,0.03969660831690369,0.2460334170247509,0.26471206566388666
18,gpboost_exact,298,0.46924188522923926,0.5028682777982567,0.5905393432223986,0.321834699955233,0.12129745799315939
18,gpboost_exact,299,1.8202001923067974,1.7899974832541223,1.566161783587189,0.2853861208907504,-0.25403840871960837
19,gpboost_exact,0,0.8355921503023942,0.7422156548866772,1.2772218574193488,0.30365172846047656,0.4416297071169546
19,gpboost_exact,1,0.35380724205016595,0.24749200468924532,0.028205510877402418,0.26676604747812765,-0.32560173117276353
19,gpboost_exact,2,0.46508031892637214,0.426217212749253,0.6547078750678033,0.2580165766941401,0.18962755614143112
19,gpboost_exact,3,-0.7926713463069761,-0.8304561934432427,-1.045432370632076,0.2722794891270755,-0.25276102432509995
19,gpboost_exact,4,-0.39677210036714705,-0.2186909230565902,-0.6165335113951826,0.290815046585311,-0.2197614110280356
19,gpboost_exact,5,0.8255208729639123,0.95826780715762,0.7432611272734988,0.28274991349819995,-0.0822597456904135
19,gpboost_exact,6,1.1850281464041306,1.0063725102959988,0.7620489910599444,0.3001069993189044,-0.4229791553441862
19,gpboost_exact,7,0.48483106774985346,0.516541158931191,0.8297967130756376,0.2892451950586927,0.34496564532578416
19,gpboost_exact,8,0.8215663902885041,0.9583468107494285,0.7080766471134989,0.29317133545859264,-0.11348974317500515
19,gpboost_exact,9,1.1876498813000458,1.2586033156312066,1.210108496715053,0.2755693706282279,0.022458615415007266
19,gpboost_exact,10,1.4154193595478715,1.4400517185145834,1.3467222383468052,0.2661264148245096,-0.0686971212010663
19,gpboost_exact,11,1.2829692591383874,1.3455814821962822,1.4351290034511406,0.2844331675745435,0.15215974431275314
19,gpboost_exact,12,0.6870662593136678,0.8074790180990146,0.7231876535755983,0.28605416696456,0.036121394261930506
19,gpboost_exact,13,0.7502514088300063,0.7553731105177552,0.4869240055759949,0.27192989480590574,-0.2633274032540114
19,gpboost_exact,14,-0.23759158251023418,-0.19769401454857327,0.09960735249237729,0.30095643475345685,0.33719893500261144
19,gpboost_exact,15,-0.21049793296023644,-0.22538822770429098,-0.093517641622892,0.2968163906276656,0.11698029133734444
19,gpboost_exact,16,0.4180977253592191,0.18364838208517031,0.21086136344494655,0.2577425545801043,-0.20723636191427253
19,gpboost_exact,17,1.682883099814216,1.623564732385375,1.3924127434021276,0.28976654284262643,-0.2904703564120883
19,gpboost_exact,18,0.07586046773652907,0.1747296499086804,-0.36400931180119755,0.2829482598806597,-0.43986977953772666
19,gpboost_exact,19,0.49990591898737713,0.48230941443082737,0.8059899411487681,0.27304702129025665,0.30608402216139097
19,gpboost_exact,20,1.6338002809299266,1.5904435446479406,1.343630460221223,0.3188012843379987,-0.29016982070870356
19,gpboost_exact,21,0.13629011542557393,0.08937094592413744,0.3431666201111687,0.3439240693288211,0.2068765046855948
19,gpboost_exact,22,-0.82083075978255,-0.7969770387081061,-1.1416324493415413,0.28975758093332804,-0.32080168955899124
19,gpboost_exact,23,-0.6417254449192396,-0.5437228991505738,-0.7038411393236093,0.28133496808488956,-0.0621156944043697
19,gpboost_exact,24,0.03962790826865739,-0.029320020365318097,0.249749171329114,0.2867243826748428,0.21012126306045661
19,gpboost_exact,25,0.8571115743100197,0.7189229398663461,0.6876745650469989,0.27451724973854175,-0.16943700926302085
19,gpboost_exact,26,0.03529096159825781,-0.014003343819125394,-0.11299438070154544,0.252440580315643,-0.14828534229980325
19,gpboost_exact,27,1.374101609480532,1.351079484673295,1.5283300167716174,0.3004733692652237,0.15422840729108533
19,gpboost_exact,28,1.200194270361686,1.3140443647418987,0.8372359048713003,0.3471677718075976,-0.3629583654903856
19,gpboost_exact,29,0.43118275755157787,0.38075805260137,0.7611618472286441,0.29532838916531495,0.32997908967706624
19,gpboost_exact,30,0.9898722960520658,0.8757430232285901,0.429147264659548,0.3079629688226651,-0.5607250313925178
19,gpboost_exact,31,0.6896770653720665,0.662141046835822,0.5191308965993588,0.288714925032645,-0.17054616877270767
19,gpboost_exact,32,0.3247484685299442,0.39461315512467027,-0.4435020605183446,0.3218511249970804,-0.7682505290482888
19,gpboost_exact,33,1.8589072468893024,1.8672823394392735,1.9049941297582889,0.2750142864144008,0.046086882868986434
19,gpboost_exact,34,1.3633764168240654,1.3626695743929305,1.0104227865486486,0.29363251697580794,-0.3529536302754168
19,gpboost_exact,35,-0.4769104948819959,-0.6756775716491902,-0.4058662946480318,0.3023545675381399,0.07104420023396407
19,gpboost_exact,36,-0.13785820965134882,-0.25771935459917483,-1.009901950645002,0.3214862951215398,-0.8720437409936532
19,gpboost_exact,37,0.15282683043969914,-0.01307358652278734,-0.23533039018903779,0.27167814389069206,-0.3881572206287369
19,gpboost_exact,38,-0.5226132929484292,-0.4718977256767666,-0.49978256534337184,0.27222406802796434,0.022830727605057333
19,gpboost_exact,39,2.1988244269030193,2.202812436185006,1.6877620431014888,0.2849571832845686,-0.5110623838015305
19,gpboost_exact,40,0.2898193422755301,0.40494160366417087,-0.37076752150095516,0.2956459804346845,-0.6605868637764852
19,gpboost_exact,41,-0.022395021821564193,-0.057239822387169376,-0.2185897557351968,0.31717192069846034,-0.1961947339136326
19,gpboost_exact,42,0.3103078525583715,0.4146488959592996,0.27030819349871393,0.2765249591680791,-0.03999965905965758
19,gpboost_exact,43,0.6401270019769277,0.6705021347130711,0.405097875070064,0.27541844833871126,-0.23502912690686373
19,gpboost_exact,44,1.1089856700706937,0.9497732862949704,1.403165632088574,0.29503982638758075,0.2941799620178802
19,gpboost_exact,45,0.5309793327439225,0.43129830812701403,0.41612900493276417,0.3116555951739698,-0.11485032781115834
19,gpboost_exact,46,0.4994770954401716,0.8773872228374114,-0.7109775450153464,0.30636115071676245,-1.2104546404555179
19,gpboost_exact,47,0.09347841348942051,0.0803216274039337,0.03267670625600161,0.2542443761677792,-0.060801707233418906
19,gpboost_exact,48,0.22208676447123976,0.31263351222584423,0.4440503114516563,0.288481616258139,0.22196354698041654
19,gpboost_exact,49,0.44563113873534976,0.3731247467239045,0.5655985086294848,0.2888898493196236,0.11996736989413503
19,gpboost_exact,50,0.23349833349189894,0.21084571886478193,0.15783660843229974,0.2892544466352577,-0.0756617250595992
19,gpboost_exact,51,-0.2246676670715419,-0.2748839752238321,-0.3103944180237548,0.30021700089686304,-0.08572675095221288
19,gpboost_exact,52,0.3165144750823937,0.30448057629923814,0.7740863352447516,0.2830053418970733,0.45757186016235785
19,gpboost_exact,53,1.101835257487352,1.3572648212453682,1.2883311030479643,0.28038097944609774,0.18649584556061227
19,gpboost_exact,54,0.21529587399554267,0.32563737862082787,0.5782469100150358,0.283622868498972,0.36295103601949313
19,gpboost_exact,55,0.5491114898484001,0.4996493034493488,0.1390102244952427,0.29542426875831684,-0.4101012653531574
19,gpboost_exact,56,-0.20331926733657593,-0.3575468009935333,0.2534989648024748,0.29888773902696814,0.4568182321390507
19,gpboost_exact,57,0.4808149321020301,0.47776484194351193,0.6212867565534879,0.28222445469916396,0.14047182445145778
19,gpboost_exact,58,-0.6258220952723519,-0.7050834859270012,-0.8100680591642728,0.2644451552160211,-0.18424596389192094
19,gpboost_exact,59,0.552297996709325,0.4633950699460387,0.32017599423745047,0.32479741404652873,-0.23212200247187453
19,gpboost_exact,60,0.41673487111659135,0.46989275980927814,0.6640202413045344,0.4324805540938633,0.24728537018794305
19,gpboost_exact,61,0.06767895914212943,0.0547155385934843,0.25548535574636944,0.28905035358609926,0.18780639660424
19,gpboost_exact,62,0.24465276911236958,0.18596833985379083,-0.13555993865590032,0.2794810401289391,-0.3802127077682699
19,gpboost_exact,63,-0.8445221143314043,-0.8266717045738387,-0.6543537147916849,0.26858056013249787,0.19016839953971942
19,gpboost_exact,64,-0.5579019402768252,-0.5190760141822757,-0.13005746454529188,0.3133019125204132,0.4278444757315333
19,gpboost_exact,65,0.750242783485943,0.6464511748751829,0.6140859558149661,0.26545667442643317,-0.13615682767097692
19,gpboost_exact,66,-0.7203376566410213,-0.6917788206111022,-0.7314142674528785,0.22336270807404116,-0.01107661081185718
19,gpboost_exact,67,-1.2439818219920669,-1.4182567625101712,-1.1370990868029516,0.2535523141561896,0.10688273518911529
19,gpboost_exact,68,-0.22184928272363885,-0.09846016546889302,-0.8289291385069362,0.3171335797999371,-0.6070798557832973
19,gpboost_exact,69,-0.44293940834654355,-0.5794051824750346,-0.7534928894627804,0.31290405363015217,-0.3105534811162368
19,gpboost_exact,70,-1.5484210233709734,-1.5075600522887451,-1.2913976710010537,0.29170370464457,0.2570233523699197
19,gpboost_exact,71,1.2269304152962157,1.172293285951072,0.6824243997442849,0.2940291011055741,-0.5445060155519308
19,gpboost_exact,72,-0.5079864170393713,-0.48359291962022666,-0.6450514958188478,0.2847638262737846,-0.1370650787794765
19,gpboost_exact,73,0.10271674963875474,0.3131330005519162,0.562835025048976,0.2858430881728941,0.4601182754102212
19,gpboost_exact,74,0.9327342108022808,0.9693819087593892,1.213498756734964,0.3183079935153662,0.2807645459326832
19,gpboost_exact,75,0.22274581120971845,0.08398704257809539,0.6498469176112884,0.28579042217209033,0.42710110640156995
19,gpboost_exact,76,-0.05967846171553151,-0.190534994757781,0.28304175046867996,0.2812483142926056,0.34272021218421145
19,gpboost_exact,77,0.5512436247587496,0.5351217163293137,0.7799271529297451,0.3640070975762775,0.22868352817099558
19,gpboost_exact,78,-0.052372557156606964,0.08453034469230888,-0.23253777434647205,0.26743694182191763,-0.18016521718986508
19,gpboost_exact,79,0.7700111410821286,0.6528099257158677,0.7504137385316607,0.2637175485624433,-0.019597402550467935
19,gpboost_exact,80,0.08307441632765467,-0.0549407459837149,-0.05723593429326712,0.26509542437212863,-0.1403103506209218
19,gpboost_exact,81,-0.5440655755706248,-0.699871979779219,-0.5932480741714503,0.27025550085920197,-0.049182498600825464
19,gpboost_exact,82,-0.47606781351021865,-0.33740066377978073,-0.39555250330321634,0.2843652161375763,0.08051531020700231
19,gpboost_exact,83,0.8137331480772011,0.8759125541601895,1.1775118966345328,0.2757961377292761,0.3637787485573317
19,gpboost_exact,84,-0.025389623278374664,-0.045671593987588174,-0.16680050289608772,0.2683726922072078,-0.14141087961771306
19,gpboost_exact,85,1.0104635873577776,0.9660316032537639,0.9925127372937528,0.2818629775951993,-0.01795085006402486
19,gpboost_exact,86,-0.5543430082372115,-0.4916918458250005,-0.36192959910300715,0.2970561310549989,0.19241340913420435
19,gpboost_exact,87,1.7802653259772714,1.8451772301218783,1.4325141309138143,0.3112698827747945,-0.3477511950634571
19,gpboost_exact,88,1.7473644858025583,1.7353430406395385,1.882182363080636,0.222208168566422,0.1348178772780777
19,gpboost_exact,89,-0.033458344884871594,-0.013520259281017532,-0.1421797345419593,0.27908823099630686,-0.10872138965708772
19,gpboost_exact,90,1.6161825140558757,1.5866492581023004,1.565616388276859,0.26504645505524965,-0.050566125779016646
19,gpboost_exact,91,2.2634378026274087,2.278321980682237,2.118255158083749,0.33865662551862397,-0.14518264454365948
19,gpboost_exact,92,1.8775493129017917,1.907144838459473,0.8275161943142333,0.4113601836349544,-1.0500331185875584
19,gpboost_exact,93,0.7472952681702052,0.6136060816744974,0.48979884256368766,0.31569481175245595,-0.25749642560651753
19,gpboost_exact,94,1.3885484068227656,1.3841117027909073,1.5730663946060632,0.2967789243639029,0.18451798778329764
19,gpboost_exact,95,0.7508940073111876,0.7408888401446371,0.6697549149669024,0.37099450172684084,-0.08113909234428518
19,gpboost_exact,96,0.7187986179275412,0.8064722368724523,0.4695363142547997,0.2797838923007365,-0.2492623036727415
19,gpboost_exact,97,-0.5025626129253582,-0.45447763608255526,-0.10248021188411194,0.3063490344991742,0.40008240104124626
19,gpboost_exact,98,1.9285532631942326,2.163895351623969,1.8059483590968757,0.2783077141862917,-0.12260490409735691
19,gpboost_exact,99,0.021831707108431686,0.0776965094947551,-0.18821777367607595,0.32795566267881204,-0.21004948078450764
19,gpboost_exact,100,0.7510412810914062,0.713525917014196,0.7376357379034157,0.292744584542501,-0.013405543187990476
19,gpboost_exact,101,0.47750173389374756,0.4626979466830093,0.3415838274979013,0.3596535941714743,-0.13591790639584628
19,gpboost_exact,102,1.9241943709958576,2.021965480270216,1.8639175247084925,0.2762127535508485,-0.06027684628736507
19,gpboost_exact,103,0.8710319143437568,0.9542374177795141,0.7608073000623667,0.2730704101847793,-0.11022461428139008
19,gpboost_exact,104,-0.18249194867537455,-0.2040569971653789,0.1749063092399492,0.28296981053390635,0.35739825791532376
19,gpboost_exact,105,1.1501768621996775,1.158979002244805,1.0413410761645565,0.2824733412150972,-0.10883578603512101
19,gpboost_exact,106,-1.434603885626125,-1.3842963414669611,-1.26479513222802,0.2659448556420622,0.16980875339810497
19,gpboost_exact,107,-0.17635626855757863,-0.15446057270910785,-0.6632586825492162,0.27135405167727583,-0.48690241399163753
19,gpboost_exact,108,0.5093712259939229,0.47952109259128,0.9054266463586966,0.27732909766239455,0.3960554203647737
19,gpboost_exact,109,0.39764528509344826,0.34610490345935696,0.5656388924190558,0.27873220695660444,0.16799360732560759
19,gpboost_exact,110,-0.1647790737802839,-0.2952656928038776,-0.6320184705361971,0.331548278245994,-0.4672393967559132
19,gpboost_exact,111,0.487938841145356,0.5116653584039343,0.23045933351614067,0.2757582401523843,-0.25747950762921534
19,gpboost_exact,112,0.40400463645710594,0.3668091160119502,0.5895936174325662,0.28918979205162104,0.18558898097546028
19,gpboost_exact,113,-0.8064134101308986,-0.7882893322723881,-0.6713405602119069,0.23289271783541304,0.1350728499189917
19,gpboost_exact,114,0.36541862879282544,0.3558579448556734,0.36977154806902934,0.2817231240872092,0.004352919276203904
19,gpboost_exact,115,-0.014035601347248239,-0.1626630893912731,-0.11551537343750518,0.3077387804418642,-0.10147977209025694
19,gpboost_exact,116,-0.06179786354779865,-0.07852785143187165,-0.1510653662386101,0.28457737582162085,-0.08926750269081146
19,gpboost_exact,117,1.2251083093977946,1.2520625047670826,0.6487792485617252,0.34425408768755644,-0.5763290608360694
19,gpboost_exact,118,1.297706750281212,1.291235868247407,0.6528332782894974,0.35055002372156485,-0.6448734719917146
19,gpboost_exact,119,2.31572290651943,2.1730655987050342,2.12329208735137,0.3082610627200727,-0.19243081916805993
19,gpboost_exact,120,0.520946418800087,0.5249762519735005,0.8398115573523164,0.2750656381130707,0.3188651385522294
19,gpboost_exact,121,1.7438021138405873,1.754708282267257,1.5079742888956797,0.30745448344542003,-0.2358278249449075
19,gpboost_exact,122,-0.3594133416154598,-0.45253248336562746,-0.9189698095033858,0.26497077012741105,-0.559556467887926
19,gpboost_exact,123,0.08979128981391384,0.144338197949677,-0.0668492971122916,0.25716674293876807,-0.15664058692620542
19,gpboost_exact,124,-0.038649236165087225,0.07323018841838058,-0.004805890556457193,0.25825458960272357,0.03384334560863003
19,gpboost_exact,125,-0.7246324944710287,-0.6894361556385316,-0.5204891172519126,0.30990181509178166,0.20414337721911613
19,gpboost_exact,126,1.2900645881002795,1.2674161196704865,1.3189452308924619,0.2567836252482497,0.028880642792182387
19,gpboost_exact,127,1.2521140617928093,1.2657438518344633,1.3299093917782363,0.2871728122278691,0.07779532998542704
19,gpboost_exact,128,0.10956500601974256,0.13749618477163952,0.44050386407845465,0.29694376841825876,0.3309388580587121
19,gpboost_exact,129,1.587173250570247,1.8665244668024616,1.252846715766955,0.28439936822614387,-0.334326534803292
19,gpboost_exact,130,-0.1399763981518566,-0.12765000413674168,-0.82618052171423,0.2992628219610339,-0.6862041235623734
19,gpboost_exact,131,0.5125012237744188,0.5653680204931104,0.5001776724017155,0.2854826524003146,-0.012323551372703245
19,gpboost_exact,132,-0.08291327923440722,0.1053646086380722,0.21600218831570928,0.25240455372776266,0.2989154675501165
19,gpboost_exact,133,0.39962659782794824,0.5728039312184123,0.38640217318589265,0.31475407616092754,-0.013224424642055588
19,gpboost_exact,134,-0.2961581477407456,-0.3547756776143335,-0.6497142426246647,0.2726140468267,-0.3535560948839191
19,gpboost_exact,135,0.651312365748167,0.822799386247738,0.4508836555910989,0.31818191233551585,-0.2004287101570681
19,gpboost_exact,136,1.7223989026224864,1.7294076782124228,1.7490527998618424,0.26746537272131166,0.02665389723935596
19,gpboost_exact,137,-0.517123633746338,-0.528837592465641,-0.4586986792913397,0.24521249468967443,0.05842495445499829
19,gpboost_exact,138,1.7075021355335849,1.6708244388801552,1.3566152770872293,0.2875845123959954,-0.3508868584463556
19,gpboost_exact,139,0.0562711778964432,-0.05779234666311871,-0.9207014784621936,0.31634612536701207,-0.9769726563586368
19,gpboost_exact,140,0.7728668274485015,0.6882231829853989,0.879118537506514,0.2696280691146753,0.10625171005801248
19,gpboost_exact,141,0.3251603639338364,0.23468486500660807,-0.07164277686131726,0.2789544753662698,-0.39680314079515366
19,gpboost_exact,142,1.275897296525654,1.3393997907874453,1.4306856821613847,0.2861072167037522,0.1547883856357306
19,gpboost_exact,143,0.2964509693741594,0.07586651103857328,0.2756786500244335,0.36460968674791966,-0.0207723193497259
19,gpboost_exact,144,0.7903952435692033,0.7741321538655187,0.6527702654016885,0.27456158848134016,-0.13762497816751484
19,gpboost_exact,145,0.5458373899018347,0.5391070328103352,0.6729400135763308,0.40837480259218334,0.1271026236744961
19,gpboost_exact,146,1.3506344314850276,1.3250277546429956,1.42004384777848,0.2476218974613489,0.06940941629345243
19,gpboost_exact,147,-0.38108717553108906,-0.3326070883836943,-0.7597430123328941,0.35822361513163414,-0.37865583680180503
19,gpboost_exact,148,0.8007390996451812,0.9001154621446763,-0.34316465937847873,0.30191842812724823,-1.1439037590236598
19,gpboost_exact,149,-1.0216026315567852,-1.0626012073585747,-1.12758963447465,0.2708624811036479,-0.10598700291786489
19,gpboost_exact,150,-0.26364597871973494,-0.24109064965321705,-0.1355945068919251,0.29946178270188256,0.12805147182780985
19,gpboost_exact,151,0.8203818914011135,0.8319790465268111,1.0887610733636848,0.24600308310832336,0.26837918196257127
19,gpboost_exact,152,0.601185256373862,0.5534284328436403,0.5967719763418593,0.29061389376698366,-0.004413280032002698
19,gpboost_exact,153,1.1570889043038606,1.194579367566381,1.0829176273163732,0.27358812061775867,-0.07417127698748738
19,gpboost_exact,154,0.9514420315941472,1.0476632022234855,-0.07763665170398326,0.32230563940884877,-1.0290786832981305
19,gpboost_exact,155,-0.5789316724679174,-0.5934563899502662,-0.6755743141121151,0.2356798557716272,-0.09664264164419767
19,gpboost_exact,156,1.3501770827049553,1.334150920582106,1.3356136098213405,0.2606845879902275,-0.014563472883614814
19,gpboost_exact,157,0.609710683927162,0.6374212813110632,0.8238116961494288,0.2568069086713554,0.21410101222226685
19,gpboost_exact,158,0.6450262446797749,0.5510243392803063,0.5275943832381422,0.27970799079377084,-0.11743186144163265
19,gpboost_exact,159,-0.622327948223878,-0.7738214895707446,-0.5054689722653274,0.26644675772510296,0.11685897595855066
19,gpboost_exact,160,-0.5601791585618352,-0.5544955250683776,-0.7218787628328567,0.26692436894507343,-0.16169960427102148
19,gpboost_exact,161,0.6046283217477766,0.5598490878852288,0.4677638053826989,0.42363641381188166,-0.13686451636507768
19,gpboost_exact,162,0.4662247744373204,0.5251223305981643,0.2599834610577645,0.28285003700870914,-0.20624131337955592
19,gpboost_exact,163,-0.7868657276167906,-0.6385098341444313,-0.4841103957327215,0.31630576074464695,0.3027553318840691
19,gpboost_exact,164,1.2660859370495958,1.0866823927326772,1.252209123967372,0.2543097204845686,-0.013876813082223771
19,gpboost_exact,165,0.4552142388892749,0.5537735448592553,0.7160106977491569,0.26874177765158735,0.260796458859882
19,gpboost_exact,166,0.08548502548904924,0.05139166022256713,0.5907393415860156,0.2741309342568574,0.5052543160969664
19,gpboost_exact,167,1.713611550689705,1.6109159382826825,1.6789286726390298,0.27319344246161914,-0.03468287805067516
19,gpboost_exact,168,1.8915975357042822,1.814887857979919,0.9809178940037686,0.34253114186051337,-0.9106796417005136
19,gpboost_exact,169,-0.08025877871076988,-0.03723776415687951,0.10948101739465343,0.30638253766669643,0.1897397961054233
19,gpboost_exact,170,0.646874884607939,0.6467296189326811,1.0757806801157557,0.27241099831301896,0.4289057955078167
19,gpboost_exact,171,0.26604523512981604,0.3845658405973128,0.5147837015868637,0.2941070905916052,0.24873846645704767
19,gpboost_exact,172,2.0807616481622944,2.1828468255534985,2.0216570344187463,0.2749897760769438,-0.05910461374354803
19,gpboost_exact,173,0.12587349743796636,0.18785308469662793,-0.43167109468171994,0.28905492893531015,-0.5575445921196863
19,gpboost_exact,174,-1.1479348020559628,-1.1830273055695246,-1.091544681077993,0.2645761203902213,0.056390120977969804
19,gpboost_exact,175,2.075531952184571,2.0277017411445195,1.6177814963247812,0.25846515295096056,-0.4577504558597898
19,gpboost_exact,176,0.5395586069262975,0.4561307809891891,0.5653163178537142,0.2849636997323864,0.025757710927416633
19,gpboost_exact,177,-0.3157572021790552,-0.4691156759680719,-0.21759094549548585,0.26962796577316184,0.09816625668356932
19,gpboost_exact,178,-0.8764609163573689,-0.8689504924439155,-0.8308317193181374,0.27910686635309884,0.04562919703923152
19,gpboost_exact,179,-0.30766259803364293,-0.297089506090904,-0.10022640693274276,0.34532819750438426,0.20743619110090017
19,gpboost_exact,180,0.8729367439482756,0.8864470116426103,0.8737323433215138,0.2834749648631959,0.0007955993732382538
19,gpboost_exact,181,0.7829777243221154,0.8020820076219379,0.08955837253671817,0.3207400028547785,-0.6934193517853973
19,gpboost_exact,182,2.368004401363165,2.4065089871952967,2.06182722937592,0.29256646076837545,-0.3061771719872448
19,gpboost_exact,183,0.23314314244298964,0.3190500811736001,0.4753350604104618,0.28832996771752656,0.24219191796747216
19,gpboost_exact,184,0.3054040248241714,0.308106155184901,-0.45235671088908447,0.3091697519547332,-0.7577607357132559
19,gpboost_exact,185,0.8205950216985256,0.6405084455741654,0.6966250842133608,0.2731655833492959,-0.12396993748516483
19,gpboost_exact,186,0.4125149813325505,0.3054924711460129,0.10078716217365269,0.2752328936586526,-0.3117278191588978
19,gpboost_exact,187,0.10301362042491133,0.16782423494542753,0.49241059473987114,0.27110477867860444,0.3893969743149598
19,gpboost_exact,188,0.6991111240322909,0.6850659649805966,0.711350926419918,0.2740374958401339,0.012239802387627119
19,gpboost_exact,189,0.889022803296126,0.9538911543179772,0.6920051893886914,0.2978790765915808,-0.19701761390743466
19,gpboost_exact,190,2.3977809761984865,2.641701726282989,1.7713364083072554,0.2848211941605651,-0.6264445678912312
19,gpboost_exact,191,0.2457565861154831,0.33627401448673633,0.33109207360636717,0.2832014030861133,0.08533548749088407
19,gpboost_exact,192,-0.013994297451371651,-0.023568072996894125,0.013772337300726356,0.297885371886689,0.027766634752098007
19,gpboost_exact,193,-0.5288587644863716,-0.4494679396171543,0.03110897362109455,0.3072637079702045,0.5599677381074661
19,gpboost_exact,194,0.1312698893986977,0.2645751456742147,-0.2669834143955274,0.2801826844961039,-0.3982533037942251
19,gpboost_exact,195,-0.1479937735509523,-0.1444419874488328,0.14199068552180627,0.29504822045288703,0.2899844590727586
19,gpboost_exact,196,0.2158019846090907,0.1757397160899241,0.35741025403384796,0.28535055477882626,0.14160826942475727
19,gpboost_exact,197,0.709969477666426,0.9413718042091864,0.4744109707722437,0.2717409735883473,-0.23555850689418234
19,gpboost_exact,198,1.3804375813417067,1.3163156652612285,1.1275615616548782,0.2850203646468313,-0.2528760196868285
19,gpboost_exact,199,0.37180484142741665,0.3395620607061931,0.5479767064618652,0.2563842259843554,0.1761718650344486
19,gpboost_exact,200,0.3519629278185631,0.2456944220841346,0.1403225325570432,0.2948888509655748,-0.2116403952615199
19,gpboost_exact,201,1.2232540531611917,1.2088894446678518,0.8589210854876868,0.2819184163789094,-0.364332967673505
19,gpboost_exact,202,0.03206948739327674,-0.008519552797178531,0.023003368442397587,0.2548251696308596,-0.009066118950879151
19,gpboost_exact,203,0.8086345303464828,0.7318719228159745,0.7090745699269174,0.26508427082972524,-0.09955996041956539
19,gpboost_exact,204,0.9560068536361498,0.9820622420813775,1.09636473125199,0.273144079115006,0.14035787761584018
19,gpboost_exact,205,0.6425169907912895,0.7161307961749861,0.40310584838127816,0.27892849777261686,-0.23941114241001138
19,gpboost_exact,206,0.6212867869761931,0.5891880841658137,0.3209406892497366,0.2856168294890271,-0.3003460977264565
19,gpboost_exact,207,1.7267380524000813,1.7830912335305877,1.463693192306657,0.28352188864545497,-0.2630448600934243
19,gpboost_exact,208,0.9951177440274961,0.952837184811825,0.8064163907344337,0.2815184169448361,-0.18870135329306237
19,gpboost_exact,209,0.18244033895964987,0.2058026546476901,0.17532061772211982,0.23937296446616244,-0.007119721237530047
19,gpboost_exact,210,1.6996263330748838,1.6244440146851082,1.2573330896865116,0.30444516998021726,-0.44229324338837217
19,gpboost_exact,211,0.2457609452959411,0.2653459636379243,0.8890240344329037,0.29259894987229834,0.6432630891369626
19,gpboost_exact,212,0.5721030277521715,0.5323769044697999,0.6717141764793642,0.2791698441700589,0.09961114872719268
19,gpboost_exact,213,0.5067874957772978,0.4780629297057579,0.9111379964280015,0.26085838300375036,0.40435050065070377
19,gpboost_exact,214,0.12881661547353734,0.18492226106438955,0.04911229773213854,0.29491511491959344,-0.0797043177413988
19,gpboost_exact,215,0.10148001414338623,0.1188532321615262,-0.6316828597264088,0.313890487629842,-0.7331628738697951
19,gpboost_exact,216,-1.0916759641772917,-1.1243448693558182,-1.171274786118321,0.28961294950869393,-0.0795988219410293
19,gpboost_exact,217,-1.0648945033101285,-1.0812848510443387,-0.9222245299216878,0.25791079999335126,0.14266997338844067
19,gpboost_exact,218,0.9488195858631358,0.8324665943948529,0.8313491763378309,0.30084693474806173,-0.11747040952530485
19,gpboost_exact,219,0.316399781096793,0.4159443175978828,0.2186374169470655,0.2946713277394045,-0.0977623641497275
19,gpboost_exact,220,1.3658736421988467,1.505139613963695,1.5130093769357593,0.27144058588300796,0.14713573473691266
19,gpboost_exact,221,0.6325951562154704,0.6661941308768213,0.26649848582097846,0.2730496242789976,-0.3660966703944919
19,gpboost_exact,222,1.2638861137618376,1.1317040707810833,0.9718342438088499,0.2753488056357061,-0.2920518699529877
19,gpboost_exact,223,1.9311743062851092,2.1626885465704184,2.0048498540639335,0.2935750987337041,0.07367554777882424
19,gpboost_exact,224,2.000051344070062,1.9535241320330963,0.8840142890974674,0.3855997284062513,-1.1160370549725944
19,gpboost_exact,225,0.8453891163030492,0.9285307504056161,0.757663407032318,0.2583647100590629,-0.0877257092707312
19,gpboost_exact,226,0.7707877984012848,0.7583561723106615,0.5583650812695407,0.2784819884572838,-0.2124227171317441
19,gpboost_exact,227,0.8190272398154652,0.7995703619471908,0.6708137785982666,0.2900954708679887,-0.14821346121719858
19,gpboost_exact,228,1.3156632703364137,1.2572840592102068,1.093017593623121,0.3272392492724561,-0.22264567671329272
19,gpboost_exact,229,1.58647557327274,1.4547282046661179,1.6675102489441338,0.2709652313462184,0.08103467567139377
19,gpboost_exact,230,-0.30926414181159806,-0.46656441759640727,-0.7536906767775537,0.26200123768266126,-0.4444265349659557
19,gpboost_exact,231,-0.053110833043136935,-0.11706194556341887,-0.15071890972222235,0.28628096357322214,-0.09760807667908541
19,gpboost_exact,232,-0.005135714121718163,-0.07026666870969428,0.378385991322439,0.27246268504434784,0.38352170544415715
19,gpboost_exact,233,0.3952856027372655,0.37155602111011626,0.33769603412812366,0.28069888249148683,-0.05758956860914183
19,gpboost_exact,234,0.7066393926212244,0.6336274296444293,0.48357174794458757,0.4280366278983994,-0.22306764467663687
19,gpboost_exact,235,0.3213514963139955,0.2311101390111443,0.741345482648204,0.31587902362321024,0.4199939863342085
19,gpboost_exact,236,1.5644589003721565,1.4724541713680368,1.5312864098560697,0.2885009358675937,-0.03317249051608684
19,gpboost_exact,237,1.0051530830964484,1.0239525165838097,0.6808550856952795,0.2853225293114726,-0.3242979974011688
19,gpboost_exact,238,-0.32508623442930734,-0.29175376087684984,-0.4667366834057738,0.2408737807410392,-0.14165044897646645
19,gpboost_exact,239,-1.4311446608025842,-1.4968058543938865,-1.2659924259549644,0.2570947890240506,0.16515223484761976
19,gpboost_exact,240,-0.7643544024725067,-0.8067361459499436,-0.8357599305432419,0.2691498590936171,-0.07140552807073519
19,gpboost_exact,241,1.6142895408498938,1.6480932978712688,1.3805032198596212,0.3066353669239009,-0.23378632099027263
19,gpboost_exact,242,-0.03701955841769655,-0.034675005645737514,-0.3930031540336163,0.2905087651675671,-0.35598359561591975
19,gpboost_exact,243,1.8184606397053154,1.7402948504091675,1.9740568152316333,0.2598786949264578,0.155596175526318
19,gpboost_exact,244,-0.8555009847261239,-0.7753837508126805,-0.7127288280273314,0.2650875543361532,0.1427721566987925
19,gpboost_exact,245,0.32078211911053833,0.3507819534851631,0.2963670157601843,0.3073472779399396,-0.024415103350354017
19,gpboost_exact,246,1.6645197642258325,1.793019627287231,1.5010528333209718,0.30450079807653596,-0.16346693090486064
19,gpboost_exact,247,-0.17299993084756857,-0.22242282886918785,-0.7912578696557633,0.314933034033302,-0.6182579388081947
19,gpboost_exact,248,0.44197786405699185,0.4877848521381197,0.4823470347596981,0.2787527979060844,0.040369170702706236
19,gpboost_exact,249,0.4392372734742227,0.4630922734363292,0.6506311527819406,0.3817966037867739,0.2113938793077179
19,gpboost_exact,250,0.8680849527837954,0.9362560727574237,0.586083758919294,0.2878962497831897,-0.2820011938645014
19,gpboost_exact,251,0.21096529193200042,0.24932396100779985,0.18519149144581526,0.3086102717870677,-0.02577380048618516
19,gpboost_exact,252,-0.22595531960155318,-0.15303854842556747,-0.5962242126931567,0.2811494658699807,-0.37026889309160355
19,gpboost_exact,253,1.143832346753451,1.2013435802298085,1.188574313167738,0.2895351124745575,0.04474196641428696
19,gpboost_exact,254,-0.11899797196389234,-0.24860970305346566,0.08700452477032883,0.27222555652280794,0.20600249673422116
19,gpboost_exact,255,0.41352709604554955,0.4682213325730537,0.771766028315886,0.25705438562669547,0.3582389322703365
19,gpboost_exact,256,1.4141599204507498,1.426109073972304,1.3533624760705152,0.31442877249915063,-0.0607974443802346
19,gpboost_exact,257,0.7391132538359437,0.7393571931540684,0.7144925046521955,0.29819173185273096,-0.024620749183748236
19,gpboost_exact,258,1.092671758946406,1.0949229471175181,0.9170513594030734,0.27796746423996377,-0.17562039954333253
19,gpboost_exact,259,1.531904715570294,1.6366858904989683,1.0015532724225196,0.3138070830905492,-0.5303514431477745
19,gpboost_exact,260,-0.4286695969889687,-0.5142157201724451,-0.6371655244043719,0.25751349518148586,-0.20849592741540318
19,gpboost_exact,261,0.5060114350493303,0.5973096962202851,0.2321089467111257,0.2571279769328506,-0.27390248833820463
19,gpboost_exact,262,1.0711702503770866,1.1049068029648257,0.34505623046206146,0.27818469056664646,-0.7261140199150251
19,gpboost_exact,263,-0.6590213250074161,-0.7184236230721073,-0.40739928048746066,0.276597156616896,0.2516220445199554
19,gpboost_exact,264,0.8741767783270573,0.7797417478587183,0.47354245338125445,0.2761491616346131,-0.40063432494580287
19,gpboost_exact,265,1.009926052544616,1.004426626644542,1.0428078290426672,0.2598848217034463,0.03288177649805113
19,gpboost_exact,266,0.43064031212282194,0.19903338326499037,0.47104848402841704,0.2781188994383664,0.04040817190559509
19,gpboost_exact,267,0.44346464828712034,0.4923281872290996,0.32629830965929063,0.3049071945906458,-0.11716633862782971
19,gpboost_exact,268,0.5768310934579438,0.4268120406234128,0.13839856495179248,0.32211095998965883,-0.43843252850615133
19,gpboost_exact,269,0.5516288278550286,0.5344990827560886,1.0271017094889636,0.2648352779683532,0.475472881633935
19,gpboost_exact,270,0.7190950784354633,0.6022372339953233,0.40774925467076173,0.2952100818172226,-0.31134582376470155
19,gpboost_exact,271,-0.0010342464169979249,0.0786218490049388,-0.03146011309932106,0.2863684477463126,-0.03042586668232314
19,gpboost_exact,272,1.5689101683098254,1.4735401511560589,0.9671655688580021,0.31088846646583085,-0.6017445994518233
19,gpboost_exact,273,1.0401987797045926,1.1246750383392285,1.005052701417224,0.24074041205734104,-0.03514607828736871
19,gpboost_exact,274,1.392217216166144,1.3926855700061245,1.3839303424354963,0.27343834861681277,-0.008286873730647626
19,gpboost_exact,275,-0.72288115445523,-0.6551531461655744,-0.6988051273016307,0.2551208534591441,0.024076027153599355
19,gpboost_exact,276,0.829345774316984,0.8179307064124607,0.6846981289779137,0.29628276935509334,-0.14464764533907026
19,gpboost_exact,277,-0.9588054147971101,-0.8714262782430641,-1.155403034245662,0.2806717419169479,-0.19659761944855192
19,gpboost_exact,278,1.150028449957313,1.1967155874081632,0.8879053720844894,0.29117451848536696,-0.26212307787282363
19,gpboost_exact,279,-0.4120117066042907,-0.44957181870466495,-0.4443169561778184,0.30142662763499717,-0.032305249573527706
19,gpboost_exact,280,-0.8609935711599856,-0.8624110689657775,-0.5017733517359488,0.3164731720012947,0.3592202194240368
19,gpboost_exact,281,0.7529795841742634,0.6858179810573236,0.9993557016264116,0.27757213996562324,0.24637611745214827
19,gpboost_exact,282,1.19567162126248,1.081306178802468,1.3003365913869622,0.27245570725516316,0.10466497012448217
19,gpboost_exact,283,1.509727191705259,1.613526977573499,1.1300349366418239,0.29632351363225184,-0.3796922550634352
19,gpboost_exact,284,-0.29108453014210467,-0.41655288056106754,-0.8226406709440877,0.33393442234319837,-0.531556140801983
19,gpboost_exact,285,-0.033806421035472004,0.039653355511215835,0.2996867198761439,0.24097058628647147,0.3334931409116159
19,gpboost_exact,286,1.4254514692031828,1.4775827357714773,1.6449440210886923,0.25337068443343164,0.21949255188550953
19,gpboost_exact,287,-0.08497633214683917,-0.1216728026935863,-0.17831528068430025,0.249992596913102,-0.09333894853746108
19,gpboost_exact,288,0.2625331342183572,0.2617133893952738,-0.09933586631862212,0.29516336907014723,-0.36186900053697935
19,gpboost_exact,289,1.7673905167883373,1.745137176932272,1.4501015192246332,0.27565737841037674,-0.3172889975637041
19,gpboost_exact,290,1.2192473058906996,1.156369020924078,1.374668516886418,0.27306507422550624,0.15542121099571826
19,gpboost_exact,291,-0.025811117794524052,0.032896001017770765,0.048012513551762837,0.3254974382022594,0.07382363134628689
19,gpboost_exact,292,0.02022552895480656,0.04352212061544024,-0.21096656659873325,0.286786563094711,-0.2311920955535398
19,gpboost_exact,293,0.10240588251685825,0.08578611595903109,0.3059220794180746,0.2911266733433674,0.20351619690121633
19,gpboost_exact,294,0.6934546863523542,0.6840036153527325,0.7387990634369785,0.27788889380934206,0.045344377084624354
19,gpboost_exact,295,0.776205633903027,0.8589836977535945,0.6382212291089431,0.2754024477263095,-0.13798440479408391
19,gpboost_exact,296,1.1716990635672508,1.2504244081464446,1.2154421875849426,0.2751080920781128,0.04374312401769176
19,gpboost_exact,297,0.25291771274110586,0.4112273005881537,0.36928103712228655,0.27968452911442243,0.11636332438118069
19,gpboost_exact,298,1.3499733741081854,1.4747077723565385,1.3994624699996043,0.27463649282722613,0.04948909589141892
19,gpboost_exact,299,0.5046529206065224,0.689250295963788,0.4408683789632786,0.2701534689057066,-0.06378454164324387
20,gpboost_exact,0,-0.4245204664227644,-0.3813500863784184,-0.20409404762945194,0.4993932498557108,0.22042641879331248
20,gpboost_exact,1,-0.6647601597186266,-0.5515381561629373,-0.1417410347729815,0.3655014051135417,0.5230191249456451
20,gpboost_exact,2,0.5619622008643077,0.5353013760643363,0.07225985943692059,0.34781753571260704,-0.4897023414273871
20,gpboost_exact,3,0.6396466328788867,0.5764503150778602,0.4138199794679318,0.3938322660916661,-0.22582665341095487
20,gpboost_exact,4,-0.3473530855666408,-0.41237856927210337,-0.3881577730135257,0.33370055652184694,-0.040804687446884924
20,gpboost_exact,5,-0.6708105536482948,-0.6805440214606865,-0.914395714855968,0.3221294664025268,-0.24358516120767326
20,gpboost_exact,6,-0.18636128403043994,-0.25309833098998724,0.24661750924277825,0.4321423435871366,0.4329787932732182
20,gpboost_exact,7,0.015458470233455868,0.17094985781963132,-0.04672716010747546,0.34664124213131153,-0.06218563034093133
20,gpboost_exact,8,0.495886564129536,0.5521161065630741,0.5951093877694866,0.3009844272619505,0.09922282363995061
20,gpboost_exact,9,-0.0847856587301502,-0.06289977237480146,-0.4005702996637672,0.30831560835865046,-0.315784640933617
20,gpboost_exact,10,0.20740467088279713,0.2934380975075931,0.30727305019312023,0.29464500046071485,0.09986837931032311
20,gpboost_exact,11,0.09438892966242873,0.12516818736662944,-0.13512802054017525,0.27467971642518996,-0.229516950202604
20,gpboost_exact,12,1.3332707375210529,1.3482904629791155,0.7576378329890665,0.4399201650985355,-0.5756329045319863
20,gpboost_exact,13,-0.09811676941109065,-0.260839800051485,0.016538235817989744,0.3578656744966595,0.1146550052290804
20,gpboost_exact,14,-0.6206434120183904,-0.753994481620573,-0.7461326175377598,0.2654569187161376,-0.12548920551936948
20,gpboost_exact,15,0.38326574541983777,0.41978242706675445,0.5118858228495524,0.16082438082415063,0.12862007742971465
20,gpboost_exact,16,0.4381350520711833,0.5979443081149503,0.041597142566023315,0.37227980564153507,-0.39653790950516
20,gpboost_exact,17,0.5784131247684212,0.544805908152335,-0.08379246211115099,0.38422842094337395,-0.6622055868795722
20,gpboost_exact,18,0.06274211784286206,-0.016065091022435918,-0.11511916062345318,0.30919859400526734,-0.17786127846631522
20,gpboost_exact,19,0.16528737712241098,0.2991557686503213,0.04195044757296351,0.2272909393453128,-0.12333692954944747
20,gpboost_exact,20,0.27393039919910944,0.21460740082202387,0.7036062210806997,0.337588952026091,0.42967582188159026
20,gpboost_exact,21,-0.04302189488844632,0.07305958942310264,-0.3033514239069941,0.3251360733730447,-0.2603295290185478
20,gpboost_exact,22,-1.223497267540512,-1.3463900737784442,-0.12251155171601802,0.44136280905775577,1.100985715824494
20,gpboost_exact,23,-0.7879422216395928,-0.6998243707646439,0.07257943360519503,0.4321082637278095,0.8605216552447879
20,gpboost_exact,24,0.3849098152265412,0.36977721065860303,0.268391098376882,0.3526121083373371,-0.1165187168496592
20,gpboost_exact,25,-0.619709144456468,-0.7253267488622543,-0.693169431390265,0.293648305944133,-0.07346028693379703
20,gpboost_exact,26,0.3917519168999486,0.5572227578075704,0.5889535659843981,0.27861609929055353,0.19720164908444948
20,gpboost_exact,27,-0.43260887692183925,-0.6702079788218146,-0.44531929666634174,0.30853878748500696,-0.012710419744502488
20,gpboost_exact,28,-0.09900807271123958,-0.21787460995554903,-0.33131622987795684,0.36874449622182476,-0.23230815716671727
20,gpboost_exact,29,-0.18124226054392176,-0.06615620075803857,-0.5786469726642149,0.31368443092422327,-0.39740471212029316
20,gpboost_exact,30,-0.016314169371558662,-0.13923095193363297,-0.3305550416162957,0.36835818014467453,-0.314240872244737
20,gpboost_exact,31,1.2717786017863362,1.4675496048673364,1.0238069361618365,0.2722027794992667,-0.24797166562449968
20,gpboost_exact,32,0.3801787321263783,0.4732064253687373,0.22046570454702508,0.3219539199281341,-0.15971302757935324
20,gpboost_exact,33,-0.17653772543646662,-0.16473857264688488,-0.036855378987793674,0.41474434129281007,0.13968234644867294
20,gpboost_exact,34,0.8532536394196576,0.7925677792868262,0.8693038970755596,0.2400266004073603,0.016050257655901956
20,gpboost_exact,35,-0.3347402762531563,-0.13033655477626707,-0.3697840339589842,0.32373477894261593,-0.035043757705827905
20,gpboost_exact,36,-0.4766188975291795,-0.4822360543990574,-0.14952707880042126,0.42182131900310627,0.32709181872875825
20,gpboost_exact,37,-0.22232657971903363,-0.23505990739230984,0.0420703800576101,0.25353984357555437,0.26439695977664374
20,gpboost_exact,38,-0.12746487890644786,-0.10626327211183367,-0.20574140018607512,0.417724427982145,-0.07827652127962725
20,gpboost_exact,39,0.20251802277028752,0.27176622406353296,0.3753208351296835,0.20469604823944867,0.17280281235939599
20,gpboost_exact,40,-0.16545095178198344,-0.09859511983052556,0.06811825914443226,0.3710040962621381,0.2335692109264157
20,gpboost_exact,41,-1.056750634950585,-1.1996339201766697,-0.1927871932309584,0.42731691536155947,0.8639634417196267
20,gpboost_exact,42,-1.1934204895795757,-1.161318776659819,-0.14191167138152494,0.38179910268790535,1.0515088181980508
20,gpboost_exact,43,0.8400725046945174,0.8312612082663065,0.8164415561354068,0.26881871706432686,-0.02363094855911063
20,gpboost_exact,44,-0.1732343231916588,-0.0014747188234078557,-0.25444845060427834,0.36708164349354283,-0.08121412741261955
20,gpboost_exact,45,-0.29641492121856705,-0.31802006026202856,-0.29007742551883897,0.3508679039618243,0.00633749569972808
20,gpboost_exact,46,0.6479462678903972,0.5032078749011075,0.14509295349293083,0.3421632732348026,-0.5028533143974664
20,gpboost_exact,47,0.4100525470510018,0.2705225490853542,-0.09176751233379377,0.4583613254308514,-0.5018200593847956
20,gpboost_exact,48,0.696544625292852,0.7492253899721264,0.26507340247139766,0.33158655981792545,-0.43147122282145434
20,gpboost_exact,49,0.4737783643660555,0.6180747855704793,0.31531577520453125,0.21395595598898914,-0.15846258916152428
20,gpboost_exact,50,0.5082756024306953,0.5364246591028079,0.34335759858542314,0.3628795001391953,-0.1649180038452721
20,gpboost_exact,51,1.115006329333219,1.2561183870806665,0.7168693135788375,0.3737272385479494,-0.39813701575438154
20,gpboost_exact,52,-0.672427824995958,-0.7590113184180582,-0.4033429706688416,0.28068575623786624,0.2690848543271164
20,gpboost_exact,53,0.17963023556902818,0.3055718896624551,-0.11590539619780893,0.31882271256797307,-0.2955356317668371
20,gpboost_exact,54,-1.4946070795602178,-1.4671442190332793,-1.1302110924419395,0.3126923174521443,0.36439598711827825
20,gpboost_exact,55,1.094117071747049,1.0594856191174593,0.5519157363633025,0.3937997961923805,-0.5422013353837465
20,gpboost_exact,56,0.1681746105981285,0.1758211348821785,0.028314966510270878,0.35683761558688565,-0.13985964408785762
20,gpboost_exact,57,-0.6521726002508408,-0.6337245552199429,-0.2196368349844482,0.41722048592228966,0.4325357652663926
20,gpboost_exact,58,-0.023836626203057806,0.09670832603978323,-0.1000755312125583,0.1715809897832174,-0.0762389050095005
20,gpboost_exact,59,-0.484966912829407,-0.5030348494436688,-0.018775553109326992,0.3166007158417307,0.46619135972008
20,gpboost_exact,60,1.1679962357684035,1.1178737415743674,0.5526862523045795,0.39661494174378603,-0.615309983463824
20,gpboost_exact,61,0.2874080942101709,0.23843798738379576,-0.060723896613997574,0.27752260061492284,-0.34813199082416846
20,gpboost_exact,62,0.3158392845975354,0.27346617818817026,0.43100516507935405,0.33349775603078696,0.11516588048181864
20,gpboost_exact,63,-0.30510495368163604,-0.0955287436779893,-0.13066064967166824,0.3862884279411728,0.1744443040099678
20,gpboost_exact,64,-0.6281118087181647,-0.542028675075747,0.03025864830187075,0.31554617216931913,0.6583704570200355
20,gpboost_exact,65,0.37127064738566773,0.5126057551582472,0.09045786758643404,0.3054951501142158,-0.2808127797992337
20,gpboost_exact,66,-0.37727386763664106,-0.460139450124858,-0.09511908742560582,0.321900077195947,0.28215478021103524
20,gpboost_exact,67,-0.9893002498807011,-0.9461426899335817,-0.6929858074494764,0.33359592701029106,0.29631444243122473
20,gpboost_exact,68,0.6784117254589631,0.717936415137368,0.7597655764472151,0.25293924463022954,0.08135385098825199
20,gpboost_exact,69,0.4207636147158168,0.34773941672080355,0.4568452599111241,0.34907924113406513,0.03608164519530732
20,gpboost_exact,70,-0.0696576235752559,-0.1956675573061282,0.2633871469501363,0.3675478035329344,0.3330447705253922
20,gpboost_exact,71,0.36467698741612875,0.25566789311678,0.6715453033906256,0.29636493351881793,0.3068683159744968
20,gpboost_exact,72,-0.2584974682753924,-0.1701852570780847,-0.3135019116179292,0.36709272002129356,-0.05500444334253679
20,gpboost_exact,73,-0.7183422266113003,-0.701074964630648,-0.3660415549032061,0.41438888749985503,0.3523006717080942
20,gpboost_exact,74,-1.37979599346765,-1.5433903558210011,-1.2663119941259868,0.3686677776085975,0.1134839993416632
20,gpboost_exact,75,-0.9413147846682783,-1.1224061042999425,-0.7736167387416515,0.21120559620069304,0.16769804592662685
20,gpboost_exact,76,0.7065612554095986,0.6784859950109511,0.27845054600846897,0.3479621820800549,-0.4281107094011296
20,gpboost_exact,77,-0.4240349082630591,-0.629649707712848,-0.164862506363598,0.36759983957721637,0.2591724018994611
20,gpboost_exact,78,-0.012370788999412907,0.17553237970171645,-0.10279579722303955,0.36322479356957826,-0.09042500822362665
20,gpboost_exact,79,0.46356336223456107,0.5610519251991175,0.11142843531861857,0.3500806470277984,-0.3521349269159425
20,gpboost_exact,80,0.9029656332415892,0.8805757044289519,1.0128414643592696,0.27784894108183406,0.1098758311176804
20,gpboost_exact,81,-0.10468431499250985,0.004515756469257018,-0.13129346618788285,0.38569859040876825,-0.026609151195372993
20,gpboost_exact,82,-0.49621219725839116,-0.5330879205934672,-0.2277232598341321,0.27382047701877393,0.26848893742425906
20,gpboost_exact,83,0.30039327818083517,0.37023274851215643,0.3356739633265713,0.36454266791654294,0.035280685145736124
20,gpboost_exact,84,1.3779598449277195,1.4148609394736087,0.579084605861425,0.40010829050043273,-0.7988752390662945
20,gpboost_exact,85,-0.21568143828288389,-0.3169105491460076,-0.17931382155755937,0.37570619763818575,0.036367616725324514
20,gpboost_exact,86,0.319475825549355,0.49339066916962737,0.21521234493170205,0.33442090908917477,-0.10426348061765295
20,gpboost_exact,87,0.7811824904936474,0.7754402371422,0.4463618812411845,0.374078590688468,-0.33482060925246293
20,gpboost_exact,88,0.518483005275843,0.7158764088591772,-0.04747579148892811,0.45414840522301125,-0.5659587967647711
20,gpboost_exact,89,-1.5319499701764436,-1.595167323967356,-1.071403004415446,0.2943238213656508,0.46054696576099774
20,gpboost_exact,90,0.6565628692173945,0.7580042209045574,0.39851361230593696,0.39467639410779765,-0.2580492569114575
20,gpboost_exact,91,-0.3757809657095754,-0.42485103221677223,-0.25401028709321505,0.3945212164235882,0.12177067861636037
20,gpboost_exact,92,0.18299681692592767,0.19839864631167015,-0.04409109575074366,0.3656508578749435,-0.22708791267667133
20,gpboost_exact,93,-0.5523722882711495,-0.5755252186056139,-0.9101285477019108,0.2864315145232145,-0.3577562594307613
20,gpboost_exact,94,0.30565177061224785,0.18469837895523344,0.14809247752585808,0.3484569420375629,-0.15755929308638977
20,gpboost_exact,95,-0.14536862260727468,-0.2122431632901915,-0.12600604765073609,0.4140828063774846,0.019362574956538592
20,gpboost_exact,96,-0.7555528710199745,-0.5128346450129342,-0.448211136490686,0.28353386175501066,0.3073417345292885
20,gpboost_exact,97,-0.47834823444577107,-0.5960098637753523,-0.04731525751893262,0.2648168776119342,0.43103297692683845
20,gpboost_exact,98,0.5686294740212079,0.5442006934684253,0.7774712002699733,0.2985931952015786,0.2088417262487654
20,gpboost_exact,99,0.05056329667735571,0.18110503437420541,-0.11787537897567435,0.3949416506425189,-0.16843867565303006
20,gpboost_exact,100,-0.5735770762289154,-0.5670420888650214,-0.36561814803484394,0.2817362724243838,0.20795892819407147
20,gpboost_exact,101,-0.7123770194337447,-0.8296692704514683,-0.43477577208656726,0.3005804260576509,0.2776012473471774
20,gpboost_exact,102,-0.3450542218509554,-0.3276511482403443,-0.20933081750051574,0.38481582385250473,0.13572340435043967
20,gpboost_exact,103,-0.18513960950468544,-0.11776977126914213,-0.5154211812403204,0.2978528862439562,-0.330281571735635
20,gpboost_exact,104,0.35209726616013126,0.420604516639505,0.20510112759781496,0.28586626312726865,-0.1469961385623163
20,gpboost_exact,105,0.06723052760292147,0.17450430680937556,-0.24955437488900056,0.29655132139878376,-0.31678490249192204
20,gpboost_exact,106,-0.20069502255786853,-0.10284128518780955,-0.11764359150393489,0.39512193660465944,0.08305143105393364
20,gpboost_exact,107,0.12214658276620613,0.14171377658517703,0.04468570597723298,0.3103133132526669,-0.07746087678897315
20,gpboost_exact,108,-0.717461629619774,-0.7252058082841789,-0.5426206629456387,0.3581777066892073,0.1748409666741353
20,gpboost_exact,109,-0.2525846946897605,-0.3959615127246442,-0.17656004845825013,0.48764698339086265,0.0760246462315104
20,gpboost_exact,110,0.39876780140832646,0.5784866500690447,0.4733503644232191,0.40064893087042486,0.07458256301489263
20,gpboost_exact,111,0.5549442645427392,0.5376346436646859,0.110049284583289,0.3772027281748482,-0.44489497995945015
20,gpboost_exact,112,-0.05823176877682873,-0.24989584071612997,0.1670196028961275,0.34259511671823417,0.22525137167295622
20,gpboost_exact,113,-0.08891728524131992,-0.03297002962956995,-0.1490475731469445,0.47091087621611705,-0.06013028790562458
20,gpboost_exact,114,0.13662034915278976,0.010097840236409666,-0.18640520043516418,0.2990891494429801,-0.32302554958795393
20,gpboost_exact,115,-0.2115990374984651,-0.15141343612223607,-0.3250596325072306,0.32865474642751136,-0.11346059500876549
20,gpboost_exact,116,-0.20272486421073965,-0.1504481471521033,-0.3470598635252702,0.3493329339999452,-0.14433499931453053
20,gpboost_exact,117,0.38419353617261437,0.27964488952740735,0.42834250255398576,0.40438742683990114,0.04414896638137139
20,gpboost_exact,118,-0.5420449994411259,-0.5917445131124566,0.13878632856714113,0.41514405877683064,0.6808313280082671
20,gpboost_exact,119,-0.7109650232309869,-0.8696556560666812,-0.7005727205570818,0.20660427207064652,0.010392302673905118
20,gpboost_exact,120,1.2043462024041987,1.2378009834970032,1.1586919340939223,0.27979007367660946,-0.0456542683102763
20,gpboost_exact,121,-0.08165347726818406,-0.08268529494920833,-0.20117133120609942,0.22836258067182424,-0.11951785393791536
20,gpboost_exact,122,0.3563859309456656,0.29051010740166283,0.5108418884778043,0.31236762269325524,0.1544559575321387
20,gpboost_exact,123,-0.7996097314081319,-0.8202183473905563,-0.8700475992724312,0.3221277784429299,-0.0704378678642994
20,gpboost_exact,124,-0.20269945977676573,-0.22755632715301932,-0.1722732473702191,0.18676633360695244,0.030426212406546638
20,gpboost_exact,125,0.7935276896071726,0.7495499512235227,0.9181790811549702,0.26412570052627804,0.12465139154779759
20,gpboost_exact,126,0.6015925863137161,0.6431177533838888,0.3940983152020143,0.26799191954390406,-0.20749427111170182
20,gpboost_exact,127,-0.2150606348248576,-0.28305293724413305,-0.28762248897806275,0.37697935392128296,-0.07256185415320515
20,gpboost_exact,128,0.4945659339300672,0.43320627266883255,0.3728668091477534,0.37624446420491087,-0.12169912478231382
20,gpboost_exact,129,-0.7259167273732035,-0.795680434612734,-0.3752043293798697,0.41255251023767797,0.35071239799333376
20,gpboost_exact,130,0.6873022185677373,0.6678629918900637,0.4367596861126861,0.4006648051413753,-0.2505425324550512
20,gpboost_exact,131,-0.43315823469700643,-0.41978277311061774,-0.39724843481244054,0.3108100023567458,0.035909799884565885
20,gpboost_exact,132,0.16871104848923407,0.05612427472274667,0.14610923896146133,0.351302519177279,-0.022601809527772743
20,gpboost_exact,133,0.8527849042203899,0.8686336181609495,0.8600254301419161,0.26283992897931907,0.007240525921526242
20,gpboost_exact,134,0.2509442721239979,0.10261809469304797,0.6380737032753072,0.3387867433451865,0.3871294311513093
20,gpboost_exact,135,0.13210205407862785,0.029438508002358088,-0.16662002660401543,0.3567927921850545,-0.2987220806826433
20,gpboost_exact,136,0.2411739918660581,0.21440932867129947,-0.3598376633945657,0.37013003463819566,-0.6010116552606237
20,gpboost_exact,137,0.2409570361670194,0.1920605993602676,-0.12778250065109464,0.2990498593996099,-0.36873953681811406
20,gpboost_exact,138,-0.28071855223561537,-0.2917107705290533,-0.27302224002001685,0.3887172893487076,0.007696312215598522
20,gpboost_exact,139,0.5171509252018947,0.2335362628852325,0.31048212419463894,0.3171039047806452,-0.2066688010072557
20,gpboost_exact,140,-0.5302557514221774,-0.49677475718759184,-0.5535523275749306,0.21589377718887154,-0.023296576152753157
20,gpboost_exact,141,-0.057886037091911646,-0.17939671073788716,-0.10291319637975338,0.3763832572437271,-0.045027159287841734
20,gpboost_exact,142,0.33012723557009016,0.3867949687264464,0.15403126589202998,0.33714399980630444,-0.17609596967806018
20,gpboost_exact,143,0.4402806202194559,0.270318184466242,0.12480217643328784,0.31026296257213487,-0.3154784437861681
20,gpboost_exact,144,0.03375043508992691,-0.23160796301013975,0.35725390565433246,0.4110749813732967,0.32350347056440554
20,gpboost_exact,145,-0.5205760889641711,-0.5903236855862424,-0.340991535630808,0.22309915319177986,0.1795845533333631
20,gpboost_exact,146,-1.5501631523489137,-1.668063877275338,-1.312607584545404,0.3730421802574848,0.23755556780350973
20,gpboost_exact,147,-0.18186897802598012,-0.08302400822248181,-0.2867394877869729,0.3868393903135347,-0.10487050976099277
20,gpboost_exact,148,-0.4492322317061196,-0.44821883301344906,-0.5130885117431383,0.2622209868947783,-0.06385628003701871
20,gpboost_exact,149,0.28787407462861386,0.11223510706041556,-0.21952321361788885,0.36465372282008024,-0.5073972882465028
20,gpboost_exact,150,0.37019957360024286,0.5341864380695578,0.06551546090955895,0.27613833256344955,-0.3046841126906839
20,gpboost_exact,151,-0.45863703399157096,-0.6533489993300191,-0.04209767040402479,0.3472026582525594,0.4165393635875462
20,gpboost_exact,152,-0.03133464522856998,0.12725713412020745,-0.047282867808688955,0.3344371965906734,-0.01594822258011898
20,gpboost_exact,153,-0.3687324844318619,-0.33366868180425513,-0.18252775745023087,0.39006982069530377,0.18620472698163104
20,gpboost_exact,154,-1.0106841395774335,-0.9850480065535041,-0.005394915126659683,0.3774896599660817,1.0052892244507738
20,gpboost_exact,155,0.45178745906825246,0.3821611592865522,0.22450898043635537,0.3663563602330435,-0.2272784786318971
20,gpboost_exact,156,-0.1983814617707208,-0.19712501980058036,-0.4346390097739423,0.35551371500868917,-0.23625754800322152
20,gpboost_exact,157,0.5502582991657816,0.4678186832468435,0.5724258191992,0.358670116340778,0.022167520033418375
20,gpboost_exact,158,0.13218237880693806,0.17485784207791474,0.3378230302130385,0.3226468868392815,0.20564065140610044
20,gpboost_exact,159,-1.097472277431785,-1.0885569296577833,-1.0567676555308116,0.36270746526541725,0.04070462190097346
20,gpboost_exact,160,-0.3135209177830689,-0.3050061349918666,-0.39205923203922133,0.30960490867531504,-0.07853831425615243
20,gpboost_exact,161,0.87598551371856,0.9116498185548477,0.9146688849279636,0.2307012754849054,0.03868337120940357
20,gpboost_exact,162,-0.796144536562182,-0.7901773217677658,-0.7631527875714532,0.3222425985176817,0.032991748990728764
20,gpboost_exact,163,0.92034149940372,0.7884797012466577,0.9360442613040263,0.29948066296023373,0.015702761900306283
20,gpboost_exact,164,-0.45116750814253276,-0.42170010854185713,-0.23728808830195947,0.38432259485834036,0.2138794198405733
20,gpboost_exact,165,-0.2537522503275264,-0.21594763490373892,0.07343834557890094,0.39895188168445817,0.32719059590642735
20,gpboost_exact,166,0.6906017372455086,0.7657713318986157,0.44654275772903596,0.24580991909733055,-0.2440589795164726
20,gpboost_exact,167,-0.4534449867274703,-0.39877211986461286,-0.11347441208553466,0.30923469488911237,0.33997057464193564
20,gpboost_exact,168,-0.07540141838080622,-0.09573594169734688,0.16711540602514674,0.3706170643396272,0.24251682440595296
20,gpboost_exact,169,-0.5565219309768566,-0.5011130616708441,-0.048657178129484,0.33666238886848504,0.5078647528473726
20,gpboost_exact,170,-0.23366264713616036,-0.22533649058273014,-0.3936191792887378,0.35827732939651014,-0.15995653215257744
20,gpboost_exact,171,-0.38434341066370037,-0.4409616724930609,-0.5378413511389404,0.3171188837237801,-0.15349794047524
20,gpboost_exact,172,1.164831643196739,1.104238334258995,1.0320545418663576,0.30139441036088094,-0.13277710133038134
20,gpboost_exact,173,-0.531584441836313,-0.7510055965347192,-0.692731351217792,0.30292497839851423,-0.1611469093814789
20,gpboost_exact,174,-0.20989622256147566,-0.13866492675500658,0.1389341182990358,0.29560986003623946,0.34883034086051146
20,gpboost_exact,175,0.7650288266416233,0.5487861177303,0.7401535595847624,0.31875749343621645,-0.02487526705686094
20,gpboost_exact,176,-0.3831898274619303,-0.15484691885443014,-0.16308040829262982,0.35075901118440656,0.2201094191693005
20,gpboost_exact,177,-0.5751067753988596,-0.5342928588569616,-0.49838099267469627,0.4057400211752452,0.0767257827241633
20,gpboost_exact,178,0.09425402392015492,-0.06799234247951699,0.18090806011896454,0.23954988708318314,0.08665403619880963
20,gpboost_exact,179,-0.46201960778989615,-0.5026642476972651,-1.1778002344617642,0.36230734954370886,-0.715780626671868
20,gpboost_exact,180,0.7362513061001443,0.8344387638269991,0.2878693274587527,0.37106131793724667,-0.4483819786413916
20,gpboost_exact,181,-0.5938499792786323,-0.6756288150798134,-0.39102094598263015,0.29326375229691154,0.2028290332960021
20,gpboost_exact,182,-0.9143486877614693,-0.9892627700229973,-0.32401287567057047,0.31833558404574763,0.5903358120908988
20,gpboost_exact,183,-0.24363958418476805,-0.23124948841496826,-0.2203584106219063,0.3188101353790439,0.023281173562861746
20,gpboost_exact,184,-0.44533865050757937,-0.38451261124446356,-0.3315844905399796,0.3553335709402463,0.11375415996759974
20,gpboost_exact,185,-0.19413877075090813,-0.19033684364046344,0.045627271598299046,0.35429551972787743,0.23976604234920718
20,gpboost_exact,186,-0.49240887292586266,-0.46213794902852057,0.07824834118002233,0.27496081629973584,0.570657214105885
20,gpboost_exact,187,0.208028279812783,0.20905102498552902,0.12315340635082572,0.2794543797672708,-0.08487487346195727
20,gpboost_exact,188,-0.2989502400320716,-0.37234524253003237,-0.05057098478517519,0.44368750395016143,0.2483792552468964
20,gpboost_exact,189,-0.20185832241806678,-0.1753416005282597,0.06619102710445812,0.3662254639942032,0.2680493495225249
20,gpboost_exact,190,0.46092798841963406,0.4064161882927517,0.3692853150246522,0.35009619946305276,-0.09164267339498183
20,gpboost_exact,191,-0.4205955762511896,-0.5093861931068635,-0.44849790691222413,0.36286767215289956,-0.027902330661034536
20,gpboost_exact,192,0.782493605943053,0.6663834320943182,0.7147043611499733,0.30109460695047335,-0.06778924479307968
20,gpboost_exact,193,-0.11342374908977387,-0.2049104133131443,-0.16452391795278754,0.27416786965105533,-0.05110016886301366
20,gpboost_exact,194,-0.4201753319833299,-0.6014379379110768,-0.2884619801201316,0.33289784205963413,0.13171335186319832
20,gpboost_exact,195,0.2705370840303727,0.24890367325531168,0.08634208692112333,0.36149660045766796,-0.18419499710924936
20,gpboost_exact,196,0.8084310199067412,0.5767036492515014,0.36811617895979065,0.3732028286032692,-0.4403148409469505
20,gpboost_exact,197,0.2637925347085356,0.42155034220523924,-0.05822904838912768,0.4661284023984893,-0.32202158309766327
20,gpboost_exact,198,1.3745175200186757,1.2490943045594813,0.7130050519642799,0.42550780668545485,-0.6615124680543958
20,gpboost_exact,199,0.07296424649588207,0.0906652497572453,-0.06006856599278532,0.39101842124997854,-0.13303281248866738
20,gpboost_exact,200,-1.3842345724949248,-1.4537622101922378,-0.14634740801636958,0.44689541596497134,1.2378871644785552
20,gpboost_exact,201,0.13455788999719254,0.17301893476060248,0.4424407103800645,0.2385746996686937,0.30788282038287196
20,gpboost_exact,202,-0.3623412279193906,-0.17858512043691274,-0.29472751555697974,0.2546538612440553,0.06761371236241087
20,gpboost_exact,203,-0.297992765227024,-0.24884560891318946,-0.18598282213850448,0.33095657473372175,0.11200994308851953
20,gpboost_exact,204,0.33840089023250836,0.4769398619345929,0.4935795711321207,0.40148134988197154,0.15517868089961234
20,gpboost_exact,205,-0.1171947206129457,-0.06111690255371993,-0.06961309346118982,0.3663788509162023,0.04758162715175587
20,gpboost_exact,206,0.1818170489471519,0.07462093087986738,-0.009620368441952465,0.271118324628635,-0.19143741738910436
20,gpboost_exact,207,-0.47021944797026316,-0.4911511404641736,-0.05844616118220447,0.427430941212436,0.4117732867880587
20,gpboost_exact,208,-0.5795286045694005,-0.6033056403209248,-0.12475690985541377,0.3693042557050967,0.4547716947139867
20,gpboost_exact,209,-0.8474764168391412,-0.9762074703516974,-0.6009402425445156,0.3133213160709083,0.2465361742946256
20,gpboost_exact,210,-0.34157011942423077,-0.46342117102947333,-0.26573969949787823,0.33761456568425385,0.07583041992635253
20,gpboost_exact,211,1.1995530520174111,1.266463045392422,0.6102282559719141,0.40482983094198827,-0.589324796045497
20,gpboost_exact,212,-0.07456460753429556,-0.17074435080398076,-0.16776367962838545,0.36060205019061653,-0.0931990720940899
20,gpboost_exact,213,0.42501668914730745,0.38652852511780433,0.25639025985390873,0.3421270307472389,-0.16862642929339872
20,gpboost_exact,214,0.02588679382326775,0.18978707215522686,-0.2538942055636122,0.4323061096829408,-0.27978099938687995
20,gpboost_exact,215,0.12049665627115372,0.16921073175184512,0.4064350726833945,0.4109864285239683,0.2859384164122408
20,gpboost_exact,216,0.26122050140815267,0.3492527373004739,0.2435906599100499,0.3718548204384209,-0.01762984149810276
20,gpboost_exact,217,0.835173817194842,0.9064639290930625,0.4745661263492247,0.3602027349696497,-0.3606076908456173
20,gpboost_exact,218,-1.3647890166907377,-1.148016641023884,-0.13871963827788747,0.4408999899316828,1.2260693784128502
20,gpboost_exact,219,1.082346214324061,1.146597029510239,0.6322233113162401,0.39346105590541885,-0.4501229030078209
20,gpboost_exact,220,-0.3976329751817202,-0.2825334110626913,0.22106646893516757,0.3937583532262621,0.6186994441168878
20,gpboost_exact,221,-0.6632134888676531,-0.7206542012542845,-0.030128279178610384,0.35638715187309133,0.6330852096890427
20,gpboost_exact,222,0.1284431880208493,0.11771656020464545,0.3792701637786271,0.4104888552719041,0.2508269757577778
20,gpboost_exact,223,-0.28992646529537236,-0.46809328706399433,-0.115466469493124,0.3364324342390159,0.17445999580224836
20,gpboost_exact,224,-0.22030114412070873,-0.24737476206407563,0.12636016280540563,0.3973714322339725,0.34666130692611435
20,gpboost_exact,225,-0.49128099468739495,-0.5272184846042928,-0.11950359905829977,0.3970411420823342,0.3717773956290952
20,gpboost_exact,226,0.05257873949250236,0.2232366952942915,0.2095202255756261,0.3526580226353967,0.15694148608312375
20,gpboost_exact,227,-0.35644578717214265,-0.30716946858351096,-0.10923665755653666,0.4047116987446722,0.24720912961560598
20,gpboost_exact,228,-1.043719149128413,-1.0165712971598402,-0.19839198946305325,0.42156525659274446,0.8453271596653598
20,gpboost_exact,229,-0.4627942926701093,-0.3649283458192003,-0.052729024543263225,0.443078312755987,0.41006526812684607
20,gpboost_exact,230,0.3863140469198926,0.44571896250224324,0.37434280315821455,0.44225915677993033,-0.011971243761678019
20,gpboost_exact,231,0.22718402495450046,0.18715060926861798,0.046734879532809304,0.3613217968688392,-0.18044914542169116
20,gpboost_exact,232,0.27067209180782276,0.31562706409201646,0.04026709683694607,0.3157732975195519,-0.2304049949708767
20,gpboost_exact,233,-0.395142805571419,-0.3026853978860716,-0.3855718831146415,0.2153694766788398,0.009570922456777486
20,gpboost_exact,234,-0.559131263991581,-0.5829471540360501,-0.2753621013509173,0.38131654731979503,0.28376916264066365
20,gpboost_exact,235,0.768359028385293,0.6751799778351008,0.3739565302097825,0.41496675053366844,-0.39440249817551054
20,gpboost_exact,236,0.43881793424684,0.5690820131071364,0.17532516901188844,0.3215379057165695,-0.2634927652349516
20,gpboost_exact,237,0.023464025312898984,0.0015962514663973339,-0.3373231746423371,0.3552819542053765,-0.36078719995523606
20,gpboost_exact,238,0.5980385539680572,0.46229420663192355,0.5150054706470089,0.3911262346297402,-0.0830330833210483
20,gpboost_exact,239,1.3701287022318174,1.4019761606560182,0.6033813336455882,0.40334438402964,-0.7667473685862292
20,gpboost_exact,240,0.15883080964097784,0.12864950843786957,0.3625053047800533,0.33927644618973996,0.20367449513907543
20,gpboost_exact,241,0.3136592915156246,0.23813339053776128,0.10961745902797038,0.364962426595576,-0.20404183248765423
20,gpboost_exact,242,-0.25933192954182827,-0.24876131670707874,0.028943195592249005,0.372634370696963,0.28827512513407727
20,gpboost_exact,243,0.06596954712732189,0.18458342327696697,-0.00014983534033596868,0.303443589348653,-0.06611938246765786
20,gpboost_exact,244,-0.05526194831769746,0.03929084282368589,-0.13656976563715162,0.4093818005212565,-0.08130781731945416
20,gpboost_exact,245,0.5128333005109456,0.4839715291921016,0.7220548784870706,0.34340658798933116,0.20922157797612506
20,gpboost_exact,246,-0.38258763596547146,-0.3116106122601996,-0.04667535826436531,0.4224153410780255,0.33591227770110615
20,gpboost_exact,247,-0.26267891456790315,-0.3928554140555139,-0.020673905869767584,0.347854934546739,0.24200500869813557
20,gpboost_exact,248,0.04794063063028853,0.1958896813495721,-0.16087481104254042,0.40575264256424837,-0.20881544167282895
20,gpboost_exact,249,-0.3448835648396642,-0.49745285072627754,-0.1930943350772889,0.494417730905183,0.1517892297623753
20,gpboost_exact,250,-0.12248779153131206,-0.20592889681879256,-0.1432110424048405,0.3614542585692637,-0.020723250873528443
20,gpboost_exact,251,0.35966513597022687,0.23705349425715694,0.17510234534804958,0.35847365852598506,-0.1845627906221773
20,gpboost_exact,252,-0.34440463410272304,-0.3161317374584178,-0.3334858536548806,0.2702304123858227,0.010918780447842447
20,gpboost_exact,253,-0.7308739091173537,-0.8474307520123923,-0.4077789193277601,0.31449079173492905,0.3230949897895936
20,gpboost_exact,254,0.526079384708036,0.4803194273208673,0.16745438585578665,0.494739530500714,-0.3586249988522493
20,gpboost_exact,255,0.9633300029750356,0.8669512272857671,0.7470574889989905,0.22919154293851907,-0.21627251397604508
20,gpboost_exact,256,-0.14796553830232223,-0.09828388321575408,0.10410097391832451,0.35384980973089336,0.25206651222064674
20,gpboost_exact,257,0.5858810654156562,0.6065075416022765,0.2719353058899503,0.3331962170436973,-0.3139457595257059
20,gpboost_exact,258,-0.1945378240750089,-0.22315847147008722,-0.2861319620361087,0.3501419213470183,-0.09159413796109978
20,gpboost_exact,259,-0.964729777654472,-0.9778369286692489,-1.2321999792648217,0.37233948548266993,-0.26747020161034973
20,gpboost_exact,260,-0.5576277961104952,-0.42773310090262484,0.07400571716046667,0.46331898627683404,0.6316335132709618
20,gpboost_exact,261,1.0818426750612047,1.0376523895856702,0.7728835659009929,0.43549553710114813,-0.30895910916021174
20,gpboost_exact,262,-0.5620200399207425,-0.7503519758379446,-0.45891187791500077,0.20040173034738218,0.10310816200574169
20,gpboost_exact,263,-0.3124362089413505,-0.27964064321341936,-0.1875982208652367,0.3778075223980196,0.12483798807611379
20,gpboost_exact,264,-0.6967588449583423,-0.6353563009143006,-0.3941349674207357,0.29297629023653315,0.30262387753760656
20,gpboost_exact,265,0.4695932461884291,0.4739716483047606,0.5956206614795247,0.32491035689394815,0.12602741529109562
20,gpboost_exact,266,-0.5302150793379026,-0.2917369982052053,-0.2828278450125712,0.29488312671927797,0.24738723432533138
20,gpboost_exact,267,-0.3541901519446551,-0.5905429799752007,-0.09988636995524658,0.3489726627333783,0.2543037819894085
20,gpboost_exact,268,0.08150898122067118,-0.07390424689352779,0.31977982538580907,0.3872853853175301,0.23827084416513789
20,gpboost_exact,269,-0.4046759625418501,-0.45190077789677907,-0.40635572158379407,0.22400597653697385,-0.0016797590419439512
20,gpboost_exact,270,-0.39417180936564733,-0.5597415531631187,0.013727815392646114,0.3633622077562486,0.40789962475829344
20,gpboost_exact,271,0.4466923064578966,0.49664319042544114,0.12196903135466464,0.33586150427290445,-0.32472327510323196
20,gpboost_exact,272,0.7007850603961383,0.5110789365061115,0.6609512222407421,0.35535620124509154,-0.039833838155396206
20,gpboost_exact,273,-0.10463205023991626,-0.14159217612495686,-0.05611698762174022,0.3798153358033396,0.048515062618176036
20,gpboost_exact,274,0.218878927814006,0.24087366716977243,0.3112201368754448,0.3516612905167494,0.0923412090614388
20,gpboost_exact,275,0.8090685601469787,0.7408794676296171,0.8506327884691727,0.2081166305163396,0.041564228322193975
20,gpboost_exact,276,-0.36617187878690965,-0.3911962838776704,-0.21397390981758413,0.3628834819022729,0.15219796896932553
20,gpboost_exact,277,0.09145265635502475,0.17998005172732678,0.11075634506625986,0.35740442694731467,0.019303688711235112
20,gpboost_exact,278,0.5111677621633071,0.5263175588499232,0.19076215654071182,0.3082114776833354,-0.32040560562259524
20,gpboost_exact,279,0.027953402571529007,0.060062569747629725,-0.0507247558501569,0.3682883410289709,-0.0786781584216859
20,gpboost_exact,280,-0.036092238231201196,0.031080793688239253,-0.004126880860344073,0.3478392420818523,0.03196535737085712
20,gpboost_exact,281,-0.09053369118541926,0.013266141065783277,-0.15129785520097894,0.22279456731517006,-0.060764164015559674
20,gpboost_exact,282,0.42620764410877443,0.4378669735828165,0.3483768839350061,0.3517391507997087,-0.07783076017376833
20,gpboost_exact,283,0.4318763496037325,0.5577267034354382,0.12975353383857513,0.35641754366190637,-0.30212281576515737
20,gpboost_exact,284,-1.0275359598257818,-1.0977434941703503,-0.1270614350427901,0.3726707483976463,0.9004745247829917
20,gpboost_exact,285,0.3006198065147251,0.29830607493133027,-0.08991288701947853,0.46060950130260186,-0.3905326935342036
20,gpboost_exact,286,-0.17585755062011565,-0.0835414273303655,-0.22585884108456922,0.44939829053223246,-0.05000129046445356
20,gpboost_exact,287,-0.05323083821925112,0.1325034260356831,-0.1299603632787063,0.4576664730747702,-0.07672952505945518
20,gpboost_exact,288,0.10222934095328623,0.16958762634055652,0.022619042477908025,0.37173015242960195,-0.0796102984753782
20,gpboost_exact,289,-0.0010259882720063465,0.07381698289352537,-0.06941394686712066,0.33890146114898634,-0.06838795859511432
20,gpboost_exact,290,0.03418259582518196,0.26535813962886967,-0.25054621774834906,0.34880634140789724,-0.284728813573531
20,gpboost_exact,291,-0.2581916881465196,-0.0940670599533398,-0.33052041454983705,0.34463298635956974,-0.07232872640331744
20,gpboost_exact,292,-0.7136777515672074,-0.7573315436812962,-0.9139566368455556,0.346386123590036,-0.20027888527834825
20,gpboost_exact,293,0.4825760092050839,0.466551522598228,0.1871314825659427,0.2954338664210831,-0.2954445266391412
20,gpboost_exact,294,0.3357360497989076,0.1732530644111152,0.19153504207754768,0.3396431330400535,-0.1442010077213599
20,gpboost_exact,295,1.1736963655217956,1.2402377889930174,1.2360025613774823,0.3115927623738674,0.06230619585568675
20,gpboost_exact,296,0.50201927698861,0.5376573770762508,0.2704982191504648,0.3467951270128913,-0.23152105783814525
20,gpboost_exact,297,-0.6621840871567589,-0.651834554472771,-0.7730912042305205,0.3455798686759614,-0.11090711707376155
20,gpboost_exact,298,0.11796288640688968,0.05355072762330024,0.2378619913093729,0.4071696492118349,0.11989910490248323
20,gpboost_exact,299,0.1065406552277919,-0.05304899995348915,0.06871615297170486,0.25624715977880685,-0.037824502256087036
21,gpboost_exact,0,-0.7562131086493307,-0.7166314036433802,-0.7884066949668807,0.21011426632624172,-0.03219358631754998
21,gpboost_exact,1,-0.7138480151682366,-0.6014104688137896,0.030683695414014167,0.3969345581430042,0.7445317105822508
21,gpboost_exact,2,0.8927236785809237,0.9270777135772544,0.8901337125034008,0.29728941978797657,-0.0025899660775229316
21,gpboost_exact,3,-0.6061162852526547,-0.5820113812567392,0.0963565765561647,0.357020714229318,0.7024728618088194
21,gpboost_exact,4,0.04197430286211154,0.08169704467507156,-0.18380209296415195,0.43368363405217736,-0.2257763958262635
21,gpboost_exact,5,0.06028573430968931,0.03253051091866585,-0.02469170385918318,0.16707774718505397,-0.08497743816887249
21,gpboost_exact,6,-0.09931560129294772,-0.18493229167993552,0.5053040821126888,0.3732966964738414,0.6046196834056365
21,gpboost_exact,7,1.6922833457528068,1.8951746997923353,1.7126568072515802,0.2893160780383836,0.020373461498773393
21,gpboost_exact,8,-0.017576880335188116,-0.025087705387396665,-0.18348071897312757,0.416213138863708,-0.16590383863793945
21,gpboost_exact,9,-0.5987419417416107,-0.7037124191051233,-0.41061709901363663,0.38962880187511956,0.18812484272797403
21,gpboost_exact,10,-0.3769428969892718,-0.17124810802249552,-0.3239291666179849,0.3953035483749244,0.05301373037128693
21,gpboost_exact,11,0.38992411501305957,0.38179693274977045,0.41703338614317964,0.2345687110668278,0.02710927113012007
21,gpboost_exact,12,0.12626489978084124,0.05053828510488617,0.0879989112991959,0.27681499034000795,-0.038265988481645336
21,gpboost_exact,13,-0.18408484443959128,-0.26693226473947385,0.0801518294858603,0.40072238080436057,0.2642366739254516
21,gpboost_exact,14,-0.7099176711534587,-0.6247831235463266,0.5310067044036924,0.41885791230848163,1.240924375557151
21,gpboost_exact,15,0.5685899325343087,0.533367732689205,0.5852457927921222,0.24679044939873915,0.016655860257813515
21,gpboost_exact,16,-0.43076173486463104,-0.4782609001499837,-0.6098609046443411,0.4094747687215406,-0.17909916977971002
21,gpboost_exact,17,-0.819237516072109,-0.8148260637724523,-0.8086443535966712,0.3227302870089435,0.010593162475437845
21,gpboost_exact,18,2.065002644466823,2.1043950340823243,1.6496417243244075,0.37817083523561307,-0.4153609201424153
21,gpboost_exact,19,-0.32317081757988625,-0.37665345916674386,-0.29163156150821834,0.25986074412388005,0.03153925607166791
21,gpboost_exact,20,0.5622654074672078,0.5960574376527488,0.6014134134307065,0.27310561258927096,0.039148005963498766
21,gpboost_exact,21,0.07490260877220545,0.06103156458535203,0.23520310617601137,0.3492445994778343,0.16030049740380592
21,gpboost_exact,22,0.04352176337574787,0.13235651718549563,-0.06320657184721412,0.20247569840121565,-0.10672833522296199
21,gpboost_exact,23,-0.4458360717955535,-0.5005420393541425,-0.3609007276279401,0.35869409911372707,0.08493534416761339
21,gpboost_exact,24,0.05409381417809406,0.10099933858545823,-0.187455844318964,0.4064324387070558,-0.24154965849705806
21,gpboost_exact,25,0.04228649464248593,0.006220353798100972,-0.17018908353018958,0.21836708081620668,-0.2124755781726755
21,gpboost_exact,26,0.8088927908485317,0.8519293379307247,0.8214210770100987,0.20920646367551876,0.012528286161566982
21,gpboost_exact,27,-0.29320289930569493,-0.3400302403504468,0.015480548370639724,0.3227000415612062,0.30868344767633465
21,gpboost_exact,28,-0.4520545421886349,-0.43338644838194224,-0.4639459265573693,0.415963376364655,-0.011891384368734437
21,gpboost_exact,29,0.27293183733411247,0.3823305498809956,0.7054538670615633,0.38542382942090214,0.43252202972745085
21,gpboost_exact,30,1.3502431849358516,1.4081674279172447,1.1275252030993297,0.3763889509734438,-0.22271798183652192
21,gpboost_exact,31,-0.5931644510643836,-0.4323119817889778,0.1758499045256201,0.3866924465608938,0.7690143555900038
21,gpboost_exact,32,-0.810544828580565,-0.920500389686068,-0.5493458763377328,0.3278842077773764,0.2611989522428322
21,gpboost_exact,33,-0.3791283078290483,-0.3536211049173774,-0.33827450807425663,0.26878891703735797,0.0408537997547917
21,gpboost_exact,34,2.017034753651696,1.8478644054398878,1.8440515326230056,0.26936055026547784,-0.17298322102869035
21,gpboost_exact,35,1.1842624613849686,1.2107981609281147,1.0533955320594366,0.21905071476764076,-0.130866929325532
21,gpboost_exact,36,0.023462624022793387,-0.14434542352663868,0.10550276222124122,0.5082037372038387,0.08204013819844783
21,gpboost_exact,37,1.1438288212652887,1.0883477292361436,0.9592367841578238,0.24090424999964574,-0.18459203710746497
21,gpboost_exact,38,1.5679405509281223,1.482272609362112,1.1314729956648577,0.4907055507733026,-0.43646755526326464
21,gpboost_exact,39,-0.7479058962632767,-0.935909314553579,-0.9039621851954083,0.2965329061865071,-0.15605628893213153
21,gpboost_exact,40,-0.3962335520220568,-0.4529959250599761,-0.3202455409369467,0.2714713525490375,0.07598801108511011
21,gpboost_exact,41,0.30472573018437465,0.34238615409464673,0.1780088289418167,0.25589056420732864,-0.12671690124255797
21,gpboost_exact,42,0.09773915476904482,0.23675858111580206,0.34348574243598406,0.19847900085431985,0.24574658766693924
21,gpboost_exact,43,0.7237265956967548,0.7490745219410176,0.7205075819069933,0.1817355780271696,-0.0032190137897615267
21,gpboost_exact,44,-0.4780523048171761,-0.46806030329100623,-0.8242175403508014,0.3701312343266659,-0.3461652355336253
21,gpboost_exact,45,-1.1057761967172546,-1.080634414261401,-0.591709350948503,0.31005121858524437,0.5140668457687516
21,gpboost_exact,46,0.06327193875448986,0.017092857643449047,-0.17923846404346833,0.2462478198030459,-0.24251040279795819
21,gpboost_exact,47,-0.06171399186193985,-0.12349632216051541,0.15224903020320824,0.44108190976166317,0.21396302206514808
21,gpboost_exact,48,-0.28540240082242374,-0.40646788156291846,-0.6262868795619339,0.31318529410170914,-0.3408844787395101
21,gpboost_exact,49,-0.4186783246970024,-0.3915645265522978,-0.4865956991062088,0.32313320941773843,-0.06791737440920642
21,gpboost_exact,50,0.014992843204069822,-0.07506797052668926,0.18522486106755487,0.3738565865549241,0.17023201786348505
21,gpboost_exact,51,1.0929935027694864,1.2470440287452744,1.1409067733132279,0.1798619489649706,0.047913270543741504
21,gpboost_exact,52,0.16988514691368728,0.29752538942273915,-0.09584637580585742,0.2798345138137595,-0.2657315227195447
21,gpboost_exact,53,-0.24838424827405595,-0.3655260512119653,-0.3958116458841321,0.35433069170435905,-0.14742739761007614
21,gpboost_exact,54,1.2172106476905287,1.2953847109118148,1.3292938407365344,0.2855548230904034,0.11208319304600578
21,gpboost_exact,55,-0.8373158189590644,-0.8216050227714617,-1.0282204329908913,0.29522857512998024,-0.1909046140318269
21,gpboost_exact,56,0.05820120751654412,0.08394179791736579,-0.0660962182021172,0.19814412655449973,-0.12429742571866131
21,gpboost_exact,57,0.023485453394976943,0.09325700864644178,-0.0705051850692846,0.19075192320062248,-0.09399063846426155
21,gpboost_exact,58,1.0109799552970975,0.8523669900262295,0.8908927076780904,0.23459947940027034,-0.12008724761900713
21,gpboost_exact,59,-0.4218835542735588,-0.31804634312059676,-0.9030988411762042,0.37285511741505245,-0.4812152869026454
21,gpboost_exact,60,-0.8022531401258506,-0.8055029070203924,-1.0579196917380962,0.32704771938378124,-0.2556665516122456
21,gpboost_exact,61,-0.05871220064139032,-0.2195979602305892,-0.0011096897354168078,0.2013229332803401,0.057602510905973514
21,gpboost_exact,62,0.06821203808257878,0.04035330500881033,-0.15497547045602467,0.2719464255380007,-0.22318750853860345
21,gpboost_exact,63,1.1162833542752961,1.0327930368806708,1.08634673580777,0.22141329420499903,-0.029936618467526044
21,gpboost_exact,64,0.807141340595877,1.0199394813100429,0.5536835486702341,0.272296234419843,-0.253457791925643
21,gpboost_exact,65,-0.6969806509232253,-0.7025486611715838,-0.6370583565478913,0.37065866923236934,0.05992229437533392
21,gpboost_exact,66,-0.7710878318024103,-0.7954207381255594,-0.3460316947150641,0.37473041248194927,0.42505613708734613
21,gpboost_exact,67,-1.0448493716251703,-1.0105435606976434,-0.9186577781688285,0.3884595568164656,0.1261915934563418
21,gpboost_exact,68,-0.2960828048108698,-0.16521799657855846,-0.3917031896703289,0.28428913472122563,-0.09562038485945912
21,gpboost_exact,69,0.17193359892149285,0.056354503529170194,-0.11466985632710536,0.2814635137296502,-0.2866034552485982
21,gpboost_exact,70,-0.6685999751694005,-0.8179094217019515,0.2883584464347546,0.4191012834662475,0.9569584216041551
21,gpboost_exact,71,2.526523640683054,2.5155754733929014,1.8103038892596395,0.4762302488436857,-0.7162197514234143
21,gpboost_exact,72,1.1292649388108047,1.0971328887972174,0.8559199723680502,0.32214227005073637,-0.2733449664427545
21,gpboost_exact,73,-0.45944250871071396,-0.5429217057775082,-0.46184674306160467,0.31162260909218964,-0.0024042343508907105
21,gpboost_exact,74,0.10607364468683665,0.10607783433701318,0.018173863453771588,0.5446575424612473,-0.08789978123306506
21,gpboost_exact,75,-0.3115167714094068,-0.477489856144944,0.05468734179362578,0.2589318952478256,0.3662041132030326
21,gpboost_exact,76,-0.1203532369368362,-0.15598919599575967,-0.13384374863702675,0.2501151420224475,-0.013490511700190555
21,gpboost_exact,77,1.803793797807356,1.6410514463063206,1.2704459432333648,0.5026906470222456,-0.5333478545739911
21,gpboost_exact,78,0.06447800272995072,0.09725787824725776,-0.02130190565288581,0.20593498434144078,-0.08577990838283653
21,gpboost_exact,79,-0.6583839290087663,-0.764457311959913,-1.1691230043965852,0.30314752325674826,-0.5107390753878189
21,gpboost_exact,80,-0.32822053652589006,-0.14302933589236178,-0.08057522919614257,0.3509176787601867,0.2476453073297475
21,gpboost_exact,81,-0.4015889287427338,-0.4073889111489677,-0.16203547251903494,0.21420351605117977,0.23955345622369884
21,gpboost_exact,82,1.0500797572009386,1.0469820361037112,0.7739144895707781,0.2507403317250566,-0.27616526763016047
21,gpboost_exact,83,0.02720793201934324,0.06028670668861349,0.4672491211720935,0.3736970808992162,0.44004118915275026
21,gpboost_exact,84,1.146959309961337,1.283628366041062,1.0649893476215997,0.22129296616644492,-0.08196996233973741
21,gpboost_exact,85,0.2012560416423526,0.3339370831988142,0.1077889192623207,0.2792227406038117,-0.09346712238003191
21,gpboost_exact,86,0.8469239954708364,0.8020064462333959,0.562187231892743,0.21935992066815346,-0.2847367635780934
21,gpboost_exact,87,-1.1782025365409978,-1.249498913200725,-0.8664324698609462,0.35041195543626363,0.3117700666800516
21,gpboost_exact,88,-1.224715831930482,-1.3597164821149752,-1.3252202981446057,0.1917742471325136,-0.10050446621412368
21,gpboost_exact,89,-0.3255480014433832,-0.40874427393004265,-0.24494950510494284,0.2506668535722793,0.08059849633844035
21,gpboost_exact,90,0.8560455609208086,0.7798771325882605,0.7818473689244811,0.21176503879143668,-0.07419819199632749
21,gpboost_exact,91,0.6664165438439739,0.7109181445851176,0.37340316274650576,0.2273479194339087,-0.2930133810974681
21,gpboost_exact,92,0.6818674196569485,0.5939106439840078,0.490670912467543,0.21994469295035146,-0.1911965071894055
21,gpboost_exact,93,-0.7029264980976447,-0.6821373946116148,-0.6528344281461393,0.30627405757316395,0.05009206995150539
21,gpboost_exact,94,-0.5606923469342124,-0.3793713784666859,0.058083965299269735,0.33759103273984026,0.6187763122334822
21,gpboost_exact,95,-0.9145907242507368,-0.9451665377237389,-0.7799746633050368,0.3383895181737487,0.1346160609457
21,gpboost_exact,96,-0.35786649772164014,-0.2882143700780111,-0.26268012955233466,0.25058267722749705,0.09518636816930548
21,gpboost_exact,97,-0.27296346703215857,-0.3373697317654766,-0.2125321485876288,0.36637130792919537,0.06043131844452976
21,gpboost_exact,98,0.9793938793080691,1.1032728653295423,0.7684548257436816,0.3408224779436647,-0.21093905356438747
21,gpboost_exact,99,-0.07174957986176861,-0.13100441810579921,-0.10939460921634137,0.24034793041595742,-0.03764502935457276
21,gpboost_exact,100,-0.7936508929277389,-0.7263391845459348,-1.0881839323177473,0.28499458835604946,-0.2945330393900084
21,gpboost_exact,101,0.5557511466193971,0.4776142745616999,0.43598964435797694,0.29418893918853545,-0.11976150226142013
21,gpboost_exact,102,0.467767671717447,0.5068213244790118,0.398196552805409,0.3237832854151059,-0.06957111891203799
21,gpboost_exact,103,-0.41921574927243954,-0.3867376889947012,-0.42061076999686087,0.2504738325151712,-0.0013950207244213253
21,gpboost_exact,104,-0.3726688680218685,-0.3047349693343039,0.006742514236462327,0.21855189351194984,0.3794113822583308
21,gpboost_exact,105,1.3131304107686168,1.299646267110038,1.217554074528481,0.2422357541568279,-0.09557633624013584
21,gpboost_exact,106,0.13638650005214253,0.035042383301201005,-0.0439971611875869,0.28362896573664875,-0.18038366123972943
21,gpboost_exact,107,-0.35941279770595097,-0.3450295618080684,-0.21694402458200113,0.35760424711158606,0.14246877312394984
21,gpboost_exact,108,-1.1050903240323404,-1.1238471838601014,-1.1176829825963885,0.17589697696926826,-0.01259265856404812
21,gpboost_exact,109,-0.3372177686226162,-0.4440821277388762,-0.7640230413241289,0.32926060380224725,-0.4268052727015127
21,gpboost_exact,110,-0.9689140284522482,-0.907183047941865,-1.2345316643740887,0.2597307390705568,-0.2656176359218405
21,gpboost_exact,111,2.040024495833619,2.0132361945441732,1.7626976803412315,0.3156164986292802,-0.27732681549238736
21,gpboost_exact,112,-0.08928046258398825,-0.10989242402226718,0.031485748436598016,0.4789092079617464,0.12076621102058627
21,gpboost_exact,113,-0.8846983296386475,-0.9285334957691199,-1.0296502970777972,0.2895611794503854,-0.14495196743914973
21,gpboost_exact,114,-0.45331717355733114,-0.5206959787772375,0.021369830025179226,0.3284366854597089,0.47468700358251037
21,gpboost_exact,115,-0.48558349568235526,-0.5874669416165119,0.11740483556578063,0.40012194741252716,0.6029883312481359
21,gpboost_exact,116,-0.2815858275343396,-0.3739403797957159,0.19986815226173205,0.3667775367778917,0.48145397979607163
21,gpboost_exact,117,-0.17081025451930104,-0.29822777867993167,0.11455775526698808,0.23805015386856243,0.2853680097862891
21,gpboost_exact,118,-0.2917276007706807,-0.2440339708577912,-0.2835098511617975,0.2238550436677572,0.008217749608883218
21,gpboost_exact,119,0.48206039033307746,0.5564643052009599,0.5620719600957127,0.20387294183076524,0.08001156976263524
21,gpboost_exact,120,-0.15774988623936112,-0.2708300138893973,0.03538936801376025,0.27808414238979406,0.19313925425312137
21,gpboost_exact,121,1.7862710134334698,1.8992847688279508,1.542739643432248,0.31212656382085213,-0.24353137000122183
21,gpboost_exact,122,-0.7614472751068013,-0.9488458336414162,-0.4890559765814526,0.3623762912271498,0.2723912985253487
21,gpboost_exact,123,-0.4324833471588292,-0.37492304764674794,-0.34095979627997863,0.18915560225882483,0.09152355087885056
21,gpboost_exact,124,-0.4721962108215708,-0.6135520767151441,-0.8172665052151848,0.3297027575558343,-0.34507029439361403
21,gpboost_exact,125,-0.12378921158543815,-0.059743582940866055,-0.030170282030262285,0.22527255194639498,0.09361892955517587
21,gpboost_exact,126,-0.4546982296137729,-0.5364338756818334,0.17313262772525206,0.3627055651332942,0.627830857339025
21,gpboost_exact,127,0.5635877849786426,0.660897431912927,0.6349671887623671,0.2256166661728234,0.07137940378372454
21,gpboost_exact,128,0.4202001750934538,0.33813603350191584,0.5950375198319087,0.18745342374017807,0.17483734473845486
21,gpboost_exact,129,-0.9032781714916872,-1.1021570393041271,-0.716366396066439,0.37872149671501326,0.18691177542524817
21,gpboost_exact,130,0.08941122450914007,0.067528680506101,-0.24314388009935683,0.4724661293353321,-0.3325551046084969
21,gpboost_exact,131,-1.0175619561800038,-1.0838436370791342,-0.9625481623531851,0.3003450867779616,0.0550137938268187
21,gpboost_exact,132,-0.3572320631388847,-0.2988924028689328,0.11108613283914615,0.31242358576797424,0.46831819597803087
21,gpboost_exact,133,0.11282338473371373,0.21107442791591896,0.01986456090914057,0.16994834660201408,-0.09295882382457316
21,gpboost_exact,134,-0.26014055797890584,-0.3169036828742878,-0.09269470786389045,0.250883845578977,0.1674458501150154
21,gpboost_exact,135,0.9960797999572734,1.157190837174738,0.8796760850073948,0.19049925484006364,-0.11640371494987856
21,gpboost_exact,136,0.5112913622758888,0.5194373201845084,0.6192037744051149,0.22081332664792713,0.10791241212922609
21,gpboost_exact,137,-0.2540977663886077,-0.3476980266959237,0.26933964864288384,0.3673771839703111,0.5234374150314915
21,gpboost_exact,138,-0.8440305570221838,-0.8229996251928571,-0.7943275134717762,0.2728633117133791,0.049703043550407555
21,gpboost_exact,139,0.6746892351602224,0.5039104792926179,0.39470528671904326,0.27833868016190105,-0.27998394844117913
21,gpboost_exact,140,-0.12465713354726193,-0.13343783356469055,-0.9817812514536808,0.38152904378305713,-0.8571241179064188
21,gpboost_exact,141,-1.3622991337545245,-1.4036637086855333,-0.9130673391770743,0.3714290356719647,0.4492317945774502
21,gpboost_exact,142,-0.6114626008152855,-0.4231361748401385,0.06548357086610501,0.39803761489018596,0.6769461716813905
21,gpboost_exact,143,0.3939110613181942,0.46074972525049745,0.11506097467529441,0.2113419009417253,-0.2788500866428998
21,gpboost_exact,144,-0.8038762412535483,-0.8760164786029658,-0.9986946276548867,0.34745333840040893,-0.19481838640133842
21,gpboost_exact,145,1.993005371992879,2.04964628010889,1.530462522475963,0.48059206917016917,-0.46254284951691615
21,gpboost_exact,146,0.22034621716867914,0.3066728694365076,0.29297658170516794,0.3006053703132098,0.0726303645364888
21,gpboost_exact,147,-0.3806114520338918,-0.2253706595610836,-0.025556478230038593,0.3551391451996148,0.3550549738038532
21,gpboost_exact,148,-0.3573448547024702,-0.3653727468000179,0.29759539620611797,0.34688882640804086,0.6549402509085882
21,gpboost_exact,149,-0.31333647663995734,-0.35974577260460194,0.006349814041231028,0.3423075786333138,0.31968629068118837
21,gpboost_exact,150,1.4148742715523541,1.3102919749013757,1.377004179649532,0.20921363059504156,-0.03787009190282209
21,gpboost_exact,151,-1.3888163570028942,-1.534540272371573,-1.3525928543669528,0.19056012487369137,0.03622350263594143
21,gpboost_exact,152,-0.2444615642581652,-0.23671041897123957,-0.018891241146185234,0.314827973602402,0.22557032311197997
21,gpboost_exact,153,-0.07667575300373446,-0.2449322037177108,0.5000145714410555,0.40245554458123844,0.57669032444479
21,gpboost_exact,154,-0.4211999274789908,-0.3172439553206532,0.10998914378239455,0.39426037401032143,0.5311890712613854
21,gpboost_exact,155,-0.5060329200019651,-0.4358835489736373,-0.6157116103670432,0.389765852065341,-0.10967869036507816
21,gpboost_exact,156,0.08366572845989176,0.052740588187328505,-0.17458725226101102,0.26327046649529323,-0.25825298072090275
21,gpboost_exact,157,0.01613598595627147,-0.07815564913621664,-0.16697058219297922,0.34478604781643724,-0.1831065681492507
21,gpboost_exact,158,-0.21277205103363975,-0.14771240834036084,-0.20989232959647097,0.21500561849944794,0.002879721437168775
21,gpboost_exact,159,-1.1465952218199402,-1.2606219325481391,-1.1373512118414952,0.3489853973695678,0.00924400997844499
21,gpboost_exact,160,-0.16802619510418967,-0.14510825565447394,0.0955056470805209,0.37501536822169823,0.2635318421847106
21,gpboost_exact,161,-0.20464826961198282,-0.28397046775640045,-0.5286763424533714,0.4441002359017816,-0.32402807284138857
21,gpboost_exact,162,-0.1394070903744581,-0.14409416259467284,-0.49529887791228555,0.4750081829866417,-0.35589178753782746
21,gpboost_exact,163,-0.4464249320126346,-0.4575134550332925,-0.6498512851579914,0.37764959357711175,-0.2034263531453568
21,gpboost_exact,164,0.6278331721416837,0.595276601776989,0.5851994629018744,0.2974757008830014,-0.04263370923980925
21,gpboost_exact,165,-1.385851435803702,-1.5077443644762218,-1.3036817367936147,0.1991504692516872,0.0821696990100873
21,gpboost_exact,166,-0.5023682450407555,-0.31625347901530687,0.20953799138463935,0.364242677756017,0.7119062364253949
21,gpboost_exact,167,0.8397594453214838,0.7032825287142521,0.7255780306970383,0.23025997981630789,-0.11418141462444553
21,gpboost_exact,168,-0.13998358700605995,-0.05988790015971569,-0.16495032535162402,0.36336464441106,-0.024966738345564066
21,gpboost_exact,169,0.9295672792292837,0.8919674625019942,1.0862136003491827,0.2076381414241384,0.15664632111989896
21,gpboost_exact,170,-0.7109436540551762,-0.6380356789909052,-0.4905052134910317,0.3239878229109635,0.22043844056414452
21,gpboost_exact,171,-0.4286113050599085,-0.3661523719710652,-0.5660304457222773,0.44090678545023826,-0.13741914066236882
21,gpboost_exact,172,-0.3135337518931015,-0.4833861804495149,-0.2877536049292808,0.295567449956564,0.025780146963820694
21,gpboost_exact,173,-0.6693101095411252,-0.5525281383128722,0.40515834830074304,0.40780186679244274,1.0744684578418684
21,gpboost_exact,174,0.03060014822211901,0.1317047299156433,-0.4426218614329729,0.3118450612961635,-0.47322200965509187
21,gpboost_exact,175,-0.5354454825039219,-0.5048818710306406,-0.43126948766053363,0.3450649294332521,0.10417599484338824
21,gpboost_exact,176,-0.6974151449467003,-0.7459028445644028,-0.2753320804080417,0.38245513330926983,0.4220830645386586
21,gpboost_exact,177,0.43908223183480527,0.46294383704004566,0.39077290425365874,0.2519915841892529,-0.04830932758114653
21,gpboost_exact,178,-0.2549833338410923,0.005402185810393367,0.08945925388614917,0.28047254238940733,0.34444258772724146
21,gpboost_exact,179,-0.25480746289198064,-0.28725388029990484,-0.4143889997993426,0.31839004596677584,-0.159581536907362
21,gpboost_exact,180,0.7546232844122982,0.7541181838203059,0.6350298852651779,0.28987246035531267,-0.1195933991471203
21,gpboost_exact,181,0.5005208845473883,0.4726147940655633,-0.04666953019979392,0.25449590825072504,-0.5471904147471822
21,gpboost_exact,182,-0.5261766204787697,-0.6094606352638648,0.35727044384272055,0.34012416099520154,0.8834470643214902
21,gpboost_exact,183,-0.26081369837807145,-0.20461601148842265,0.04014503145595949,0.28466202319227973,0.30095872983403094
21,gpboost_exact,184,-0.4355460043933041,-0.4087836955072295,-0.07476954156008553,0.4236332311622419,0.36077646283321857
21,gpboost_exact,185,0.09796080820018094,0.11053926736377893,-0.03935433528385124,0.27097164572181137,-0.13731514348403218
21,gpboost_exact,186,2.399629006298112,2.4458718620002964,1.9396385214743628,0.28107770922451725,-0.45999048482374905
21,gpboost_exact,187,-1.2045945984853543,-1.2297641052514023,-1.054777928252871,0.355339794536176,0.14981667023248324
21,gpboost_exact,188,-0.8690529684341773,-0.934134869674458,-0.9156240225821275,0.32783738645143184,-0.04657105414795015
21,gpboost_exact,189,0.964896095396765,1.2548393251743364,0.9136245640956826,0.25416635157929496,-0.05127153130108242
21,gpboost_exact,190,0.22999046586706828,0.27072078712797804,0.4539429062239382,0.3242434310251024,0.2239524403568699
21,gpboost_exact,191,-0.8023083067419904,-0.6969325833246842,-0.8241715417756428,0.194168269249453,-0.021863235033652395
21,gpboost_exact,192,-0.8369554777719975,-0.7117102562284391,-0.9967480705001357,0.20499668542081043,-0.15979259272813817
21,gpboost_exact,193,0.7324612439358387,0.7045988609462083,0.43030463810398345,0.3013320888269033,-0.3021566058318552
21,gpboost_exact,194,-0.6464244030297208,-0.6775656625732782,-1.0905792065696485,0.2857850973255196,-0.44415480353992765
21,gpboost_exact,195,-0.4758672191922364,-0.41664045099741553,-0.2680039497222886,0.3878436319992659,0.20786326946994782
21,gpboost_exact,196,-0.29671808148907536,-0.19744330723802705,-0.07371283193058886,0.3316664735114157,0.2230052495584865
21,gpboost_exact,197,-0.5952546935924694,-0.4552283127655398,-0.6830127021806103,0.22969164177612436,-0.08775800858814087
21,gpboost_exact,198,1.6164002255189767,1.507563531768674,1.5618278434864887,0.17591906730697182,-0.05457238203248793
21,gpboost_exact,199,-0.11410356711585457,-0.15736265605652608,-0.08197025255512091,0.1640690476369385,0.03213331456073365
21,gpboost_exact,200,-0.2182439735736567,-0.3432370811738452,-0.40054005261398107,0.46542009271344786,-0.18229607904032435
21,gpboost_exact,201,-0.25233830595594253,-0.34150364751012874,-0.5467925264725437,0.34713384013971044,-0.2944542205166012
21,gpboost_exact,202,-0.5336905417302742,-0.4484803805544946,-0.47505176075207256,0.33681156964075565,0.05863878097820163
21,gpboost_exact,203,-0.3963899391292247,-0.5541598049963012,0.025120136089099354,0.35103500006092553,0.42151007521832407
21,gpboost_exact,204,-0.09006208355698575,-0.1967257083836273,-0.01467239332951431,0.2939962293268129,0.07538969022747144
21,gpboost_exact,205,-0.47368147987882947,-0.5203088355494884,-0.3336102819047273,0.28701290268425206,0.14007119797410217
21,gpboost_exact,206,0.5595032851301643,0.6191564945246544,0.5253141828842498,0.2555748850616171,-0.03418910224591454
21,gpboost_exact,207,0.03959617279985435,0.14879226051910605,-0.18113470499573836,0.31657170815734814,-0.2207308777955927
21,gpboost_exact,208,-0.015573506675365334,0.058427417106182364,-0.26072727604559276,0.33730688574091366,-0.24515376937022743
21,gpboost_exact,209,0.4990604198923088,0.3838765675008926,0.2111478265802056,0.28188837054083943,-0.2879125933121032
21,gpboost_exact,210,-0.5687501736009574,-0.4391514222772187,-0.09187856386687976,0.33642056672850645,0.4768716097340776
21,gpboost_exact,211,-0.5962863576199986,-0.7018547822904259,-0.2981915911636559,0.212742532533343,0.2980947664563427
21,gpboost_exact,212,1.37116903443009,1.4902915779814374,1.1515097738723092,0.24651393734620747,-0.21965926055778073
21,gpboost_exact,213,-0.7919300886922699,-0.8714271078845147,-0.8886144414627122,0.31688376316863404,-0.0966843527704423
21,gpboost_exact,214,-0.15465409564314667,-0.1617587766935683,0.07123343067434007,0.2349570262814605,0.22588752631748674
21,gpboost_exact,215,2.298300774089178,2.258254477184021,1.6275460209367143,0.4852997390856258,-0.6707547531524636
21,gpboost_exact,216,-0.7324882593995465,-0.7344146997665225,0.20660532684002497,0.4593531983319511,0.9390935862395715
21,gpboost_exact,217,0.24204317050389318,0.43423997868540476,0.1838527332544757,0.20846529935125613,-0.05819043724941747
21,gpboost_exact,218,-0.7395724697256488,-0.9161973992797051,-0.8995025312157336,0.31802778229365614,-0.15993006149008482
21,gpboost_exact,219,-0.3034740773168939,-0.205193630448319,-0.3119635505634122,0.24928167931182232,-0.008489473246518275
21,gpboost_exact,220,1.7819176853981147,1.736042836589061,1.8109282919909653,0.1835992602340069,0.029010606592850596
21,gpboost_exact,221,-0.8545362739266031,-0.9270957832330172,-0.3814547756051647,0.3032292902431122,0.4730814983214384
21,gpboost_exact,222,-0.37854408236388976,-0.4924805703296728,-0.1268033921897711,0.2959748682581311,0.25174069017411865
21,gpboost_exact,223,0.8050965499749657,0.8412115393027519,0.4303007337460505,0.2684099001730398,-0.3747958162289152
21,gpboost_exact,224,-0.19742512115519095,-0.21967921513461255,-0.31104365746448437,0.4354106460265151,-0.11361853630929342
21,gpboost_exact,225,-0.6687674642932468,-0.748260858371343,-0.09340818567838127,0.4425429701979248,0.5753592786148656
21,gpboost_exact,226,-0.8159640040645786,-0.7530798181666265,-1.0038988636714596,0.33826554070015835,-0.18793485960688106
21,gpboost_exact,227,-0.43528616522388636,-0.30838101156856207,0.02442928390782484,0.27909276631438334,0.4597154491317112
21,gpboost_exact,228,0.9930869804731471,1.172661776752083,1.0781788133387646,0.2770819433657993,0.0850918328656175
21,gpboost_exact,229,-0.13978928420060077,-0.06685015335470515,-0.07377027065416364,0.1974266026030171,0.06601901354643713
21,gpboost_exact,230,-0.7441139512010994,-0.6968623269171623,0.14888896197460078,0.32690131287504026,0.8930029131757001
21,gpboost_exact,231,-0.6087639154046305,-0.43848723798972766,-0.4972415451501391,0.3439877646346419,0.11152237025449141
21,gpboost_exact,232,-0.9642786387873324,-0.988023728460697,-0.731695650302302,0.28282351339227935,0.23258298848503045
21,gpboost_exact,233,1.9013871992078766,1.7463737793661582,1.8334327127936056,0.22859609461324526,-0.06795448641427093
21,gpboost_exact,234,0.19262664665954504,0.2686063298696071,0.16109123667538405,0.4490154408588241,-0.03153540998416099
21,gpboost_exact,235,-1.0936783478962688,-1.0850516572838744,-0.10280174788125374,0.40549465723601646,0.9908766000150151
21,gpboost_exact,236,-0.0010438239589457,-0.09787015353674304,-0.11426637891509017,0.3201635652587963,-0.11322255495614447
21,gpboost_exact,237,-0.1781869809859531,-0.19355210218015395,-0.3634724374252958,0.41613886498314906,-0.1852854564393427
21,gpboost_exact,238,-0.5720663063006428,-0.45375360807216314,-0.3609374194422923,0.28102978775492266,0.21112888685835052
21,gpboost_exact,239,-0.9111007639149642,-0.8617006908017129,-0.6882932330490465,0.3349371491445794,0.22280753086591765
21,gpboost_exact,240,-0.29068198076360663,-0.28955573398895484,-0.5943026923912145,0.340660275867271,-0.30362071162760784
21,gpboost_exact,241,-0.6641627719112588,-0.7300399966166982,-0.583498158165642,0.38790429680490557,0.08066461374561684
21,gpboost_exact,242,-0.8792974905717167,-0.9882993146040677,-0.816776471886766,0.31113907537889374,0.06252101868495064
21,gpboost_exact,243,-0.7299893130681646,-0.7093400836126897,-0.19587598946763407,0.23081725920733065,0.5341133236005305
21,gpboost_exact,244,-0.33624591336947046,-0.28728874777982033,-0.22923904994397581,0.42268493169671634,0.10700686342549465
21,gpboost_exact,245,-0.5706454995926004,-0.5979792608583939,0.06360609634116798,0.367153393609745,0.6342515959337683
21,gpboost_exact,246,-0.2280598827469186,-0.22966219738121674,0.1027820044726715,0.4543881484462905,0.33084188721959007
21,gpboost_exact,247,-0.372810367850759,-0.3219460427054021,0.021781115019326336,0.3544423205564411,0.39459148287008533
21,gpboost_exact,248,-0.22370673741874722,-0.28500705961693634,0.4573352527056507,0.378291300840139,0.6810419901243979
21,gpboost_exact,249,-0.7356008201989936,-0.7983729194029014,-0.9397683583270275,0.22112112902488068,-0.2041675381280339
21,gpboost_exact,250,-0.45697337613062367,-0.4480633466555055,-0.38122467410675753,0.30747721824482893,0.07574870202386613
21,gpboost_exact,251,-0.34739299586854383,-0.3412715188982559,-0.14714913751618885,0.3306268718247892,0.20024385835235498
21,gpboost_exact,252,0.9768338132300488,0.9222595327656574,0.8147683594100172,0.2231174915546818,-0.16206545382003157
21,gpboost_exact,253,-0.1912916339242367,-0.2009931568962577,0.10125223789816573,0.3895642427544051,0.29254387182240243
21,gpboost_exact,254,-0.9678749017919839,-0.8940088494489786,0.3813905765112606,0.43671078471448654,1.3492654783032445
21,gpboost_exact,255,-0.09466581713537758,-0.20590626821489358,-0.2437816051316517,0.23836749656135392,-0.14911578799627412
21,gpboost_exact,256,-0.2199093024454455,-0.2774922310278172,-0.06710832493436136,0.4540408610809181,0.15280097751108412
21,gpboost_exact,257,0.5998713275297425,0.3053240102722641,0.5052739872816909,0.3368743870321088,-0.09459734024805155
21,gpboost_exact,258,-0.4938997081537654,-0.424745473007828,-0.8480742596881008,0.208522826623132,-0.3541745515343354
21,gpboost_exact,259,-0.46183633593764306,-0.40597421071834117,-0.4452609136033061,0.41883456989877094,0.016575422334336953
21,gpboost_exact,260,-0.5290833879802043,-0.4878816861871056,-0.06579071304579287,0.25434846290034707,0.4632926749344114
21,gpboost_exact,261,0.08377416662429732,0.13272274706128112,0.19341674173968393,0.27736280389958257,0.10964257511538661
21,gpboost_exact,262,-0.9551898321570393,-1.0133062073943222,-0.8671306194002,0.20459318140439287,0.08805921275683937
21,gpboost_exact,263,-0.0437359706395575,0.05633346609359677,-0.024612219247021727,0.24128319029059425,0.019123751392535776
21,gpboost_exact,264,-0.9030005861943892,-0.8316416802063736,-1.2035003268216364,0.2909473325124959,-0.30049974062724727
21,gpboost_exact,265,1.6363335879504077,1.6809462471282197,1.3455077979980112,0.4282506245837413,-0.2908257899523965
21,gpboost_exact,266,-0.40999779034056244,-0.29885026161071726,0.1208379480913564,0.346142526408096,0.5308357384319189
21,gpboost_exact,267,-0.7580388283880132,-0.7346137314597089,-0.9770169710476875,0.22039126105644943,-0.2189781426596743
21,gpboost_exact,268,-0.3555371232134672,-0.4016697052191898,0.09813241846696208,0.3258809080063983,0.4536695416804293
21,gpboost_exact,269,-0.7852338207257361,-0.7415572643705047,-0.6808616884019134,0.34829740635532325,0.1043721323238227
21,gpboost_exact,270,-0.19563669876516443,-0.2839952070308281,-0.14216050141813774,0.42617505987071436,0.05347619734702669
21,gpboost_exact,271,-0.26088062084955765,-0.25668964300073366,0.0567189786568445,0.39179798903859187,0.31759959950640215
21,gpboost_exact,272,-0.6402113783022898,-0.706549563080556,0.10584492226624675,0.37640745582894436,0.7460563005685366
21,gpboost_exact,273,0.3907912376281752,0.4410150355302337,-0.38990568604814957,0.5703030319696064,-0.7806969236763248
21,gpboost_exact,274,-1.4294869461554782,-1.215065303170882,-0.9932427595649616,0.30928809542479846,0.43624418659051667
21,gpboost_exact,275,0.9103083066938471,0.8934292883759306,0.7476511617822705,0.23156002399378597,-0.16265714491157657
21,gpboost_exact,276,0.0016820777221155936,-0.12597555095680432,-0.14756896307730605,0.2644835351040078,-0.14925104079942164
21,gpboost_exact,277,1.6809600352311143,1.9132441537388711,1.6306058698023556,0.28521241931372443,-0.0503541654287587
21,gpboost_exact,278,-0.20160675190728305,-0.33433861105922735,-0.8999542706347405,0.3426836385818887,-0.6983475187274575
21,gpboost_exact,279,-0.6091455595874409,-0.7144522691245287,-0.11991494186782958,0.3623019340094581,0.4892306177196113
21,gpboost_exact,280,-0.3487072758397447,-0.3650769051566366,-0.10370857699647118,0.3450832662855717,0.24499869884327352
21,gpboost_exact,281,-0.2564628194043682,-0.3638570638212238,-0.02198679603285658,0.4289305992683514,0.23447602337151163
21,gpboost_exact,282,0.08853491956006576,0.1544477479924634,-0.11518552958685913,0.4384483906195371,-0.2037204491469249
21,gpboost_exact,283,-0.5916519505909194,-0.612712367574161,-0.8319101946579979,0.36395864145476464,-0.24025824406707852
21,gpboost_exact,284,-0.2702759355273049,-0.23105356101101712,0.019022134291796,0.27748179240173426,0.2892980698191009
21,gpboost_exact,285,-0.0914848972749992,-0.2589884204800279,-0.3032848690845995,0.3535811998286003,-0.2117999718096003
21,gpboost_exact,286,-1.3919931537309098,-1.7289848137237838,-0.8505626179820167,0.41277437588404603,0.5414305357488931
21,gpboost_exact,287,-0.18975761648043432,-0.13598093501025676,-0.07030030734065917,0.17828994758131356,0.11945730913977515
21,gpboost_exact,288,-0.1074518631019969,-0.2811335213350216,0.38915140703800155,0.42194113602944266,0.49660327013999844
21,gpboost_exact,289,0.40503036274853693,0.1340006021065181,-0.056695290009884936,0.23259267386178806,-0.46172565275842187
21,gpboost_exact,290,0.01620829252173739,0.02615310835896716,-0.2805590397219877,0.23825368683254752,-0.2967673322437251
21,gpboost_exact,291,-0.535396800193504,-0.5306057763288302,-0.4580327228116641,0.3135960170889907,0.07736407738183992
21,gpboost_exact,292,0.22997564287478306,0.24903189705971873,-0.04816640129867045,0.19680518157944785,-0.2781420441734535
21,gpboost_exact,293,-0.4498505189635594,-0.4061535623186167,-0.009427543453277565,0.3126313336749294,0.4404229755102818
21,gpboost_exact,294,0.7136556782870471,0.7686977700641203,0.47871978603147536,0.30568393420521356,-0.23493589225557177
21,gpboost_exact,295,0.2897096931882025,0.23837919814821917,0.08535516990055703,0.21521347681047073,-0.20435452328764547
21,gpboost_exact,296,-0.38099205859670726,-0.45699914944665787,-0.01314408594100236,0.27342601634514224,0.3678479726557049
21,gpboost_exact,297,1.933577709594189,1.8852374733789157,1.8408645831181882,0.2792748407882252,-0.09271312647600083
21,gpboost_exact,298,1.198217518762379,1.3075202643884105,0.9727884911519791,0.23552897165623166,-0.22542902761039985
21,gpboost_exact,299,-0.5806737706254468,-0.5788385299478832,-0.9972667176584702,0.31670546419833123,-0.4165929470330234
22,gpboost_exact,0,-1.3707248285293294,-1.5196674410267312,-1.297067596003446,0.3472418146133863,0.07365723252588352
22,gpboost_exact,1,-1.3381107005280857,-1.0881796920183815,-1.2589364140989865,0.3555269688014584,0.07917428642909918
22,gpboost_exact,2,-1.3838827760687393,-1.3465872848175282,-1.078281547753317,0.34398510130791304,0.30560122831542236
22,gpboost_exact,3,-2.123407882106267,-2.2186491620843762,-1.9010763128593648,0.372649487664722,0.22233156924690212
22,gpboost_exact,4,-1.2599470090815097,-1.3225284871966567,-1.3505082965426851,0.3779841705325285,-0.09056128746117542
22,gpboost_exact,5,-0.9195259487391092,-0.7433392500847341,-1.147004025556127,0.3458661009780134,-0.2274780768170177
22,gpboost_exact,6,-1.7896069165184285,-1.825376314160805,-1.763643293101607,0.42317236346270504,0.025963623416821457
22,gpboost_exact,7,-1.2344083822102228,-1.1669414711679376,-1.1821014330416837,0.3731890326145591,0.05230694916853906
22,gpboost_exact,8,-0.9592052814274357,-1.0523375118304874,-0.7949528204907992,0.4346008410626723,0.16425246093663648
22,gpboost_exact,9,-2.231841464200303,-2.349631096962331,-2.1316644450865176,0.435690806070894,0.10017701911378518
22,gpboost_exact,10,-1.4864712674905154,-1.274551845055024,-1.1435338247246492,0.37345676819227464,0.34293744276586624
22,gpboost_exact,11,-0.5902629271925912,-0.6139692298004308,-1.0245901453996789,0.3440576793820845,-0.43432721820708764
22,gpboost_exact,12,-1.9635962764300152,-1.9605432612598277,-1.5954045122470646,0.43859568317724346,0.36819176418295063
22,gpboost_exact,13,-1.9763514945954483,-1.9910276031881051,-1.487691358367055,0.37644510348386573,0.4886601362283933
22,gpboost_exact,14,-1.9840731631934663,-2.013713963219898,-1.7116290756586139,0.3522528580990573,0.2724440875348524
22,gpboost_exact,15,-2.1976114154767243,-2.208874960333454,-1.672008014136967,0.3424969310265265,0.5256034013397572
22,gpboost_exact,16,-0.14440093832785517,-0.07803094352343144,-0.059126986775202894,0.35687631433308603,0.08527395155265227
22,gpboost_exact,17,-1.8103825921811971,-1.9036801869977236,-1.4910359120605214,0.4378417309208156,0.3193466801206757
22,gpboost_exact,18,-1.098378517255132,-0.9585844861699314,-0.9030482156822135,0.37661259260781743,0.19533030157291842
22,gpboost_exact,19,-2.680315896658534,-2.6653437738613874,-2.6696685743465256,0.3536197621445606,0.010647322312008267
22,gpboost_exact,20,-0.20305193522181794,-0.09057372376920728,-0.9386349516340733,0.36328486093214635,-0.7355830164122553
22,gpboost_exact,21,-0.2052778410008634,-0.24956334561208446,-0.7205075224236666,0.34538544081419137,-0.5152296814228031
22,gpboost_exact,22,-1.2559231555523964,-1.2523282997575564,-0.8978620825555126,0.3640183972290161,0.35806107299688383
22,gpboost_exact,23,-2.313300251550197,-2.240324750314085,-1.9827836047314946,0.38392858265776364,0.3305166468187024
22,gpboost_exact,24,-2.8081202558956506,-2.7480511938501087,-2.735429037932441,0.3675586001121444,0.07269121796320954
22,gpboost_exact,25,-0.3679607727607157,-0.353106275234742,-0.6777309098066695,0.4490557589605673,-0.3097701370459538
22,gpboost_exact,26,-2.6764063567846383,-2.5186916093495615,-1.958038520465145,0.36409669620762053,0.7183678363194934
22,gpboost_exact,27,-2.801313473334838,-2.8598392197676468,-2.5435052910236173,0.33957911413255953,0.2578081823112206
22,gpboost_exact,28,-1.225404453515771,-1.2168357013499265,-1.2050793392763133,0.34608898663213616,0.02032511423945782
22,gpboost_exact,29,-0.5610517362884611,-0.6460615166847716,-0.9984050403502955,0.37181591900259997,-0.4373533040618345
22,gpboost_exact,30,-2.12644359230453,-2.0852016900526595,-2.0428345017639806,0.3832707544369503,0.08360909054054932
22,gpboost_exact,31,-2.4709806434763255,-2.484098170990196,-2.6541284206875773,0.33775108151378985,-0.18314777721125175
22,gpboost_exact,32,-1.6575308864597147,-1.6447869157646973,-1.7426500833518883,0.36980913965987483,-0.08511919689217362
22,gpboost_exact,33,-1.1554460058362055,-1.2435906784076707,-1.3236855921310564,0.37923402822685887,-0.16823958629485092
22,gpboost_exact,34,-1.7556238672403806,-1.9438194388675605,-1.4334815400038607,0.34579806920807143,0.3221423272365198
22,gpboost_exact,35,-1.2858784711804838,-1.4050475918893048,-1.4441620259045438,0.38077165372636435,-0.15828355472405997
22,gpboost_exact,36,-1.7264178637591199,-1.6515511747104452,-1.754752829086252,0.33400728789467726,-0.02833496532713209
22,gpboost_exact,37,-1.769663596452948,-1.8158134129957648,-1.428843416336255,0.3484224073777748,0.340820180116693
22,gpboost_exact,38,-1.2970345946565485,-1.40440712484917,-1.279789241950704,0.346471625164378,0.017245352705844486
22,gpboost_exact,39,-1.6418323031969226,-1.7812103308765197,-1.3485515298374295,0.33785878832163657,0.2932807733594931
22,gpboost_exact,40,-1.819675432066812,-1.7870532681466929,-1.8793643707354484,0.3911199239643408,-0.05968893866863634
22,gpboost_exact,41,-1.6312065783659373,-1.6542465648861229,-1.860209433500252,0.3572193828757644,-0.22900285513431462
22,gpboost_exact,42,-1.66173635385772,-1.7338870848134673,-1.4757528284948247,0.35231873375222084,0.1859835253628952
22,gpboost_exact,43,-1.0364395468100038,-1.1701096122770958,-0.9103451680060477,0.3314887730942142,0.12609437880395613
22,gpboost_exact,44,-1.4738633497305402,-1.5064135059844839,-0.992847932647889,0.3458099396963071,0.4810154170826513
22,gpboost_exact,45,-1.45883153942813,-1.5203492688180846,-1.6226695702689415,0.384981643391819,-0.1638380308408116
22,gpboost_exact,46,0.2802104983464862,0.2325801158235839,-0.16429869423994603,0.3581419024485594,-0.44450919258643223
22,gpboost_exact,47,-1.3049250531900805,-1.2327006730108805,-1.0491570303506847,0.3905960487099614,0.2557680228393957
22,gpboost_exact,48,-1.4194335301907004,-1.481492482126581,-1.2294748534541036,0.5876716428402471,0.18995867673659683
22,gpboost_exact,49,-1.9354970828497855,-1.8204527834065805,-1.6406455919709781,0.3406696127709176,0.29485149087880735
22,gpboost_exact,50,-1.5976566577506572,-1.5168601338424943,-1.7411998869194143,0.34998071995879987,-0.14354322916875706
22,gpboost_exact,51,-1.8390042470627026,-1.8182756198826127,-2.03863664091633,0.3843370070024456,-0.19963239385362752
22,gpboost_exact,52,-0.9862559947041927,-0.9535464720612671,-1.3974501443561973,0.3533386971019391,-0.4111941496520046
22,gpboost_exact,53,-1.48050090509436,-1.4761484628940071,-1.2196200001018784,0.43555138470113364,0.2608809049924816
22,gpboost_exact,54,-2.044582076282716,-2.2485223661689595,-1.6671632703755268,0.34990262328615795,0.377418805907189
22,gpboost_exact,55,-1.404146386633346,-1.4045017483355882,-1.1726075560479146,0.35959050958222355,0.23153883058543134
22,gpboost_exact,56,-1.2592697379504476,-1.1538235460637127,-1.5269254149075877,0.35650679291975407,-0.2676556769571401
22,gpboost_exact,57,-0.35649512842689257,-0.538550664703669,-0.4698112499800047,0.35305409832617557,-0.1133161215531121
22,gpboost_exact,58,-0.9669359133259909,-1.0078162289509318,-1.494361655245136,0.34738526103353357,-0.527425741919145
22,gpboost_exact,59,-0.7402997692942019,-0.7743971067354669,-0.9673627989976659,0.3666312351583194,-0.22706302970346393
22,gpboost_exact,60,-1.1724775077358234,-1.0906042134313358,-1.1785741155040395,0.5080148940559113,-0.006096607768216078
22,gpboost_exact,61,-0.4602203603380979,-0.4100220058152224,-0.9488858718916706,0.3422100269160368,-0.48866551155357274
22,gpboost_exact,62,-0.23368573482687405,-0.21595309724291448,-0.6217687067864226,0.40876019274145675,-0.38808297195954855
22,gpboost_exact,63,-0.4704084859563353,-0.7275107174799871,-1.08648947345565,0.36855491621545633,-0.6160809874993147
22,gpboost_exact,64,-1.0567108748708334,-1.1113114750201438,-0.7734497367865227,0.365136532833118,0.28326113808431064
22,gpboost_exact,65,-0.9869062822829134,-0.9580789729598946,-1.1380514421507755,0.40662458446822675,-0.15114515986786203
22,gpboost_exact,66,-2.8055855634279627,-2.819806644745482,-2.065622399855986,0.3565908934880274,0.7399631635719768
22,gpboost_exact,67,-1.9402780089800191,-1.9134304101498856,-1.5940102897811403,0.33695730415776554,0.3462677191988788
22,gpboost_exact,68,-1.052762262524499,-1.1698655883824234,-1.1791020956425093,0.525000126767276,-0.12633983311801034
22,gpboost_exact,69,-1.6024860930334421,-1.7059309062936927,-1.1643417637800395,0.3573740293776721,0.43814432925340263
22,gpboost_exact,70,-1.1593375492968754,-1.2583767940350736,-1.2722675572226585,0.4300828683416707,-0.11293000792578312
22,gpboost_exact,71,-2.3614597044120957,-2.3243142083626553,-2.4754300027172125,0.3731296953297762,-0.11397029830511674
22,gpboost_exact,72,-1.4113456277517429,-1.2905280634267107,-1.378679676991048,0.3492901834147195,0.032665950760694784
22,gpboost_exact,73,-1.3060901542401617,-1.4598870126575694,-1.5252721582221032,0.35096704824711444,-0.21918200398194143
22,gpboost_exact,74,-2.2539322600089156,-2.2901280238434656,-1.762113377098597,0.5213353046488958,0.4918188829103185
22,gpboost_exact,75,-1.1168330750082949,-1.145172141302761,-1.2395122665260807,0.33613770028355716,-0.12267919151778583
22,gpboost_exact,76,-0.43606912905227635,-0.5653250567719934,-0.4861545883732177,0.3521138920909305,-0.05008545932094133
22,gpboost_exact,77,-2.831391287555519,-2.6653708474691493,-2.513033212914282,0.3888891274271835,0.3183580746412371
22,gpboost_exact,78,-1.1605527999081824,-1.024629157575454,-1.4688848837135868,0.33990977758946256,-0.30833208380540444
22,gpboost_exact,79,-1.3403379283632857,-1.313070045681086,-1.2103358159394535,0.347860960108517,0.1300021124238322
22,gpboost_exact,80,-0.3165520464726813,-0.35018136486170276,-0.9320291357008159,0.3888715927187796,-0.6154770892281346
22,gpboost_exact,81,-1.0397068901872975,-1.1683858047570759,-0.9572273354914564,0.5009890085098344,0.082479554695841
22,gpboost_exact,82,-1.020205557566162,-1.176623708939012,-0.9435956358313744,0.3480514090503821,0.07660992173478753
22,gpboost_exact,83,-1.7532370777460287,-1.816006561363175,-1.7444344031229697,0.41984590764599566,0.008802674623058948
22,gpboost_exact,84,-0.34742728340323126,-0.435076792439583,-0.44886065783129503,0.3779439787444912,-0.10143337442806377
22,gpboost_exact,85,-1.8898629712298372,-1.9195993883353957,-1.6569794038764485,0.36910638112453187,0.23288356735338867
22,gpboost_exact,86,-0.2687101619777279,-0.20058896746993543,-0.6795145375925831,0.33761321533348126,-0.41080437561485517
22,gpboost_exact,87,-1.8339647753712112,-1.8215515668586428,-1.4283303349653522,0.33714499966653055,0.40563444040585894
22,gpboost_exact,88,-1.7959003821836514,-1.7829768519131712,-1.6900702633658504,0.3488496920935125,0.10583011881780102
22,gpboost_exact,89,-0.48967263167383157,-0.3607176555325955,-0.979649037541666,0.3910477466069874,-0.4899764058678344
22,gpboost_exact,90,-1.109186378177778,-1.0859554670926739,-1.4009919868143292,0.35744861858007854,-0.29180560863655125
22,gpboost_exact,91,-2.7822529757818426,-2.855666265819662,-2.73539763163806,0.3708031941317318,0.04685534414378267
22,gpboost_exact,92,-0.638553929128042,-0.8432911091247357,-1.0135607923363352,0.3406545667916547,-0.37500686320829324
22,gpboost_exact,93,-0.3079704700470506,-0.3955862371598998,-0.8860890329406779,0.3392257384887949,-0.5781185628936273
22,gpboost_exact,94,-2.084061673576212,-2.252412563440242,-1.8887362599678994,0.36798097362786325,0.19532541360831246
22,gpboost_exact,95,-2.3217946691529243,-2.5102627759767127,-2.3080092760306172,0.35385043093756474,0.013785393122307088
22,gpboost_exact,96,-1.2023825766245242,-1.2695807852131586,-1.050101691261327,0.34950928003614334,0.15228088536319717
22,gpboost_exact,97,-1.3554580028495224,-1.6363436854298161,-1.217943453914394,0.34699490957848356,0.13751454893512838
22,gpboost_exact,98,-1.0148542514287187,-1.1374661055354063,-1.1820591505143412,0.44075461651577186,-0.16720489908562253
22,gpboost_exact,99,-0.6687683199047569,-0.68258466752842,-1.1469252841044977,0.372638647492734,-0.47815696419974074
22,gpboost_exact,100,-2.2572904993048453,-2.2113879142963397,-2.480903109375422,0.3817065312190543,-0.22361261007057687
22,gpboost_exact,101,-1.9633275914486663,-1.8517577542680752,-2.3228031692460895,0.40397173342448817,-0.35947557779742323
22,gpboost_exact,102,-1.2194841084865111,-1.2504999154711152,-1.334393490828063,0.47789617967213244,-0.1149093823415519
22,gpboost_exact,103,-1.0218204371678279,-1.0584336373086831,-1.0112174532252727,0.5101315045321296,0.01060298394255521
22,gpboost_exact,104,-1.4673449823068343,-1.563600011201418,-1.2622933033578434,0.3352558224617599,0.2050516789489909
22,gpboost_exact,105,-1.133593827339873,-1.075723310301506,-1.0073869332868703,0.3681698457301001,0.12620689405300256
22,gpboost_exact,106,0.2308516811634374,0.22786812051900682,0.10891766920589951,0.5082761903926719,-0.12193401195753789
22,gpboost_exact,107,-0.7206743732807761,-0.6833981309802302,-0.9363093349125666,0.34421025811214573,-0.21563496163179052
22,gpboost_exact,108,-2.1189327615683307,-2.2796140166867156,-2.117639240560557,0.33451042277430576,0.0012935210077738013
22,gpboost_exact,109,-1.7094167928739248,-1.6850989044293243,-1.7264210062811092,0.423498342555706,-0.017004213407184388
22,gpboost_exact,110,-2.7792512481621983,-2.7723352696960997,-2.1791672001234232,0.360058627848384,0.600084048038775
22,gpboost_exact,111,-1.138237099174331,-1.0016665438350283,-1.455385194452143,0.34309744074884857,-0.31714809527781207
22,gpboost_exact,112,-1.6646818543411557,-1.7160551310414265,-0.9103105488857297,0.39348716062110956,0.754371305455426
22,gpboost_exact,113,-1.0287403334712473,-0.8967326945047006,-1.3336140252479325,0.5102715111273363,-0.3048736917766852
22,gpboost_exact,114,-0.39693872628628213,-0.5037819150666085,-0.6848280786207734,0.3757896700520038,-0.2878893523344913
22,gpboost_exact,115,-1.1912245804602482,-1.239997422258868,-1.4738640693274565,0.35757718376334985,-0.28263948886720835
22,gpboost_exact,116,-1.4417994470313726,-1.4308555607321287,-1.052650662823127,0.3438798661197648,0.3891487842082457
22,gpboost_exact,117,-0.6664734211483512,-0.6971885201657947,-0.6439809667030669,0.4209178663040686,0.02249245444528425
22,gpboost_exact,118,-1.1805208592339953,-1.2050587493503626,-1.243404356340136,0.3497780784643082,-0.06288349710614072
22,gpboost_exact,119,0.07398171950626053,0.2018965480140258,-0.07903659823747056,0.3548173567226283,-0.1530183177437311
22,gpboost_exact,120,-0.32088476367758956,-0.133890497916954,-0.4919856259043289,0.3673286513519805,-0.17110086222673937
22,gpboost_exact,121,-0.7318380829619502,-0.7098542630496408,-0.6913347708332456,0.3742162085681942,0.040503312128704616
22,gpboost_exact,122,-1.3014868147034764,-1.34924258954688,-0.8540495619224355,0.3920164974758485,0.44743725278104085
22,gpboost_exact,123,-0.5219164622689401,-0.5120659796957948,-0.7004251466533233,0.3879052024826928,-0.17850868438438328
22,gpboost_exact,124,-1.3770318471754268,-1.5044628096843446,-1.0125145524197388,0.3437700028838106,0.36451729475568806
22,gpboost_exact,125,-1.3710407857798006,-1.3047649344674874,-1.1184117597574055,0.3439480053176973,0.2526290260223951
22,gpboost_exact,126,-1.8856355046628035,-1.799087333962505,-2.222961960135846,0.452051713843552,-0.33732645547304263
22,gpboost_exact,127,-1.322164352199801,-1.2916847580938062,-1.1897825201550205,0.3397330563318147,0.1323818320447805
22,gpboost_exact,128,-0.8193511287434347,-0.9088480902324287,-1.0699481841465488,0.4604748264708059,-0.25059705540311406
22,gpboost_exact,129,-2.514188070395911,-2.6300073330444844,-2.422468967844024,0.3386198919581689,0.09171910255188731
22,gpboost_exact,130,-1.7946041793469094,-1.728147580411808,-1.6292821406443867,0.38835214622185366,0.1653220387025227
22,gpboost_exact,131,-1.7558885083546674,-1.6253404926196595,-1.4503473642370714,0.3464321433509569,0.3055411441175959
22,gpboost_exact,132,-1.6131482408759374,-1.492940949905546,-1.290323224525899,0.3372300235455324,0.32282501635003835
22,gpboost_exact,133,-1.3700102442720148,-1.3251886667895114,-0.9994682209556016,0.3506857254407192,0.37054202331641317
22,gpboost_exact,134,-1.1362474755078231,-1.49643681662298,-1.1069527828658678,0.5235774189599024,0.029294692641955278
22,gpboost_exact,135,-0.9055919018198038,-1.0800394496813417,-1.4044118564758286,0.34681442661862466,-0.4988199546560248
22,gpboost_exact,136,-1.3368131748306114,-1.546725998314358,-1.216002120152229,0.43148366875486516,0.12081105467838227
22,gpboost_exact,137,-0.9894297429555537,-0.8740000151297374,-0.6979116166714121,0.41103269278306476,0.29151812628414164
22,gpboost_exact,138,0.041428194619244574,0.23061963305176092,0.09000552972173992,0.3834077033158411,0.048577335102495345
22,gpboost_exact,139,-1.1640397326575667,-1.162297493774157,-1.4157252800158968,0.37121318229581274,-0.25168554735833015
22,gpboost_exact,140,-2.1807439333537557,-2.0393733616602305,-2.245314459090885,0.3649841258733003,-0.06457052573712918
22,gpboost_exact,141,-2.4106481384935816,-2.449022065787612,-1.847065032799712,0.37982130518777857,0.5635831056938696
22,gpboost_exact,142,-1.0838626258357815,-1.0884271316232623,-0.9585473353859086,0.33598265121307336,0.12531529044987288
22,gpboost_exact,143,-1.0231528880126524,-1.1947192059792837,-0.7412493315100654,0.36803792687632514,0.2819035565025869
22,gpboost_exact,144,-1.2660864450642366,-1.1858328027406617,-1.5654217806610689,0.3453440297941898,-0.29933533559683223
22,gpboost_exact,145,-1.5321035923696515,-1.5451931805252703,-1.4665517170781825,0.3530688139766408,0.065551875291469
22,gpboost_exact,146,-1.6329845868655393,-1.6269588666012091,-1.4469742382734418,0.3302571054058989,0.18601034859209742
22,gpboost_exact,147,-0.4784741538167081,-0.4683209053307556,-0.7666240802948696,0.3407037141872757,-0.2881499264781615
22,gpboost_exact,148,-0.9583279631063004,-0.8678370234925556,-0.9910410412413135,0.356291045283533,-0.03271307813501312
22,gpboost_exact,149,-0.3904878575805425,-0.5212590711449874,-0.9378780942252831,0.3914211414768987,-0.5473902366447406
22,gpboost_exact,150,-1.9936257167634182,-2.051273206417456,-1.62610510559462,0.3626089333420892,0.3675206111687981
22,gpboost_exact,151,-2.089971661354543,-2.3300436552521444,-1.5755675180427353,0.3419361177277871,0.5144041433118076
22,gpboost_exact,152,0.120702085763296,0.07611628752351726,0.0169475561899759,0.36256349632653895,-0.1037545295733201
22,gpboost_exact,153,-0.016169769722796434,-0.07794261962507579,0.3028089833688625,0.4122006544727571,0.31897875309165896
22,gpboost_exact,154,-1.1424941481226987,-1.1188587271610149,-0.7428810932716274,0.3630969414395811,0.39961305485107124
22,gpboost_exact,155,-3.1895610194168005,-3.251215120511687,-2.503105551603783,0.35933714821176765,0.6864554678130177
22,gpboost_exact,156,-2.247856764844631,-2.376808464086663,-2.142391996137153,0.36213219075852854,0.10546476870747767
22,gpboost_exact,157,-2.4080862094285678,-2.3279915743641393,-1.9651960443465608,0.3875385961476363,0.44289016508200696
22,gpboost_exact,158,-1.5825889166298768,-1.5715834301567164,-1.1786784108499173,0.3535140111901897,0.40391050577995946
22,gpboost_exact,159,-1.109860327386461,-1.1067145122009898,-1.411402206918563,0.3400805672125165,-0.3015418795321021
22,gpboost_exact,160,-0.8129545745997953,-0.8253814215389005,-0.7339635188277835,0.3598106646579798,0.07899105577201171
22,gpboost_exact,161,0.01776925237395066,0.1651099714924216,0.12053167767041018,0.3598651742600024,0.10276242529645951
22,gpboost_exact,162,-2.4857770892069886,-2.426654931900272,-2.5397942419831807,0.3638634679780368,-0.05401715277619212
22,gpboost_exact,163,-1.6114297336968055,-1.5644585200329986,-1.4429100194677407,0.37599135377163834,0.16851971422906487
22,gpboost_exact,164,-2.711829605261796,-2.664765968313431,-2.0704143340822014,0.369424175254839,0.6414152711795946
22,gpboost_exact,165,-1.316615168230383,-1.419012732011823,-1.119198973558019,0.3534993445286917,0.19741619467236404
22,gpboost_exact,166,-0.7075894836981205,-0.693945461569863,-0.8963912281346911,0.3705464299648081,-0.1888017444365706
22,gpboost_exact,167,-0.8429271809912544,-0.8778761394237398,-1.174337802796975,0.36554659148204327,-0.3314106218057207
22,gpboost_exact,168,-0.4794139225035582,-0.4967099098016328,-0.9101222775253976,0.3917909296726007,-0.43070835502183946
22,gpboost_exact,169,0.22823014037830092,0.20791955416392874,0.3404090542784939,0.4063160593025723,0.11217891390019297
22,gpboost_exact,170,-2.4734183309927222,-2.442518330196105,-2.552675252351495,0.4253105631069337,-0.07925692135877282
22,gpboost_exact,171,-0.9090851307077814,-0.9013846359366902,-1.3008541354183976,0.33647764525317886,-0.39176900471061615
22,gpboost_exact,172,-1.89508197118537,-1.9113942059148232,-1.4407727448547796,0.3539473763158319,0.45430922633059034
22,gpboost_exact,173,-0.8851667223797313,-0.9371197490835564,-0.8343084236501745,0.3710438621871223,0.05085829872955672
22,gpboost_exact,174,-2.3806568169433135,-2.4087136931020354,-2.136208612870254,0.42308104768269883,0.24444820407305956
22,gpboost_exact,175,-0.20599582228176672,-0.2295790488163807,-0.7471173794682944,0.3340085334190458,-0.5411215571865277
22,gpboost_exact,176,-1.5443248229473645,-1.6516388218773037,-1.3055422243373016,0.40387104923779404,0.2387825986100629
22,gpboost_exact,177,-0.8661238313089316,-0.8805571229532356,-1.1490297258678321,0.4658760909720857,-0.2829058945589006
22,gpboost_exact,178,0.0737698578924304,0.0605169330755175,-0.18762976998487346,0.35807609933762596,-0.26139962787730386
22,gpboost_exact,179,-1.7765843289509111,-1.6087278214280138,-1.748508955449056,0.4017741152805157,0.028075373501855072
22,gpboost_exact,180,-2.380431606588432,-2.338146691291325,-2.5808153312190925,0.34663580459467924,-0.20038372463066034
22,gpboost_exact,181,-2.4144572156034823,-2.4305960762393752,-1.9641423777929479,0.4583920755799866,0.4503148378105344
22,gpboost_exact,182,-0.9515891242687825,-0.9153740248302595,-1.2204017648728502,0.428982452116505,-0.26881264060406773
22,gpboost_exact,183,-0.40694909930399104,-0.36856358824536173,-0.5513838169921002,0.3673899252331004,-0.14443471768810912
22,gpboost_exact,184,-0.7525846911470822,-0.774161338168121,-0.6556181782122401,0.4016261218265089,0.09696651293484204
22,gpboost_exact,185,-1.2967452185681276,-1.2902349765151706,-1.2705152708463832,0.35621376139856836,0.026229947721744473
22,gpboost_exact,186,-2.23744446421824,-2.1673106658612205,-2.4543061456739537,0.36510149519326457,-0.21686168145571383
22,gpboost_exact,187,-2.2161798397438535,-2.3764577367105377,-1.688855778154915,0.36746855456348226,0.5273240615889385
22,gpboost_exact,188,-1.216638455747742,-1.2136395056049682,-1.1504427700144682,0.34987392882365925,0.06619568573327395
22,gpboost_exact,189,-1.3276487678273128,-1.3716857509591753,-1.3310404805064424,0.34729486579133795,-0.0033917126791296326
22,gpboost_exact,190,-2.0455995953652217,-2.1336082945952146,-1.9128576346932356,0.37004898755385823,0.13274196067198618
22,gpboost_exact,191,-2.0186408471678683,-1.8747157806660306,-2.0643836321107667,0.3663700697630389,-0.04574278494289841
22,gpboost_exact,192,-1.85072719027339,-2.0174119275709366,-1.6689159576319366,0.3326340473446114,0.18181123264145338
22,gpboost_exact,193,-2.053924155920656,-1.9283948203046237,-2.3160937608876644,0.35928855668398,-0.2621696049670086
22,gpboost_exact,194,-0.7728135864867924,-0.7520250681251134,-1.292450643201903,0.37451110226410217,-0.5196370567151105
22,gpboost_exact,195,-1.5139736783147215,-1.5915367701599064,-1.440798179719037,0.3402708280590041,0.07317549859568451
22,gpboost_exact,196,-1.451993824500677,-1.5271002350711576,-1.0164869487591837,0.37435094420537635,0.43550687574149327
22,gpboost_exact,197,-1.2808785004362973,-1.2545916637161119,-1.0297501936694413,0.356041099076422,0.25112830676685594
22,gpboost_exact,198,-2.6329004720142306,-2.6556254124808465,-2.5222853188563583,0.3370283305184285,0.11061515315787229
22,gpboost_exact,199,-0.8688692418562357,-0.8145929690739494,-1.0343283895828321,0.35023904546661366,-0.16545914772659642
22,gpboost_exact,200,-1.0151993781649367,-1.180448814771003,-1.322298559848205,0.36323333993514617,-0.30709918168326844
22,gpboost_exact,201,-0.1897035826460074,-0.16471573127856848,-0.7988083517183817,0.3808640101233525,-0.6091047690723743
22,gpboost_exact,202,-0.593686288871676,-0.5297391575027152,-0.6711162569515281,0.37538056849521784,-0.07742996807985214
22,gpboost_exact,203,-1.6957733403538464,-1.6091601514287142,-1.4965052234714804,0.3494721731615585,0.199268116882366
22,gpboost_exact,204,-1.9242644462679126,-1.8226505656237026,-1.8511778134108177,0.40856807128721406,0.07308663285709494
22,gpboost_exact,205,-0.5616958864059348,-0.742301890710855,-1.0768178029539826,0.5030800388580615,-0.5151219165480477
22,gpboost_exact,206,-2.541479426968485,-2.3961370762072365,-2.250694432948883,0.3781687517667884,0.2907849940196017
22,gpboost_exact,207,-1.6963526308163965,-1.533394956435157,-1.3661229180492462,0.3759375056724624,0.3302297127671503
22,gpboost_exact,208,-1.7242241891981605,-1.8213978181087986,-1.678871524410507,0.4153221471576864,0.04535266478765343
22,gpboost_exact,209,-0.6565150142837214,-0.6256388744454963,-1.002797872197828,0.3575094495775997,-0.3462828579141065
22,gpboost_exact,210,-0.580236454064403,-0.5366427212069468,-1.129346181256281,0.3858481898385162,-0.549109727191878
22,gpboost_exact,211,-1.0767860366588025,-1.057532545112862,-1.498178844951184,0.354202077703804,-0.42139280829238146
22,gpboost_exact,212,-0.972017809819566,-1.045848741380478,-1.2630514432605153,0.3678855972034657,-0.29103363344094935
22,gpboost_exact,213,-1.797626461844192,-1.7707378333643813,-1.262965071166799,0.35020440336747827,0.5346613906773929
22,gpboost_exact,214,-0.7575803699683668,-0.6836453466434739,-1.114818240919007,0.35520315016062803,-0.3572378709506403
22,gpboost_exact,215,-2.0894855844629805,-2.127907079183372,-2.00563712065024,0.38485601664912045,0.08384846381274036
22,gpboost_exact,216,-1.8393154625073578,-1.7356329508358401,-1.9023520286655966,0.4027591429453096,-0.06303656615823883
22,gpboost_exact,217,-0.9322950089864859,-0.7523263041098716,-1.015610195771803,0.33875388339762236,-0.08331518678531702
22,gpboost_exact,218,-1.1347771766010246,-1.1215911094147013,-1.4619182595978888,0.3442064655730019,-0.3271410829968642
22,gpboost_exact,219,-1.190603892049738,-1.0656259082512343,-1.1372786244886912,0.329763049682692,0.05332526756104672
22,gpboost_exact,220,-1.4680231866957578,-1.5210941038922783,-1.2923374183615932,0.35480594577254276,0.1756857683341646
22,gpboost_exact,221,-1.3846667269052035,-1.4121828566967187,-1.547792113283986,0.408909506821725,-0.1631253863787825
22,gpboost_exact,222,-0.4019985548621682,-0.396126693538945,-0.6818266603773999,0.3423880115979313,-0.27982810551523174
22,gpboost_exact,223,-1.5562652707826194,-1.6669407715320532,-1.6373516964764523,0.33369648833710186,-0.08108642569383284
22,gpboost_exact,224,-0.47504300413659195,-0.47929553218220294,-0.5208370039811623,0.34445501767936354,-0.04579399984457033
22,gpboost_exact,225,-1.7019342717132604,-1.7180192387406703,-1.4277800244077365,0.34644969866894343,0.27415424730552385
22,gpboost_exact,226,-1.8272950896473694,-1.903523310245642,-1.3198755454494808,0.3469303466909704,0.5074195441978886
22,gpboost_exact,227,-0.6362929386262237,-0.8495103410070062,-0.6791408483188182,0.35108690172596974,-0.042847909692594444
22,gpboost_exact,228,-0.8877205330285151,-0.9107860675888637,-0.8964892639400386,0.4186692927141576,-0.008768730911523526
22,gpboost_exact,229,-0.19568324270949145,-0.34010883604509157,-0.8502244856011689,0.38347503272224753,-0.6545412428916775
22,gpboost_exact,230,-2.113587311456071,-2.0493220014809874,-2.0474700228135205,0.3542963251827284,0.06611728864255051
22,gpboost_exact,231,-0.6218093961097965,-0.6174487606427187,-0.8042736176024814,0.35819318991386023,-0.18246422149268493
22,gpboost_exact,232,-0.24877375023745324,-0.15530347933375943,-0.7133958226454133,0.3362537696411402,-0.4646220724079601
22,gpboost_exact,233,-1.8319919658605766,-1.9188561276416065,-1.3940555102879575,0.34574419932988126,0.43793645557261907
22,gpboost_exact,234,-1.5698835222341967,-1.510352832180925,-1.1698056679258748,0.3507868358622591,0.4000778543083219
22,gpboost_exact,235,-1.2944358528904398,-1.398187722311553,-1.3178288861685186,0.4726487422466837,-0.023393033278078734
22,gpboost_exact,236,-2.8840945031113385,-2.9840249118886772,-2.798782473190446,0.34045787509552095,0.08531202992089248
22,gpboost_exact,237,-1.856546817698054,-1.8492066416318502,-1.3584304348598835,0.36615086299711586,0.4981163828381705
22,gpboost_exact,238,-0.5326461058269565,-0.516122176547866,-1.0121389102781322,0.34002372578812606,-0.4794928044511757
22,gpboost_exact,239,-1.6996554267271882,-1.6893536823517765,-0.9115957807686303,0.43914142380414495,0.7880596459585578
22,gpboost_exact,240,-1.0675033558212117,-0.9593814980547084,-1.375396783111519,0.3368423728015626,-0.30789342729030733
22,gpboost_exact,241,-1.800437280859668,-1.7491766196015555,-2.2170752694344937,0.3773586610332439,-0.4166379885748257
22,gpboost_exact,242,-1.1995324596993335,-1.106291071544884,-1.570527024162672,0.34340812106488705,-0.37099456446333856
22,gpboost_exact,243,-1.671893914797006,-1.702454255100598,-1.651804158626856,0.37180296539902924,0.020089756170150075
22,gpboost_exact,244,-2.093029728781649,-2.121347187617559,-1.9537943945540963,0.37064354802970734,0.13923533422755252
22,gpboost_exact,245,-1.3388801102984609,-1.3531692606617585,-1.1002233803858026,0.36826024101467225,0.2386567299126583
22,gpboost_exact,246,-1.2179809903738674,-1.154383867512827,-0.9012184412267619,0.3407578716912518,0.31676254914710555
22,gpboost_exact,247,-1.58840039494117,-1.4647534367776214,-1.6377924110868527,0.34482268082488204,-0.04939201614568267
22,gpboost_exact,248,-0.10335695508613624,-0.1665861786980145,-0.5590549734760764,0.34219903314696476,-0.4556980183899401
22,gpboost_exact,249,-1.1915890919838241,-1.2734498276029753,-0.9737242037516012,0.419053515752883,0.21786488823222294
22,gpboost_exact,250,-1.386873733553938,-1.3109139458765073,-1.1623036098182453,0.35252546397027557,0.22457012373569274
22,gpboost_exact,251,-1.1097423941174016,-1.0300765191673098,-1.3329497271440491,0.3362225521071358,-0.22320733302664753
22,gpboost_exact,252,-1.1453414339526735,-1.0475743894188958,-1.0135435722713195,0.34765914150066335,0.131797861681354
22,gpboost_exact,253,-1.3962801270374037,-1.2775653898733368,-1.4979884008962028,0.3510389945349988,-0.1017082738587991
22,gpboost_exact,254,-1.057376780869803,-0.9897449824502541,-1.0903127100817755,0.3545874293351273,-0.03293592921197264
22,gpboost_exact,255,-1.394836173117122,-1.4256063911260213,-1.012465313893209,0.35466182296121646,0.382370859223913
22,gpboost_exact,256,-1.998208721617326,-2.017420891088482,-2.102932223773845,0.3903012109560861,-0.10472350215651871
22,gpboost_exact,257,-0.9026774846691751,-0.9597697783345812,-1.273750453828164,0.35731140207943846,-0.371072969158989
22,gpboost_exact,258,-2.2597571317115945,-2.2699729885986666,-1.8859055258930777,0.37001993580905757,0.37385160581851684
22,gpboost_exact,259,0.004490523081103065,0.135605153448792,-0.15808480255395807,0.4001530225337904,-0.16257532563506114
22,gpboost_exact,260,-1.0051543399010856,-0.9435101398536477,-0.978695361106583,0.36478783797335096,0.026458978794502652
22,gpboost_exact,261,-1.8082251108154328,-1.7179289585372892,-1.3834437008318563,0.36139594971149147,0.4247814099835765
22,gpboost_exact,262,-2.0815078957168858,-2.1265750953971256,-1.6607058852659176,0.35591364012525123,0.4208020104509682
22,gpboost_exact,263,-1.1367004727997303,-1.1160965950405097,-0.8054431089523266,0.3584975547484146,0.3312573638474037
22,gpboost_exact,264,0.1956214398756289,0.1844346543792771,0.2849573004389079,0.4720903540824096,0.08933586056327897
22,gpboost_exact,265,-0.84078228222994,-0.9469662011360379,-0.524944950557428,0.43419363741471684,0.31583733167251204
22,gpboost_exact,266,-1.5948594518406152,-1.3620162088234282,-1.4198543399235692,0.3616866587216753,0.17500511191704593
22,gpboost_exact,267,-0.4764964787251197,-0.33194383837196034,-0.41922625521000256,0.36957266357393626,0.057270223515117125
22,gpboost_exact,268,-1.8202621407078867,-1.8654262606316319,-1.6578510570618175,0.40299118167109516,0.16241108364606927
22,gpboost_exact,269,-0.7322865478421594,-0.6448131470904843,-0.6827149780397868,0.36730333330649745,0.04957156980237265
22,gpboost_exact,270,-0.7951361760699919,-0.6422947784239461,-1.353073987441249,0.3781687110398764,-0.5579378113712571
22,gpboost_exact,271,-0.5676710855264825,-0.384173903660934,-0.6626597602247646,0.3553573627095593,-0.0949886746982821
22,gpboost_exact,272,-2.5841821051615823,-2.615338272985823,-2.0999372083811707,0.36260212607585196,0.4842448967804116
22,gpboost_exact,273,0.03061452216334193,-0.18626228632614067,-0.552871789679914,0.3533848094815042,-0.583486311843256
22,gpboost_exact,274,-1.9688239254243294,-1.933996110028892,-2.150522583737658,0.41797115148573605,-0.18169865831332843
22,gpboost_exact,275,-1.6263913710223117,-1.7281981574676477,-1.5600173267444823,0.3446031668722504,0.06637404427782934
22,gpboost_exact,276,-0.35351171112108515,-0.44586228696505603,-0.773208789178705,0.34037889353353484,-0.4196970780576198
22,gpboost_exact,277,-0.7181164210156574,-0.675105795357563,-1.1025923171924,0.35108630908399324,-0.3844758961767425
22,gpboost_exact,278,-2.6978813995597055,-2.677633169131556,-2.5607696717330004,0.3560554417571889,0.1371117278267051
22,gpboost_exact,279,-0.1572212717530554,-0.09244682177310969,0.4293724257226845,0.3906740683848264,0.58659369747574
22,gpboost_exact,280,-2.193748425230612,-1.9474156609267443,-1.6395087234638197,0.3484813184919562,0.5542397017667922
22,gpboost_exact,281,0.02058321099526811,-0.22369071134548635,-0.342864664874579,0.33980408482861596,-0.3634478758698471
22,gpboost_exact,282,-0.9432229793793606,-0.9609399084441747,-0.9975779163388605,0.3701324678090293,-0.05435493695949989
22,gpboost_exact,283,-1.7534714555058297,-1.7253261934149093,-1.77040727265093,0.34356985900769416,-0.016935817145100174
22,gpboost_exact,284,-0.9670537201552323,-0.9004357140258602,-1.1788072335224005,0.494600081718992,-0.2117535133671682
22,gpboost_exact,285,-0.479183732436043,-0.4858641578910215,-0.6019636033052933,0.41313482223212933,-0.1227798708692503
22,gpboost_exact,286,-1.3322598295961612,-1.3930681115539707,-1.2973668963832523,0.38412015517331455,0.03489293321290887
22,gpboost_exact,287,-1.4184432661002235,-1.321848898330755,-1.3700604073231375,0.34122596046052145,0.048382858777086035
22,gpboost_exact,288,-1.4978844194610397,-1.1965875291408703,-1.4880161861202144,0.3449497123437295,0.009868233340825316
22,gpboost_exact,289,-1.2992269706650768,-1.156425679413269,-1.3006707393245076,0.45054781001587874,-0.0014437686594308552
22,gpboost_exact,290,-1.0008480835972917,-0.9578786302657211,-1.4440045093623386,0.35180456133044463,-0.4431564257650469
22,gpboost_exact,291,-0.04037020556848575,-0.05660522637766606,-0.5647672985352035,0.38318785550543505,-0.5243970929667177
22,gpboost_exact,292,-1.24378477740166,-1.265747924206579,-1.2147773047252244,0.3433662311325635,0.029007472676435553
22,gpboost_exact,293,-1.3119865406821782,-1.2492560192884201,-1.252531901896086,0.3485119188964999,0.05945463878609214
22,gpboost_exact,294,-1.0239473848568155,-1.1177007551846552,-1.0375171376173853,0.33912328431328004,-0.01356975276056982
22,gpboost_exact,295,-2.344305520052909,-2.4575584731783486,-1.6967183571847126,0.36939494158584957,0.6475871628681964
22,gpboost_exact,296,-2.209624629528289,-2.477873870257937,-2.3346884444621843,0.36143079292365005,-0.1250638149338954
22,gpboost_exact,297,-2.2714020169116718,-2.323430932543524,-2.221687769360795,0.3707575056365002,0.049714247550876944
22,gpboost_exact,298,-0.8238807035851086,-0.9452629194288628,-0.7407767861010441,0.3520952823652804,0.08310391748406443
22,gpboost_exact,299,-1.373175529019369,-1.3825345018476887,-0.9412465769777043,0.3817809558214591,0.4319289520416647
23,gpboost_exact,0,-0.6394729725689206,-0.6515693375546819,-0.8068208779534274,0.2590092426131145,-0.16734790538450683
23,gpboost_exact,1,-0.4528963643654815,-0.45412324144171085,-0.6197190839424067,0.25503422182448665,-0.16682271957692524
23,gpboost_exact,2,-0.6711871175190438,-0.5487600968327085,-0.5670563305211829,0.22644513331320196,0.10413078699786094
23,gpboost_exact,3,-1.1774371276570128,-1.2653935427542216,-1.1906443058283855,0.18515703338551068,-0.013207178171372735
23,gpboost_exact,4,-1.3907937834322706,-1.2880630881732196,-1.6191574843010343,0.29336704961164134,-0.22836370086876379
23,gpboost_exact,5,-1.1695484109380638,-1.0970162812628679,-1.0982115806863249,0.33515932827437134,0.07133683025173898
23,gpboost_exact,6,-0.33099797966713923,-0.29970695751595905,0.08084245610101704,0.19491023639649913,0.41184043576815627
23,gpboost_exact,7,-0.36052899417659656,-0.3641920307610229,-0.6785616984488456,0.3409649746339644,-0.31803270427224906
23,gpboost_exact,8,-1.8317472098440324,-1.793200548162247,-1.938414868312151,0.3877427202308588,-0.10666765846811854
23,gpboost_exact,9,-0.7994049975861655,-0.6972149500558922,-0.522854738280607,0.2900431179520999,0.27655025930555843
23,gpboost_exact,10,-0.3085780167922857,-0.3521835491934149,0.051279104454764024,0.4097357892737126,0.3598571212470497
23,gpboost_exact,11,-0.6178400595073797,-0.6552115764363208,-0.11850481198920448,0.33892262366590814,0.49933524751817526
23,gpboost_exact,12,-1.4296918245225412,-1.5168668318382599,-1.4515370167133241,0.33463685301933066,-0.021845192190782958
23,gpboost_exact,13,-2.133039667882909,-2.1151741610089005,-2.0691572947091075,0.1855960192940481,0.06388237317380163
23,gpboost_exact,14,-1.4152657443955896,-1.2912288227070112,-1.2449768184271122,0.2595066642267878,0.17028892596847744
23,gpboost_exact,15,-1.2164526070178838,-1.196630311873515,-0.7079526583414193,0.39509703314644146,0.5084999486764645
23,gpboost_exact,16,-1.2373140127331566,-1.3183808111353836,-1.629740271185014,0.2809866547474612,-0.3924262584518574
23,gpboost_exact,17,-1.112144430415314,-1.1537339746701003,-1.2818722518975463,0.3667587639048636,-0.1697278214822322
23,gpboost_exact,18,-1.1695727581733781,-1.1270374328132793,-1.4353874369619035,0.5077981293157294,-0.2658146787885254
23,gpboost_exact,19,0.08575653757959245,0.0685286121410347,-0.13186403575071637,0.1874047557198401,-0.21762057333030882
23,gpboost_exact,20,-0.39361685590035755,-0.42218701489595667,-0.6660108897324619,0.2784808170747754,-0.27239403383210437
23,gpboost_exact,21,-0.11899157908561486,-0.1872401677196972,-0.3888069022872358,0.3457586163269096,-0.26981532320162094
23,gpboost_exact,22,-0.9257352753164956,-0.8960228779432711,-0.8051031540820048,0.21412690741822238,0.12063212123449074
23,gpboost_exact,23,-0.9862730787603917,-0.8157810066994893,-1.2399893398310908,0.2943302753805884,-0.2537162610706991
23,gpboost_exact,24,-1.0607470130763559,-1.1180828104727352,-1.1314246790260611,0.23365627446865278,-0.07067766594970526
23,gpboost_exact,25,-0.10363167833354109,-0.17542028869419124,0.17391820052920082,0.23822284223076567,0.2775498788627419
23,gpboost_exact,26,-2.3365484494269286,-2.3237168744377716,-2.8234748389596405,0.2893631034586117,-0.48692638953271183
23,gpboost_exact,27,-0.768399333829652,-0.941277872825327,-0.9051474097686736,0.2929861238100173,-0.1367480759390216
23,gpboost_exact,28,-0.7453296488589168,-0.7655516627540886,-1.1322803987387076,0.2405764139323272,-0.3869507498797907
23,gpboost_exact,29,-2.2261020262050466,-2.1779386722115093,-2.729532006720042,0.40819078557729105,-0.5034299805149955
23,gpboost_exact,30,-0.7223402981139309,-0.7118571740627849,-1.2101213300865723,0.24206230211073979,-0.48778103197264144
23,gpboost_exact,31,-0.2743803351581042,-0.11223199010228194,-0.33267537083631993,0.27697428937339724,-0.0582950356782157
23,gpboost_exact,32,0.49235314473289815,0.4192154944403817,0.10177730228284787,0.3223473841872708,-0.3905758424500503
23,gpboost_exact,33,-2.5531748418043767,-2.7674923274501895,-2.036032568228485,0.4568684337455719,0.5171422735758915
23,gpboost_exact,34,-1.8330114876074877,-1.9322529465860165,-1.7577491335236601,0.4385584761501983,0.07526235408382753
23,gpboost_exact,35,-1.6037144665411953,-1.6628059071864296,-2.043650477817472,0.3774026260893319,-0.4399360112762769
23,gpboost_exact,36,-0.8346573496907664,-0.8866123654034743,-0.6188136490318641,0.28620025560500895,0.21584370065890235
23,gpboost_exact,37,-2.3346317978146685,-2.2549077054911666,-1.748980919982884,0.3131018570540236,0.5856508778317844
23,gpboost_exact,38,-0.9406830824664518,-0.832469657496179,-1.0870072413322873,0.2216439638457087,-0.1463241588658355
23,gpboost_exact,39,-1.6180187735345082,-1.3929384321539686,-1.2897131237024624,0.1923347263992416,0.3283056498320458
23,gpboost_exact,40,-1.1831443374255113,-1.187284875457454,-1.4655750316432261,0.41352268807550047,-0.28243069421771483
23,gpboost_exact,41,-0.34034499288871245,-0.2971493333861296,-0.3767341675169149,0.3287489478343542,-0.03638917462820246
23,gpboost_exact,42,-0.2867361379227112,-0.1474025382964909,-1.1361495697782118,0.3841161947285086,-0.8494134318555007
23,gpboost_exact,43,-1.1814008184478506,-1.2474839466643781,-1.536850818838964,0.2985574627128784,-0.3554500003911134
23,gpboost_exact,44,-1.3904711933941898,-1.459166451387618,-1.448411945094108,0.22398799012965345,-0.05794075169991819
23,gpboost_exact,45,-2.158362331573028,-2.1438681476969914,-1.717531353758062,0.4022720831629418,0.44083097781496594
23,gpboost_exact,46,-1.0468907139308479,-1.1718443810145212,-1.1301592810596262,0.16796946963838255,-0.08326856712877828
23,gpboost_exact,47,-0.5265165186614897,-0.4970453755572166,-0.8319286612462378,0.2875137987210936,-0.305412142584748
23,gpboost_exact,48,-2.1996815132484997,-2.1367946535304188,-2.364185707736503,0.456493992454317,-0.16450419448800346
23,gpboost_exact,49,-2.085048106918652,-2.0705110464171543,-2.6048923534364903,0.3510278137875167,-0.5198442465178381
23,gpboost_exact,50,-1.523169558279565,-1.4390030754316934,-1.3144817029297045,0.2243157104603869,0.20868785534986056
23,gpboost_exact,51,-1.2288025147355095,-1.1387466915524178,-1.0650996976238574,0.40563451398352407,0.16370281711165213
23,gpboost_exact,52,-0.8530885901951091,-0.7632191020697648,-0.8805515830520037,0.2561213166623025,-0.027462992856894575
23,gpboost_exact,53,-0.92984481782446,-1.0073604001320766,-1.0393715847879506,0.2373394327077059,-0.10952676696349051
23,gpboost_exact,54,-0.4465690015694251,-0.43680303432356016,-1.1043827232689978,0.2559480271442418,-0.6578137216995728
23,gpboost_exact,55,-0.8484177877000962,-0.9353429191301942,-1.2941440359663048,0.36822725311419424,-0.44572624826620855
23,gpboost_exact,56,-1.6545730416877462,-1.5716423225598086,-1.5213910465916811,0.32295058522654546,0.1331819950960651
23,gpboost_exact,57,-1.3401119171902205,-1.4912499199327256,-1.4059980701968868,0.31748934333578505,-0.06588615300666634
23,gpboost_exact,58,-0.9193327050887449,-0.6908854345789043,-1.3266811062188424,0.2235009669241001,-0.4073484011300975
23,gpboost_exact,59,-2.0284967956791697,-2.0019990421080163,-1.5893873525141018,0.2625185940978856,0.43910944316506795
23,gpboost_exact,60,-0.7483444976807117,-0.8030844545286917,-0.6256191613916968,0.19075436892326,0.12272533628901483
23,gpboost_exact,61,-0.7625902219672909,-0.6531665282366651,-0.5235444962011115,0.34353946975900845,0.23904572576617933
23,gpboost_exact,62,-1.5048972725266545,-1.3278864637156396,-1.4062863990486179,0.1876125593806744,0.09861087347803665
23,gpboost_exact,63,-0.6483934412911513,-0.7545459915300439,-0.9703776451102044,0.26749165063956576,-0.3219842038190531
23,gpboost_exact,64,-2.133756157055142,-2.1072320173679944,-1.7990355774292226,0.2371329449686491,0.3347205796259196
23,gpboost_exact,65,-1.4783086926798727,-1.5380602076102274,-1.2635104380036921,0.36977850237287957,0.21479825467618063
23,gpboost_exact,66,0.9451738603410249,0.8230958842663435,-0.14197788156313607,0.5798148830485287,-1.087151741904161
23,gpboost_exact,67,-2.768986093595284,-2.8750090020006143,-2.6638171089970655,0.1595529614362469,0.10516898459821844
23,gpboost_exact,68,-1.5015198118614317,-1.5473095781591646,-1.4168745234033437,0.4758107850863002,0.08464528845808794
23,gpboost_exact,69,-1.2213460141343486,-1.3264157897799085,-1.0065062713047865,0.3661937551564631,0.21483974282956209
23,gpboost_exact,70,-0.40781111880479703,-0.39612748752314314,-0.5847710358437368,0.25630608776056163,-0.17695991703893976
23,gpboost_exact,71,-1.0076600211647202,-0.9256523488342592,-0.9863370867171142,0.39965984099602286,0.021322934447606023
23,gpboost_exact,72,-0.17213279098581613,-0.1469023070987675,-0.10638957366136736,0.3147687515540345,0.06574321732444877
23,gpboost_exact,73,0.23145856673390586,0.3066966687467287,0.34757809701098097,0.2908780709932499,0.11611953027707511
23,gpboost_exact,74,-1.3156747625954959,-1.265462943028291,-1.194616657130851,0.2009700102697202,0.1210581054646449
23,gpboost_exact,75,-0.9116511445550034,-0.8644192073404163,-1.0622378866507418,0.21252754493654608,-0.1505867420957384
23,gpboost_exact,76,-1.8144992516652367,-1.8542165299204405,-1.8981147707405768,0.44191548484333487,-0.08361551907534004
23,gpboost_exact,77,-0.443588371659869,-0.36885822662719436,-0.8697011345161059,0.24765212858285274,-0.4261127628562369
23,gpboost_exact,78,-0.6102782410485795,-0.5937537346141581,-0.359959087900819,0.24008672855519417,0.25031915314776054
23,gpboost_exact,79,-2.852252239104814,-2.685166592928083,-2.4941286082864167,0.18292642786706634,0.3581236308183975
23,gpboost_exact,80,-1.7445024668349363,-1.6127914121088445,-1.7476651333566338,0.23427396037794537,-0.003162666521697499
23,gpboost_exact,81,-1.3185175994836607,-1.2062947659376444,-1.3566225476938953,0.2264762819483984,-0.03810494821023469
23,gpboost_exact,82,-1.1101848803967886,-1.0178328683976163,-1.0912667833863807,0.24993137126124237,0.01891809701040792
23,gpboost_exact,83,-1.0955836728961694,-1.0321293257164215,-0.9732382882119737,0.21182794079581221,0.12234538468419576
23,gpboost_exact,84,-0.6422681362115971,-0.6589256423669775,-0.9047938466449708,0.24673822866461848,-0.2625257104333737
23,gpboost_exact,85,0.36068932069062926,0.43031243789559137,-0.10679911286006671,0.29343794571296317,-0.46748843355069597
23,gpboost_exact,86,-0.4273876409612489,-0.28613044285903183,-0.7154707937106508,0.2796462806307064,-0.2880831527494019
23,gpboost_exact,87,-0.8101294200737915,-0.9282829036837583,-1.0939824134364855,0.27608783065253834,-0.283852993362694
23,gpboost_exact,88,-2.1158335884161783,-2.1825898663920995,-2.134990430642574,0.22347928074076862,-0.01915684222639591
23,gpboost_exact,89,-2.3343678886844357,-2.3770344803131986,-3.077689780883887,0.3520109025786231,-0.7433218921994511
23,gpboost_exact,90,-0.9215549811089618,-1.0005246690856868,-0.7116187654782138,0.2230684376104092,0.20993621563074805
23,gpboost_exact,91,-2.6930233724960457,-2.576414179652856,-2.3029949441764543,0.47610394544634915,0.3900284283195914
23,gpboost_exact,92,-0.2697295864146355,-0.1612666158743839,-0.6117836900684352,0.36914218428722134,-0.34205410365379973
23,gpboost_exact,93,-2.2254500431437774,-2.239665654597456,-2.2299123403986982,0.3365487545284902,-0.004462297254920866
23,gpboost_exact,94,-0.3538001034599517,-0.22273045304919517,-0.7348415938097688,0.33660436822540407,-0.38104149034981705
23,gpboost_exact,95,-0.6833835133528241,-0.5963712773859491,-0.4189777019643586,0.30613145734959246,0.26440581138846553
23,gpboost_exact,96,-0.8781614108887587,-0.8345340506561468,-1.2137885457299475,0.27629616351126046,-0.3356271348411889
23,gpboost_exact,97,-2.163828533307095,-2.150216843844902,-2.0954025345547507,0.26407340818167485,0.06842599875234434
23,gpboost_exact,98,-1.3868630900246264,-1.3053021859324274,-1.309311219977019,0.1949505072673168,0.07755187004760744
23,gpboost_exact,99,-0.6064430745277614,-0.5570720864035772,-1.0014237017034588,0.24361712182466427,-0.3949806271756975
23,gpboost_exact,100,-1.4031127967229637,-1.2495754068583984,-1.1941158298615377,0.19932897128891924,0.208996966861426
23,gpboost_exact,101,-1.9391102163566942,-1.889128514624371,-1.98512292784784,0.5128059441605257,-0.04601271149114572
23,gpboost_exact,102,-0.3818810402555716,-0.4244300494062818,-0.12276887280081183,0.38125729717287826,0.2591121674547598
23,gpboost_exact,103,-2.1660154979524577,-2.182183318941136,-2.3439271425519337,0.2881772866545335,-0.17791164459947595
23,gpboost_exact,104,-0.2257153610010923,-0.15748215899555867,-0.3440182559387708,0.33080225043973194,-0.11830289493767848
23,gpboost_exact,105,-1.406868384670652,-1.4113357164829081,-1.6640879459874967,0.26946972928203433,-0.25721956131684465
23,gpboost_exact,106,-1.2571659894017686,-1.2909726224321336,-0.7978543707209198,0.24185597665166045,0.4593116186808488
23,gpboost_exact,107,-0.649474602779605,-0.6160221854910441,-0.45004031359424346,0.23496299577084584,0.19943428918536155
23,gpboost_exact,108,-0.4404826329315487,-0.36536581692927333,-0.5351331766424252,0.26967816082858864,-0.0946505437108765
23,gpboost_exact,109,-3.048290849247306,-2.896466597576949,-3.3236567293019235,0.34344399203152653,-0.2753658800546175
23,gpboost_exact,110,-2.2002354641015116,-2.0423417007686018,-1.7430435643534494,0.3458633265395724,0.4571918997480622
23,gpboost_exact,111,0.24571767898364183,0.2842497129645021,-0.24365841618269002,0.39847934337460444,-0.48937609516633185
23,gpboost_exact,112,-0.13339490776696822,-0.08647448364263605,-0.08562404232069554,0.24325427568266234,0.04777086544627268
23,gpboost_exact,113,-0.8232524009219903,-0.8684855677106301,-0.7009308544803048,0.2637933361253578,0.12232154644168547
23,gpboost_exact,114,-0.9859561932646574,-0.8875986826415454,-0.9451543802389182,0.3284671618733935,0.040801813025739264
23,gpboost_exact,115,-1.7264429500207927,-1.7473174766474446,-1.496365685474153,0.3226574097165903,0.2300772645466398
23,gpboost_exact,116,-1.7874530959879817,-1.7781257254615987,-2.1901737678310482,0.30964157048249946,-0.4027206718430665
23,gpboost_exact,117,-0.8713754026899179,-0.9745168138701269,-0.6301562429892016,0.267211759110197,0.24121915970071628
23,gpboost_exact,118,-0.46996965658518175,-0.6096473811260686,-0.9077258373056054,0.24150476652864464,-0.43775618072042366
23,gpboost_exact,119,-0.1745992733063148,-0.2346093317105151,-0.0819480450377057,0.31492098647692,0.09265122826860911
23,gpboost_exact,120,-1.6673428716774734,-1.6751128049426904,-1.2306210244129971,0.5350061438875295,0.43672184726447627
23,gpboost_exact,121,-2.410998692384866,-2.3701095352547163,-2.546454211031495,0.2658528448578081,-0.13545551864662908
23,gpboost_exact,122,-1.0165480111641538,-1.0574696115725295,-0.9590160655868942,0.16361697799578845,0.0575319455772596
23,gpboost_exact,123,0.5949605155581744,0.6721311904606952,-0.2244591524551609,0.5088581632997707,-0.8194196680133353
23,gpboost_exact,124,-1.620472830777401,-1.7374870331490562,-1.6165441530007243,0.41364836299666063,0.0039286777766767145
23,gpboost_exact,125,-0.5459478118483779,-0.5460400441910322,-1.0844653588265771,0.27754251418511566,-0.5385175469781992
23,gpboost_exact,126,-0.6650107403049486,-0.7436413672813343,-0.9581932382365608,0.3259453264107708,-0.2931824979316122
23,gpboost_exact,127,0.05027050238170305,0.009695758638702971,0.015641299562162203,0.32114972077219134,-0.03462920281954085
23,gpboost_exact,128,-1.0368198013191248,-1.080006828314415,-0.9861384087710192,0.21945864442184287,0.05068139254810555
23,gpboost_exact,129,-1.2631196922476433,-1.2222843134157133,-1.2150189824667095,0.21113678604657757,0.04810070978093384
23,gpboost_exact,130,-1.2429248710770329,-1.0970602082717154,-1.4738835931864287,0.2618596392639893,-0.23095872210939583
23,gpboost_exact,131,0.030221546983499936,0.08600251866131242,0.03352780353428386,0.3215643768927419,0.003306256550783926
23,gpboost_exact,132,-0.9213879296118287,-1.0159964857117554,-0.8092127207043163,0.20280910257741486,0.11217520890751242
23,gpboost_exact,133,-1.0782601516283885,-1.2765228419803796,-0.8822373963736894,0.35289010476007315,0.19602275525469914
23,gpboost_exact,134,-0.3877099624482955,-0.29061956176863346,-0.5381768044647544,0.3249385285324798,-0.15046684201645888
23,gpboost_exact,135,-1.8852346801416455,-1.8223406050489843,-1.6336105804679875,0.4472338546237538,0.25162409967365806
23,gpboost_exact,136,0.4196290523583409,0.4287731065002737,-0.34026629545058995,0.47690889900136346,-0.7598953478089309
23,gpboost_exact,137,-1.5807720017914486,-1.6164411640394214,-1.579186898745533,0.2571925511371065,0.0015851030459155258
23,gpboost_exact,138,-1.509947529044001,-1.70401722539288,-1.7102108916487566,0.2793236990559208,-0.20026336260475563
23,gpboost_exact,139,-2.590724401398361,-2.7469325298592837,-2.0512967512965403,0.5794438547286277,0.5394276501018207
23,gpboost_exact,140,0.25254368463008614,0.3293316675851603,0.10096672577949306,0.30558795517525394,-0.15157695885059308
23,gpboost_exact,141,-0.9890210641618048,-1.1150468359475874,-0.9019984068666531,0.22407285444590008,0.08702265729515168
23,gpboost_exact,142,-1.8819826706341702,-1.7725343770849435,-1.7435246216707014,0.2172569979305324,0.1384580489634688
23,gpboost_exact,143,-1.133556308402759,-1.0652768254899423,-1.3229010547794076,0.22319016463626895,-0.18934474637664866
23,gpboost_exact,144,-1.6063835837431846,-1.6574787639813873,-1.499343561367965,0.24703190580166387,0.10704002237521948
23,gpboost_exact,145,-0.46389458185332905,-0.4517487151956002,-0.32124938213470244,0.33526900730339554,0.1426451997186266
23,gpboost_exact,146,-1.459956815211844,-1.5364964566652908,-1.5281844499184913,0.3954603019523878,-0.06822763470664728
23,gpboost_exact,147,-1.7179355313486901,-1.721596073860055,-2.4941102588389015,0.45206573426185376,-0.7761747274902113
23,gpboost_exact,148,-1.0557381910211736,-1.0436399759256136,-1.3467913338545259,0.2734600436031365,-0.29105314283335226
23,gpboost_exact,149,-1.3487087429862834,-1.446313038541417,-1.5308241372551095,0.2435927759301261,-0.18211539426882606
23,gpboost_exact,150,-0.8491651735374142,-1.0309885897894937,-0.6219076455080028,0.178469073123106,0.22725752802941135
23,gpboost_exact,151,-0.8834795808875938,-0.8933324785896549,-0.9390735815301738,0.27649093645885325,-0.05559400064258002
23,gpboost_exact,152,-0.35901113879644786,-0.1172476981587223,-1.0490892791109871,0.26241958414980476,-0.6900781403145393
23,gpboost_exact,153,-0.8568598549858848,-0.8603137023090208,-0.7991266888658117,0.23630779277225827,0.057733166120073065
23,gpboost_exact,154,-0.12799970084461093,-0.2318978706983134,0.17235575218592203,0.3181768032018735,0.30035545303053296
23,gpboost_exact,155,0.1502450402803075,0.1857355195956836,0.300227557720234,0.2523818725071559,0.14998251743992652
23,gpboost_exact,156,-1.0310964199952237,-1.0395742840196955,-0.7727579499761177,0.280866599375619,0.25833847001910604
23,gpboost_exact,157,-2.1163318570012937,-2.3799438629338656,-1.2993301829874824,0.327286807106496,0.8170016740138113
23,gpboost_exact,158,-1.0508315118194549,-0.9652900807665401,-1.0045393721925535,0.2581092460062303,0.046292139626901374
23,gpboost_exact,159,-0.7655356546063492,-0.6733799416383568,-0.4762412592027161,0.1776783661785392,0.2892943954036331
23,gpboost_exact,160,-1.8437566230013323,-2.077134687793336,-1.8129784798530437,0.3891650744594272,0.030778143148288528
23,gpboost_exact,161,-0.7117537807820334,-0.7313064370187684,-1.1812203471326796,0.26954119832494305,-0.4694665663506462
23,gpboost_exact,162,-0.776301085013851,-0.7409902247111553,-0.304883734303246,0.4260016428968163,0.471417350710605
23,gpboost_exact,163,-0.5446682241398755,-0.7081617172592449,-0.8314615188370809,0.24847922266218125,-0.2867932946972054
23,gpboost_exact,164,-1.0386370168854668,-1.2209229173720018,-1.0722553503705683,0.23733484848039346,-0.03361833348510146
23,gpboost_exact,165,0.05836139105081223,-0.01608111775659664,0.27138710664217314,0.2575262002790136,0.2130257155913609
23,gpboost_exact,166,-0.5372675775813504,-0.5824399981521629,-0.35838414445301225,0.2885321370076757,0.1788834331283381
23,gpboost_exact,167,-2.154715750838693,-2.2711007053055297,-3.1984688983549887,0.41121887086727515,-1.0437531475162958
23,gpboost_exact,168,-1.833839685994579,-1.8219917887859374,-2.020902415199245,0.43916562327770214,-0.18706272920466627
23,gpboost_exact,169,-0.3348395228308347,-0.23287766520076164,-0.6635650820319725,0.2250948409405626,-0.32872555920113783
23,gpboost_exact,170,-0.5358112137012828,-0.5826483470733443,-0.09130878137189313,0.25371519136927956,0.4445024323293897
23,gpboost_exact,171,-1.007778359773204,-1.0342707455059215,-0.6453972622391575,0.24645607725596008,0.36238109753404646
23,gpboost_exact,172,-1.70144392003564,-1.5803469504265217,-1.9582186820785736,0.38657497069202146,-0.2567747620429337
23,gpboost_exact,173,0.6049783411758292,0.698437668986531,0.09117215343177776,0.29997160070743206,-0.5138061877440514
23,gpboost_exact,174,-2.162630068355904,-2.0558631821576268,-2.084034131170874,0.24492482270546986,0.07859593718503
23,gpboost_exact,175,-0.5976164895498755,-0.49558223395441026,-0.6691694140874631,0.22750589284352138,-0.07155292453758766
23,gpboost_exact,176,-1.1164592934753546,-1.0640335347571277,-1.1980357600455918,0.332543756074992,-0.0815764665702372
23,gpboost_exact,177,-1.0755816778171878,-0.976871857149145,-1.048897206408462,0.2900272988211792,0.026684471408725763
23,gpboost_exact,178,-0.8447280661151568,-0.9193641396397131,-0.9443567332424152,0.3216466718430948,-0.09962866712725837
23,gpboost_exact,179,0.8129990727955438,0.8618602114223556,0.36940269086117183,0.40163806006212815,-0.443596381934372
23,gpboost_exact,180,-2.080642642005831,-2.127993931690861,-2.0806884971540427,0.22145350392404348,-4.5855148211870755e-05
23,gpboost_exact,181,-0.5782047966387551,-0.6328234040493195,-0.8163106092123513,0.284347371266311,-0.2381058125735962
23,gpboost_exact,182,0.5111177750673166,0.43539728321862137,-0.04142116210749691,0.32800741245255277,-0.5525389371748135
23,gpboost_exact,183,0.3003518841328292,0.3486169014133866,-0.24612790725633715,0.3991228026869469,-0.5464797913891664
23,gpboost_exact,184,-0.9219764016504626,-0.9086961130864372,-1.1295830792919475,0.31397721977214554,-0.20760667764148488
23,gpboost_exact,185,-1.7872185810972216,-1.8072122965947761,-2.4369157222452955,0.4022126729282593,-0.6496971411480739
23,gpboost_exact,186,0.11324495440273447,0.11515500421756601,-0.1628139588908084,0.26714825951255733,-0.2760589132935429
23,gpboost_exact,187,-0.849950283783349,-0.8037333992496314,-1.0149266026221468,0.2268029873115331,-0.16497631883879782
23,gpboost_exact,188,-0.7134393614254604,-0.5852129610379552,-0.09304020988290773,0.23640132454679613,0.6203991515425527
23,gpboost_exact,189,-1.2701131653817797,-1.1777360273939343,-1.1811463781592053,0.22941979931888326,0.08896678722257434
23,gpboost_exact,190,-1.1615015700477207,-1.0763569892595368,-0.9578411456942604,0.22677718122311138,0.20366042435346032
23,gpboost_exact,191,-0.03813698786349955,0.008669869690473134,-0.2097581334333114,0.38881713453420697,-0.17162114556981184
23,gpboost_exact,192,-1.8301113931235764,-1.7963044343142476,-1.3629892137461752,0.4565813937345495,0.4671221793774012
23,gpboost_exact,193,-0.39681663297727754,-0.3987801149652021,-0.4751363287424901,0.43092732708763215,-0.07831969576521258
23,gpboost_exact,194,-1.6917283926127862,-1.612091030599104,-2.0744491744555162,0.26892699059559355,-0.38272078184273006
23,gpboost_exact,195,-0.5566388382018622,-0.43502710216536467,-0.8271854852109968,0.39749584368875407,-0.27054664700913456
23,gpboost_exact,196,-2.93506773280271,-2.815335178630878,-3.1208356259161008,0.30018363300733525,-0.1857678931133906
23,gpboost_exact,197,-1.6248083826445752,-1.7513110767397724,-1.7120917096902915,0.49965184960333103,-0.08728332704571629
23,gpboost_exact,198,-2.5120121344346007,-2.378518524359962,-2.2845483632661683,0.19105614733218498,0.22746377116843242
23,gpboost_exact,199,-1.6477554743171656,-1.5566169993799104,-1.2508378585819102,0.3363104257097099,0.3969176157352554
23,gpboost_exact,200,-2.039722007941709,-2.036026250708225,-2.1427787166741012,0.3017368244757558,-0.10305670873239237
23,gpboost_exact,201,-2.663776337713656,-2.5744503895466893,-2.5862977698407548,0.14046819229098462,0.0774785678729013
23,gpboost_exact,202,-0.2045534589116589,-0.24260572576071793,-0.09356118877152397,0.4398769593071136,0.11099227014013494
23,gpboost_exact,203,-1.1969087568634391,-1.138233970847206,-0.9826936865204274,0.22410465631720633,0.21421507034301168
23,gpboost_exact,204,-1.3193978326411022,-1.247472624888446,-1.1355744354017432,0.23129693795271694,0.18382339723935903
23,gpboost_exact,205,-1.2467529520932472,-1.291872508080062,-0.8260961738876773,0.2550575815277803,0.4206567782055699
23,gpboost_exact,206,-0.936903563919093,-0.9482751268567823,-0.5472111995290518,0.26197106993859415,0.3896923643900412
23,gpboost_exact,207,-2.2026601912081007,-2.246813422476099,-2.5186158631746665,0.27741668878247583,-0.3159556719665657
23,gpboost_exact,208,-1.1002898576837066,-0.9771167526830409,-1.2321908429250499,0.24316470488942454,-0.1319009852413433
23,gpboost_exact,209,-2.4343402730693366,-2.416600209734786,-2.404955862704533,0.23198955101381724,0.02938441036480377
23,gpboost_exact,210,-2.551731777203107,-2.4097767116764843,-2.0787228464273397,0.44891488648579864,0.4730089307757672
23,gpboost_exact,211,-1.0555430589274069,-1.0182376257068844,-0.7281308898945582,0.26775368989103765,0.32741216903284864
23,gpboost_exact,212,-1.6056355314014417,-1.696756951371242,-1.5231067312299018,0.238302118133871,0.08252880017153985
23,gpboost_exact,213,-1.768455306983096,-1.8647777880822738,-1.2009947499799623,0.3588350844881404,0.5674605570031337
23,gpboost_exact,214,-0.9710512646905788,-1.0434875318411398,-0.9313262782893048,0.27549340275663076,0.039724986401273976
23,gpboost_exact,215,-1.9746284214625904,-1.9571782049301747,-1.7015855180173958,0.2958301292177878,0.27304290344519466
23,gpboost_exact,216,-0.23174128313582554,-0.3421936038851426,-0.0027985571784938656,0.3242657999126055,0.22894272595733167
23,gpboost_exact,217,-0.2464848054392737,-0.40105060193612246,0.19500867614123507,0.3200981578103566,0.4414934815805088
23,gpboost_exact,218,-0.7685048710333421,-0.6814129748643312,-1.0383236771951658,0.24432081479347448,-0.26981880616182374
23,gpboost_exact,219,-1.9802169189380239,-1.972104227873201,-2.0889415831879816,0.41736682135708664,-0.10872466424995775
23,gpboost_exact,220,0.0859364424003588,0.17571108152232223,-0.3049996286530785,0.36239290507297944,-0.3909360710534373
23,gpboost_exact,221,-0.3651364682560145,-0.2700924812763279,-0.9417755299291599,0.24649363053076148,-0.5766390616731454
23,gpboost_exact,222,-2.617486120778708,-2.6701887505025943,-2.3366596717402786,0.436890268234022,0.28082644903842935
23,gpboost_exact,223,-1.3541457354729096,-1.4653198550118236,-1.497302809552778,0.22359551346289336,-0.14315707407986844
23,gpboost_exact,224,-0.002681232478586551,0.19782868931748043,-0.636211606301984,0.27439875223487664,-0.6335303738233975
23,gpboost_exact,225,-1.148566106188427,-1.2772006671836313,-0.808556841230029,0.31669592007507413,0.3400092649583979
23,gpboost_exact,226,-1.162487792653515,-1.4109700018640274,-1.5035210131883403,0.2683206394564334,-0.3410332205348252
23,gpboost_exact,227,-3.482839666539767,-3.5296102492919315,-3.1828290543503215,0.26731891720837125,0.3000106121894457
23,gpboost_exact,228,0.28004686431689957,0.2600897508222833,-0.1285131030756972,0.26537274413650797,-0.40855996739259676
23,gpboost_exact,229,-0.29671531333284645,-0.35511688343827585,-0.30947976011420053,0.2999217335861969,-0.012764446781354077
23,gpboost_exact,230,-1.3208905826005108,-1.2104271539997085,-1.2056777380412527,0.2333643615185481,0.11521284455925818
23,gpboost_exact,231,-0.13541650633654762,-0.01598696416060215,0.20381173271429986,0.2822532255398965,0.3392282390508475
23,gpboost_exact,232,-0.5126738218311339,-0.49457966089684857,-0.2761399732172407,0.4192744984142763,0.23653384861389315
23,gpboost_exact,233,0.6357794861415444,0.6199027445499318,0.28811584745872665,0.2916534064011468,-0.3476636386828178
23,gpboost_exact,234,-1.0544191921455852,-1.0250218190522837,-1.0739817979124169,0.226499641991072,-0.019562605766831664
23,gpboost_exact,235,-0.5224957053134631,-0.6081500444466806,-0.540971373431276,0.36194089100890764,-0.01847566811781287
23,gpboost_exact,236,-2.7620327072359325,-2.8323983195362965,-2.565088426811272,0.17950189210176198,0.1969442804246606
23,gpboost_exact,237,-1.1457154718789502,-1.269863972108918,-1.240700972528657,0.2187342962075253,-0.0949855006497069
23,gpboost_exact,238,-1.2556384958365565,-1.385027867826249,-1.390838771181592,0.16899627882259843,-0.13520027534503543
23,gpboost_exact,239,-0.5940936376559185,-0.5647216957562944,-0.3403778214656228,0.3577992077352685,0.2537158161902957
23,gpboost_exact,240,0.481715229367746,0.588609977120925,-0.3741744663441011,0.4831704664030772,-0.8558896957118471
23,gpboost_exact,241,-2.496724600333719,-2.4718344403727808,-2.3495994087834404,0.35487136770923167,0.1471251915502787
23,gpboost_exact,242,-0.5642753185489624,-0.5961388943207186,-0.5238894300411445,0.4187734702111626,0.04038588850781788
23,gpboost_exact,243,-0.8199315524087794,-0.8800037828299392,-0.9322506994428181,0.32957896277555326,-0.11231914703403878
23,gpboost_exact,244,-0.826786093047454,-0.8005438974320602,-0.9504499976886507,0.25916010319663263,-0.1236639046411967
23,gpboost_exact,245,-1.1687258034477823,-1.1545435266330193,-1.021316528754916,0.17797939005975608,0.14740927469286635
23,gpboost_exact,246,-2.1423218274707305,-2.1239408699321642,-2.1239951563193245,0.4234064497894503,0.01832667115140607
23,gpboost_exact,247,-1.1543148462437884,-0.8700138154617995,-1.203675204702506,0.2726597563880803,-0.04936035845871767
23,gpboost_exact,248,-2.8064126905501174,-2.805812482528234,-3.182259961779586,0.31442367137799143,-0.3758472712294685
23,gpboost_exact,249,-1.3766540863337027,-1.2674989159557957,-1.6100054905494332,0.6887834488442789,-0.23335140421573053
23,gpboost_exact,250,-1.0323803376671885,-1.1723653601084933,-0.8978357037625315,0.19424621546830256,0.13454463390465699
23,gpboost_exact,251,-2.3840279279058016,-2.3631854113253374,-2.4114448328013793,0.2949693058182134,-0.027416904895577687
23,gpboost_exact,252,-1.746755819861148,-1.6729187646587569,-1.615403913379403,0.3194321360650965,0.131351906481745
23,gpboost_exact,253,-1.0068610149253026,-0.9199053946672058,-0.6303027596538868,0.3841295466630804,0.37655825527141573
23,gpboost_exact,254,-3.0083281516259515,-3.1423236907103083,-3.0193349467395123,0.30266194011295494,-0.011006795113560841
23,gpboost_exact,255,-3.57913288189192,-3.489502688734915,-3.17003947916767,0.2590716692213356,0.4090934027242499
23,gpboost_exact,256,-0.5795547837340485,-0.5074097929574353,-0.6535897767025531,0.2306583544119905,-0.07403499296850469
23,gpboost_exact,257,-1.2849072680404454,-1.3790083135261497,-1.108761913179741,0.24513672229571876,0.17614535486070437
23,gpboost_exact,258,-2.8139769388769356,-2.8429228634389276,-2.3274237806368205,0.6027010469198788,0.486553158240115
23,gpboost_exact,259,-1.1957659230591409,-1.1057246269770824,-1.3551809727833302,0.22347419377828817,-0.1594150497241893
23,gpboost_exact,260,-0.8376305483565352,-0.7346930446239552,-0.5080927946722085,0.17547612271611934,0.3295377536843267
23,gpboost_exact,261,-1.070841597545179,-0.8855806901380798,-0.7714559755215333,0.294033244044156,0.2993856220236457
23,gpboost_exact,262,-0.4481143594398309,-0.4640169832335494,-0.12421758465391974,0.23224468215418712,0.32389677478591117
23,gpboost_exact,263,0.034651727414746814,0.09489304018410166,0.19269127724176371,0.3690408409192252,0.1580395498270169
23,gpboost_exact,264,-2.427409319722176,-2.3967459019428055,-2.5236791843243225,0.3233454591887104,-0.09626986460214626
23,gpboost_exact,265,-2.168290479463872,-2.3997514837448626,-2.0080981244865796,0.26154613790243725,0.16019235497729234
23,gpboost_exact,266,-1.0439065124321316,-0.962917536291696,-0.7697033284017536,0.1860096091935044,0.274203184030378
23,gpboost_exact,267,-1.9723245504307625,-1.8730542245553816,-1.9352487169103725,0.49940352701441704,0.03707583352039001
23,gpboost_exact,268,-1.6136020859921971,-1.760953680539053,-1.7680361604676094,0.21152606407005167,-0.15443407447541224
23,gpboost_exact,269,-2.471351307755531,-2.319623427922776,-2.2719161710416245,0.4437927653372815,0.19943513671390667
23,gpboost_exact,270,-0.043680889440448734,-0.025846010594098082,-0.27937112807208564,0.3832265000208561,-0.2356902386316369
23,gpboost_exact,271,-0.4042416849094382,-0.3686423720281491,-0.6013288361724847,0.27466062897901605,-0.1970871512630465
23,gpboost_exact,272,-1.9188196289067272,-1.9984844542343194,-1.7599978244100072,0.2304062025327435,0.15882180449672
23,gpboost_exact,273,-2.327004653405867,-2.254206946349951,-2.2894405027737648,0.38414548773188395,0.037564150632102056
23,gpboost_exact,274,-0.6716433129848597,-0.6768951203656054,-0.9114326809501847,0.24270367352856256,-0.23978936796532502
23,gpboost_exact,275,-1.015439877608691,-1.1367634800132915,-0.7044202695657518,0.3088368310748923,0.31101960804293927
23,gpboost_exact,276,-2.175254580423627,-2.208702578031083,-2.289141808398476,0.33302700894580195,-0.11388722797484885
23,gpboost_exact,277,-0.46493483871399977,-0.36071801562071415,-0.4371290987196943,0.2826816871635149,0.027805739994305467
23,gpboost_exact,278,-0.9005535948767542,-0.963181540151148,-0.9280233683111305,0.2123068567582125,-0.027469773434376288
23,gpboost_exact,279,-1.726037000250556,-1.7749817046974907,-2.399396874342301,0.35345869337314617,-0.673359874091745
23,gpboost_exact,280,-1.1313110200837513,-1.0962633631950158,-1.1032686630242594,0.14894044136848367,0.028042357059491874
23,gpboost_exact,281,-1.3746077416195628,-1.3310866838870754,-1.3955745480245696,0.19253607147725785,-0.02096680640500681
23,gpboost_exact,282,-0.9593656982367769,-1.1281973099376315,-1.1564479041849438,0.20351470124719925,-0.19708220594816694
23,gpboost_exact,283,-2.362986568983712,-2.406280467829514,-2.2596443963036847,0.36957075038638987,0.10334217268002721
23,gpboost_exact,284,-0.9882010466408694,-1.0747883822749411,-0.8250711060902773,0.20347712891021025,0.16312994055059205
23,gpboost_exact,285,-0.9423272054278165,-1.0281567585971139,-1.1151046444872534,0.24045456816924068,-0.172777439059437
23,gpboost_exact,286,-2.598559370729677,-2.6120727494713054,-2.352558151559087,0.456268613041422,0.2460012191705898
23,gpboost_exact,287,-1.789073281369188,-2.0482071564962725,-1.9505347308072416,0.2824952662913339,-0.16146144943805352
23,gpboost_exact,288,-1.9592683531711859,-2.0206122974260667,-2.1925013833173352,0.4150559153975299,-0.23323303014614938
23,gpboost_exact,289,-0.6906126827053467,-0.6183059850598812,-0.7745123778586844,0.3609414973419955,-0.08389969515333773
23,gpboost_exact,290,-1.4457482520204388,-1.4856995597068483,-1.1812810940429728,0.26823510917339066,0.264467157977466
23,gpboost_exact,291,-1.686717095783664,-1.5095028307427567,-1.925926544343973,0.3082796116520081,-0.23920944856030912
23,gpboost_exact,292,-0.5343764579498196,-0.8645144415828174,-0.2631230977983918,0.2711045391027438,0.27125336015142776
23,gpboost_exact,293,-1.0840343018242544,-1.188256816434339,-0.7388244766728818,0.23708949654584194,0.34520982515137266
23,gpboost_exact,294,-0.7432900736208781,-0.6630444805493745,-0.7796814471982785,0.19653901352146452,-0.03639137357740041
23,gpboost_exact,295,-1.9911133079647036,-1.8841621110026587,-2.489625418067284,0.27576974871486887,-0.49851211010258045
23,gpboost_exact,296,-1.2456993128170173,-1.2149344297697064,-1.014256362804673,0.22651217797032988,0.23144295001234427
23,gpboost_exact,297,-0.853408755550746,-0.8709257271860465,-0.6791125789078052,0.27307076193689384,0.17429617664294084
23,gpboost_exact,298,-1.8669125407210814,-1.8489301815240025,-1.6167031448083478,0.17501495515376025,0.2502093959127336
23,gpboost_exact,299,-0.955213459790969,-0.9128154985388879,-1.143063124553798,0.21890526428757456,-0.18784966476282905
24,gpboost_exact,0,-2.782403860334396,-2.6127002590073136,-2.479489928079495,0.2847250948612463,0.30291393225490104
24,gpboost_exact,1,-2.4925644509215594,-2.2444415570233365,-2.5026269691366707,0.1844496262988646,-0.010062518215111282
24,gpboost_exact,2,-1.3793723613173579,-1.4208526498577088,-1.4522092829306033,0.22132596823240278,-0.0728369216132454
24,gpboost_exact,3,-1.2519050187555418,-1.1843413989510008,-1.7414586778274739,0.28195363679432006,-0.48955365907193205
24,gpboost_exact,4,-1.2034410487633087,-1.1952929463348212,-1.234108081337375,0.2736714627775731,-0.030667032574066333
24,gpboost_exact,5,-2.246200623949576,-2.2607251756821083,-2.273528749139409,0.2690421022786314,-0.027328125189832964
24,gpboost_exact,6,-1.1865298589394286,-1.1771079679860832,-1.3676410062420956,0.2774402147480998,-0.18111114730266697
24,gpboost_exact,7,-1.081183497157701,-1.042550481580971,-0.8315070914675395,0.3318938173275364,0.24967640569016147
24,gpboost_exact,8,-1.4282038846278649,-1.3016662166384072,-1.7824474852768688,0.33617797376201175,-0.35424360064900395
24,gpboost_exact,9,-1.505460037793505,-1.5285262213179522,-1.276414003945348,0.17998167472556853,0.22904603384815703
24,gpboost_exact,10,-1.168010486315163,-1.183169068995424,-0.9551114373509506,0.28207467414122916,0.2128990489642124
24,gpboost_exact,11,-1.5023428121176146,-1.7096731448914666,-1.4806176780814049,0.2619991387805185,0.02172513403620968
24,gpboost_exact,12,-2.2269338719599885,-2.2094646280496812,-2.134980211047946,0.22847807041112428,0.0919536609120426
24,gpboost_exact,13,-1.2379286984341913,-1.2102718807565183,-1.3737696222001574,0.2483577518825939,-0.13584092376596613
24,gpboost_exact,14,-2.1305324635090352,-2.3299010973886114,-2.0727869990247,0.26536827123660306,0.05774546448433515
24,gpboost_exact,15,-1.9125859199269868,-2.0766347722064635,-2.1233538028027326,0.2632289778179995,-0.21076788287574577
24,gpboost_exact,16,-1.9041445090044755,-1.8727869336495078,-1.5572145000964213,0.22472019903098353,0.34693000890805425
24,gpboost_exact,17,-0.713880994554353,-0.6842409495813128,-0.8470006455870163,0.2639693700115499,-0.1331196510326632
24,gpboost_exact,18,0.7470334134338421,0.8426896020473893,0.2890108224737844,0.263747109402354,-0.4580225909600577
24,gpboost_exact,19,-2.1054166387573305,-2.355746643929864,-2.0139471522576002,0.1962950019598641,0.0914694864997303
24,gpboost_exact,20,-1.0660909223204178,-1.0357885526943011,-1.0914277613877914,0.23919090710416954,-0.025336839067373607
24,gpboost_exact,21,1.1853105378692155,1.1259339703284157,1.155044800691833,0.21030624947036003,-0.030265737177382457
24,gpboost_exact,22,-2.4876170030099205,-2.5828260026950365,-2.3625177489116638,0.29321090391643706,0.12509925409825673
24,gpboost_exact,23,-0.7438051480357332,-0.8636261164497464,-0.36630147887905196,0.2141191563568154,0.3775036691566812
24,gpboost_exact,24,-1.402298040108507,-1.3569681699754632,-1.31708782733741,0.2901301898885995,0.08521021277109697
24,gpboost_exact,25,-2.605777751113706,-2.6307296871095804,-2.2811609250826237,0.3417935770377638,0.32461682603108244
24,gpboost_exact,26,-2.0358481710297065,-1.9986624733590157,-2.217571957046033,0.3019688000681557,-0.18172378601632655
24,gpboost_exact,27,-1.8122717683703837,-1.7567066763170063,-1.5015666389684412,0.275806139384679,0.3107051294019425
24,gpboost_exact,28,-2.385646134645772,-2.362909156732159,-2.3246408448025946,0.2579174924614873,0.06100528984317721
24,gpboost_exact,29,-0.20031310157987375,-0.16833223021446284,-0.247839605054736,0.2577536420732582,-0.04752650347486226
24,gpboost_exact,30,-1.5166007543900115,-1.526390931785186,-1.5115116296636995,0.27583130444040693,0.0050891247263120665
24,gpboost_exact,31,-0.9905961737435734,-1.0478113230604011,-0.8128013387964188,0.2830258456748409,0.17779483494715465
24,gpboost_exact,32,-2.037439941559885,-2.1451507964610212,-1.8835104383421424,0.28207184458563433,0.1539295032177428
24,gpboost_exact,33,-1.035148162665356,-1.136113418777472,-1.3075139859094342,0.28752735176377797,-0.2723658232440782
24,gpboost_exact,34,-2.606963631860322,-2.667350683706754,-2.395361074995364,0.24611195941796984,0.2116025568649582
24,gpboost_exact,35,-0.9926942513384062,-0.9588920646195283,-1.0366756887489714,0.274391253380659,-0.04398143741056526
24,gpboost_exact,36,-2.2672199659341876,-2.321360405772072,-2.2903809240649373,0.2914540647795062,-0.023160958130749698
24,gpboost_exact,37,0.02734961807474201,0.014676126349657778,-0.3557926034622412,0.23547786923807762,-0.3831422215369832
24,gpboost_exact,38,-1.8404681470028483,-1.7223309885671578,-2.005990874785901,0.24641281389924008,-0.16552272778305288
24,gpboost_exact,39,-1.1379503059590528,-1.1028256675999486,-1.4765248009896368,0.33240635514954353,-0.338574495030584
24,gpboost_exact,40,-1.6041072677110335,-1.5883027365365725,-1.1981643447101504,0.31251062857621315,0.4059429230008831
24,gpboost_exact,41,-2.464413546536101,-2.4040935805900796,-2.2832580421509903,0.2653330447605168,0.18115550438511052
24,gpboost_exact,42,0.003514762820833406,0.18449861621632127,-0.4671003813864445,0.25048841838844954,-0.4706151442072779
24,gpboost_exact,43,-1.2680230681234055,-1.3181389022304648,-1.2762537733436403,0.2819171081870992,-0.008230705220234835
24,gpboost_exact,44,-1.6543511453663915,-1.675294938015164,-1.8100796988379528,0.24356760907395872,-0.15572855347156134
24,gpboost_exact,45,0.25695490730200343,0.4303344153337749,0.16106828593268574,0.24854819965573638,-0.09588662136931769
24,gpboost_exact,46,-1.2608324705309493,-1.115067340664965,-1.375291396195351,0.3503748036110638,-0.11445892566440174
24,gpboost_exact,47,-2.9337407146279997,-2.837252483326628,-2.6326528530307556,0.2423165575683796,0.3010878615972441
24,gpboost_exact,48,-1.8012415179690682,-1.744059033757568,-1.8832258774726576,0.18131090243502732,-0.0819843595035894
24,gpboost_exact,49,-0.6773115199746432,-0.6012231601706707,-0.510733553071077,0.2176748668163441,0.1665779669035662
24,gpboost_exact,50,-0.9830152655562776,-1.0695733036287665,-0.9585653649638246,0.2758127702741952,0.024449900592453
24,gpboost_exact,51,-1.586642027351431,-1.6441333859349274,-1.08607337439037,0.35228093021760387,0.5005686529610609
24,gpboost_exact,52,-0.08452954887051217,-0.03861236039708125,-0.44580201409193165,0.24796391579963317,-0.3612724652214195
24,gpboost_exact,53,0.20565588260594175,0.20367821716478124,-0.38113358854677415,0.2591966254105674,-0.586789471152716
24,gpboost_exact,54,-1.1465364633413926,-1.1250894743146564,-0.7933516554872782,0.26189259712301216,0.35318480785411444
24,gpboost_exact,55,-1.9453085682093019,-1.8081194689045668,-2.16652915677218,0.2527116495940038,-0.22122058856287796
24,gpboost_exact,56,-1.2009483522448423,-1.2316703998861318,-1.369691319259875,0.3690211873307768,-0.16874296701503266
24,gpboost_exact,57,1.0269549603880717,1.1300437621059516,0.5570949377086833,0.265966888734902,-0.4698600226793883
24,gpboost_exact,58,-1.1142192548786927,-1.2978744026599085,-0.9758017502814482,0.2986795107280893,0.13841750459724445
24,gpboost_exact,59,-2.7936066384274056,-2.8963036979427454,-2.179094383572668,0.2755747668165208,0.6145122548547377
24,gpboost_exact,60,-1.3034270330244508,-1.3253017177331181,-1.1621996951768345,0.2833500525539436,0.14122733784761632
24,gpboost_exact,61,-2.5803919015177814,-2.7002633705356773,-2.3782337606702164,0.23826465978876263,0.202158140847565
24,gpboost_exact,62,-0.3074910783698881,-0.15980438832023516,-0.07139407199440484,0.3898262917382704,0.23609700637548325
24,gpboost_exact,63,-2.168374154629081,-2.1028707464482967,-2.0164430014017896,0.21960192275769788,0.15193115322729156
24,gpboost_exact,64,-1.0670102446022778,-0.9313418239651216,-1.4159798957162053,0.3158655400289497,-0.3489696511139275
24,gpboost_exact,65,-1.5521131183117685,-1.4297389413684747,-1.6938571723561466,0.31786559140151,-0.14174405404437818
24,gpboost_exact,66,-1.422041737148423,-1.3269797266583694,-1.8988952343000491,0.3002129084920049,-0.47685349715162606
24,gpboost_exact,67,1.194451890261976,1.3260050741764204,0.2791592719868987,0.29388504550648226,-0.9152926182750774
24,gpboost_exact,68,-2.0866382492185145,-2.0959659798388883,-2.1765327043836677,0.2568158594464288,-0.08989445516515326
24,gpboost_exact,69,-0.764723052154536,-0.5637082114498284,-1.2675909220489032,0.5261803160991854,-0.5028678698943673
24,gpboost_exact,70,-2.0688549872962043,-2.1738776881773236,-1.8743879106679842,0.26005708181607684,0.19446707662822016
24,gpboost_exact,71,-0.3757378112240386,-0.28964887053411115,-0.19457170381539868,0.32728961310998156,0.18116610740863992
24,gpboost_exact,72,-2.596358528614381,-2.560728898779522,-2.324374314343366,0.17037282501252124,0.27198421427101493
24,gpboost_exact,73,-1.3685198466582955,-1.3639775538390155,-1.6949765951274216,0.30597963775375575,-0.3264567484691261
24,gpboost_exact,74,0.6694226566091519,0.7592133359619979,0.8947239867260421,0.27276278175135643,0.22530133011689024
24,gpboost_exact,75,-0.18908520802149614,-0.11668056480700627,0.33274537866306275,0.25439005722369457,0.521830586684559
24,gpboost_exact,76,-1.834870028876855,-1.9097633536745742,-2.0207038234994847,0.2595549960385143,-0.18583379462262983
24,gpboost_exact,77,-2.6798127527277096,-2.5633284114327615,-2.5000177417591125,0.2578690431281566,0.17979501096859707
24,gpboost_exact,78,-0.9350568715178252,-0.9430307474129401,-1.7235878834073333,0.29957341450077934,-0.788531011889508
24,gpboost_exact,79,-2.9942291810428006,-2.865820216782105,-2.5568522842923187,0.29607902626130833,0.43737689675048186
24,gpboost_exact,80,-1.6834652623312347,-1.6435619899287541,-1.9412093516193814,0.27304242625941993,-0.2577440892881466
24,gpboost_exact,81,-1.1250201270902205,-1.086678594148185,-1.6719065493880976,0.37039341231109846,-0.5468864222978771
24,gpboost_exact,82,-2.607387634595542,-2.523978047901528,-2.448123023037269,0.1850438906173935,0.1592646115582732
24,gpboost_exact,83,-1.1281636394621237,-1.1855086372178694,-0.9187824789167607,0.3440245258062885,0.20938116054536304
24,gpboost_exact,84,-1.7537541422875853,-1.8094148053778887,-2.074410962066203,0.34812981622424033,-0.3206568197786177
24,gpboost_exact,85,0.7428257699840939,0.7547243404501746,0.8167377535471587,0.17459094492730567,0.07391198356306483
24,gpboost_exact,86,-2.024187195600598,-2.1911040260242562,-2.3438324580310166,0.2637593350217455,-0.3196452624304187
24,gpboost_exact,87,-1.3566255571542938,-1.2450688704124986,-1.014098307551052,0.2500504644946402,0.3425272496032419
24,gpboost_exact,88,-2.1299136406609045,-2.1246367262712273,-2.09456289546182,0.22282006356806736,0.03535074519908443
24,gpboost_exact,89,0.39359166619961383,0.3168020419087985,0.7135157569053874,0.2516908610422762,0.31992409070577355
24,gpboost_exact,90,-2.1032306946600725,-2.091696743262197,-2.0249936354295777,0.2443680788520627,0.07823705923049484
24,gpboost_exact,91,-1.276621638964178,-1.3328650051924424,-1.6427313744938843,0.30021269070243684,-0.36610973552970627
24,gpboost_exact,92,-1.2325816642094773,-1.2138579335945132,-1.160269262441732,0.39058630091708,0.07231240176774545
24,gpboost_exact,93,-1.9757622767085603,-2.0141965594355886,-2.1846380271468178,0.25916554517548174,-0.20887575043825746
24,gpboost_exact,94,-0.4095233912081202,-0.30223065514903463,-0.6523180063989074,0.24733758072131698,-0.24279461519078716
24,gpboost_exact,95,-1.1656269287312389,-1.2252123274074989,-1.278738087805996,0.29498665265805585,-0.1131111590747571
24,gpboost_exact,96,-1.8894120145739683,-1.8082264610102665,-1.3186357078045958,0.2686165916902483,0.5707763067693725
24,gpboost_exact,97,-0.9586690522508803,-1.0075512986132247,-1.474013462640059,0.28586880892696037,-0.5153444103891787
24,gpboost_exact,98,-0.13705449191946528,0.013853171462351987,-0.021259661639447813,0.24992033695878058,0.11579483028001747
24,gpboost_exact,99,-1.3041450758063968,-1.2163108755577048,-0.9931318847499142,0.277185919254744,0.3110131910564826
24,gpboost_exact,100,-1.6235739988767404,-1.5013942538650291,-1.0670949890318902,0.384695587937984,0.5564790098448502
24,gpboost_exact,101,-1.4814742301917165,-1.3378400135411277,-1.588263456107292,0.2735860391807739,-0.10678922591557538
24,gpboost_exact,102,0.6138483288855344,0.5676492367025878,0.033820188714216215,0.24906608831047675,-0.5800281401713182
24,gpboost_exact,103,-1.8581515261623087,-1.8190171449482022,-1.4878125251487475,0.22057813909784504,0.3703390010135612
24,gpboost_exact,104,-2.824856424127243,-2.9122881552582713,-2.5967530283306637,0.2925767382699293,0.22810339579657946
24,gpboost_exact,105,-2.1652235518081167,-2.1356922957698834,-2.429268010650418,0.26484996592389937,-0.2640444588423012
24,gpboost_exact,106,-1.657450921141321,-1.76272591306091,-1.738390254999814,0.23480562181160508,-0.08093933385849295
24,gpboost_exact,107,-0.9825005004404758,-1.1667478606302295,-0.9046049950098976,0.39328197378401303,0.07789550543057822
24,gpboost_exact,108,-2.7767726803128925,-2.840937657049616,-2.4814589406723258,0.2831026419334539,0.29531373964056673
24,gpboost_exact,109,-0.8225068606709185,-0.8030601162466972,-1.119647451462356,0.30652410121743184,-0.2971405907914375
24,gpboost_exact,110,-1.553564699679055,-1.4519013236745124,-1.5539507831784292,0.275101072830982,-0.00038608349937407915
24,gpboost_exact,111,-0.4660635303063545,-0.21336554561116244,-0.30576292959081286,0.1730712755947864,0.16030060071554164
24,gpboost_exact,112,-2.7484508111336603,-2.7956740252065653,-2.0100099286477544,0.30619713831423934,0.7384408824859059
24,gpboost_exact,113,-0.9893640545834035,-0.9728739469348083,-0.7157229993958438,0.32883462268592206,0.27364105518755966
24,gpboost_exact,114,-1.1057016191777418,-1.138442797384463,-1.4308750143076914,0.1903087215870109,-0.3251733951299496
24,gpboost_exact,115,-2.32718480882299,-2.337072570567202,-2.1883731717659316,0.25123221702027915,0.13881163705705823
24,gpboost_exact,116,-0.4529789304594547,-0.37363201040584726,-0.8315824207422935,0.35254494985780316,-0.3786034902828388
24,gpboost_exact,117,1.0344319503293053,1.0745994064505722,0.979131416139154,0.132548167881692,-0.05530053419015135
24,gpboost_exact,118,-0.8884735407282442,-0.9837585299319721,-0.6333543277769209,0.33624326940049365,0.25511921295132334
24,gpboost_exact,119,-1.0059219327948372,-1.1092893676836277,-1.1327639150699653,0.37707185072356464,-0.1268419822751281
24,gpboost_exact,120,-0.8149609680135198,-0.8570681534010122,-0.7143927229931464,0.45006710505050873,0.10056824502037343
24,gpboost_exact,121,0.9261405600411959,0.8197842726397807,0.7629073248579274,0.16340167245810142,-0.1632332351832685
24,gpboost_exact,122,-0.24347667748822882,-0.23847822042333344,-0.03395252023076978,0.24947335889137956,0.20952415725745904
24,gpboost_exact,123,-1.162093541188359,-1.1391982824960492,-0.8397327778693686,0.37366640951350805,0.32236076331899044
24,gpboost_exact,124,-1.409047227832974,-1.4549920179530078,-1.5164876529740567,0.31556604484590295,-0.10744042514108276
24,gpboost_exact,125,-1.0435509601429542,-1.1895567717652107,-1.4424869955059592,0.28432124437859346,-0.3989360353630049
24,gpboost_exact,126,-2.560686248959714,-2.518549327927625,-2.4256748157211305,0.2725734855540114,0.13501143323858367
24,gpboost_exact,127,-1.508993385129758,-1.5995723020956611,-1.5565661972337281,0.24114836064956077,-0.04757281210397024
24,gpboost_exact,128,-1.3337012247107756,-1.278453496099108,-1.1408272462700708,0.14905987643404825,0.19287397844070475
24,gpboost_exact,129,-1.803162961603355,-1.8616067277024024,-2.317214175662116,0.27579774227864284,-0.5140512140587608
24,gpboost_exact,130,0.8526385714630696,0.8006173705134938,0.4350848926893178,0.22191264680732928,-0.4175536787737518
24,gpboost_exact,131,-0.6683836159954425,-0.6004451255806096,-0.9713126555732501,0.26681498615877036,-0.3029290395778076
24,gpboost_exact,132,-1.1440567846147913,-1.1683948653572167,-1.264579219714065,0.2494180912694382,-0.12052243509927374
24,gpboost_exact,133,-0.9259284928565557,-0.9711905236870519,-1.2197530929043907,0.4840242438125772,-0.29382460004783506
24,gpboost_exact,134,-0.923552661397145,-0.7011039033869888,-0.6092287062114821,0.24363171033156406,0.3143239551856629
24,gpboost_exact,135,1.492443654256597,1.429009342346242,1.1679338278817823,0.2000379798307531,-0.32450982637481474
24,gpboost_exact,136,-2.431662848253012,-2.4413926407364333,-2.0537543025839113,0.25886725873940075,0.3779085456691007
24,gpboost_exact,137,-1.299933852213898,-1.3531612339705683,-1.6999108727740904,0.28857559090433405,-0.39997702056019246
24,gpboost_exact,138,0.5159679981271451,0.4376224479266724,-0.014737750742455091,0.24209736282911687,-0.5307057488696002
24,gpboost_exact,139,-1.9523855098493719,-1.9311663416362121,-2.126194259039572,0.26706612623674325,-0.17380874919020006
24,gpboost_exact,140,0.3625210866224062,0.4213078770568708,-0.07933448802761234,0.22403012789340274,-0.4418555746500185
24,gpboost_exact,141,-2.058486137296869,-2.071142890664834,-1.6779602366559345,0.2809236764832502,0.3805259006409343
24,gpboost_exact,142,0.06839616968979328,0.14437586615641118,-0.10834255456869357,0.3391594954105855,-0.17673872425848686
24,gpboost_exact,143,-1.8758851655428759,-1.9326190066820002,-1.7257418589632394,0.24192931022136613,0.15014330657963648
24,gpboost_exact,144,-2.5306647997838323,-2.674501180825461,-2.4890594478734513,0.26490281514704467,0.04160535191038095
24,gpboost_exact,145,-1.3393884887780179,-1.273966966856011,-1.2284529748223818,0.29790313114509703,0.11093551395563606
24,gpboost_exact,146,-2.4319430308992835,-2.338640629617247,-2.185498878560878,0.1716254114391418,0.24644415233840533
24,gpboost_exact,147,-1.379180049296452,-1.4902827699466221,-1.5682620385409294,0.32446947777505103,-0.18908198924447728
24,gpboost_exact,148,-1.430840050312295,-1.410689803937917,-1.8976994966197935,0.3361178688057879,-0.4668594463074984
24,gpboost_exact,149,-2.2244400950310923,-2.3577904955449585,-2.3610720581617315,0.2673708424915901,-0.1366319631306392
24,gpboost_exact,150,-2.5275601346119796,-2.445627963469068,-2.2392652924534033,0.24139114186051044,0.28829484215857626
24,gpboost_exact,151,-2.5514037834676704,-2.429903503593823,-2.2334385739175033,0.30735166562401584,0.31796520955016705
24,gpboost_exact,152,-0.7918949567397379,-0.753629054617523,-0.4295009515320771,0.3103941335267129,0.36239400520766074
24,gpboost_exact,153,-1.4174798897825567,-1.4910507276187792,-1.1229560194088641,0.3838106119274078,0.29452387037369254
24,gpboost_exact,154,-1.6342646616559338,-1.7067413056873537,-1.6844797983086046,0.2797616948272052,-0.050215136652670855
24,gpboost_exact,155,-2.258347723225738,-2.4586694833360037,-2.263097784812956,0.21313208102678072,-0.004750061587218024
24,gpboost_exact,156,-2.580282985661709,-2.3534141381706584,-2.5483929546306427,0.28759617989394903,0.03189003103106636
24,gpboost_exact,157,-2.672242642376347,-2.7932226266168687,-2.475198362418862,0.17611153559937623,0.1970442799574852
24,gpboost_exact,158,-2.189261412878329,-2.186963906072624,-1.6764913954579441,0.26247285640890594,0.5127700174203849
24,gpboost_exact,159,-2.7394818420061453,-2.6742609410667955,-1.9417813177133638,0.300920181240943,0.7977005242927815
24,gpboost_exact,160,-2.290584023501409,-2.4027440141945196,-2.208847871277868,0.25107903239088497,0.08173615222354114
24,gpboost_exact,161,-1.3041618115362987,-1.4129843047540023,-1.1777894862312976,0.28765674668955893,0.1263723253050011
24,gpboost_exact,162,-1.3252717490653194,-1.1619630504438803,-1.66014797021068,0.3098159495878786,-0.33487622114536064
24,gpboost_exact,163,-1.7395473471884144,-1.8142284243033993,-1.6419398908370368,0.2283488549101348,0.09760745635137758
24,gpboost_exact,164,-1.2666773860898568,-1.181190387587726,-1.8149411763818613,0.283713896767099,-0.5482637902920044
24,gpboost_exact,165,-1.5755586443197194,-1.79655131546994,-1.587858846131759,0.2022001334254833,-0.012300201812039724
24,gpboost_exact,166,-2.3549871852829467,-2.3692414752376343,-2.284402891106197,0.23936742390509042,0.07058429417674983
24,gpboost_exact,167,-1.06214106669243,-1.2781421751845214,-1.2268466002074732,0.3568666862610729,-0.16470553351504313
24,gpboost_exact,168,-0.9636262688555193,-0.7964828539776299,-0.6694640522275339,0.273486004070582,0.29416221662798536
24,gpboost_exact,169,-1.0806322714961656,-1.1043246333536256,-0.6959495225721444,0.29577933998944267,0.3846827489240212
24,gpboost_exact,170,-2.3069856898287537,-2.3399993933050727,-2.0663819415998006,0.21599170045499208,0.24060374822895314
24,gpboost_exact,171,-1.1714577647847895,-1.3628693832847343,-1.0072161650874563,0.27268254324733243,0.1642415996973332
24,gpboost_exact,172,-1.0817120092616312,-1.0107345251368731,-1.0309619322044838,0.2491744271865791,0.0507500770571474
24,gpboost_exact,173,-0.8776306066989085,-0.7676313673853526,-0.996347470888221,0.454067615009831,-0.11871686418931249
24,gpboost_exact,174,-1.1256947873650758,-1.0469662195653384,-0.8025600357139417,0.34507929328369413,0.32313475165113403
24,gpboost_exact,175,-2.6713559924679684,-2.5792307507341783,-2.366317243239216,0.2605539242908463,0.3050387492287525
24,gpboost_exact,176,-0.6095230509452388,-0.6332646718792551,-0.423547845994932,0.23407734971767696,0.18597520495030684
24,gpboost_exact,177,-0.8901662658324816,-1.006290584735649,-0.9567308338836256,0.24422181046153738,-0.06656456805114397
24,gpboost_exact,178,-1.4010495597572263,-1.2220331959501403,-0.9504062076099657,0.2517967087277597,0.4506433521472606
24,gpboost_exact,179,-1.791078070048512,-1.832055901614726,-1.8289268693714291,0.23531703023144435,-0.03784879932291707
24,gpboost_exact,180,-0.11597282761557204,-0.10354921111548776,-0.41346817129163327,0.2618941310899686,-0.29749534367606123
24,gpboost_exact,181,0.5994855498948821,0.595439619518826,0.21866587254382353,0.2622808725967769,-0.3808196773510586
24,gpboost_exact,182,-2.508374591252,-2.598461318985427,-2.3857812398657714,0.2659562641350746,0.12259335138622873
24,gpboost_exact,183,-1.9755198566834697,-1.824514252819967,-1.808982568880328,0.2010503920639547,0.1665372878031417
24,gpboost_exact,184,-0.19188082154847308,-0.2550192847587777,-0.3184648940364454,0.277529016783323,-0.12658407248797232
24,gpboost_exact,185,-1.2015467106451436,-1.0831529315415263,-0.9956797664343036,0.30976084807246435,0.20586694421084006
24,gpboost_exact,186,-1.0060566357250997,-0.9672534068460682,-0.9761770062475676,0.2760296099119407,0.029879629477532088
24,gpboost_exact,187,-1.1097183664267676,-1.2581283289915641,-1.2047909109477892,0.2824443673685891,-0.09507254452102165
24,gpboost_exact,188,-0.25392553787106403,-0.2426110483937247,-0.4635361162625884,0.22471089314236137,-0.20961057839152436
24,gpboost_exact,189,-2.795915835809193,-2.986447684579311,-2.608715174869957,0.2394226677891452,0.18720066093923604
24,gpboost_exact,190,-1.3306416220464627,-1.3849069849355686,-1.173852935421639,0.23423956165070006,0.15678868662482381
24,gpboost_exact,191,-0.3158132345989918,-0.35133182742179936,-0.06680878206098839,0.4089553880257673,0.2490044525380034
24,gpboost_exact,192,-1.5193308621516144,-1.524349654904592,-1.173239040039519,0.19874909918458566,0.34609182211209544
24,gpboost_exact,193,-0.9115754020740645,-0.9219016385599291,-1.2003302960100513,0.29556580637173474,-0.28875489393598675
24,gpboost_exact,194,-1.8447191753136016,-1.8482242745626294,-1.5928066797724583,0.32500339694155006,0.25191249554114337
24,gpboost_exact,195,-0.8776292980446825,-0.8713494567484027,-1.0869859970716753,0.28733900688475444,-0.20935669902699283
24,gpboost_exact,196,-1.11170077063445,-1.2097874741409276,-1.4975090794864876,0.3839413952581297,-0.38580830885203765
24,gpboost_exact,197,0.661952921209949,0.4610541472157842,0.10112276966363254,0.2491220680784758,-0.5608301515463164
24,gpboost_exact,198,-0.6154850058864147,-0.553800265573591,-0.9160542898010675,0.28146609889328783,-0.30056928391465276
24,gpboost_exact,199,-2.051057811500362,-2.119214199084681,-2.120108735532515,0.2694986881649664,-0.06905092403215285
24,gpboost_exact,200,-1.2953161744996784,-1.3321681332305242,-1.3878852744597268,0.2824509229877789,-0.09256909996004836
24,gpboost_exact,201,-2.4465112584972366,-2.3225366041807893,-2.3163077255078157,0.18812732739754182,0.1302035329894209
24,gpboost_exact,202,-2.1791013061058515,-2.2125511440911523,-2.002050142355724,0.18367801019999871,0.1770511637501273
24,gpboost_exact,203,-1.3644949424322648,-1.519004453223067,-1.508975282587567,0.29960507526914415,-0.1444803401553023
24,gpboost_exact,204,-2.898343343948783,-2.787083954668763,-2.310783095968695,0.27189938168139177,0.5875602479800879
24,gpboost_exact,205,-1.7212757420360618,-1.9325477640774045,-1.4982173511563825,0.2686476377237542,0.22305839087967927
24,gpboost_exact,206,-0.9779470889184343,-1.296053836307906,-0.741896307267119,0.3365210158358414,0.23605078165131532
24,gpboost_exact,207,-1.4093073072906996,-1.2505363091401112,-1.3349489126274534,0.27044678102788006,0.07435839466324623
24,gpboost_exact,208,-1.1331896090462865,-1.2693531677926604,-1.286169807454833,0.25717018932172947,-0.15298019840854638
24,gpboost_exact,209,-2.81024975855086,-2.9954471127340248,-2.5738433956398374,0.2657957932717499,0.23640636291102268
24,gpboost_exact,210,-0.8325601363065818,-0.8371405403134567,-1.198564834306051,0.4620617264188842,-0.36600469799946933
24,gpboost_exact,211,-2.021280478207506,-1.895718238027903,-1.9251044986932584,0.2460854572470581,0.09617597951424761
24,gpboost_exact,212,-1.528866770199082,-1.6624830652768536,-1.5635324397893804,0.23442965607340763,-0.03466566959029849
24,gpboost_exact,213,-0.686596403253485,-0.8978749952538237,-1.0119876918284163,0.3586568676848137,-0.32539128857493127
24,gpboost_exact,214,-3.0287729977139,-2.9260231535742043,-2.5553449275719977,0.2383142087382173,0.47342807014190225
24,gpboost_exact,215,-1.033648661565838,-0.908824174364733,-0.9359210219474647,0.24677551105229903,0.09772763961837327
24,gpboost_exact,216,-2.1871834404921353,-2.270272880129968,-1.703873501793673,0.25724024397293743,0.4833099386984623
24,gpboost_exact,217,-0.5908985547503236,-0.5409184507336782,-0.8027114318257631,0.23901569501194744,-0.2118128770754395
24,gpboost_exact,218,-1.8604256291148893,-1.8543981225057096,-1.9290646172499333,0.33647744914811895,-0.06863898813504399
24,gpboost_exact,219,-1.175761868101512,-1.1360353039238755,-1.1584644833345976,0.257296817209925,0.017297384766914448
24,gpboost_exact,220,-2.0154091282605524,-1.9376158215688188,-1.8892837401848865,0.2898598926349498,0.12612538807566587
24,gpboost_exact,221,-1.0919905093319933,-1.055548130336181,-1.6501753080393726,0.38292390427016665,-0.5581847987073794
24,gpboost_exact,222,-1.5473854332538917,-1.50941686951411,-1.417211084630022,0.3204927179830487,0.13017434862386956
24,gpboost_exact,223,-1.904263273715466,-1.9704938455509118,-1.4671653985397128,0.2917577796301366,0.43709787517575327
24,gpboost_exact,224,0.64363161713536,0.5526258727853534,0.4465346964906445,0.18382142399698362,-0.1970969206447155
24,gpboost_exact,225,-1.131412808113139,-1.1359520673098515,-1.4069887774723355,0.3472028441384446,-0.2755759693591966
24,gpboost_exact,226,-1.8406550268054578,-1.7402242262350403,-2.3998541846797288,0.32175436315051054,-0.559199157874271
24,gpboost_exact,227,-1.7815970904125575,-1.7263127607197601,-2.1883743362588035,0.28571475488958026,-0.40677724584624597
24,gpboost_exact,228,-1.5574817486863017,-1.6612915486779656,-1.7026094172027921,0.23629253358493585,-0.1451276685164904
24,gpboost_exact,229,-2.473979427931503,-2.4847413259633035,-2.414169707167572,0.21661571066349763,0.05980972076393121
24,gpboost_exact,230,-0.5607583906792647,-0.6439019899864085,-0.7047507393536776,0.3357801190036184,-0.1439923486744129
24,gpboost_exact,231,-0.8536421453745646,-0.958861656298365,-1.0340345096295387,0.2937471922013783,-0.18039236425497407
24,gpboost_exact,232,-0.4539663867009826,-0.36318443534960415,-0.5018250993353774,0.2440742770242654,-0.04785871263439484
24,gpboost_exact,233,-1.5574161430210796,-1.453903559320696,-1.801659768042441,0.21086229824593064,-0.24424362502136154
24,gpboost_exact,234,-1.1456087001288728,-0.9708792911352884,-0.9493340997320878,0.27538854785063505,0.19627460039678502
24,gpboost_exact,235,0.7710732267241669,0.8687318285340422,0.8475746402524607,0.1613568008865782,0.07650141352829376
24,gpboost_exact,236,-2.1431638103654977,-2.2559072298655556,-2.4098451203518536,0.2809390209989923,-0.26668130998635586
24,gpboost_exact,237,-0.08426875985791615,-0.07154908592010556,-0.21773892782680093,0.37958870289300567,-0.13347016796888478
24,gpboost_exact,238,-3.02761583533656,-3.0469154043589044,-2.568160488670145,0.22617617211324603,0.45945534666641485
24,gpboost_exact,239,-1.775182376219045,-1.733196766225486,-1.7593089077786104,0.2726719729038263,0.01587346844043469
24,gpboost_exact,240,-2.220379480885456,-2.320763857276207,-2.248555042309313,0.21146432042486132,-0.028175561423857243
24,gpboost_exact,241,-2.229346901713319,-2.2394289139311105,-2.1715827018503724,0.21745685829050013,0.057764199862946786
24,gpboost_exact,242,-1.5847201014724297,-1.544297340092161,-1.7869208022601342,0.24772175677968736,-0.20220070078770447
24,gpboost_exact,243,-0.6887510018480439,-0.621910153978401,-0.3062825532874598,0.2986017702152876,0.38246844856058415
24,gpboost_exact,244,-1.1084668082893088,-1.173207008080199,-1.0713665801102223,0.27363428709506343,0.037100228179086425
24,gpboost_exact,245,-1.4702094488831832,-1.4651774082157552,-1.9506955812214741,0.2549978044290143,-0.48048613233829096
24,gpboost_exact,246,-2.9556558282446526,-2.9118929004852734,-2.3790334944388007,0.2888380246385783,0.5766223338058518
24,gpboost_exact,247,-2.178266766075071,-2.173058498469739,-1.8924961401480331,0.3018621865695485,0.28577062592703806
24,gpboost_exact,248,0.8693421979873139,0.752069721062728,0.25333723572418876,0.29433764629387826,-0.6160049622631252
24,gpboost_exact,249,-1.2898295182768347,-1.390937506659979,-0.9810498023876448,0.24680048382026343,0.30877971588918984
24,gpboost_exact,250,-1.277168596249848,-1.333409452354157,-1.4947523610869453,0.2501407696517156,-0.2175837648370973
24,gpboost_exact,251,-1.0532355385798686,-0.9623482738619267,-1.0746641552713072,0.3494168612917597,-0.021428616691438584
24,gpboost_exact,252,-2.8165791602957535,-2.805227180900078,-2.437760262208677,0.21269674522056456,0.3788188980870766
24,gpboost_exact,253,-1.3573156890212374,-1.4520774980106241,-1.6272399516388418,0.24491096224288553,-0.2699242626176044
24,gpboost_exact,254,-1.868899008284995,-2.0139614854952264,-1.888005582919135,0.24983605025039024,-0.019106574634139895
24,gpboost_exact,255,-0.06430035662690325,-0.1841660128390608,-0.23270334476934806,0.2400837185190748,-0.1684029881424448
24,gpboost_exact,256,-0.934192219096318,-0.8236840478898488,-0.8132445004471762,0.38819916326730847,0.12094771864914178
24,gpboost_exact,257,-0.7508827090944814,-0.7200204146068212,-1.017598661244925,0.22030674874597556,-0.26671595215044364
24,gpboost_exact,258,-1.7658690367686796,-1.930947216606266,-1.7471496792857906,0.25245898972447717,0.018719357482889
24,gpboost_exact,259,-1.0878986270719289,-1.0334471259891842,-1.3694118510251094,0.28895100317814987,-0.28151322395318057
24,gpboost_exact,260,-3.014058525170716,-3.0436308572663604,-2.4874672320065585,0.2256081886440959,0.5265912931641576
24,gpboost_exact,261,-1.274475162762088,-1.2901503214336507,-1.1626463976385928,0.23216699750620504,0.11182876512349527
24,gpboost_exact,262,-1.4607789027837856,-1.4852873846708912,-1.5702059191052342,0.2646466628720898,-0.10942701632144858
24,gpboost_exact,263,-1.2366139860437,-1.3429288058202546,-1.443990619927959,0.2778406480417503,-0.2073766338842591
24,gpboost_exact,264,-1.1181123694859296,-0.9564411185990873,-0.7652075140135821,0.41399074481768394,0.3529048554723475
24,gpboost_exact,265,-2.1576052282073697,-2.180519282110124,-2.080376425612176,0.20335469037393858,0.07722880259519371
24,gpboost_exact,266,-0.9854328827512814,-0.7964901630627407,-0.8542413214056808,0.2162483795662526,0.13119156134560062
24,gpboost_exact,267,-1.2304947080205026,-1.080844792761366,-1.2060798413390543,0.3354340919478792,0.02441486668144832
24,gpboost_exact,268,-1.9062735310848162,-1.836004768874191,-1.661596151251299,0.25656222066856577,0.24467737983351734
24,gpboost_exact,269,-1.773409285912872,-1.919213222740923,-1.7615205168228343,0.29671739969035893,0.011888769090037776
24,gpboost_exact,270,-2.2855131822504986,-2.3988841046924705,-2.2599696988450972,0.272754904686592,0.025543483405401357
24,gpboost_exact,271,-1.06592756310954,-1.2001791412399552,-1.2438744186943538,0.3004307807534026,-0.17794685558481382
24,gpboost_exact,272,-1.4192393764675681,-1.47788220796312,-1.2206687253134234,0.2668690895866447,0.19857065115414474
24,gpboost_exact,273,-0.648388162009875,-0.4318438498992151,-0.6681850157771905,0.3179693238137079,-0.019796853767315437
24,gpboost_exact,274,-1.6974898324758905,-1.7831945276115275,-1.9226908337471116,0.25245081757476545,-0.2252010012712211
24,gpboost_exact,275,-2.802067255385238,-2.6932015016008113,-2.4631166205707515,0.1894408831191263,0.3389506348144864
24,gpboost_exact,276,-1.7240101075390375,-1.7973942373018186,-1.5809351638840496,0.263201525912372,0.14307494365498785
24,gpboost_exact,277,-0.9263923223631159,-0.9863375502923017,-1.0720507814165146,0.28787463608427144,-0.1456584590533987
24,gpboost_exact,278,-0.07422387890240251,-0.1282212257808987,-0.35479620756626673,0.23941088860126689,-0.2805723286638642
24,gpboost_exact,279,-2.3231916012536566,-2.114755250549608,-1.8958834503908903,0.30415547159706735,0.4273081508627663
24,gpboost_exact,280,-1.100342218957769,-0.9956903882991497,-0.6929327557112259,0.29308552072026856,0.40740946324654304
24,gpboost_exact,281,-2.3315741875745006,-2.3327231913204094,-2.2530114552577842,0.25024969235422334,0.0785627323167164
24,gpboost_exact,282,-0.55735761931998,-0.5114671177318357,-0.5166758527817166,0.3426451896353167,0.040681766538263386
24,gpboost_exact,283,-0.08988099804585403,-0.11968721929049968,-0.004188037667319122,0.24062109099036375,0.08569296037853491
24,gpboost_exact,284,-1.0844845364801785,-0.9213418140744978,-1.167298918048317,0.25237777646257065,-0.08281438156813858
24,gpboost_exact,285,-1.8147897266354218,-1.8306607119923455,-1.820150800079137,0.27642316383866417,-0.005361073443715281
24,gpboost_exact,286,-1.5215801140828322,-1.4494026867479697,-1.7523028640599794,0.24784815243898692,-0.23072274997714715
24,gpboost_exact,287,-0.7327441276753586,-0.6269098864572453,-1.1207406524547707,0.35290361683634874,-0.38799652477941216
24,gpboost_exact,288,-0.8050433239369967,-0.875684125788785,-0.38626943143570713,0.27615155071209113,0.4187738925012896
24,gpboost_exact,289,-0.3834459802622079,-0.28075839368281696,-0.41174125637144243,0.27603613213668277,-0.028295276109234546
24,gpboost_exact,290,-1.2490528070567666,-1.3423617621628627,-1.2270611466771193,0.31362877932600497,0.021991660379647282
24,gpboost_exact,291,-0.674519871533664,-0.6950666850593918,-1.0489075563754078,0.48100084030265394,-0.3743876848417438
24,gpboost_exact,292,-1.5434762955786456,-1.5047030363242115,-1.735088178968379,0.329976781830111,-0.19161188338973334
24,gpboost_exact,293,-1.0162371899188123,-0.9601250563030905,-0.935618487558628,0.3193423062058519,0.08061870236018431
24,gpboost_exact,294,-1.4174196985403684,-1.4196910334777877,-1.2002891644692273,0.16518480708957048,0.21713053407114113
24,gpboost_exact,295,-1.5114946511344964,-1.4110310009131104,-1.5969029097369987,0.2236631838563314,-0.08540825860250223
24,gpboost_exact,296,0.5627498690345685,0.5102658327665301,0.6870652980500012,0.13989659995691162,0.12431542901543269
24,gpboost_exact,297,-1.2247921186650528,-1.3208100280598838,-1.3612858279975413,0.28700661309962516,-0.1364937093324885
24,gpboost_exact,298,-1.4397599916278567,-1.3482934363406902,-1.064553609000825,0.2508789441856754,0.37520638262703176
24,gpboost_exact,299,-1.09762730499355,-1.0152717495340782,-1.122619934882394,0.27741668924214136,-0.024992629888843876
