replicate,framework,test_point,actual_latent,actual_observed,predicted,predicted_sd,residual
0,gpboost_vecchia,0,-0.6630191620393133,-0.550283685875071,-0.20266109697101964,0.38823888989965366,0.4603580650682937
0,gpboost_vecchia,1,0.37988574265512326,0.3896461419046673,0.6420609638078574,0.29866253001056126,0.2621752211527341
0,gpboost_vecchia,2,-0.11558762177687198,-0.20964064332699364,0.2650617788833758,0.36147231398735097,0.38064940066024777
0,gpboost_vecchia,3,0.13134339123369843,0.07841616056370909,-0.2552424557173749,0.37592900756891406,-0.38658584695107334
0,gpboost_vecchia,4,-0.6752874987918062,-0.6679599673332365,0.08818745432743658,0.3615440214897656,0.7634749531192427
0,gpboost_vecchia,5,-0.5263465635952771,-0.5225942403613173,-0.7495899406553983,0.3625018649615591,-0.2232433770601212
0,gpboost_vecchia,6,-1.3010296728696291,-1.3101167658322255,-1.0636789026301197,0.3551580038261135,0.23735077023950946
0,gpboost_vecchia,7,0.6656797369107204,0.6625964855023019,0.6197754552829897,0.3691211085655423,-0.045904281627730636
0,gpboost_vecchia,8,-0.030728346980866517,-0.05216585795137793,0.1705479323991277,0.3837643975866182,0.2012762793799942
0,gpboost_vecchia,9,0.15574787836172765,0.01155000479772636,-0.06997170665329122,0.3554205737651623,-0.22571958501501888
0,gpboost_vecchia,10,-0.1757879141860041,-0.22743898840208737,-0.5130287063975532,0.35832369477829956,-0.33724079221154907
0,gpboost_vecchia,11,0.2791915801315735,0.3706539855302582,-0.16599501809310446,0.3640882925429095,-0.445186598224678
0,gpboost_vecchia,12,0.36635695072374364,0.22952352096863188,0.5013047310375613,0.35571503435356416,0.1349477803138177
0,gpboost_vecchia,13,-0.17695020068518924,-0.1959057518391171,0.19489501405058096,0.3928112934189392,0.3718452147357702
0,gpboost_vecchia,14,0.49514134187092507,0.4131659489938407,0.4124643214008543,0.34799901154451734,-0.08267702047007075
0,gpboost_vecchia,15,0.3959094676517145,0.40704451059152563,0.2760795340761888,0.3293189378440427,-0.11982993357552568
0,gpboost_vecchia,16,0.16825805497455648,0.12939473686787467,0.5122788836959629,0.35093244190383377,0.3440208287214064
0,gpboost_vecchia,17,0.11090838312724477,0.2586477496247117,0.2687463900771716,0.37981099287182535,0.15783800694992683
0,gpboost_vecchia,18,0.3686890830798314,0.41934739849885677,0.26138101786237256,0.23517379306439049,-0.10730806521745884
0,gpboost_vecchia,19,-0.2107479988972513,-0.34192831547497243,-0.08422767589523783,0.3726815970942706,0.12652032300201346
0,gpboost_vecchia,20,0.49682715694257723,0.5639499581039471,0.7062725781798029,0.39401319238253046,0.2094454212372257
0,gpboost_vecchia,21,0.17011102008870785,0.09264583446250155,-0.162014416822168,0.3658066423786541,-0.3321254369108758
0,gpboost_vecchia,22,-0.26114947304560177,-0.31884911018335516,0.29651996869361397,0.3779236428748681,0.5576694417392157
0,gpboost_vecchia,23,-1.0734442514996676,-1.0420623494889554,-0.1623381061308491,0.37749690969358307,0.9111061453688185
0,gpboost_vecchia,24,-0.7454983346187581,-0.7946730765917717,-0.4091912722221043,0.3725016470415112,0.33630706239665387
0,gpboost_vecchia,25,0.35544398206246586,0.4447295636947614,0.07402670170854275,0.3741891789809783,-0.2814172803539231
0,gpboost_vecchia,26,-0.19108644585882428,-0.2685374520101638,0.05320398938153037,0.3626470370343459,0.24429043524035465
0,gpboost_vecchia,27,-1.0839148099589424,-1.1458094652180788,0.07011422117098887,0.39064750644143964,1.1540290311299313
0,gpboost_vecchia,28,0.24544673336801887,0.17980964401320798,0.48610553575646054,0.40978748252593467,0.24065880238844167
0,gpboost_vecchia,29,-0.5177928523919084,-0.5743567272274123,-0.551270645142873,0.39084048096930946,-0.03347779275096463
0,gpboost_vecchia,30,-0.7705700100720834,-0.6606508545173021,-0.42813845226608116,0.34962787994699984,0.3424315578060022
0,gpboost_vecchia,31,-0.3328378619739045,-0.2699582326128742,-0.38622417346207927,0.36483352351865805,-0.05338631148817474
0,gpboost_vecchia,32,-0.41030833202151223,-0.23931393662030512,-0.6028786449762822,0.35993990575021323,-0.19257031295476995
0,gpboost_vecchia,33,-1.0129741665244514,-0.7862097461345259,-0.05289878338976628,0.41165840584042146,0.9600753831346851
0,gpboost_vecchia,34,1.3871572930004332,1.2840855898071992,0.4701470935155436,0.37075487036692334,-0.9170101994848896
0,gpboost_vecchia,35,-0.22644769260872732,-0.21940577987599844,-0.2971673369259529,0.37339995469293497,-0.07071964431722555
0,gpboost_vecchia,36,0.08576826398706866,-0.03185176767727464,0.33303167984153514,0.4304402325813836,0.24726341585446648
0,gpboost_vecchia,37,0.5372312918805727,0.459470699105746,0.4422237246096925,0.35576855249924366,-0.09500756727088022
0,gpboost_vecchia,38,-0.09314631291685999,-0.15615456394242694,-0.3366510530356903,0.35218813401954335,-0.24350474011883033
0,gpboost_vecchia,39,0.5861308719228242,0.4804153845089968,0.4979904710962515,0.31074438651940356,-0.0881404008265727
0,gpboost_vecchia,40,-0.6284638751744682,-0.7336526024643096,-0.41084016250570876,0.3957542236594045,0.21762371266875946
0,gpboost_vecchia,41,0.9108171203839158,0.8963886825318903,0.3249136313829215,0.35507892624985343,-0.5859034890009943
0,gpboost_vecchia,42,-0.6589564909368302,-0.7806283327754708,0.06329990373237715,0.4048246384917843,0.7222563946692073
0,gpboost_vecchia,43,-0.8328453368031838,-0.7486326408894206,-0.7013761358587951,0.3706898981553868,0.13146920094438874
0,gpboost_vecchia,44,-0.7166607881077101,-0.8084361418494614,-0.654639569555151,0.3582384595589306,0.06202121855255904
0,gpboost_vecchia,45,-0.5752710261602259,-0.29431412915058663,-0.5113526628746818,0.36058878729742244,0.06391836328554401
0,gpboost_vecchia,46,0.05580804079707474,0.01066959570063522,0.3241469062177291,0.3506032743010402,0.2683388654206544
0,gpboost_vecchia,47,-0.6432208868556204,-0.6360191226639151,-0.671169892688289,0.35834462954588353,-0.027949005832668572
0,gpboost_vecchia,48,0.6179909590130389,0.48845684056643535,0.5544742231874737,0.33025503766672454,-0.06351673582556516
0,gpboost_vecchia,49,-0.6325466990993271,-0.46193752328656323,-0.5134096770682341,0.3700358296885673,0.119137022031093
0,gpboost_vecchia,50,0.4146314570742012,0.5265815251544927,0.14148115930231064,0.31062903588485336,-0.27315029777189054
0,gpboost_vecchia,51,0.5005227846186212,0.5302143716922325,0.20406427896474,0.3919225323161764,-0.2964585056538812
0,gpboost_vecchia,52,0.1525826081720733,0.01790235329411674,0.18408914802864107,0.38266962959173834,0.03150653985656776
0,gpboost_vecchia,53,-0.019217963128391524,0.0018487246440705048,0.18674224111982163,0.315028394331282,0.20596020424821315
0,gpboost_vecchia,54,-0.7463676330604609,-0.8585107376621864,-0.5924105376406033,0.34609202336549705,0.1539570954198577
0,gpboost_vecchia,55,0.06425400807997483,0.21048953442731091,0.2267712623871425,0.2883296357327561,0.16251725430716768
0,gpboost_vecchia,56,0.24380106322740608,0.32472053641272336,0.253175628205188,0.3761422293715087,0.00937456497778194
0,gpboost_vecchia,57,-0.051572234422325836,-0.04202833057355222,-0.14702978088386232,0.35509654186111217,-0.09545754646153648
0,gpboost_vecchia,58,-0.646290109063735,-0.8899276753884672,-0.07293731622915178,0.3761092249678241,0.5733527928345832
0,gpboost_vecchia,59,0.17292567312494955,0.07458407525904648,-0.30498018647318315,0.3583912980159257,-0.4779058595981327
0,gpboost_vecchia,60,-0.07272635244999195,-0.003950239290004709,0.21252523798279244,0.3861639575617655,0.28525159043278436
0,gpboost_vecchia,61,0.23662976263130875,0.3579181318036243,0.22768489263179603,0.3671067498049856,-0.008944869999512717
0,gpboost_vecchia,62,-0.6556015820527432,-0.54468460090353,-0.355937405943628,0.37498364092718944,0.2996641761091152
0,gpboost_vecchia,63,0.5204432582806882,0.3612419580565426,0.31702953132306444,0.3386968064999457,-0.20341372695762372
0,gpboost_vecchia,64,0.8549016853942806,0.885056916075571,0.20320406297432836,0.4008000932467693,-0.6516976224199522
0,gpboost_vecchia,65,1.0102834661847475,1.1118349878330405,0.34616605052938,0.3541107330234513,-0.6641174156553675
0,gpboost_vecchia,66,-0.2619130482393411,-0.4277466047975656,0.2894212791906101,0.41725854231428194,0.5513343274299511
0,gpboost_vecchia,67,0.2652871257398932,0.26449667420256956,-0.2934001544780873,0.3610795268082508,-0.5586872802179805
0,gpboost_vecchia,68,0.7213494579666266,0.7487336977974722,0.201556845615519,0.41238547959422,-0.5197926123511076
0,gpboost_vecchia,69,-0.22951931052935726,-0.25959576901403075,0.3983933376320823,0.39616341944752903,0.6279126481614395
0,gpboost_vecchia,70,-0.018118813432918546,-0.20333499897303872,0.08519234408013077,0.3588406164831123,0.10331115751304931
0,gpboost_vecchia,71,-0.4403295847601454,-0.47289939576751827,-0.6893992610580977,0.3779129072185237,-0.2490696762979523
0,gpboost_vecchia,72,-0.422498221811714,-0.45522876483721636,-0.5464802803608251,0.35486112735170605,-0.1239820585491111
0,gpboost_vecchia,73,0.5349902868834083,0.5201830464286329,0.6566383301235295,0.3836480830271279,0.12164804324012113
0,gpboost_vecchia,74,0.010094201439907247,-0.04625294110259971,0.39962123937417027,0.3808765314783581,0.389527037934263
0,gpboost_vecchia,75,0.17692962206912094,0.1326284067449742,-0.12972048380895718,0.3370923412937815,-0.3066501058780781
0,gpboost_vecchia,76,-0.24838288898215471,-0.2523535172168525,-0.2446301808134761,0.3707264436093319,0.00375270816867862
0,gpboost_vecchia,77,0.25223437629414214,0.2964798367911132,0.2841814320055933,0.29615293347941424,0.03194705571145118
0,gpboost_vecchia,78,0.727684219196407,0.6972415429107403,0.11936169829201759,0.3939351010533908,-0.6083225209043894
0,gpboost_vecchia,79,0.08223983584351025,0.04127494300671006,-0.016942112913954865,0.3853107336953121,-0.09918194875746511
0,gpboost_vecchia,80,0.31623719004402634,0.32547259386947214,0.36581093677157206,0.3708026547610693,0.04957374672754572
0,gpboost_vecchia,81,0.4663635725328695,0.2742719799433513,0.438738854632053,0.3656149103564357,-0.027624717900816498
0,gpboost_vecchia,82,-0.3072208496199669,-0.25951733689732104,-0.5545751828168335,0.35983770351890365,-0.24735433319686662
0,gpboost_vecchia,83,-0.42169560902513264,-0.4217519187374285,-0.33401881976018366,0.35995301663302454,0.08767678926494898
0,gpboost_vecchia,84,1.1022232774137422,1.1061926300734983,0.9737147129265598,0.3671164079745084,-0.1285085644871824
0,gpboost_vecchia,85,0.08437487252957275,0.18044830328901917,0.3284903879424279,0.326984703745609,0.24411551541285514
0,gpboost_vecchia,86,-0.47121250682405497,-0.6664940598288798,-0.2539837472736952,0.3873144883609439,0.21722875955035975
0,gpboost_vecchia,87,0.19626678591702154,-0.0011166010688748451,-0.36648924549360107,0.35455984670539475,-0.5627560314106226
0,gpboost_vecchia,88,-0.9497661351815422,-0.9223857506491903,-0.009023450120646537,0.3780652186640436,0.9407426850608956
0,gpboost_vecchia,89,-0.49775760478718184,-0.4984692903000334,-0.5758150610882824,0.342068361311869,-0.07805745630110056
0,gpboost_vecchia,90,-0.8082980195279883,-0.7912803252087951,-0.2652689956118657,0.3837783720615362,0.5430290239161226
0,gpboost_vecchia,91,-0.02284348199086972,-0.06905618950811428,-0.6434626729607338,0.388069847401262,-0.6206191909698641
0,gpboost_vecchia,92,0.4889492996756321,0.5553846670996252,0.2450109281422126,0.4108160443175474,-0.24393837153341952
0,gpboost_vecchia,93,-0.012966699448751284,0.08029718485036072,-0.006126830443808018,0.33591332675008195,0.0068398690049432664
0,gpboost_vecchia,94,0.13577493447920025,0.18417316387435295,0.11521619726833832,0.41311995639327587,-0.020558737210861933
0,gpboost_vecchia,95,-0.9591945929344581,-0.9852774387749164,0.10615708251845746,0.3513082390239756,1.0653516754529155
0,gpboost_vecchia,96,0.04344670238808146,-0.16732223637335886,-0.10341948043532234,0.3571184836727841,-0.1468661828234038
0,gpboost_vecchia,97,-0.010021026857376603,0.06690259394633621,0.30186985313747616,0.4245230450647727,0.31189087999485277
0,gpboost_vecchia,98,0.027188082744753816,0.14936094936651312,0.19221753967338895,0.33009593909993096,0.16502945692863513
0,gpboost_vecchia,99,-0.8010012688406556,-0.7365454276422576,-0.7279542642611245,0.30608252397892904,0.07304700457953106
0,gpboost_vecchia,100,0.08056321711905191,-0.007401025617698745,-0.0351927149306146,0.4025062812322899,-0.11575593204966651
0,gpboost_vecchia,101,0.6257819076385521,0.6931613470053279,0.3199635998809165,0.3780424158257523,-0.30581830775763563
0,gpboost_vecchia,102,-0.6364749720221571,-0.5504220012260126,-0.47137664566314985,0.3021653881690865,0.16509832635900723
0,gpboost_vecchia,103,0.08060585084422997,0.23648747562413855,0.22072767577884234,0.38933954552995026,0.14012182493461237
0,gpboost_vecchia,104,-0.24585087010931966,-0.3334618625321154,-0.317194639002242,0.3984235563316827,-0.07134376889292232
0,gpboost_vecchia,105,-0.22553078958885203,-0.24817624804326588,0.016690844028713236,0.3730906449728592,0.24222163361756527
0,gpboost_vecchia,106,0.40130147156384677,0.47602867667819226,0.45223324095954354,0.3771630491568028,0.05093176939569677
0,gpboost_vecchia,107,-0.20322017321724134,-0.19747916607342555,-0.5171383526938005,0.36008720705622566,-0.31391817947655914
0,gpboost_vecchia,108,-1.132889310849519,-1.2446220710546465,-0.14941093415080475,0.4078430891175183,0.9834783766987143
0,gpboost_vecchia,109,-0.24437447629317738,-0.20291284779050708,-0.363643223770727,0.37231577915000263,-0.11926874747754962
0,gpboost_vecchia,110,0.2316001355401717,0.28946629892168835,0.24891531004020973,0.33257835186953394,0.017315174500038027
0,gpboost_vecchia,111,-0.5760429623077598,-0.5672466726746596,-0.4503931100298244,0.36203559132916296,0.12564985227793535
0,gpboost_vecchia,112,-0.0026310078906202905,0.019327484827374126,-0.1592898718607696,0.39353821909310044,-0.1566588639701493
0,gpboost_vecchia,113,0.0762827392038879,0.05041214903531488,-0.26471605144713894,0.36726140961520504,-0.34099879065102684
0,gpboost_vecchia,114,0.8203361253654846,0.9681640189370906,0.17927896493186868,0.37264200547586734,-0.6410571604336159
0,gpboost_vecchia,115,0.03592136065698802,-0.05414785771427964,0.21757867120458219,0.40347440821285635,0.18165731054759415
0,gpboost_vecchia,116,0.19840027222257134,0.13966819594619345,0.1879049024978654,0.3505025620799247,-0.010495369724705939
0,gpboost_vecchia,117,0.20388372629604326,0.2049822776487958,0.5127021220270458,0.40066523570604007,0.30881839573100256
0,gpboost_vecchia,118,-0.12450431356298784,-0.036608910792898575,-0.2522534305362285,0.35122577741118083,-0.12774911697324065
0,gpboost_vecchia,119,0.2772007281950714,0.12746341118561774,-0.26414600101188324,0.3452572590297266,-0.5413467292069547
0,gpboost_vecchia,120,-0.36241841905586186,-0.49344809403240575,-0.5337103481568697,0.35963730806690564,-0.17129192910100782
0,gpboost_vecchia,121,-0.11951701009550397,-0.32328986086897576,-0.037472270605686475,0.3825768068853804,0.0820447394898175
0,gpboost_vecchia,122,0.49338839858844125,0.49665792111376833,0.589606917510821,0.36536609642096834,0.0962185189223797
0,gpboost_vecchia,123,-0.3565894859950979,-0.4684200677157523,-0.47175067785351477,0.3538816011867085,-0.11516119185841689
0,gpboost_vecchia,124,0.7111246574810586,0.6726696464792669,0.13322903735890623,0.3780089806529016,-0.5778956201221523
0,gpboost_vecchia,125,0.5077177733351615,0.5738555923243324,0.41051516313953584,0.33110819928992186,-0.0972026101956257
0,gpboost_vecchia,126,-0.5886054625641939,-0.6527597346424785,-0.5522582155719764,0.3681813643228852,0.036347246992217475
0,gpboost_vecchia,127,-0.09194355463412246,-0.068815352359786,-0.23391002362532376,0.3753671488029699,-0.1419664689912013
0,gpboost_vecchia,128,0.1523983732693615,0.1224645824941893,0.2195266212863931,0.3517602371475095,0.0671282480170316
0,gpboost_vecchia,129,-0.4283418902000554,-0.3611304586904117,-0.20530514091220464,0.37551748255755835,0.22303674928785078
0,gpboost_vecchia,130,0.5322754627922636,0.5797882695270644,0.42916400076936334,0.4109522790813476,-0.10311146202290022
0,gpboost_vecchia,131,-0.870500741220342,-0.9396941108378031,0.13857768556291905,0.3701506259966351,1.009078426783261
0,gpboost_vecchia,132,-0.4682586977124366,-0.4851238730524819,-0.7534768357701962,0.35185536305365567,-0.2852181380577596
0,gpboost_vecchia,133,-1.0554527960781162,-0.9510784563060667,0.03183557433746742,0.41758576419448207,1.0872883704155836
0,gpboost_vecchia,134,-1.695972002655394,-1.6566343156299843,-1.1986155734948236,0.35915074493651283,0.4973564291605703
0,gpboost_vecchia,135,-0.17181157139614806,-0.3115077771712612,-0.4241600851008007,0.3597112177612653,-0.25234851370465267
0,gpboost_vecchia,136,-0.19123282935373165,-0.12567102323659338,0.06039401947502565,0.3720988371499193,0.2516268488287573
0,gpboost_vecchia,137,1.3856430421006132,1.2771819798569894,0.32577071885820175,0.39306572517503746,-1.0598723232424114
0,gpboost_vecchia,138,-0.6451585489390272,-0.5039072419429267,-0.4990924000694146,0.35693897597699964,0.14606614886961267
0,gpboost_vecchia,139,0.39684836578070926,0.49925824976481176,0.19465243915208852,0.38017029109459605,-0.20219592662862074
0,gpboost_vecchia,140,0.5525080222563628,0.5814965698482029,0.416246982880069,0.3699708233738091,-0.13626103937629375
0,gpboost_vecchia,141,0.29168858951720583,0.3074118738608252,-0.03286416048003282,0.428767734619022,-0.32455274999723865
0,gpboost_vecchia,142,0.5782259852177974,0.5573227596150554,0.1396224524712224,0.3679709375779527,-0.43860353274657504
0,gpboost_vecchia,143,-0.57951269266608,-0.5116602975260771,-0.640933871782221,0.36273297438266655,-0.06142117911614109
0,gpboost_vecchia,144,0.43727077713701645,0.4001929601908103,0.19941589197358134,0.3792856625894168,-0.23785488516343511
0,gpboost_vecchia,145,0.6926963752713575,0.7162533623353469,0.13101870488807688,0.38445487791458116,-0.5616776703832806
0,gpboost_vecchia,146,0.5847926323852382,0.6719860690371833,0.2293452319423679,0.41233372121707357,-0.35544740044287026
0,gpboost_vecchia,147,-0.12910484578058873,-0.1852855001331477,-0.42368370982043757,0.38871037370972705,-0.29457886403984884
0,gpboost_vecchia,148,-0.40685873580438947,-0.46847800980345894,-0.2721551200298431,0.37219531950488927,0.13470361577454637
0,gpboost_vecchia,149,1.1008662700212126,0.9814297219487667,0.5104251640725419,0.3438295500818239,-0.5904411059486707
0,gpboost_vecchia,150,0.076708373197522,-0.029738901415095234,-0.03656581663794256,0.38405946591122453,-0.11327418983546456
0,gpboost_vecchia,151,-0.8954654841518996,-1.0783050152960498,-0.6469997682621718,0.40459039445651157,0.24846571588972788
0,gpboost_vecchia,152,-0.15908342484709842,-0.08610054594554546,-0.6213283016357742,0.3644372912657498,-0.4622448767886758
0,gpboost_vecchia,153,-0.24236972115626448,-0.06147826694798739,-0.28432505939863617,0.3973029406228002,-0.04195533824237169
0,gpboost_vecchia,154,1.2473784913947705,1.389911385741801,0.5181727031506522,0.3872564211352158,-0.7292057882441183
0,gpboost_vecchia,155,0.07395582220906699,-0.08865262665358467,-0.09028430220863726,0.3765162064098656,-0.16424012441770425
0,gpboost_vecchia,156,-0.6337172919142298,-0.5612318247586098,-0.27188179698029646,0.34694298593138895,0.3618354949339333
0,gpboost_vecchia,157,-0.06538259915054379,0.07682803584181186,-0.25324340662339573,0.36566024954821236,-0.18786080747285194
0,gpboost_vecchia,158,-0.3525802760153714,-0.3982612740892378,-0.3923791383819495,0.4044973162502622,-0.03979886236657809
0,gpboost_vecchia,159,-0.3318323046027775,-0.32168756153777256,-0.04528689520134144,0.3609636680293316,0.2865454094014361
0,gpboost_vecchia,160,-0.002627324581499415,-0.20341662966196647,-0.23724651271417407,0.3554307908256808,-0.23461918813267466
0,gpboost_vecchia,161,-0.5218490680996499,-0.49517545130198576,-0.634829481047559,0.34901552726891877,-0.11298041294790906
0,gpboost_vecchia,162,-0.2892535006212274,-0.39560947356469917,-0.39748901908085443,0.3436709331326338,-0.10823551845962703
0,gpboost_vecchia,163,-1.069628715899805,-1.0496652141086535,-0.07003992468416564,0.451051344037496,0.9995887912156394
0,gpboost_vecchia,164,-0.8074905048132912,-0.9636107970321792,0.0895961982259359,0.3759069508064452,0.8970867030392271
0,gpboost_vecchia,165,0.45945024668834883,0.5137360691361084,0.7142879797192716,0.35075937241436306,0.2548377330309228
0,gpboost_vecchia,166,-0.7936348224460297,-0.6911835549033607,-0.6230183919628232,0.3582994184749562,0.17061643048320652
0,gpboost_vecchia,167,0.131343335843481,0.05302534967196425,-0.36121418862484145,0.3616920491932533,-0.49255752446832246
0,gpboost_vecchia,168,-0.8660537123429185,-0.979745970483962,-0.6755744306089433,0.3378281266584349,0.19047928173397521
0,gpboost_vecchia,169,-0.4537821946984829,-0.6693844989534811,-0.36634167706417653,0.30732185345049456,0.08744051763430638
0,gpboost_vecchia,170,-0.04931900445693099,-0.0759603578644487,-0.1624917171653797,0.3634733844434224,-0.1131727127084487
0,gpboost_vecchia,171,0.4077124514396237,0.3495530580114632,0.39510262372925187,0.35697495266769996,-0.012609827710371835
0,gpboost_vecchia,172,1.009639273741243,0.8545373325064375,0.7091875928544575,0.36907640579270806,-0.3004516808867854
0,gpboost_vecchia,173,-0.9975439016024867,-0.9522420259712696,-0.7562131121561393,0.37506391194061295,0.24133078944634745
0,gpboost_vecchia,174,-0.18396733786246522,-0.22896437604893013,-0.23952876701716974,0.31568113994508035,-0.05556142915470452
0,gpboost_vecchia,175,0.25458205661012345,0.1470084607456002,0.12188123545310159,0.4041548097876546,-0.13270082115702186
0,gpboost_vecchia,176,-0.7718640107263122,-0.8273212512903568,-0.7785284619937916,0.35750701186918726,-0.006664451267479388
0,gpboost_vecchia,177,0.4844937565832007,0.5916242104761623,0.5931661775635657,0.393026079389885,0.108672420980365
0,gpboost_vecchia,178,0.5559884041291083,0.6162820985046306,0.20940333649320486,0.3747686403300033,-0.34658506763590347
0,gpboost_vecchia,179,-0.5442194230276493,-0.5572220291774982,-0.14877252583279788,0.3999495788490657,0.3954468971948514
0,gpboost_vecchia,180,0.6784239920276923,0.7403344938741776,0.5259548487049823,0.35529798300966037,-0.15246914332271
0,gpboost_vecchia,181,-0.7120617885750643,-0.8281529842137382,-0.6409703069489243,0.3552011830032158,0.07109148162613999
0,gpboost_vecchia,182,-1.1622856279915783,-1.1590486179188753,0.015247056451313412,0.37228783185236425,1.1775326844428917
0,gpboost_vecchia,183,-0.6895972377466555,-0.6748650046980085,-0.5521624950791324,0.395160471443317,0.1374347426675231
0,gpboost_vecchia,184,0.22558726600005735,0.17860361515018466,0.11991334584847912,0.4440119853968124,-0.10567392015157823
0,gpboost_vecchia,185,-0.8430139264939133,-0.7994680928981714,-0.443063751012831,0.3706333609857762,0.39995017548108225
0,gpboost_vecchia,186,-0.05280792531962608,-0.13085127078407122,-0.11710228261344824,0.36256048118833745,-0.06429435729382216
0,gpboost_vecchia,187,0.552260802423782,0.6032428732013937,0.45609223851126446,0.3677624618389059,-0.09616856391251749
0,gpboost_vecchia,188,0.4279795157128127,0.48316539286594185,0.26750641302455946,0.3864597809524113,-0.1604731026882532
0,gpboost_vecchia,189,0.44439165667326885,0.15267566860356224,0.38745354178642266,0.3534244875439457,-0.05693811488684619
0,gpboost_vecchia,190,0.3234976023638034,0.4425281727148152,0.12781096776229384,0.31431340776219674,-0.1956866346015096
0,gpboost_vecchia,191,-0.08598134235226518,-0.3907445988875406,0.272096628866068,0.39007583159306236,0.3580779712183332
0,gpboost_vecchia,192,-0.12342426872893464,-0.18502917128454716,-0.20157873574054452,0.3555729382409969,-0.07815446701160988
0,gpboost_vecchia,193,-0.3236389724843288,-0.22110416905855332,-0.07788060881717307,0.36531149320213285,0.24575836366715575
0,gpboost_vecchia,194,0.7135453707363741,0.6818166982111301,0.15155604910543818,0.43225909929977024,-0.561989321630936
0,gpboost_vecchia,195,-0.7883034859077569,-0.9349220841547111,-0.41128269111409743,0.35506708828203243,0.37702079479365946
0,gpboost_vecchia,196,0.7619111131575528,0.6525374069858857,0.19502330574187443,0.3547979977086132,-0.5668878074156783
0,gpboost_vecchia,197,-0.5469973803374664,-0.4443068057054044,-0.1804110378699857,0.35705898042366263,0.3665863424674807
0,gpboost_vecchia,198,0.12087392665725866,-0.07127652639760518,0.26291102299170976,0.4429275872460164,0.1420370963344511
0,gpboost_vecchia,199,1.1390922249297324,1.2519913350259342,0.3991562086236078,0.36436744307846686,-0.7399360163061246
0,gpboost_vecchia,200,-0.7523045460041836,-0.7578147559084125,-0.2908034945437894,0.36195336926061344,0.4615010514603942
0,gpboost_vecchia,201,-0.09875363589477304,-0.21799316893901638,-0.5095643931890272,0.36144512789084976,-0.4108107572942542
0,gpboost_vecchia,202,-1.1206991213505033,-1.1790106285807724,-0.4754640987840073,0.36299124969140095,0.645235022566496
0,gpboost_vecchia,203,-0.3849482984371584,-0.4866707325473225,-0.5394960360111858,0.3653087823560412,-0.1545477375740274
0,gpboost_vecchia,204,0.9130277697154975,0.9996502898013504,0.7061240691187765,0.34850461952213346,-0.20690370059672103
0,gpboost_vecchia,205,-0.6511543867369805,-0.5779116057606967,-0.657283038629809,0.3661396515708851,-0.006128651892828518
0,gpboost_vecchia,206,-0.43771209837475644,-0.6096282117623611,-0.5307190417216496,0.35601078248865364,-0.09300694334689319
0,gpboost_vecchia,207,-0.39364602850885266,-0.4340052403607861,-0.5192059185013216,0.3518112201069159,-0.12555988999246892
0,gpboost_vecchia,208,-0.029859774466005518,-0.11617834070043323,-0.41668241072053736,0.36540666666718835,-0.38682263625453184
0,gpboost_vecchia,209,-0.034746902408761646,0.09460409443717539,0.5467867158606561,0.36459534277401734,0.5815336182694177
0,gpboost_vecchia,210,-0.39759268507923473,-0.5326025968918768,-0.40875733793683544,0.3575929875768154,-0.01116465285760071
0,gpboost_vecchia,211,0.29669570763916825,0.4571186181076696,0.5020132243192084,0.3976770445888225,0.2053175166800401
0,gpboost_vecchia,212,-0.5656472876876053,-0.5689767616392991,-0.04577185752078172,0.37054203093418486,0.5198754301668236
0,gpboost_vecchia,213,0.13780172086288178,0.021608280224873017,-0.10308790481725172,0.3745494164926702,-0.2408896256801335
0,gpboost_vecchia,214,0.44171291513501326,0.3739854967340855,0.29514260920553026,0.20045980605195446,-0.146570305929483
0,gpboost_vecchia,215,0.0021637871864830793,-0.07799809689036198,0.19584664881430025,0.3913381862701683,0.19368286162781717
0,gpboost_vecchia,216,-0.33562057133299206,-0.46308241153454266,-0.493860918275808,0.3609788172571876,-0.15824034694281597
0,gpboost_vecchia,217,0.2669114205195813,0.27639410649261886,0.3719345658854363,0.3562189528364891,0.105023145365855
0,gpboost_vecchia,218,-0.27392142385663865,-0.39671297892582297,-0.1519046956968344,0.3929307262782297,0.12201672815980424
0,gpboost_vecchia,219,0.2640341124549218,0.04599749158110292,0.19885498426477088,0.305120989915498,-0.06517912819015093
0,gpboost_vecchia,220,0.3639300541844847,0.3259624070996674,0.42124655583282156,0.3661698733807211,0.05731650164833685
0,gpboost_vecchia,221,-0.3866306770748106,-0.5669162967165988,-0.5642550927496197,0.36485336575392424,-0.17762441567480913
0,gpboost_vecchia,222,0.3500276803795723,0.27481159357282026,0.05063823440488413,0.3218407184972892,-0.2993894459746882
0,gpboost_vecchia,223,0.47738310432079534,0.38647281546045975,0.4086682241224553,0.2286940252241511,-0.06871488019834004
0,gpboost_vecchia,224,-0.5351009751722867,-0.6222225823748682,-0.41144415174671156,0.37308087731645917,0.12365682342557516
0,gpboost_vecchia,225,0.053863872830322915,0.2539601829893383,-0.305107701400507,0.38921897340640255,-0.3589715742308299
0,gpboost_vecchia,226,-0.6960302145079394,-0.6903890577909824,-0.15732877052835192,0.39206391054459677,0.5387014439795875
0,gpboost_vecchia,227,-0.4535216344820463,-0.4289845335825131,-0.6099095199292695,0.35034924683435575,-0.15638788544722315
0,gpboost_vecchia,228,-0.03842861425352771,-0.2160684438877572,-0.2564297441709007,0.3469916892014325,-0.21800112991737297
0,gpboost_vecchia,229,-0.7260232575579671,-0.7914195709216594,-0.3405630440784204,0.38404489884760074,0.38546021347954673
0,gpboost_vecchia,230,0.10727710494830003,0.12880736794245123,-0.009730017388387857,0.3627007787421061,-0.11700712233668789
0,gpboost_vecchia,231,-0.9349849576149861,-1.0374378489062868,-0.3111761629680183,0.37181344479223843,0.6238087946469678
0,gpboost_vecchia,232,-1.0370023533349126,-0.9461960689831141,-0.0940472050593173,0.3790184901218385,0.9429551482755953
0,gpboost_vecchia,233,0.5157458710816196,0.3954762124915166,0.7063421706123156,0.3608674891702947,0.190596299530696
0,gpboost_vecchia,234,-0.11356683883367832,-0.14220345242019589,0.3984146171898466,0.4322220507460662,0.511981456023525
0,gpboost_vecchia,235,0.24224336834546098,0.18363820434790512,-0.04260341864509121,0.3546592187629417,-0.2848467869905522
0,gpboost_vecchia,236,0.10102304995523295,0.11745511589342456,-0.12994997955817134,0.3600476910270218,-0.2309730295134043
0,gpboost_vecchia,237,0.26515467474294574,0.20110566755740314,0.03631311247490743,0.3530965655084031,-0.2288415622680383
0,gpboost_vecchia,238,-0.1161894640681913,-0.14327882677528503,-0.04791051654546763,0.387711838402468,0.06827894752272368
0,gpboost_vecchia,239,0.34673122516704385,0.3231182159892453,0.12978583153357803,0.31252263927206275,-0.21694539363346582
0,gpboost_vecchia,240,-0.1342714829916576,-0.2077102587307877,-0.07987050818744201,0.3790200864838613,0.054400974804215574
0,gpboost_vecchia,241,-0.11670567510022423,-0.06819628825051297,-0.6246226817718554,0.38649824812714195,-0.5079170066716312
0,gpboost_vecchia,242,-0.019627521244240498,0.0042113162395020325,0.4203369262827312,0.3715638456847299,0.4399644475269717
0,gpboost_vecchia,243,0.030901286037812947,0.022039891512496218,-0.21237288751470818,0.3719537887776918,-0.24327417355252112
0,gpboost_vecchia,244,0.36899740788736185,0.325951574541166,-0.051822941199258565,0.37641541779769294,-0.4208203490866204
0,gpboost_vecchia,245,0.07651641422731822,0.15617081727931792,0.363375970437843,0.36386443024872045,0.2868595562105247
0,gpboost_vecchia,246,0.8674001818485333,0.8438167574671152,0.7133894529677764,0.3885517837554709,-0.15401072888075684
0,gpboost_vecchia,247,0.07105726442829366,0.04038753564569994,-0.41612835145479377,0.36265304068763604,-0.4871856158830874
0,gpboost_vecchia,248,0.29636867339634126,0.30683767638515386,-0.0011430304543762482,0.3695302554421885,-0.2975117038507175
0,gpboost_vecchia,249,-0.2810729311815825,-0.1114142628844974,-0.5726019526337023,0.3740863069633407,-0.2915290214521198
0,gpboost_vecchia,250,-0.8479425059768233,-0.9819781267789437,0.18007122048003943,0.3859459363504626,1.0280137264568627
0,gpboost_vecchia,251,-0.0684791130816794,0.008506576223856074,0.5122541230560471,0.37822722274814186,0.5807332361377265
0,gpboost_vecchia,252,0.01605433164281367,-0.17326278448099686,-0.010400178424271544,0.37565485094779494,-0.026454510067085213
0,gpboost_vecchia,253,0.2784038582402455,0.3001311740631079,-0.15482131659754295,0.3790755887073135,-0.43322517483778844
0,gpboost_vecchia,254,-0.26579092180866876,-0.10828263904779567,-0.10638706266708908,0.3834510946769367,0.15940385914157967
0,gpboost_vecchia,255,0.6554979357294823,0.7043647881762131,0.5314640107241644,0.35927889703404914,-0.12403392500531796
0,gpboost_vecchia,256,-0.21564123870013774,-0.19857873084615846,0.042685201357069325,0.3535126994426605,0.25832644005720706
0,gpboost_vecchia,257,-0.5559963193406409,-0.6120412662209485,-0.5512266887045731,0.3681356012997163,0.004769630636067723
0,gpboost_vecchia,258,-0.5535428284200279,-0.5504381083711725,-0.2941535193422311,0.3665904405596157,0.2593893090777968
0,gpboost_vecchia,259,-0.8845805171078438,-0.9097867986481795,0.1844110601413691,0.35036698490073204,1.068991577249213
0,gpboost_vecchia,260,0.4622495373362831,0.3836518765431476,0.3256432884557232,0.4146664456811453,-0.1366062488805599
0,gpboost_vecchia,261,-0.7339958438646116,-0.7629834054120985,-0.46515740705316944,0.3899222985266359,0.26883843681144215
0,gpboost_vecchia,262,0.6941228343467792,0.7139609504094232,0.17253752220935414,0.4296713320174936,-0.5215853121374251
0,gpboost_vecchia,263,1.067512423614048,0.9907907167609841,0.32664927366036967,0.37152433344632974,-0.7408631499536784
0,gpboost_vecchia,264,0.2769455311556709,0.19631734908720247,0.45203331019713344,0.42247171604229117,0.17508777904146255
0,gpboost_vecchia,265,0.3109683795428066,0.17494403578358916,0.48956863046579047,0.32931262843840003,0.17860025092298387
0,gpboost_vecchia,266,-0.5556721265903268,-0.5165996239814372,-0.14033219903726124,0.34711352588382155,0.4153399275530656
0,gpboost_vecchia,267,-0.792872752993121,-0.738340426796415,-0.7902641949665101,0.351315337817633,0.0026085580266108632
0,gpboost_vecchia,268,0.08357305913390611,0.10673910355755786,-0.016559980127044405,0.3942326817611369,-0.10013303926095052
0,gpboost_vecchia,269,0.509429996924623,0.6059470461974896,0.28088556755973926,0.41469767730533774,-0.22854442936488373
0,gpboost_vecchia,270,-0.8269826497928001,-0.8181958860847274,0.07670031463414162,0.36692276289641546,0.9036829644269417
0,gpboost_vecchia,271,0.6442963998832838,0.6834974936198595,0.6741548331201341,0.35039887465701747,0.029858433236850335
0,gpboost_vecchia,272,0.14642412000584137,0.17680786256959766,-0.15226753048699493,0.2993547952964352,-0.2986916504928363
0,gpboost_vecchia,273,0.10901111911355885,0.09985711717173806,-0.2050817011851951,0.3274580739886073,-0.31409282029875396
0,gpboost_vecchia,274,-0.11280047267004589,-0.16588265548301062,0.5530734192910307,0.36079999969127796,0.6658738919610766
0,gpboost_vecchia,275,0.4944998086742399,0.715915070253431,0.5649303929083738,0.3499504004595329,0.07043058423413384
0,gpboost_vecchia,276,-0.025401720793565674,-0.07059681877891652,0.043398909274611874,0.3793819350607992,0.06880063006817755
0,gpboost_vecchia,277,-0.536669552111177,-0.6032573232232206,-0.3935355272140981,0.35453070196716613,0.14313402489707883
0,gpboost_vecchia,278,-0.7228894559005367,-0.679488473555526,-0.7120796256969246,0.37455288493652605,0.010809830203612036
0,gpboost_vecchia,279,0.43124215924301,0.45642760077251054,0.2459625781041943,0.42854833938119047,-0.1852795811388157
0,gpboost_vecchia,280,-0.08916239114908597,-0.22964154591011873,0.14481921174434031,0.3902973061288805,0.2339816028934263
0,gpboost_vecchia,281,0.1255820655279392,0.23784989098431308,0.24564564020808533,0.3190822123651923,0.12006357468014611
0,gpboost_vecchia,282,0.06241403989525618,0.05299458236017285,0.2943967117461135,0.34217231989026803,0.2319826718508573
0,gpboost_vecchia,283,0.9087609801901297,0.7976678706685577,0.3131211682390269,0.38859378519822574,-0.5956398119511028
0,gpboost_vecchia,284,-1.1087950160028668,-0.9899166045674794,-0.5260025768685006,0.36833744485300773,0.5827924391343662
0,gpboost_vecchia,285,-0.4059128095276937,-0.34334525236807834,-0.3379790407713976,0.363347337224731,0.06793376875629609
0,gpboost_vecchia,286,0.26341641457768944,0.13696221538289802,0.18366170890589117,0.3625514526352552,-0.07975470567179826
0,gpboost_vecchia,287,-0.03862391063396803,0.13909437339180442,-0.2743132268422599,0.3884916730755022,-0.23568931620829187
0,gpboost_vecchia,288,-1.0573274003916935,-0.9914476635550742,-0.7631199870280585,0.3529196079203402,0.294207413363635
0,gpboost_vecchia,289,-0.76214080972597,-0.7631604212884746,-0.4074158742427003,0.41159499858696685,0.35472493548326967
0,gpboost_vecchia,290,0.10076537583149806,0.259787256393676,-0.07031624511851486,0.3568577870666059,-0.17108162095001292
0,gpboost_vecchia,291,-0.10065298493936492,-0.08472320655640087,0.33295141640188763,0.40485808418605,0.43360440134125255
0,gpboost_vecchia,292,-0.21389629130623855,-0.21670459881664175,-0.2701688830065221,0.381426178683086,-0.056272591700283536
0,gpboost_vecchia,293,-0.08674756970738637,-0.15277758130958527,0.10676037786682269,0.35549549181535023,0.19350794757420905
0,gpboost_vecchia,294,-1.0935256174587447,-1.0353405735280368,-0.1737839121922682,0.39825046877826853,0.9197417052664765
0,gpboost_vecchia,295,-0.367932119403805,-0.32027182267140697,-0.29894027238223764,0.39634423107834915,0.06899184702156735
0,gpboost_vecchia,296,0.7780117063985506,0.7794797203875217,0.21286633895408436,0.3667582584784294,-0.5651453674444662
0,gpboost_vecchia,297,-0.6198800287647301,-0.6988786641514905,-0.07673669760848245,0.382862959619947,0.5431433311562477
0,gpboost_vecchia,298,0.1396932412335592,0.15268622665016657,0.13833321131229503,0.3774429939647978,-0.0013600299212641609
0,gpboost_vecchia,299,-0.513893268036707,-0.5208731466129207,-0.3791315015001935,0.35510497349399134,0.1347617665365135
1,gpboost_vecchia,0,-1.490240817442519,-1.4798439973136719,-1.0343261801900603,0.3422890268833744,0.45591463725245873
1,gpboost_vecchia,1,-0.1368579147438637,-0.15865509257180835,-0.1669294697244741,0.2788626308991104,-0.0300715549806104
1,gpboost_vecchia,2,0.15707770050764233,-0.03099322873581231,0.19317178630960896,0.28863807821381565,0.03609408580196663
1,gpboost_vecchia,3,-0.32539548993544787,-0.3309414401527587,-0.022117530303912503,0.30316276563591127,0.30327795963153537
1,gpboost_vecchia,4,0.5070213061012621,0.6732940959192487,0.28980537713410826,0.2923111255481105,-0.2172159289671538
1,gpboost_vecchia,5,0.6432910229216929,0.5221656009771797,0.3967351705813158,0.314718897983309,-0.24655585234037714
1,gpboost_vecchia,6,0.18688923577568634,0.2415533844254118,-0.09656413312179879,0.337240186764275,-0.2834533688974851
1,gpboost_vecchia,7,-0.591484731232928,-0.5109719866112324,-0.8797993156614403,0.3608619201490617,-0.2883145844285123
1,gpboost_vecchia,8,0.7123312417287542,0.6571956165478703,0.8261518721075376,0.31655666737162225,0.11382063037878343
1,gpboost_vecchia,9,0.37373915793164253,0.4390657421052941,0.7158780409707344,0.4120545105369485,0.34213888303909185
1,gpboost_vecchia,10,-0.40096044433213185,-0.19485915635206671,-0.3916970622652052,0.20018575850750542,0.009263382066926673
1,gpboost_vecchia,11,0.13535186090967258,0.17857534731029173,0.020374008358684748,0.27179213247858375,-0.11497785255098783
1,gpboost_vecchia,12,-0.5577220267403136,-0.5416864521534851,-0.5613829217977706,0.3797166723189789,-0.0036608950574570365
1,gpboost_vecchia,13,-0.20237981690859175,-0.19947812296555112,-0.21522126506704709,0.3381201636933129,-0.012841448158455337
1,gpboost_vecchia,14,1.0100297659305637,1.1135700393633015,0.6429651686208189,0.30768006053920816,-0.36706459730974483
1,gpboost_vecchia,15,-0.032522593109049036,0.012404572381724467,-0.10725242005855762,0.19221414217946742,-0.07472982694950858
1,gpboost_vecchia,16,-0.5060287163396733,-0.4480417637228236,0.040461443910899675,0.2566551117652515,0.546490160250573
1,gpboost_vecchia,17,0.05847823315337908,-0.002758969333762719,-0.35360501681550716,0.1913126541291741,-0.41208324996888623
1,gpboost_vecchia,18,0.053902243122611715,0.011451729406513435,0.30278516565704905,0.2707413884199382,0.24888292253443733
1,gpboost_vecchia,19,-0.5264333681176496,-0.4368095616778568,-0.4485858755148655,0.3428933159465317,0.07784749260278412
1,gpboost_vecchia,20,1.0630285949963691,1.2874161727963758,0.9685997029993985,0.2836517934951767,-0.09442889199697069
1,gpboost_vecchia,21,-0.20739331819628304,-0.08158872336068618,-0.19318236988666548,0.26709270208430685,0.014210948309617555
1,gpboost_vecchia,22,0.2787424406142207,0.3589940523305212,0.06355200542040507,0.24885399471766395,-0.21519043519381564
1,gpboost_vecchia,23,0.646368281536758,0.568484095582892,0.7394376537102829,0.30181603717777356,0.09306937217352496
1,gpboost_vecchia,24,-0.5370322793033417,-0.4799099824542178,-0.6122125047730869,0.3614994042916485,-0.07518022546974512
1,gpboost_vecchia,25,-0.49767088964101147,-0.55490845874785,-0.22580469179381524,0.28816080972129826,0.27186619784719623
1,gpboost_vecchia,26,-1.7623028333571675,-1.6329918147697775,-0.6923393425287419,0.4895410299714219,1.0699634908284257
1,gpboost_vecchia,27,-0.32628616880516415,-0.3727517569659946,-0.34003455591795984,0.177607413461251,-0.01374838711279569
1,gpboost_vecchia,28,-1.6427621147462381,-1.8536006930890916,-1.0778060272802144,0.4115560113480868,0.5649560874660238
1,gpboost_vecchia,29,-0.4507160292431112,-0.18987863236245317,-0.024191595510053787,0.3430414789644774,0.42652443373305743
1,gpboost_vecchia,30,0.3893409463367649,0.43142192449525224,0.2647972660818283,0.32303173360636045,-0.12454368025493662
1,gpboost_vecchia,31,-1.174545499876868,-1.19234731196866,-1.0115093227092196,0.428266931495849,0.1630361771676485
1,gpboost_vecchia,32,0.8017419063289488,0.8521012030135464,0.5350880733974961,0.23827729412040627,-0.26665383293145273
1,gpboost_vecchia,33,0.7999267698821937,0.6335556264066338,0.4535566077941553,0.3501047104552428,-0.3463701620880384
1,gpboost_vecchia,34,0.5774061845026122,0.5422636475697493,0.4406707409054107,0.2971013192926248,-0.13673544359720147
1,gpboost_vecchia,35,0.08775693238988297,-0.007244521948203297,0.12938157439699438,0.2835238749781166,0.04162464200711141
1,gpboost_vecchia,36,-0.004061754315706212,-0.09821163346106528,0.07583396968390588,0.29544774412948954,0.07989572399961209
1,gpboost_vecchia,37,0.10614723779856025,0.02868464150810432,-0.0006301119712333048,0.3301402750855766,-0.10677734976979356
1,gpboost_vecchia,38,-1.7639719135773027,-1.6884190983628422,-1.014943169072847,0.43062301239893475,0.7490287445044557
1,gpboost_vecchia,39,-0.041482531207976514,-0.023370644769846335,-0.14632995274820004,0.22107708468438358,-0.10484742154022353
1,gpboost_vecchia,40,0.015143375774569923,0.010809118459850709,0.18252103433783162,0.3397543533101889,0.1673776585632617
1,gpboost_vecchia,41,-0.34861080574840403,-0.4120678893073764,-0.19908646645180994,0.3210972558133388,0.1495243392965941
1,gpboost_vecchia,42,0.4361763752797765,0.390317790306116,0.2355983814901066,0.23051872833055392,-0.2005779937896699
1,gpboost_vecchia,43,0.6596359855778996,0.6110339459097097,0.5669659807146274,0.3958148013129904,-0.09267000486327215
1,gpboost_vecchia,44,-0.9238253141171544,-0.891127871582068,-0.8435698269005556,0.2951330180538498,0.08025548721659881
1,gpboost_vecchia,45,0.3135957318506074,0.3772646868944848,0.40584560574469464,0.3149522744029021,0.09224987389408723
1,gpboost_vecchia,46,0.24149775341740265,0.24953471177922704,-0.08927493242469353,0.2569510971059684,-0.3307726858420962
1,gpboost_vecchia,47,-0.3713129981910999,-0.3801137644012881,-0.3020327666577174,0.2828729377625222,0.06928023153338253
1,gpboost_vecchia,48,0.7159950404733046,0.7982686569407527,0.6068945271646804,0.38056618590462943,-0.10910051330862425
1,gpboost_vecchia,49,-0.035388390886491046,0.05820340366141185,-0.050804061181253246,0.29118299265044884,-0.0154156702947622
1,gpboost_vecchia,50,0.09848662507844091,0.06188807325977849,-0.22757737313529702,0.30837974148732916,-0.32606399821373794
1,gpboost_vecchia,51,1.5885043201052937,1.5659615362675336,1.47068490143441,0.3190049204579939,-0.11781941867088364
1,gpboost_vecchia,52,-0.4743967760628199,-0.40035940619898985,-0.41842092424264976,0.24087691443707773,0.05597585182017012
1,gpboost_vecchia,53,1.252169650813354,1.3954456399017219,1.166423114764907,0.2786852503951228,-0.08574653604844706
1,gpboost_vecchia,54,0.5628180645496974,0.6578419020129961,0.40830610575558524,0.23329004208110085,-0.15451195879411217
1,gpboost_vecchia,55,0.43447232442155626,0.4985321480251592,0.22536756888229803,0.3178556447220553,-0.20910475553925822
1,gpboost_vecchia,56,0.2391847685154187,0.2793708743609252,0.3388030749363935,0.32943994744075766,0.0996183064209748
1,gpboost_vecchia,57,-0.07728314349539836,-0.18483760620978826,0.2024164622909126,0.318063270886142,0.2796996057863109
1,gpboost_vecchia,58,0.36342766111508745,0.2763424639720037,0.31965032922995107,0.1593482409270823,-0.043777331885136384
1,gpboost_vecchia,59,-0.06009503006438882,-0.03908813127588455,0.03683083890902594,0.16627110212978263,0.09692586897341476
1,gpboost_vecchia,60,0.5236769238540357,0.49316163244530475,0.1798386059554744,0.22210870548978917,-0.34383831789856134
1,gpboost_vecchia,61,0.0764972248875514,0.1241339552633766,0.1268970623824437,0.3103943507179696,0.0503998374948923
1,gpboost_vecchia,62,-0.5109553268972312,-0.46923170892779176,-0.36545092846491123,0.2353982705474245,0.14550439843232
1,gpboost_vecchia,63,-1.1840658288645654,-1.0929987840694249,-0.8748181965595094,0.3663374663916693,0.3092476323050559
1,gpboost_vecchia,64,0.4176168788571261,0.32568364213813633,0.4718319546042409,0.2966919649941445,0.05421507574711476
1,gpboost_vecchia,65,0.2943258976784169,0.31643736860901756,0.5066795871337177,0.25802939691447385,0.21235368945530086
1,gpboost_vecchia,66,-1.5564854840487325,-1.7187753130416026,-1.2559857804783938,0.39007306054903845,0.3004997035703387
1,gpboost_vecchia,67,-1.5823360696538105,-1.6164316586073795,-1.1303308907061478,0.33257571871583713,0.4520051789476627
1,gpboost_vecchia,68,1.1428439404375443,1.2441999497234066,1.256092689225941,0.2946668911599677,0.11324874878839664
1,gpboost_vecchia,69,-0.19190995014455342,-0.28530133867724544,-0.04717584446961354,0.1369572989025397,0.14473410567493988
1,gpboost_vecchia,70,0.8962659301720259,0.8791828936486941,0.5330155892727788,0.2971755526156163,-0.3632503408992471
1,gpboost_vecchia,71,1.3956742275544074,1.2814327839586201,1.0230959950056757,0.14790646461616622,-0.3725782325487317
1,gpboost_vecchia,72,-0.018629848694413975,0.006372906142386527,0.3700239842954076,0.3012932660302121,0.3886538329898216
1,gpboost_vecchia,73,-0.920332713305147,-0.71441229011961,-0.5071809905410465,0.37266191582372804,0.4131517227641005
1,gpboost_vecchia,74,-0.05827692448001448,-0.18613501415555883,-0.09956760866766601,0.2546540773323738,-0.04129068418765153
1,gpboost_vecchia,75,-0.8457040063392781,-0.8830160022257812,-0.007130426881689189,0.33498612489694785,0.8385735794575889
1,gpboost_vecchia,76,0.5427007524543588,0.6069867280030907,0.4819265883476582,0.4000354414544014,-0.06077416410670056
1,gpboost_vecchia,77,-0.4609943228260982,-0.35129100447558304,-0.2202336645728611,0.335899832282498,0.24076065825323711
1,gpboost_vecchia,78,0.20938140300827657,0.25271808361842685,0.2655010405982594,0.2501253482828588,0.05611963758998284
1,gpboost_vecchia,79,0.5626350135042384,0.6487296667880641,0.5975793457667322,0.3095154814997665,0.03494433226249383
1,gpboost_vecchia,80,-0.16708832480442126,-0.25144445747084787,0.01747965387495043,0.32632274531353717,0.1845679786793717
1,gpboost_vecchia,81,0.17120430099631995,0.190095384888815,0.13064450705450525,0.2974903670722278,-0.04055979394181469
1,gpboost_vecchia,82,0.8659202448255794,0.8411978778312813,0.7964381526459086,0.34545090938490153,-0.06948209217967083
1,gpboost_vecchia,83,1.0275787599776462,0.9344882085729731,0.8225007994335414,0.22591701040697576,-0.20507796054410488
1,gpboost_vecchia,84,0.3332193128033823,0.3210449494719551,0.5393369178342731,0.21129307038858922,0.20611760503089077
1,gpboost_vecchia,85,-1.1887750240097215,-1.2663508292560979,-0.9195434282646069,0.33889116336803043,0.26923159574511457
1,gpboost_vecchia,86,-0.8867433831224296,-0.9908933881200488,-0.4951665451030376,0.3501690738176435,0.391576838019392
1,gpboost_vecchia,87,-0.7035560643256809,-0.6856029873845867,-0.8004508656434126,0.2718871572056288,-0.09689480131773176
1,gpboost_vecchia,88,-0.24237656265586133,-0.051389769965589804,-0.4176011843185261,0.16786828673216425,-0.17522462166266478
1,gpboost_vecchia,89,0.22292811213301178,0.09323414611812372,0.3313184400675233,0.32997003921710927,0.10839032793451153
1,gpboost_vecchia,90,0.25818894258869834,0.13938024854996006,0.13041306013312237,0.32391801127683595,-0.12777588245557597
1,gpboost_vecchia,91,-0.9570960621927393,-0.9314899781527518,-0.8973085951605029,0.28371646273107365,0.059787467032236474
1,gpboost_vecchia,92,-0.7764432909644732,-0.933850198642153,-0.6630070670698984,0.1581420066902558,0.11343622389457475
1,gpboost_vecchia,93,0.39442360213067623,0.31672515888007124,0.01713356452994219,0.290086921007856,-0.37729003760073404
1,gpboost_vecchia,94,0.03055256847918364,0.08115695904357223,-0.137223729033785,0.3274865030591453,-0.16777629751296863
1,gpboost_vecchia,95,-0.43724674786900075,-0.5005174621666645,-0.33600503739706866,0.16554114417871962,0.10124171047193209
1,gpboost_vecchia,96,0.46496709724073315,0.4617882929344671,0.36924735447989576,0.2716788377135359,-0.09571974276083739
1,gpboost_vecchia,97,-0.059364584120532526,0.10344309025091575,-0.0064963770598645,0.21037909266375784,0.05286820706066803
1,gpboost_vecchia,98,-0.14860084347741648,-0.08863440771834377,0.29472327595514614,0.24202450886769644,0.4433241194325626
1,gpboost_vecchia,99,-0.807629205876155,-0.9483188280500905,-0.45326788749208546,0.24289604781300303,0.3543613183840696
1,gpboost_vecchia,100,0.32356943851854214,0.26311925110389844,0.5215366382174107,0.254940057050848,0.19796719969886856
1,gpboost_vecchia,101,-0.8990672173293505,-0.7254247261893904,-0.6745455751467659,0.23088854911732823,0.22452164218258452
1,gpboost_vecchia,102,-1.3188476569649001,-1.3287365637714743,-0.8819196966682821,0.4666964243081179,0.43692796029661807
1,gpboost_vecchia,103,-0.33587472125335444,-0.4693134795314917,-0.01408006931146133,0.3234407759407799,0.3217946519418931
1,gpboost_vecchia,104,0.582306201410709,0.6321830942794604,0.6397917291905415,0.3052596102776856,0.05748552777983251
1,gpboost_vecchia,105,-0.475844054121358,-0.4238473200113886,-0.3928005685611211,0.2980260393898244,0.08304348556023688
1,gpboost_vecchia,106,-0.5606771580835733,-0.37645635426399526,-0.5261974834223135,0.40598851341981845,0.034479674661259785
1,gpboost_vecchia,107,-0.2804026728365032,-0.23587904108433413,-0.27527115520253886,0.29891606685969374,0.005131517633964355
1,gpboost_vecchia,108,-0.15053315361203667,-0.06691661268349236,0.18037490329933803,0.30353467785592597,0.3309080569113747
1,gpboost_vecchia,109,0.4885346188126618,0.6201129117046101,0.2029872089830107,0.3127475441247002,-0.2855474098296511
1,gpboost_vecchia,110,0.732735811920266,0.5743700424603326,0.79619136474291,0.22660236830678143,0.06345555282264392
1,gpboost_vecchia,111,0.4613937512309678,0.44930999490140433,0.7846595663333318,0.34787800144296577,0.32326581510236396
1,gpboost_vecchia,112,-1.2666485794904812,-1.2907434548567982,-1.1978355608650908,0.33859749575514836,0.06881301862539035
1,gpboost_vecchia,113,0.01499999938947949,0.005223675416062246,-0.06981000832250572,0.34655323039395663,-0.08481000771198521
1,gpboost_vecchia,114,0.008833151301658848,-0.009725780464145958,0.5412869195481704,0.3245714949892341,0.5324537682465116
1,gpboost_vecchia,115,-0.07856601039755519,-0.1230001713558242,-0.014821429659072294,0.33449772596271116,0.0637445807384829
1,gpboost_vecchia,116,-0.6226870191914031,-0.5312220529804909,-0.13722224085642054,0.2678858549394817,0.4854647783349826
1,gpboost_vecchia,117,2.194072080139268,2.145427358753279,2.1515865668350926,0.2252040429723588,-0.04248551330417527
1,gpboost_vecchia,118,0.2856892129796277,0.4190284696305717,0.05905395829720561,0.2778654333368891,-0.22663525468242207
1,gpboost_vecchia,119,0.8833087959645817,0.7857499558859068,0.9877284818703274,0.27476094143345353,0.10441968590574568
1,gpboost_vecchia,120,-0.1880538339994955,-0.25012992195797734,-0.06363071675375664,0.1700948973857621,0.12442311724573885
1,gpboost_vecchia,121,0.7130321725247115,0.4902185659863838,0.09705784416938101,0.3391478488270648,-0.6159743283553305
1,gpboost_vecchia,122,0.3963513958982969,0.24447842600453631,-0.04549062299360429,0.30940253944019264,-0.44184201889190117
1,gpboost_vecchia,123,1.2213324493632038,1.4127071975115841,1.2706759346852792,0.2974136970053763,0.04934348532207533
1,gpboost_vecchia,124,0.7060407976842351,0.5837017875026366,0.34688388108999746,0.34443465199868695,-0.35915691659423765
1,gpboost_vecchia,125,-0.7853099793369054,-0.7758750392347017,-0.9019278704029432,0.250565843033711,-0.11661789106603782
1,gpboost_vecchia,126,-1.1082170964295188,-1.0403500987489442,-0.9009944279676887,0.3770827087322782,0.20722266846183013
1,gpboost_vecchia,127,-0.8471330648052356,-0.8055369187353716,-0.8428821584216806,0.2512608102085329,0.004250906383555075
1,gpboost_vecchia,128,0.41568842360238195,0.5561077896998218,-0.021420149470785077,0.2996153642507153,-0.43710857307316703
1,gpboost_vecchia,129,1.0179275315114276,1.255425325821788,1.0147437869797038,0.3547922779297059,-0.0031837445317237645
1,gpboost_vecchia,130,0.0870542270719345,0.06448285066013046,0.05625110663319788,0.2933718672781314,-0.03080312043873662
1,gpboost_vecchia,131,-0.28366469548668266,-0.31459261880746964,-0.46519001735465615,0.4563371143247749,-0.1815253218679735
1,gpboost_vecchia,132,-0.3007634000305919,-0.19564023145823448,-0.2544880767989284,0.2640386613364442,0.0462753232316635
1,gpboost_vecchia,133,0.22982864637349876,0.1628553372738476,0.16667363849322214,0.3506975320205248,-0.06315500788027661
1,gpboost_vecchia,134,0.9586195339091088,0.7913656293481643,0.6966068364353504,0.24010117670576847,-0.26201269747375844
1,gpboost_vecchia,135,0.6682338316652502,0.6994369900114972,0.9022288069949056,0.3279904652693926,0.2339949753296554
1,gpboost_vecchia,136,0.5551985228535422,0.48716067366883076,0.6553117366315568,0.16665175081628608,0.10011321377801463
1,gpboost_vecchia,137,1.0020687365482401,0.9539948853896927,0.8019229933466185,0.32628566447007734,-0.2001457432016216
1,gpboost_vecchia,138,0.8740525590284843,0.8087502468855275,0.9204206235956924,0.3626978834786899,0.0463680645672081
1,gpboost_vecchia,139,0.028244863043854485,0.001972090929869101,-0.05030406679393806,0.31161650253985046,-0.07854892983779255
1,gpboost_vecchia,140,0.23399666293556412,0.2602800613034317,0.239575984281295,0.3424698044815763,0.0055793213457308866
1,gpboost_vecchia,141,-0.0909966618454407,-0.18574286994625028,-0.3121237760582716,0.2779686296815744,-0.22112711421283088
1,gpboost_vecchia,142,0.11106724779616706,0.4123556758737644,0.044844501356553934,0.18464056220989353,-0.06622274643961312
1,gpboost_vecchia,143,0.7808275426921409,0.5502220971212557,0.4368403120284228,0.2788690906593318,-0.34398723066371817
1,gpboost_vecchia,144,-0.5537209665042784,-0.42108368076586433,0.3095527203074475,0.30460470461621414,0.8632736868117259
1,gpboost_vecchia,145,0.6820030420905822,0.6506954533968182,0.3521155484523888,0.2772580709632549,-0.32988749363819336
1,gpboost_vecchia,146,-0.22909539439247162,-0.3022923653272087,-0.06380250467224613,0.3584055529917774,0.1652928897202255
1,gpboost_vecchia,147,0.9042132331864425,0.8801989708726324,0.7106442319702637,0.16796769318976137,-0.19356900121617882
1,gpboost_vecchia,148,0.07704450397843715,0.17539657165489742,-0.282931253955752,0.21399259035395535,-0.3599757579341892
1,gpboost_vecchia,149,1.2101158065992716,1.170532796564023,1.0386674105278146,0.33057402968833577,-0.171448396071457
1,gpboost_vecchia,150,-0.17344446462386234,-0.18695188965011456,-0.31835970422210735,0.23404525892391045,-0.144915239598245
1,gpboost_vecchia,151,-1.2135354588971201,-1.2387103838687261,-1.1738198406252174,0.34035709872172265,0.03971561827190273
1,gpboost_vecchia,152,-0.8476857349826934,-0.9356282224372283,-0.6346763135655742,0.26009928333380955,0.2130094214171192
1,gpboost_vecchia,153,0.00773685365836041,0.11771172960440038,0.5118319815918664,0.3849388407703503,0.504095127933506
1,gpboost_vecchia,154,0.2069374081727199,0.27207946011336676,-0.03476186440042994,0.2959454574936943,-0.24169927257314985
1,gpboost_vecchia,155,0.546078956274173,0.5658053759641407,0.3319769101915675,0.4416177200698424,-0.21410204608260552
1,gpboost_vecchia,156,-1.4924654980889476,-1.3909540741853008,-0.8649482950553846,0.3310705038009222,0.627517203033563
1,gpboost_vecchia,157,0.370277594585914,0.46337145584914924,0.23311865971823664,0.33923565475872625,-0.13715893486767738
1,gpboost_vecchia,158,-0.6319285995298877,-0.6018897476027988,-0.46080624869850695,0.1995676984954108,0.17112235083138072
1,gpboost_vecchia,159,-1.1809918481930608,-1.2046226626079142,-0.8032458117957368,0.26714221925238124,0.37774603639732396
1,gpboost_vecchia,160,0.8294779241096244,0.8280384605287129,0.6185152162951439,0.27996918584075464,-0.21096270781448045
1,gpboost_vecchia,161,-0.3070261579681356,-0.2523999293563856,-0.4261509379390507,0.3556521091405481,-0.11912477997091508
1,gpboost_vecchia,162,0.6878002179084316,0.8076745459183329,0.5825560672166485,0.2888064652580318,-0.10524415069178306
1,gpboost_vecchia,163,-0.5411208815845013,-0.5397092389981849,-0.42018758946235835,0.20786348861063406,0.12093329212214299
1,gpboost_vecchia,164,0.4694645855509606,0.5415496089792009,0.05131025809451728,0.3091716539772069,-0.4181543274564433
1,gpboost_vecchia,165,-0.3365697891045914,-0.27464729724473014,-0.239199164044134,0.3543626973231072,0.0973706250604574
1,gpboost_vecchia,166,0.3700726155003999,0.22052422011220527,0.054441425571837954,0.35610631195915515,-0.31563118992856193
1,gpboost_vecchia,167,0.8741845153041579,0.7428745093555402,0.4421143701380075,0.29835238570289285,-0.4320701451661504
1,gpboost_vecchia,168,0.8896842650776626,1.0273772790024667,0.4224439635939419,0.2964127170475223,-0.46724030148372075
1,gpboost_vecchia,169,0.25083366738562535,0.21547909570375695,0.3700150928182957,0.29726897871075036,0.11918142543267035
1,gpboost_vecchia,170,0.434127191078453,0.3438619487223223,0.6801700870817307,0.3098145933381585,0.24604289600327767
1,gpboost_vecchia,171,0.9421641831590694,1.0895300175962195,0.7066744539865866,0.23143094344812304,-0.2354897291724828
1,gpboost_vecchia,172,1.008743014538375,0.871273051248718,0.9577820367684282,0.41164530538092586,-0.05096097776994668
1,gpboost_vecchia,173,0.33034843642940825,0.4541474980505841,-0.2202746434105407,0.33062490494644936,-0.550623079839949
1,gpboost_vecchia,174,0.22468121267864194,0.292859460173928,-0.17819196713099217,0.29279654212690365,-0.4028731798096341
1,gpboost_vecchia,175,0.18200992240822836,0.20964742504346653,0.03190710955838583,0.2883690477490849,-0.15010281284984253
1,gpboost_vecchia,176,0.23927260917763504,0.14687753017880717,0.20160592591813753,0.3100318019657531,-0.03766668325949751
1,gpboost_vecchia,177,0.5594095303015454,0.6354516097559774,0.5510458928539848,0.23724817922664912,-0.008363637447560635
1,gpboost_vecchia,178,0.19827082557848064,0.1218937042200018,0.1727905062955628,0.28216182410129814,-0.02548031928291783
1,gpboost_vecchia,179,-0.3648301843609575,-0.3106886927363289,-0.247311463636521,0.3365997701603097,0.11751872072443648
1,gpboost_vecchia,180,0.9473358859758033,0.9666997341151992,0.8594933156098463,0.19224207062581997,-0.087842570365957
1,gpboost_vecchia,181,-0.537745254396421,-0.5161779449362474,-0.5930407696344169,0.28388450755911254,-0.05529551523799592
1,gpboost_vecchia,182,-0.003132604889711843,-0.09780698113732056,-0.14081331560042543,0.370887854726646,-0.13768071071071358
1,gpboost_vecchia,183,-0.6269305062426896,-0.7589065282416778,-0.2301981799842725,0.3977357925161488,0.39673232625841715
1,gpboost_vecchia,184,0.5248745688417997,0.5000154537962611,0.10485819940343077,0.313404846411359,-0.42001636943836895
1,gpboost_vecchia,185,-0.7215287551699161,-0.6629304952035006,-0.6148122609799103,0.23600787577619578,0.10671649419000584
1,gpboost_vecchia,186,-0.6345200891982856,-0.6727554037703144,-0.5251572808828371,0.3539582731042591,0.10936280831544853
1,gpboost_vecchia,187,-1.4816485532308583,-1.6297206909508948,-1.0434444166888355,0.3233247432686141,0.43820413654202284
1,gpboost_vecchia,188,0.09896565341793728,0.13941037008810636,0.17266035221305742,0.31263860236203583,0.07369469879512014
1,gpboost_vecchia,189,-0.04107484760429053,-0.030567829067984244,-0.0876543172287505,0.29106946839879844,-0.04657946962445997
1,gpboost_vecchia,190,-1.0950949459447927,-1.0887601305408425,-0.5582756570583136,0.39120063888626566,0.5368192888864791
1,gpboost_vecchia,191,0.8103523096160571,0.8012536698903001,0.3335855378210688,0.334451781761764,-0.4767667717949883
1,gpboost_vecchia,192,-1.145503141511171,-1.2749609251787197,-0.6698000397269013,0.40269005600328506,0.47570310178426967
1,gpboost_vecchia,193,-0.7914140046891649,-0.8629487027189893,-0.24296214264186133,0.32313475211863896,0.5484518620473036
1,gpboost_vecchia,194,0.48026406286204976,0.46597812964208246,0.1363757848509053,0.29223060767395886,-0.34388827801114447
1,gpboost_vecchia,195,0.07443671246647121,0.15116357533853547,0.16692630007808873,0.434591841913218,0.09248958761161752
1,gpboost_vecchia,196,-0.6277870505708634,-0.6040500074012657,-0.8031740174316795,0.2974830181680659,-0.17538696686081612
1,gpboost_vecchia,197,0.38064347978101876,0.3980647124889348,0.37751821500816973,0.27814961113523223,-0.0031252647728490235
1,gpboost_vecchia,198,0.9352474021281447,1.1460980087426167,0.7024402663619789,0.4074653584261589,-0.23280713576616585
1,gpboost_vecchia,199,0.2558995131580313,0.28534970320033404,0.2518813342353141,0.27821052095314563,-0.004018178922717164
1,gpboost_vecchia,200,-0.05113020318774675,-0.1292601841756761,0.08955470503825325,0.3667501816039585,0.140684908226
1,gpboost_vecchia,201,0.3516595257321178,0.3720292365635389,0.2783435307275113,0.2912797297344504,-0.0733159950046065
1,gpboost_vecchia,202,0.21217648192448185,-0.050760808109013456,-0.1575528058295994,0.29365870903462965,-0.36972928775408126
1,gpboost_vecchia,203,-1.183576221437452,-1.190202810793463,-0.6241360342674316,0.34565464680207475,0.5594401871700203
1,gpboost_vecchia,204,-0.5021807823794597,-0.5226496385614054,-0.5112108831414375,0.30489851105467497,-0.009030100761977744
1,gpboost_vecchia,205,0.07118141671762085,-0.0859700296886878,0.258114019983644,0.32197615024473736,0.18693260326602318
1,gpboost_vecchia,206,0.1014587905481551,-0.0534331506999807,-0.34191890514632917,0.22429167266683803,-0.44337769569448426
1,gpboost_vecchia,207,-0.20568684614459237,-0.13262987645851135,-0.102227886486574,0.30422068713158384,0.10345895965801838
1,gpboost_vecchia,208,0.058035711012934976,0.028701436938919037,-0.07623861477663496,0.32196859565443653,-0.13427432578956994
1,gpboost_vecchia,209,-1.2269729769448996,-1.2824269202682879,-0.7779797883223836,0.38925422075411137,0.448993188622516
1,gpboost_vecchia,210,-0.1108405965045292,-0.05363182001990669,-0.4981877979257163,0.30178378838423714,-0.3873472014211871
1,gpboost_vecchia,211,0.28936616976334206,0.316786928539427,-0.0812488707994774,0.2714361399398156,-0.37061504056281946
1,gpboost_vecchia,212,0.7084002142140665,0.7837190449652756,0.6255641581097109,0.3346512295672181,-0.08283605610435563
1,gpboost_vecchia,213,-0.9020351570119655,-0.9608139582399737,-0.743141260937838,0.5303263839153786,0.1588938960741274
1,gpboost_vecchia,214,0.1741166527310325,0.18629236809618488,0.15421945959406713,0.1888802988666261,-0.019897193136965363
1,gpboost_vecchia,215,0.372919961473434,0.5792901237315703,0.41685506733093547,0.24681484521472108,0.04393510585750149
1,gpboost_vecchia,216,-0.2411515844828387,-0.20009436804987119,-0.12562628209569482,0.21426592838690436,0.11552530238714387
1,gpboost_vecchia,217,-0.03652485380235937,-0.06853559232597134,0.08814924207881703,0.2967337833139075,0.1246740958811764
1,gpboost_vecchia,218,-0.32587428196827206,-0.24667867597260018,-0.42688142077965807,0.35741062169637783,-0.10100713881138601
1,gpboost_vecchia,219,-1.520258267061554,-1.4544937042162653,-1.141636064060112,0.3364911445537337,0.3786222030014421
1,gpboost_vecchia,220,-0.2829172237859008,-0.08965504941073102,0.023453338262861223,0.2679853417309777,0.306370562048762
1,gpboost_vecchia,221,-0.39697176627471725,-0.41579894384502436,-0.3195563542899684,0.2705521628619016,0.07741541198474883
1,gpboost_vecchia,222,-0.7057027316831403,-0.6785516614056556,-0.7664207126490865,0.29976822682040893,-0.06071798096594616
1,gpboost_vecchia,223,0.40239070590537546,0.49299055509410794,-0.032314015367990834,0.37497278715912835,-0.4347047212733663
1,gpboost_vecchia,224,-1.0199199152150014,-0.975162717190503,-0.8623296631225514,0.25395944696545536,0.15759025209244992
1,gpboost_vecchia,225,-0.9232386481601916,-0.9553477512505066,-0.8393982980539043,0.3839445127973997,0.08384035010628732
1,gpboost_vecchia,226,-0.48330335633559934,-0.3544540254039291,-0.5047648411844605,0.2161270328732445,-0.02146148484886118
1,gpboost_vecchia,227,-0.30908292819280636,-0.51525236285013,-0.5498457227765883,0.2432419719880617,-0.24076279458378191
1,gpboost_vecchia,228,0.4489960388529209,0.4588882015235558,0.6263725483950093,0.1888250417131701,0.17737650954208845
1,gpboost_vecchia,229,-0.20535250588318643,-0.1733833799337151,0.37476598541186057,0.3116916293292749,0.580118491295047
1,gpboost_vecchia,230,1.4993514607800091,1.3742343538800719,1.4246992570865338,0.29026097239792065,-0.07465220369347536
1,gpboost_vecchia,231,-0.34503869370313367,-0.30205312192544265,-0.46577602395366746,0.3348725464400783,-0.12073733025053379
1,gpboost_vecchia,232,-0.25227029898078634,-0.2841657232301715,-0.024791353535167815,0.24579030976141503,0.22747894544561853
1,gpboost_vecchia,233,-0.005641665350557101,-0.07979443748763196,0.10371228540340027,0.20484218324943465,0.10935395075395737
1,gpboost_vecchia,234,-0.2923334930711142,-0.33281672865136197,0.09868452977954689,0.3292806902281885,0.3910180228506611
1,gpboost_vecchia,235,-1.1945297675755127,-1.0180438238842973,-0.5868838285672364,0.38621212801349397,0.6076459390082762
1,gpboost_vecchia,236,0.3353722278198884,0.3888710991826291,-0.09861622945879489,0.36319151357404117,-0.4339884572786833
1,gpboost_vecchia,237,-0.917659215280528,-1.1290236618780054,-0.6986690452046531,0.3474987989248991,0.21899017007587485
1,gpboost_vecchia,238,-0.7221828995921342,-0.6798086366677901,-0.4432936671310088,0.19508671023583157,0.2788892324611254
1,gpboost_vecchia,239,-0.00377262118295818,0.004723110592652964,-0.18520198695297196,0.23809539529809334,-0.18142936577001378
1,gpboost_vecchia,240,-0.504709058620032,-0.5574117566408985,0.18568164699889422,0.3276917350827886,0.6903907056189262
1,gpboost_vecchia,241,1.1851924043302344,1.1689335015319275,1.0389243212546155,0.4048264808141633,-0.1462680830756189
1,gpboost_vecchia,242,0.5184955557545663,0.42436135581203754,0.5267067621131076,0.19734985586654216,0.008211206358541334
1,gpboost_vecchia,243,1.1829642408253556,1.222425820778564,1.124935608958289,0.26317795706444563,-0.05802863186706664
1,gpboost_vecchia,244,0.5473115286595892,0.4904693346223632,0.16629883145716207,0.26539526389496443,-0.38101269720242714
1,gpboost_vecchia,245,0.28165204298892443,0.25251679112824527,-0.1317499209277777,0.3650851915135007,-0.41340196391670214
1,gpboost_vecchia,246,-0.13864087925359259,-0.24206511782250353,-0.05697123852024433,0.2830220585900791,0.08166964073334826
1,gpboost_vecchia,247,-0.13271100545923067,0.015334013782187017,-0.12895751018727353,0.3531439337883191,0.003753495271957147
1,gpboost_vecchia,248,1.0356849212597241,0.7932376736738158,1.088445582221361,0.2686771387105269,0.052760660961636896
1,gpboost_vecchia,249,1.090788678937638,1.057787130853564,0.7135457071409093,0.340160195371178,-0.3772429717967287
1,gpboost_vecchia,250,-0.23552097572064068,-0.5425964354893301,-0.21287005766820144,0.3358226822515404,0.02265091805243924
1,gpboost_vecchia,251,-1.1053886001565014,-1.0826022660804404,-0.8450597629449383,0.32219320096171017,0.2603288372115631
1,gpboost_vecchia,252,-0.07034411066773583,-0.180967327066254,0.02071050666743446,0.22877859548099755,0.09105461733517028
1,gpboost_vecchia,253,0.31798844653113745,0.3563084326760185,0.16466545896494722,0.30351700525980585,-0.15332298756619023
1,gpboost_vecchia,254,-0.4260458275803037,-0.5012953544876565,-0.24246528522835575,0.32436148794540787,0.18358054235194793
1,gpboost_vecchia,255,-0.6547166067044581,-0.466219319972907,-0.3829914761686659,0.16139059075359455,0.27172513053579217
1,gpboost_vecchia,256,-0.47330160886858585,-0.3156001676518983,-0.4207186528254212,0.25394699980176255,0.05258295604316465
1,gpboost_vecchia,257,-0.3800458466942384,-0.45824349933725084,-0.3152582131983479,0.3044623714642731,0.0647876334958905
1,gpboost_vecchia,258,-1.1038028580653187,-0.9787538515799438,-0.6800684175128602,0.35314465826767627,0.42373444055245857
1,gpboost_vecchia,259,-1.1667964629544618,-1.1072524059369062,-0.8966343610644838,0.46403489993834923,0.270162101889978
1,gpboost_vecchia,260,0.4514166699268135,0.47739227740290646,0.3221221595737518,0.17814188858397376,-0.12929451035306172
1,gpboost_vecchia,261,-0.4197339653105111,-0.510741517639657,-0.5793868332159313,0.3409838678773472,-0.15965286790542021
1,gpboost_vecchia,262,-1.4788083255362732,-1.506861399342594,-1.2217255089729484,0.3853076891549568,0.25708281656332477
1,gpboost_vecchia,263,0.8045057028831764,0.8404944641963099,0.9304981994730923,0.31890518673033225,0.12599249658991596
1,gpboost_vecchia,264,-0.4901300406504582,-0.36876264322347335,0.09698721756480211,0.34991909621495726,0.5871172582152603
1,gpboost_vecchia,265,-0.7213724191473656,-0.8117869527928474,-0.304325821320937,0.35481918618379654,0.4170465978264286
1,gpboost_vecchia,266,-0.8450762340359046,-0.8238734006540244,-0.8946590061554929,0.2282690421278813,-0.04958277211958828
1,gpboost_vecchia,267,-1.813677274494128,-1.9546190961996115,-1.0840633994843003,0.38655206718435053,0.7296138750098278
1,gpboost_vecchia,268,-0.43389674513237375,-0.3522315021921737,-0.38854973160801265,0.26956243981952777,0.0453470135243611
1,gpboost_vecchia,269,0.9948011751836164,1.0443205881815922,0.969989708114646,0.16211651353824783,-0.024811467068970416
1,gpboost_vecchia,270,0.11989875371180642,0.15429416490537123,0.017686100261585125,0.30263630232299715,-0.10221265345022129
1,gpboost_vecchia,271,-0.31786542051859806,-0.2835637458660978,0.03505916646848917,0.18259112437443545,0.35292458698708723
1,gpboost_vecchia,272,-0.15300955125826285,-0.2079644453999243,-0.08724018751431828,0.34057902981717025,0.06576936374394457
1,gpboost_vecchia,273,0.779610336521265,0.8331534728334937,0.6264326842905987,0.3181048385700148,-0.15317765223066626
1,gpboost_vecchia,274,0.894423007424209,0.9279115815553073,0.640127178134275,0.4311327582668767,-0.254295829289934
1,gpboost_vecchia,275,0.488151848226115,0.4418500969315606,0.22765760820848513,0.4099657340388311,-0.2604942400176299
1,gpboost_vecchia,276,-1.0713447854098654,-1.132812183768554,-0.8123946472532495,0.3491964132767015,0.25895013815661594
1,gpboost_vecchia,277,-0.3520402013910158,-0.2453152279469381,-0.39081917499072283,0.13323260959996155,-0.038778973599707056
1,gpboost_vecchia,278,0.36544306116161585,0.31227618295160425,0.18030670963733542,0.3219899103508068,-0.18513635152428043
1,gpboost_vecchia,279,-0.10020438808760884,-0.03982599785100853,-0.09343402801176381,0.19147027840702555,0.006770360075845028
1,gpboost_vecchia,280,-0.8877092549120319,-0.9553969678774779,-0.6211368132984418,0.3535940617796761,0.26657244161359006
1,gpboost_vecchia,281,-0.6717196844005768,-0.7339536031123831,-0.30553639208664407,0.33889683878732557,0.36618329231393276
1,gpboost_vecchia,282,0.31332848105374644,0.3799199286150119,0.5087305467964818,0.21824840136767523,0.19540206574273533
1,gpboost_vecchia,283,-0.017065536395248437,0.1763320004728728,0.2334174765372481,0.2968735313975281,0.25048301293249653
1,gpboost_vecchia,284,-1.029547208137548,-1.0069913999100581,-0.7033672311105565,0.39764057603182557,0.32617997702699153
1,gpboost_vecchia,285,-0.46447786673579716,-0.4645152295682707,-0.3202591237493486,0.3813730546626161,0.14421874298644854
1,gpboost_vecchia,286,-0.6475505502372294,-0.5778321679726378,-0.5447215593148869,0.38551545540069865,0.10282899092234254
1,gpboost_vecchia,287,-0.9071785540981662,-0.989609694072111,-0.4576989740503148,0.21599371820750501,0.4494795800478514
1,gpboost_vecchia,288,-0.2943420472823975,-0.2751110426078464,-0.12542911758048803,0.31643887210577515,0.16891292970190946
1,gpboost_vecchia,289,-1.7969702097084899,-1.8456378864968797,-1.1771503939054355,0.37444046007739706,0.6198198158030543
1,gpboost_vecchia,290,-0.9766554506955132,-1.1224891400381936,-0.7314068214589717,0.38005426229015105,0.24524862923654145
1,gpboost_vecchia,291,0.042936779011497395,0.21193933475858667,-0.05704337206643828,0.31820067184802203,-0.09998015107793568
1,gpboost_vecchia,292,-1.2013306649846145,-1.2345093927273405,-1.0728305628034391,0.3158036518075932,0.12850010218117536
1,gpboost_vecchia,293,0.008223348564857902,-0.05954249178974279,0.20296403257936824,0.3287584465869804,0.19474068401451033
1,gpboost_vecchia,294,0.6600512526159609,0.6216215678316512,0.573409638069716,0.27976226381607006,-0.08664161454624486
1,gpboost_vecchia,295,-0.20352494207709018,-0.30079796787801155,-0.18511375039224198,0.3286173853094807,0.0184111916848482
1,gpboost_vecchia,296,0.0022818211167014713,-0.028183345258313505,0.2897038617191505,0.2350661695365597,0.287422040602449
1,gpboost_vecchia,297,-0.5384951249270485,-0.8139761627812268,-0.5800016209346612,0.3712871635926204,-0.04150649600761269
1,gpboost_vecchia,298,-0.23088856434510502,-0.20311416167608748,-0.08070580521780357,0.15890693927020624,0.15018275912730145
1,gpboost_vecchia,299,-1.527692520385441,-1.6946099180686074,-0.7815711218942027,0.4414789290206807,0.7461213984912383
2,gpboost_vecchia,0,-0.8477143076061271,-0.8906052046780983,-0.8333993183960615,0.1536379681985911,0.014314989210065576
2,gpboost_vecchia,1,-0.2165165416027354,-0.269147838914398,-0.4070633494688707,0.3245453058063644,-0.1905468078661353
2,gpboost_vecchia,2,-0.013704293762507952,-0.05370462467366378,0.06821606640426081,0.35498695135836705,0.08192036016676876
2,gpboost_vecchia,3,0.008159816503301387,0.037489978629023354,0.07389384105961794,0.2449423052760441,0.06573402455631655
2,gpboost_vecchia,4,1.7329376286376146,1.6095949324081222,0.6945086545816133,0.3538240965323892,-1.0384289740560013
2,gpboost_vecchia,5,0.7762134095888479,0.7640191472723877,0.530866643175337,0.348819356609942,-0.24534676641351083
2,gpboost_vecchia,6,-0.08609952451869532,0.010953534344651752,-0.22473792044362328,0.22155691345177714,-0.13863839592492797
2,gpboost_vecchia,7,0.058558371056508185,0.13467982241351623,-0.10126325149628812,0.2628680359560716,-0.1598216225527963
2,gpboost_vecchia,8,1.1450137781493344,1.0370046374872062,0.7902642964402133,0.24350264052172663,-0.354749481709121
2,gpboost_vecchia,9,1.027565059938598,0.9447955622783465,0.6565603861906528,0.45381838486854315,-0.3710046737479451
2,gpboost_vecchia,10,-0.276574050666634,-0.42543976106248255,-0.6059584710181039,0.25044628999973156,-0.32938442035146986
2,gpboost_vecchia,11,-0.2029664485285328,-0.34741155553982384,-0.047553832956347186,0.3242801765827977,0.1554126155721856
2,gpboost_vecchia,12,0.41572475418028426,0.4974836864836286,0.35396701188057444,0.36743234017459153,-0.06175774229970982
2,gpboost_vecchia,13,0.468256962226897,0.5591959115357812,0.010892507276498264,0.2757626305405086,-0.45736445495039874
2,gpboost_vecchia,14,0.2201489828140491,0.09467421141516319,0.2875269078389633,0.22479038839379223,0.06737792502491419
2,gpboost_vecchia,15,0.9704261007274495,1.1575291212036567,0.5395391901903501,0.3442584063207292,-0.4308869105370994
2,gpboost_vecchia,16,2.0175162636115247,2.150978122258891,1.5861203256571943,0.2934519352755776,-0.4313959379543304
2,gpboost_vecchia,17,0.6514459632173214,0.7095561885778512,0.3625611495408183,0.3272883693746127,-0.2888848136765031
2,gpboost_vecchia,18,-0.8968169349776332,-0.9400156277021641,-1.0519590937385512,0.21848707322927347,-0.15514215876091808
2,gpboost_vecchia,19,-0.26398597521054756,-0.31692132825375696,-0.3201138132418553,0.17389382503033152,-0.05612783803130772
2,gpboost_vecchia,20,-0.8685062238512503,-0.7878926079411954,-0.593385197879897,0.34032311241640384,0.27512102597135335
2,gpboost_vecchia,21,0.578578826888982,0.632134946098148,-0.044654576749511676,0.28586109721826475,-0.6232334036384937
2,gpboost_vecchia,22,-0.6545245947933583,-0.8022270077317171,-0.7178794584960051,0.3349410289185481,-0.06335486370264676
2,gpboost_vecchia,23,-0.810064087666642,-0.7870760554200328,-0.838083811216566,0.2791616506682343,-0.028019723549924103
2,gpboost_vecchia,24,-0.7882588713186565,-0.7674809163054961,-0.9680027491180674,0.18114012757128967,-0.17974387779941092
2,gpboost_vecchia,25,0.9477595360630336,1.0864386868610765,0.6274634712480358,0.3945214166521793,-0.32029606481499784
2,gpboost_vecchia,26,1.013637640712357,0.9285006530122824,0.13838497005187378,0.31411917935667244,-0.8752526706604833
2,gpboost_vecchia,27,-0.15365168905148413,-0.18716601094923302,-0.332412191615135,0.39416997936453,-0.1787605025636509
2,gpboost_vecchia,28,0.5754228594839333,0.5568781678971384,0.38486686018240057,0.3271227923292029,-0.19055599930153277
2,gpboost_vecchia,29,-0.6654967078731054,-0.6846196344226589,-0.6898142038623263,0.35678370355181027,-0.02431749598922084
2,gpboost_vecchia,30,0.5107541598265943,0.45068260652193326,0.5051119871310163,0.20104525078171714,-0.005642172695577985
2,gpboost_vecchia,31,0.0659692294440481,0.200834013341662,-0.14823330902907994,0.32693617215381304,-0.21420253847312803
2,gpboost_vecchia,32,0.7367489525504736,0.6494243844228569,0.654252221071405,0.38298758146911893,-0.08249673147906855
2,gpboost_vecchia,33,1.4497778089016062,1.3971639484856655,1.7572390749191564,0.3343398655506059,0.3074612660175502
2,gpboost_vecchia,34,1.7843153616534617,1.686727803245496,1.1647645208402544,0.3068704964389494,-0.6195508408132073
2,gpboost_vecchia,35,0.1324800906744662,0.10424825251605088,0.338064474168413,0.3494800416378169,0.2055843834939468
2,gpboost_vecchia,36,1.0933052204928793,1.1973505760771888,0.6822287935008293,0.34438520864518857,-0.41107642699204994
2,gpboost_vecchia,37,0.3908151359481221,0.40868897197143916,-0.13609100121339868,0.27540095038081436,-0.5269061371615208
2,gpboost_vecchia,38,-0.6806775337790056,-0.6065540073861035,-0.7570324041271332,0.22837373823662344,-0.0763548703481276
2,gpboost_vecchia,39,-0.09069435737501702,-0.03213963141032319,-0.2323217853640931,0.23144559166544051,-0.14162742798907607
2,gpboost_vecchia,40,0.5961903003876512,0.57790410111362,1.3048002653772564,0.47688896325234426,0.7086099649896052
2,gpboost_vecchia,41,-0.5800806035251235,-0.7609238712512023,-0.5812320395663226,0.3341584219133526,-0.0011514360411991609
2,gpboost_vecchia,42,1.854733329861243,1.8741878150099265,1.4680512122476919,0.27105668949920897,-0.3866821176135511
2,gpboost_vecchia,43,0.10231236417660206,0.09817930122821734,0.24837530390764107,0.35836653256634377,0.146062939731039
2,gpboost_vecchia,44,0.33341142508895316,0.30821487490702076,0.4627627767633604,0.21129843182992414,0.12935135167440726
2,gpboost_vecchia,45,-0.2475452958527834,-0.2936351172273709,-0.5253116010189194,0.2830112322679945,-0.277766305166136
2,gpboost_vecchia,46,-0.13648249874718862,-0.15929158938782384,-0.34851274364008145,0.3363125300032248,-0.21203024489289282
2,gpboost_vecchia,47,-0.624982047692746,-0.6965843066523822,-0.42092772640071185,0.18281437487834692,0.20405432129203416
2,gpboost_vecchia,48,0.41319655892555873,0.33342465157381523,0.19283287268089255,0.2745853880909129,-0.22036368624466618
2,gpboost_vecchia,49,-0.1028295751695418,-0.16728736397832775,-0.1942439411271879,0.2429710054816225,-0.0914143659576461
2,gpboost_vecchia,50,0.029719572640634212,0.05114932901433075,0.9745889596419941,0.4099379807243886,0.9448693870013599
2,gpboost_vecchia,51,-0.4116077978652885,-0.24188327039097707,-0.468624570744379,0.29260187870499016,-0.057016772879090516
2,gpboost_vecchia,52,-0.14010004922011518,-0.0780138343301208,-0.16636140280536527,0.195536977815472,-0.026261353585250086
2,gpboost_vecchia,53,-0.9231480030837426,-1.1128059469134874,-1.0320060734261807,0.19975734391406008,-0.1088580703424381
2,gpboost_vecchia,54,-0.5744554251418553,-0.559807169206535,-0.3783065386470499,0.28681383456012305,0.19614888649480544
2,gpboost_vecchia,55,0.07414658673222368,0.12680703666181714,-0.28021359074341845,0.40693380845521354,-0.35436017747564214
2,gpboost_vecchia,56,0.7510515339654554,0.8357148304251523,0.6906371610124911,0.24346495874857305,-0.06041437295296437
2,gpboost_vecchia,57,-0.2873570647493444,-0.34388015052590337,-0.1419178135479351,0.26088825993135883,0.14543925120140933
2,gpboost_vecchia,58,-0.614136278724009,-0.7691322520096193,-0.4823277222785123,0.2901216548094849,0.13180855644549672
2,gpboost_vecchia,59,1.287405052832196,1.3722943967172267,1.5464587670983114,0.39189272941459985,0.25905371426611534
2,gpboost_vecchia,60,-0.028428643092481387,-0.07187419077296073,-0.13901683608386506,0.2780391083583582,-0.11058819299138367
2,gpboost_vecchia,61,-0.32211226486086997,-0.13525485985682884,-0.440996099007406,0.42040388387313,-0.11888383414653603
2,gpboost_vecchia,62,-0.06403694228700277,-0.17814543192650747,-0.1920232718885293,0.28116561255599526,-0.12798632960152653
2,gpboost_vecchia,63,0.9695347188082231,1.1701092884269253,0.5894151786819113,0.3724151340183277,-0.3801195401263118
2,gpboost_vecchia,64,0.5917624820398367,0.4742470455813811,0.7314153680771063,0.17399009045162217,0.13965288603726955
2,gpboost_vecchia,65,-0.5851382222927641,-0.3888825675199291,-0.6808148738039961,0.31735980769615757,-0.09567665151123195
2,gpboost_vecchia,66,0.13194023294827412,0.1568596335088282,-0.23855116098720863,0.24473197924932713,-0.37049139393548275
2,gpboost_vecchia,67,-0.10323982023542155,-0.0015363307849638186,-0.28552264712337017,0.19782307155236023,-0.1822828268879486
2,gpboost_vecchia,68,1.058077416264641,1.1228856333476436,0.8046677001160454,0.2890156373266047,-0.25340971614859553
2,gpboost_vecchia,69,0.033184972477447325,0.15009550109180403,0.2903212767197312,0.24516064994576459,0.25713630424228384
2,gpboost_vecchia,70,0.023225750725294134,0.06498795344319165,-0.0031535922760594914,0.24715574358897446,-0.026379343001353625
2,gpboost_vecchia,71,0.11691226197779793,0.2107354582651803,0.27445340980746913,0.2472837140680133,0.1575411478296712
2,gpboost_vecchia,72,0.10378519789438655,-0.0005978030611522855,0.08026585471930581,0.23560989586671596,-0.02351934317508074
2,gpboost_vecchia,73,0.11094467923198678,0.11219407660697253,0.17646337944887014,0.29699044384321266,0.06551870021688336
2,gpboost_vecchia,74,0.9304720741515959,0.8160345314789672,0.6552879860774774,0.22680438199285977,-0.27518408807411854
2,gpboost_vecchia,75,0.19672284920989772,0.20067702567304346,-0.16492019799965751,0.21252096528000353,-0.3616430472095552
2,gpboost_vecchia,76,-0.8874394439856292,-0.8544402155526942,-0.9308603399427451,0.20262518000993815,-0.043420895957115846
2,gpboost_vecchia,77,-0.8171572321379299,-0.8165634840793452,-0.667653494180473,0.23835335717195366,0.14950373795745686
2,gpboost_vecchia,78,0.6197613945604918,0.7383730636605184,0.260567697834035,0.22503893948691225,-0.35919369672645685
2,gpboost_vecchia,79,1.0150199417178756,1.1098026675822825,0.07526257262105318,0.3299092717379406,-0.9397573690968224
2,gpboost_vecchia,80,-0.013353898858319196,0.060866581226191416,-0.01803361679066562,0.2896928974219544,-0.004679717932346422
2,gpboost_vecchia,81,1.0910199932017088,1.1986124653203405,1.3211871469417487,0.25105343658983875,0.23016715374003982
2,gpboost_vecchia,82,-0.2350544665006027,-0.0750737616536176,-0.5310985141177689,0.2952218133960179,-0.2960440476171662
2,gpboost_vecchia,83,-0.038054850100375764,-0.10535404367431687,0.9178713586627794,0.419393686112775,0.9559262087631551
2,gpboost_vecchia,84,-0.12578015632028705,-0.15147292205091345,-0.1453091039838803,0.19777381643450748,-0.019528947663593255
2,gpboost_vecchia,85,0.5597216705744594,0.5761542522744295,0.013123718835042375,0.26986352737323765,-0.546597951739417
2,gpboost_vecchia,86,-0.08054954361697203,-0.16652332500229,-0.2856005764975511,0.4243961359547491,-0.20505103288057908
2,gpboost_vecchia,87,-0.00043130677007463536,-0.04030686893148256,-0.13565683537369644,0.3722887030409129,-0.1352255286036218
2,gpboost_vecchia,88,0.9619046632785884,0.8167381519526141,1.2586629394287367,0.45999272047674145,0.2967582761501484
2,gpboost_vecchia,89,0.6945033509136678,0.5828720616784608,1.3199200659725854,0.501217125558695,0.6254167150589176
2,gpboost_vecchia,90,0.5002269933040578,0.6441252244042364,0.2804366228445523,0.23086632573322388,-0.21979037045950556
2,gpboost_vecchia,91,-1.1667900532917477,-1.1848884442953134,-0.9325526251801692,0.22439873813124242,0.23423742811157844
2,gpboost_vecchia,92,-0.9602677865378706,-1.1444609773960202,-1.0394886881851821,0.19653752956222542,-0.07922090164731155
2,gpboost_vecchia,93,-0.5815176408279202,-0.551017164983956,-0.7287061245616542,0.3207278996427745,-0.14718848373373394
2,gpboost_vecchia,94,1.064688401866356,1.0312698248271024,1.1771284825921704,0.22412702044990632,0.11244008072581435
2,gpboost_vecchia,95,-1.1345851100298048,-1.3242919688649768,-1.1726881211090339,0.19581800811211245,-0.03810301107922909
2,gpboost_vecchia,96,0.269446557137614,0.19593276511555946,-0.05412690537242071,0.3222217054395213,-0.3235734625100347
2,gpboost_vecchia,97,0.872246807911237,0.8458235752309019,1.3629195214643008,0.42150381668593306,0.49067271355306386
2,gpboost_vecchia,98,-0.10944693021914159,-0.08436319183622067,-0.17977760586669334,0.24974456977412623,-0.07033067564755174
2,gpboost_vecchia,99,1.8360375943949108,1.778543740406794,1.8668507035076658,0.3217027473829308,0.030813109112755033
2,gpboost_vecchia,100,1.1363918343665658,1.2513479263307254,0.9341940973009084,0.2555606258619184,-0.20219773706565736
2,gpboost_vecchia,101,0.2880623271293693,0.26705209839039656,0.14741816238576178,0.32521922672632547,-0.14064416474360752
2,gpboost_vecchia,102,1.1002947847021756,1.337285085912002,0.5666979205285317,0.43094331789174734,-0.5335968641736438
2,gpboost_vecchia,103,-0.001571268992803354,0.09886148804043582,0.013733480302341228,0.30891793583402377,0.015304749295144582
2,gpboost_vecchia,104,-0.6592686345255775,-0.5063892778553654,-0.7970761329421059,0.26390237110952414,-0.1378074984165284
2,gpboost_vecchia,105,0.25736375903180353,0.3915255870577754,-0.021508249762039355,0.31049928207008487,-0.2788720087938429
2,gpboost_vecchia,106,0.9077413732712029,0.789713420069652,0.034529114189672416,0.3563992088318692,-0.8732122590815304
2,gpboost_vecchia,107,1.3850953219689737,1.517726743010277,0.8967643905821374,0.3464715449783817,-0.48833093138683625
2,gpboost_vecchia,108,-0.8960695095480898,-0.6260511087019542,-0.9727451976307657,0.20761059025090794,-0.07667568808267589
2,gpboost_vecchia,109,0.36414398419452365,0.544578819418515,0.5450960072954132,0.41786498346046824,0.18095202310088954
2,gpboost_vecchia,110,-0.9931773077712089,-0.9514740773161147,-1.065606460536328,0.22978555837911954,-0.07242915276511908
2,gpboost_vecchia,111,-0.012121573886870463,-0.11011340322126267,-0.29044397369359265,0.26141767429588797,-0.2783223998067222
2,gpboost_vecchia,112,0.5691117411430763,0.6886913561543895,0.10206315476577066,0.38331777299847036,-0.4670485863773056
2,gpboost_vecchia,113,0.060042696151221264,0.01910121414546042,0.47106964391754635,0.2553462136608402,0.4110269477663251
2,gpboost_vecchia,114,-0.39223847991400085,-0.3597879614454903,-0.30648183585322775,0.25433537404649476,0.0857566440607731
2,gpboost_vecchia,115,1.0436298285175385,1.1410214734799817,0.5628489605540303,0.35263889041619423,-0.48078086796350816
2,gpboost_vecchia,116,-0.7512842638860877,-0.6291158904358947,-0.857990549172964,0.19946253293784705,-0.10670628528687631
2,gpboost_vecchia,117,-0.4001174635766379,-0.4760527120408259,-0.28620314479911535,0.2713177332227704,0.11391431877752256
2,gpboost_vecchia,118,-0.530009864153464,-0.42755072358014146,-0.45377502088563304,0.18986664481326865,0.07623484326783092
2,gpboost_vecchia,119,-0.20178483794420826,-0.14328970370193006,0.09908245595144649,0.218429903956428,0.30086729389565475
2,gpboost_vecchia,120,0.9190901732577179,0.8974882030708656,0.7919664125242223,0.2664417746638572,-0.12712376073349563
2,gpboost_vecchia,121,-0.6862326039833148,-0.7116426971041043,-0.8022324061262927,0.31308588004933435,-0.11599980214297789
2,gpboost_vecchia,122,-0.32557995827376107,-0.28072258137466277,-0.5126510311556913,0.3882946956268588,-0.18707107288193026
2,gpboost_vecchia,123,1.6347171823742814,1.8118359046121886,0.7890827564963909,0.2885052325903415,-0.8456344258778905
2,gpboost_vecchia,124,0.32516651430195853,0.29307333243799116,0.3561044002764282,0.23548375250480866,0.03093788597446967
2,gpboost_vecchia,125,-0.007870200032132624,0.08913595809017993,-0.3101341127297359,0.37537308885221266,-0.3022639126976033
2,gpboost_vecchia,126,0.23831188452103272,0.1615344840945935,0.029179411358179586,0.2708492019305278,-0.20913247316285313
2,gpboost_vecchia,127,-0.5529621215429712,-0.599960159800971,-0.7096859029552571,0.22901989612043583,-0.15672378141228593
2,gpboost_vecchia,128,-0.20351985490722269,-0.20171368304933163,-0.2254820141703915,0.16301481648714194,-0.0219621592631688
2,gpboost_vecchia,129,-0.27356700067302986,-0.2804904682822501,-0.08015704677253654,0.23830896752638514,0.19340995390049331
2,gpboost_vecchia,130,0.4049558937002963,0.3958643969503038,0.23816501637122167,0.2663204686416401,-0.1667908773290746
2,gpboost_vecchia,131,0.3252483219461371,0.2543771513785191,0.5660364023044799,0.25075641056469483,0.24078808035834282
2,gpboost_vecchia,132,-0.8896406997009288,-0.9480311117210635,-0.786896661861026,0.33568822992785985,0.10274403783990282
2,gpboost_vecchia,133,1.0181879045017446,0.9797577105767135,0.7347795371540933,0.20136295969786777,-0.2834083673476513
2,gpboost_vecchia,134,-0.0656119513974791,0.003640117816007829,0.17419626447301795,0.22721952943024162,0.23980821587049705
2,gpboost_vecchia,135,-0.9143430536691438,-0.8760692634630838,-0.7265233405514255,0.18803602595281285,0.18781971311771828
2,gpboost_vecchia,136,0.794159046068394,0.8748063377700355,0.42819713690791117,0.22720386480033639,-0.3659619091604829
2,gpboost_vecchia,137,-0.42783876542649396,-0.31050159381628245,-0.4689348741743129,0.37717633369105175,-0.04109610874781894
2,gpboost_vecchia,138,-0.08737722710752671,-0.09116157136889516,0.20349176452519968,0.2554053735572017,0.2908689916327264
2,gpboost_vecchia,139,-0.11771195875922302,-0.18011900572250616,1.023846967524488,0.44162398766283784,1.141558926283711
2,gpboost_vecchia,140,-0.059843039938443005,-0.13072208225826637,-0.04903758406013781,0.37890395351932865,0.010805455878305198
2,gpboost_vecchia,141,-0.0029833090207737056,0.16192884584636583,-0.10275795621908479,0.28598447723611786,-0.09977464719831108
2,gpboost_vecchia,142,1.7050378223655616,1.795916396626372,1.6023716257249232,0.2925525915818686,-0.10266619664063836
2,gpboost_vecchia,143,1.4540568675231962,1.609006228859796,1.357833420509658,0.25480719650094547,-0.09622344701353813
2,gpboost_vecchia,144,-0.28493941686926083,-0.16566587672109312,-0.058156923889686185,0.21978925850699382,0.22678249297957465
2,gpboost_vecchia,145,-0.42574889703505464,-0.4360247442642908,-0.24122361037093176,0.19048809749840842,0.18452528666412288
2,gpboost_vecchia,146,0.029414552967900243,0.08448594776439106,-0.1601641724414855,0.3364176902936054,-0.18957872540938575
2,gpboost_vecchia,147,-0.5553514349311877,-0.5387277715334786,-0.65286953446771,0.2308229562271172,-0.09751809953652235
2,gpboost_vecchia,148,-0.7948148648300846,-0.5705412386404525,-0.6749450206691749,0.35164562592724197,0.11986984416090962
2,gpboost_vecchia,149,0.38500105370410814,0.446443653154564,0.34803923328724906,0.3880715345633373,-0.03696182041685908
2,gpboost_vecchia,150,0.06267107434669228,0.2255741324948467,-0.07645997495071377,0.2743245910666432,-0.13913104929740605
2,gpboost_vecchia,151,1.190483292844779,1.2076332943870198,0.8156563234086041,0.3638770734471376,-0.374826969436175
2,gpboost_vecchia,152,-0.8642621703828288,-0.7277754470647224,-0.9853923914632059,0.25805097591517534,-0.12113022108037708
2,gpboost_vecchia,153,-0.4834968106109728,-0.4520041127214607,-0.5135047080414328,0.33425871605537566,-0.03000789743045995
2,gpboost_vecchia,154,0.26007084261775437,0.20404042954505744,0.1554688642405746,0.19504604120524816,-0.10460197837717977
2,gpboost_vecchia,155,-0.28465766816123017,-0.14697668986411816,0.15721622420814585,0.3350570347478474,0.441873892369376
2,gpboost_vecchia,156,0.4420388327808907,0.37863818171609304,0.37974480012218725,0.2245864379662043,-0.062294032658703424
2,gpboost_vecchia,157,0.3061892482799779,0.2848967048234875,0.651349727506874,0.24575701337517408,0.34516047922689613
2,gpboost_vecchia,158,-0.31924888112109906,-0.23531772129655978,0.07359837128603175,0.3904757513798885,0.3928472524071308
2,gpboost_vecchia,159,0.8774481735461067,0.9240773413979448,0.6436388860159172,0.19531890230894552,-0.23380928753018948
2,gpboost_vecchia,160,-0.1379229175208442,-0.17200810301722164,0.23164194017603235,0.27437514153882303,0.3695648576968765
2,gpboost_vecchia,161,-0.9033277024331519,-0.8912817483774861,-1.0696081230443655,0.2340340508795823,-0.16628042061121362
2,gpboost_vecchia,162,-0.02551599461235482,0.11353376080645958,-0.2920422768844464,0.27309416187201047,-0.2665262822720916
2,gpboost_vecchia,163,-0.12671401814988562,-0.19038817487164789,-0.34904857216612406,0.34603531063337495,-0.22233455401623844
2,gpboost_vecchia,164,0.8865613899287074,0.6388134789104883,0.5490965315074927,0.2821093424877659,-0.33746485842121465
2,gpboost_vecchia,165,0.322891137359713,0.43387798742021233,-0.2857677446787106,0.22316450629031553,-0.6086588820384236
2,gpboost_vecchia,166,0.2160283909454356,0.17051594905486925,-0.26864569850216125,0.2951969200973544,-0.4846740894475968
2,gpboost_vecchia,167,-0.8428080070587483,-0.8680463168611028,-0.9236263168933347,0.221008939985633,-0.08081830983458649
2,gpboost_vecchia,168,-0.3720986341054877,-0.2895910416260181,-0.6924802603250733,0.28376065014894847,-0.32038162621958555
2,gpboost_vecchia,169,-0.2633981664287714,-0.30261761595577613,-0.6320844199071018,0.3436605572104083,-0.36868625347833045
2,gpboost_vecchia,170,-0.0682757526354748,-0.08580965742562462,-0.1778980383661093,0.27489496364458194,-0.10962228573063448
2,gpboost_vecchia,171,-0.1931408192935894,-0.07533092114141515,-0.48671637336789164,0.3071123756832019,-0.29357555407430225
2,gpboost_vecchia,172,-0.5322123292385231,-0.46318916427555484,-0.6941847351797552,0.27896237783896016,-0.16197240594123208
2,gpboost_vecchia,173,0.5859800129160244,0.5850800600041487,0.4153617688711324,0.33390119861859235,-0.170618244044892
2,gpboost_vecchia,174,-0.756328483623503,-0.8348163607147716,-0.6564099061632431,0.2257454135589556,0.0999185774602599
2,gpboost_vecchia,175,0.1647448489496539,0.0730218241540127,0.5088272731982512,0.473694069654521,0.34408242424859725
2,gpboost_vecchia,176,0.8312848240805971,0.9273348393305305,0.4847045075486909,0.3096329028766856,-0.34658031653190624
2,gpboost_vecchia,177,1.36063827125467,1.4219696589463855,1.2066183016130272,0.3774807231398661,-0.15401996964164288
2,gpboost_vecchia,178,-0.15000181559493686,-0.24149285634046447,0.12467111503834083,0.42212129293591566,0.2746729306332777
2,gpboost_vecchia,179,-0.12906080957992494,-0.10064243005118413,-0.3952549750623766,0.29480130797613424,-0.2661941654824517
2,gpboost_vecchia,180,-1.174872803547533,-1.3818196730726624,-1.0849139274275146,0.21497086205216254,0.08995887612001852
2,gpboost_vecchia,181,-0.4098750979683822,-0.34079276881673304,-0.6470833107593297,0.33889041662801556,-0.2372082127909475
2,gpboost_vecchia,182,0.8189274350780372,0.8496408020101365,1.0935717096500666,0.2403311327999451,0.27464427457202933
2,gpboost_vecchia,183,0.5785307484200557,0.5075428961252823,0.620303971146241,0.3777286498555049,0.04177322272618533
2,gpboost_vecchia,184,1.2052999276609737,1.3195372615832193,0.8866189322103928,0.298516548327897,-0.31868099545058093
2,gpboost_vecchia,185,0.4619612536710627,0.5010341974883211,1.2851773203279278,0.41546426349185467,0.8232160666568651
2,gpboost_vecchia,186,1.790110696886296,1.7579537330270454,1.7407929488327563,0.37118869030911716,-0.049317748053539834
2,gpboost_vecchia,187,0.34500557298663226,0.3117166023567562,0.24524129885685308,0.24393281015826496,-0.09976427412977917
2,gpboost_vecchia,188,-1.026332016466076,-1.0549886453380948,-0.7745791013687375,0.20979813125399419,0.25175291509733855
2,gpboost_vecchia,189,-0.7082542025770512,-0.6254786134729347,-0.6744840896545368,0.2791243688174732,0.03377011292251442
2,gpboost_vecchia,190,1.3672068206953802,1.4295292805273838,1.4886461306549048,0.27969914910395055,0.12143930995952457
2,gpboost_vecchia,191,0.5846070482791518,0.5405215815673682,0.11950672373034177,0.27976474002847734,-0.46510032454881
2,gpboost_vecchia,192,-0.8350993252053643,-0.9571697574515092,-1.0059073524921942,0.20824249235487916,-0.17080802728682987
2,gpboost_vecchia,193,-0.3426502087062056,-0.3654721243557581,-0.10089271603565564,0.2813969239314135,0.24175749267054997
2,gpboost_vecchia,194,1.3293693265349527,1.365617792232641,0.9400425215402706,0.230515973192567,-0.3893268049946821
2,gpboost_vecchia,195,0.14011759990683578,0.057226464308164124,0.24569011130905505,0.3274747782860753,0.10557251140221927
2,gpboost_vecchia,196,1.4958066039440379,1.416620573270309,0.809351248550128,0.3227482940338184,-0.6864553553939099
2,gpboost_vecchia,197,-0.6247946907302488,-0.6432125912690966,-0.5761532499626547,0.3135513221456925,0.048641440767594135
2,gpboost_vecchia,198,0.12205590716408588,0.15138265387069777,-0.09644876224940724,0.17736806817890965,-0.2185046694134931
2,gpboost_vecchia,199,0.5534040214864424,0.6154934190150265,0.7412397729110989,0.3842273765858366,0.18783575142465647
2,gpboost_vecchia,200,-0.28556484339708244,-0.179703867244146,-0.0426635053900819,0.20303469786102357,0.24290133800700053
2,gpboost_vecchia,201,1.2703040579158205,1.085810992777357,1.0411043556953787,0.28524903098564075,-0.22919970222044173
2,gpboost_vecchia,202,1.0373108070812498,1.1377825605613148,0.8699227263450355,0.3439574350726478,-0.16738808073621425
2,gpboost_vecchia,203,0.9467623397760924,0.981443249891781,0.1696195317236131,0.300565174037251,-0.7771428080524793
2,gpboost_vecchia,204,-0.043863079952777384,-0.10089882464053924,0.23830779903627164,0.3512155117038666,0.282170878989049
2,gpboost_vecchia,205,0.3408530723554396,0.4208625413400948,0.2960855884605058,0.25060881769188165,-0.04476748389493379
2,gpboost_vecchia,206,-0.200092467355506,-0.4058152235198541,-0.27606719861220697,0.24738750199083498,-0.07597473125670096
2,gpboost_vecchia,207,1.072385206911092,0.8835804879949625,0.6526913799100074,0.3942851622120375,-0.4196938270010846
2,gpboost_vecchia,208,0.43475116972668315,0.6285562128093011,0.3948735285916367,0.38541863647784996,-0.03987764113504644
2,gpboost_vecchia,209,0.39024063396379205,0.2549194912925598,1.1852012251267166,0.3725325248400175,0.7949605911629245
2,gpboost_vecchia,210,0.9071261856851127,0.9256477464367047,0.3964615474439155,0.30467942996724945,-0.5106646382411972
2,gpboost_vecchia,211,0.8175448119233091,0.7028823464883944,0.6064525934063871,0.285791078660242,-0.21109221851692195
2,gpboost_vecchia,212,0.22023267632165022,0.16894061776702932,-0.029620302874823423,0.25614095286302574,-0.24985297919647365
2,gpboost_vecchia,213,0.5632935437091943,0.4556885371134634,-0.13104438514369043,0.30165808831814533,-0.6943379288528847
2,gpboost_vecchia,214,0.23192944908049917,0.3284278767412919,0.18498493228925117,0.26305658278194716,-0.046944516791248
2,gpboost_vecchia,215,0.1443394740947081,-0.06242972621895809,-0.08637453827229802,0.2703920942389158,-0.23071401236700612
2,gpboost_vecchia,216,-0.9477824005435457,-0.954903777149204,-1.0305553363839381,0.19430227678114256,-0.08277293584039247
2,gpboost_vecchia,217,0.039824001079751925,-0.06809673018988,-0.10132516246849033,0.3244111970988545,-0.14114916354824225
2,gpboost_vecchia,218,0.08242768169004433,-0.029996229047241307,-0.2800604665956641,0.23672016102209267,-0.3624881482857084
2,gpboost_vecchia,219,0.5970660308169489,0.6713757103996568,0.2505566484018509,0.374857318288784,-0.346509382415098
2,gpboost_vecchia,220,1.167893763320573,1.0693867416129976,0.7310604527373714,0.36778847114257707,-0.43683331058320163
2,gpboost_vecchia,221,-0.7111513029767682,-0.7291794098014447,-0.6527990257960741,0.3305016765080672,0.058352277180694134
2,gpboost_vecchia,222,1.3652516506960648,1.4059322657310254,0.9461729936827279,0.33858678354189387,-0.4190786570133369
2,gpboost_vecchia,223,1.1335876773271147,1.1352379126688432,1.2893135582300932,0.22627075944188174,0.15572588090297845
2,gpboost_vecchia,224,1.790850558232369,1.8500489703711522,1.7899564063667035,0.37504795876045194,-0.0008941518656655489
2,gpboost_vecchia,225,0.25348836353338544,0.3537161714925386,0.3429431988786855,0.2898386929367874,0.08945483534530008
2,gpboost_vecchia,226,0.19668179892890642,0.21667454041866366,-0.20363834067411668,0.3171038664197951,-0.4003201396030231
2,gpboost_vecchia,227,0.3426891264726386,0.3050884326091655,0.31395715841901595,0.36216441742779837,-0.02873196805362266
2,gpboost_vecchia,228,-0.010137768835153105,-0.021575859216706565,-0.04997608203617432,0.21888696585575868,-0.039838313201021214
2,gpboost_vecchia,229,0.30352949699059867,0.2563385088937313,0.1549181315104433,0.1911903527113355,-0.14861136548015536
2,gpboost_vecchia,230,0.383173052867822,0.4752352610732947,-0.23836526742711062,0.307024354883037,-0.6215383202949326
2,gpboost_vecchia,231,-0.9967064065631117,-1.0724426630283703,-0.8860135987835758,0.17001973640882564,0.11069280777953594
2,gpboost_vecchia,232,-0.6386048711107319,-0.6090029282750393,-0.7694494633416911,0.3130779853519932,-0.13084459223095912
2,gpboost_vecchia,233,-0.1858164091667725,-0.12503903232065527,0.2407241453109732,0.27495369894107474,0.4265405544777457
2,gpboost_vecchia,234,-0.9606022217946715,-1.0362841650975192,-1.0219641835504918,0.18928428944234996,-0.061361961755820316
2,gpboost_vecchia,235,0.4429261117061301,0.2837079107165428,0.6585248371332113,0.3929608287595897,0.2155987254270812
2,gpboost_vecchia,236,0.10456913347335048,0.1840681116913222,0.07346900593812045,0.22856244133732065,-0.031100127535230032
2,gpboost_vecchia,237,-1.3140997207584963,-1.3091647620748559,-1.1798000083444178,0.28564189732511547,0.13429971241407856
2,gpboost_vecchia,238,-0.2893249694550042,-0.3040059716624988,-0.0038281595675444535,0.2472786563722911,0.28549680988745973
2,gpboost_vecchia,239,-0.8599951158247527,-0.8664804782688615,-0.6363479493151116,0.33973757618066913,0.22364716650964112
2,gpboost_vecchia,240,0.11145551196604059,0.12443942959014141,-0.10541013357102091,0.27060343412921684,-0.2168656455370615
2,gpboost_vecchia,241,0.8473761766188561,0.8815472674296669,0.7015606600385826,0.32017677301498904,-0.14581551658027347
2,gpboost_vecchia,242,0.3002615965081715,0.28533189648069435,0.023562811290348762,0.3917926868840086,-0.27669878521782276
2,gpboost_vecchia,243,-1.0103152720258401,-1.0780704907753216,-0.8746473173345217,0.21016006126533815,0.13566795469131843
2,gpboost_vecchia,244,-0.3763407293505071,-0.33076336108706406,-0.19313287601319606,0.33993362521515175,0.18320785333731104
2,gpboost_vecchia,245,-0.3365453904861473,-0.27070106132057425,-0.25539959931334133,0.16742175461081427,0.08114579117280596
2,gpboost_vecchia,246,1.6644998438991618,1.595539662533059,0.5639584571941318,0.33840281894348534,-1.10054138670503
2,gpboost_vecchia,247,1.7751094824607319,1.5779045715726487,1.734334792098807,0.3923418594387422,-0.040774690361924826
2,gpboost_vecchia,248,0.8404817465392169,0.9401036238226034,0.123498586181781,0.29302044472046773,-0.7169831603574359
2,gpboost_vecchia,249,1.8762152424400953,1.9588480146223328,1.8182261202241268,0.32558338098474077,-0.057989122215968525
2,gpboost_vecchia,250,1.0176644719343089,1.0910222449821254,0.8904330544221386,0.33416880319824954,-0.12723141751217026
2,gpboost_vecchia,251,-0.21714106038330677,-0.26549020978922105,-0.15179618147280083,0.18783440339956753,0.06534487891050594
2,gpboost_vecchia,252,1.323164364192989,1.435944589885135,1.0503321081086519,0.17826937514956562,-0.27283225608433725
2,gpboost_vecchia,253,0.9349019426409131,0.9762083456284957,0.8707529798579418,0.3701431849616635,-0.06414896278297133
2,gpboost_vecchia,254,-0.4401371194261985,-0.47455913937424077,0.018629679703471513,0.2740579625690239,0.45876679912967
2,gpboost_vecchia,255,-0.39049897279374923,-0.46724957536105477,-0.22082134968810863,0.24224284453918563,0.1696776231056406
2,gpboost_vecchia,256,0.6571663834157685,0.8211053860563261,1.123261841931133,0.3554570393339692,0.4660954585153646
2,gpboost_vecchia,257,0.27634191543954023,0.29101994621641347,0.49705636233743,0.3644616746381316,0.22071444689788977
2,gpboost_vecchia,258,0.6199197556867109,0.6162497871641162,0.6350111387352921,0.1565800871643791,0.015091383048581264
2,gpboost_vecchia,259,-0.34534259013639856,-0.442470897114428,-0.3886772293191263,0.3166120860936601,-0.04333463918272773
2,gpboost_vecchia,260,-0.0122606041330251,0.060698467216817986,-0.1732676951724006,0.35039446967471766,-0.1610070910393755
2,gpboost_vecchia,261,1.2372571435224604,1.2141346925402754,0.09994101024519919,0.3541353131600041,-1.1373161332772612
2,gpboost_vecchia,262,-0.08257773824343634,0.08967485420227567,-0.04369510168194779,0.33469394855062484,0.03888263656148855
2,gpboost_vecchia,263,1.1820710828476324,1.197269381266891,1.0434779728822003,0.2269355565372897,-0.13859310996543206
2,gpboost_vecchia,264,0.7900447860646389,0.8389581711775161,0.24677154989133365,0.271793277339557,-0.5432732361733053
2,gpboost_vecchia,265,-0.12830351438419763,-0.2131282120784542,-0.1125481288137582,0.1808821680827135,0.01575538557043943
2,gpboost_vecchia,266,0.714997608987701,0.5927797738741005,0.09009070199279279,0.30056353568940813,-0.6249069069949083
2,gpboost_vecchia,267,1.7741691948634002,1.6788546094143237,1.2722425827765749,0.2738564610398497,-0.5019266120868253
2,gpboost_vecchia,268,0.6896587984819723,0.6362009735042362,0.32297107269863634,0.29298794968038205,-0.36668772578333597
2,gpboost_vecchia,269,-0.10374030368508869,-0.2382906051612785,-0.05231247549929652,0.3531020861536663,0.05142782818579217
2,gpboost_vecchia,270,0.492146130924022,0.3796104150470362,0.5618435496624485,0.23273387391086214,0.06969741873842655
2,gpboost_vecchia,271,-0.7351427446634017,-0.8702970725063127,-0.5656066880867447,0.32759011480327976,0.16953605657665693
2,gpboost_vecchia,272,0.44962729491406084,0.4869474915950752,0.32652404892553477,0.1767432323160057,-0.12310324598852607
2,gpboost_vecchia,273,-0.0974573122724918,-0.02087914992271038,-0.11712345255142154,0.18084192274903899,-0.01966614027892974
2,gpboost_vecchia,274,0.9552143975622938,0.8727322320285024,0.7535912167798147,0.3277042626643685,-0.2016231807824791
2,gpboost_vecchia,275,-0.33371230105445837,-0.18992359326845654,-0.0958713063238612,0.29881782330000123,0.23784099473059717
2,gpboost_vecchia,276,1.0986421893807834,1.1373532687210002,0.2654834492796172,0.33903926306608956,-0.8331587401011662
2,gpboost_vecchia,277,0.10330325114111599,0.1063523939449182,0.23813731641419178,0.38876433404385025,0.1348340652730758
2,gpboost_vecchia,278,0.964541340741859,0.9885960912149265,0.4700555524770178,0.32573098752557605,-0.49448578826484124
2,gpboost_vecchia,279,-0.6179721962669728,-0.44621142686466414,-0.7114914330294919,0.21955566819966674,-0.09351923676251916
2,gpboost_vecchia,280,-1.1232441203411552,-1.0575759891365712,-1.1572620134433995,0.2116783315053933,-0.034017893102244345
2,gpboost_vecchia,281,1.1342389001267354,1.243907518598646,0.7307791637538767,0.3215898681961207,-0.4034597363728587
2,gpboost_vecchia,282,-0.0888753178415563,0.2110960570500445,-0.4071929098285443,0.3125562935335508,-0.31831759198698795
2,gpboost_vecchia,283,0.8786795740614746,0.8528275196091833,0.9595934209247474,0.40814277291006,0.08091384686327285
2,gpboost_vecchia,284,2.007466536756569,1.9851765503425067,1.6350542331656936,0.2696758741412644,-0.3724123035908753
2,gpboost_vecchia,285,-0.25927413839988045,-0.21449145233225617,-0.3399596661316213,0.26393500173048584,-0.08068552773174087
2,gpboost_vecchia,286,-0.42541317854110416,-0.5233242486700621,-0.6928130362083893,0.1962724284162146,-0.26739985766728513
2,gpboost_vecchia,287,-0.14568066534762966,-0.21254188677047198,-0.026370256726315766,0.2398637654897807,0.1193104086213139
2,gpboost_vecchia,288,1.4229241152407748,1.3390110961546773,0.46477871296003004,0.29067673704843694,-0.9581454022807447
2,gpboost_vecchia,289,-0.27198500910929324,-0.09541751894730013,-0.08477330916088377,0.23534708167961524,0.18721169994840947
2,gpboost_vecchia,290,1.9248704983600076,1.9756843988024926,1.5507073303251935,0.24083195161730866,-0.3741631680348141
2,gpboost_vecchia,291,0.19622824272814712,0.15084448116067736,0.1120862719646678,0.18247292037021465,-0.08414197076347932
2,gpboost_vecchia,292,-0.4292012526661617,-0.5146724324261264,-0.5773795784408717,0.2961895543531025,-0.14817832577471002
2,gpboost_vecchia,293,-1.0135677820578026,-0.94476347887861,-0.8551659202814035,0.2013587919337938,0.15840186177639914
2,gpboost_vecchia,294,1.0698964274396237,1.1629645573835563,0.4895176415791678,0.3186643634254135,-0.5803787858604559
2,gpboost_vecchia,295,0.9087699717466424,0.8691757382621217,0.6163651090637086,0.3248738615331469,-0.29240486268293386
2,gpboost_vecchia,296,-0.31650103102169036,-0.22355767711138824,-0.43254538932438136,0.33244706460832363,-0.116044358302691
2,gpboost_vecchia,297,-0.2678540581118641,-0.3290841830619168,-0.2861107553113671,0.35246855072703975,-0.018256697199503014
2,gpboost_vecchia,298,-0.597256662209124,-0.4773953573786869,-0.33832389213113645,0.25926549776232644,0.25893277007798754
2,gpboost_vecchia,299,-0.2742345572873347,-0.2224885625606263,-0.1847948784185256,0.30209472418965355,0.0894396788688091
3,gpboost_vecchia,0,1.4406904926290356,1.579232488961787,1.4748536070599023,0.251353524515406,0.034163114430866726
3,gpboost_vecchia,1,0.5865408693285629,0.6188212672748996,0.44049940854635494,0.3484810469293907,-0.14604146078220792
3,gpboost_vecchia,2,0.7270728917205869,0.6808883685349092,0.8521883399824013,0.2854714879217708,0.12511544826181442
3,gpboost_vecchia,3,0.5918512449461529,0.717840844540288,0.7135022460452625,0.26872006113396446,0.12165100109910953
3,gpboost_vecchia,4,0.9118598392384374,1.0001697301508525,1.102076507888654,0.1887752838339834,0.1902166686502167
3,gpboost_vecchia,5,-0.0011284391033774543,-0.16417299724594048,0.16200716534505588,0.18958663246219962,0.16313560444843334
3,gpboost_vecchia,6,1.7075812642205062,1.7159382331791282,1.7401784188961287,0.2599980369179275,0.03259715467562252
3,gpboost_vecchia,7,0.607564386264987,0.662168369060301,0.6463858471705599,0.2372900647764126,0.038821460905572924
3,gpboost_vecchia,8,1.7925131902516336,1.7244596597134887,1.8939248028418234,0.22288624351588635,0.10141161259018983
3,gpboost_vecchia,9,0.7209664618554816,0.7019153307070408,0.9517519394606673,0.21700476178984635,0.23078547760518564
3,gpboost_vecchia,10,0.15748093524987816,0.09291058375047347,1.3129270943717017,0.28592735323009993,1.1554461591218237
3,gpboost_vecchia,11,-0.5949287124613878,-0.6401515237958494,0.04867169681705619,0.32895783485963564,0.643600409278444
3,gpboost_vecchia,12,1.1392340599261777,1.0406065719747555,1.185392649378798,0.24739495365801384,0.04615858945262041
3,gpboost_vecchia,13,-0.24038024817759548,-0.22753287622116017,0.04528084456135417,0.2335233694712983,0.2856610927389497
3,gpboost_vecchia,14,0.17520166460782205,0.06103028515810516,-0.05477965497975035,0.224527835295744,-0.2299813195875724
3,gpboost_vecchia,15,0.902820787567964,0.8334234093991144,0.8520457861022841,0.2677770116812542,-0.050775001465679925
3,gpboost_vecchia,16,0.707192601121359,0.6834715054367727,1.1794053822268538,0.3166399333504418,0.4722127811054948
3,gpboost_vecchia,17,0.1500810084563364,0.17992906454742874,0.13478913407177373,0.3504127956936074,-0.01529187438456267
3,gpboost_vecchia,18,1.8979804581338386,1.9104086369890145,1.8019670841432323,0.23746757873484012,-0.09601337399060639
3,gpboost_vecchia,19,0.27746606520610334,0.38744587675367836,0.7066268918713874,0.2776662648610392,0.42916082666528405
3,gpboost_vecchia,20,-0.28557036330838065,-0.34520434763775876,0.14645507394095958,0.29250609619978063,0.4320254372493402
3,gpboost_vecchia,21,0.5953318844769375,0.7160026541659701,0.4852374193280582,0.31934738348572356,-0.11009446514887933
3,gpboost_vecchia,22,-0.1571535660589236,-0.4048621314645988,-0.13816571981550752,0.23421738817657337,0.018987846243416096
3,gpboost_vecchia,23,1.4892726969373928,1.6205448345787157,1.3119143945815104,0.23992308123914619,-0.17735830235588246
3,gpboost_vecchia,24,1.8940871304906834,1.9051156663414628,2.0685484590226544,0.3235832185760404,0.17446132853197094
3,gpboost_vecchia,25,-0.6738704308677366,-0.7665530788303333,-0.0542140708841643,0.3134497450601246,0.6196563599835723
3,gpboost_vecchia,26,0.5739559477328714,0.5499763113732877,0.4146156300584032,0.38693274512084935,-0.1593403176744682
3,gpboost_vecchia,27,0.2296952437230822,0.19134793149067986,0.3841825824422287,0.1756268597646489,0.1544873387191465
3,gpboost_vecchia,28,2.4044359747194766,2.3714211460507135,1.9640414893073412,0.2465036500232443,-0.44039448541213533
3,gpboost_vecchia,29,0.060892859320363826,0.23413137229672137,-0.21453299076001997,0.22693966014403014,-0.2754258500803838
3,gpboost_vecchia,30,1.0397065402528771,1.0606458126713314,1.0188524487433153,0.3243811190245446,-0.020854091509561856
3,gpboost_vecchia,31,-0.3543267231720197,-0.44221805135142894,0.83345342316791,0.3158595190230323,1.1877801463399298
3,gpboost_vecchia,32,0.27738083041752415,0.30650687458919157,0.33115455328423593,0.23809863006432247,0.05377372286671178
3,gpboost_vecchia,33,0.20541995361189025,0.31155651801103745,0.4707663432063782,0.22811335362188864,0.265346389594488
3,gpboost_vecchia,34,0.7603669258934818,0.7161474205883326,1.2530936107718773,0.2877419636755421,0.49272668487839555
3,gpboost_vecchia,35,0.14947561233111772,0.18484538566426267,0.28139847301603993,0.24158109671471828,0.1319228606849222
3,gpboost_vecchia,36,0.5544839353276212,0.5586112799632333,0.8615962488105637,0.2673512428502521,0.30711231348294254
3,gpboost_vecchia,37,-0.12689608633849514,-0.038996732892308233,-0.08709178049655009,0.18832590346814523,0.039804305841945054
3,gpboost_vecchia,38,2.57519085081463,2.608274553453263,2.4209459374709503,0.2839152712544789,-0.15424491334367962
3,gpboost_vecchia,39,0.23701837188394248,0.14733573907047542,-0.19143775486212178,0.24845735272157018,-0.42845612674606426
3,gpboost_vecchia,40,0.32195684708435823,0.4777212390036387,0.23481193171639703,0.18317362851613375,-0.0871449153679612
3,gpboost_vecchia,41,1.1457822347846471,1.2047090877344149,0.9385617637768391,0.22036796967466585,-0.20722047100780805
3,gpboost_vecchia,42,0.780781444493956,0.8260243577883932,0.6479031888673532,0.24808452751043017,-0.13287825562660283
3,gpboost_vecchia,43,0.5625050584670644,0.599591631403002,0.2686603734377968,0.2699420720982866,-0.29384468502926764
3,gpboost_vecchia,44,1.0985707996277347,1.1345492936946016,1.1693494803539046,0.3496839476004951,0.07077868072616988
3,gpboost_vecchia,45,1.9073617888087941,1.9690163016738191,1.8975577897057718,0.24104060078030115,-0.00980399910302232
3,gpboost_vecchia,46,-0.15538868317540244,-0.19475888100459748,0.1709555288262159,0.2560855671571994,0.32634421200161834
3,gpboost_vecchia,47,-0.2624182696927223,-0.40791917963010216,0.4924835779421315,0.2400982142810872,0.7549018476348538
3,gpboost_vecchia,48,-0.0005112771905961822,0.013544364025209726,0.2919361177615549,0.3265123393026303,0.2924473949521511
3,gpboost_vecchia,49,-0.4552298036896229,-0.5726854377044057,-0.06402427410867872,0.21555400825225082,0.3912055295809442
3,gpboost_vecchia,50,0.11805244571363119,0.26740692397840427,0.12652105509755884,0.22715025990963703,0.008468609383927655
3,gpboost_vecchia,51,0.1983551889064572,0.08078092579757612,0.3094857162020972,0.2415400344994573,0.11113052729563999
3,gpboost_vecchia,52,2.720504714887216,2.8222593972459213,2.4423805550474107,0.2516920605771554,-0.27812415983980543
3,gpboost_vecchia,53,0.12925847545132985,0.16513349864690208,-0.04414789040291467,0.18186128926238887,-0.17340636585424452
3,gpboost_vecchia,54,0.013666551377152447,0.052575839865862055,-0.051143498606080584,0.281636140010451,-0.06481004998323303
3,gpboost_vecchia,55,0.9005494957872392,0.8301135642121051,0.6851235252236023,0.26900876761695974,-0.21542597056363688
3,gpboost_vecchia,56,0.17866314348967516,0.16918255590698336,-0.07796251531199516,0.19006987188344315,-0.2566256588016703
3,gpboost_vecchia,57,1.4110593659603183,1.255778556259326,1.1501887332131133,0.2795804643229786,-0.260870632747205
3,gpboost_vecchia,58,0.012868788649361793,-0.03640183961283784,0.003104318418863272,0.18478556020810172,-0.00976447023049852
3,gpboost_vecchia,59,-0.2373074528529463,-0.2412859340942089,-0.10740823256971055,0.2130899058597553,0.12989922028323575
3,gpboost_vecchia,60,-0.160996801277619,-0.17791849187330472,-0.1649099776109395,0.2830777963262075,-0.0039131763333205005
3,gpboost_vecchia,61,0.24053769455046015,0.1250943231187149,0.2242249737375417,0.26140715306306245,-0.016312720812918458
3,gpboost_vecchia,62,1.4707984452506662,1.6067078392108098,1.2236391039364847,0.20136003306017225,-0.2471593413141815
3,gpboost_vecchia,63,-0.33017966365125756,-0.4652725474866952,-0.1147192011454834,0.22541488689011197,0.21546046250577416
3,gpboost_vecchia,64,0.8611414288256294,0.8680222502887326,0.8626807692669658,0.347929825974558,0.001539340441336412
3,gpboost_vecchia,65,-0.4809744646700739,-0.4281757317801286,0.13236770872042314,0.3323297200381767,0.613342173390497
3,gpboost_vecchia,66,0.36586247248063086,0.364383459851838,0.3874437099886876,0.29300930033045847,0.02158123750805674
3,gpboost_vecchia,67,-0.09266456233596132,-0.2731606911472707,-0.40994181477652347,0.1791546687809858,-0.31727725244056215
3,gpboost_vecchia,68,0.35174785438784784,0.10840764749975071,0.1585855187912948,0.19979713476558594,-0.19316233559655305
3,gpboost_vecchia,69,-0.6258766643073971,-0.7456146130178203,-0.09934652933656452,0.3261514293150955,0.5265301349708326
3,gpboost_vecchia,70,0.9719278775401992,1.0110799344423285,0.6260163711819899,0.22485734473993496,-0.3459115063582092
3,gpboost_vecchia,71,0.2871374784379144,0.15046828922058986,-0.03624611777989628,0.2726587244780425,-0.32338359621781065
3,gpboost_vecchia,72,0.6847038280459569,0.8018094402941792,0.570192007011741,0.23279049259094917,-0.11451182103421587
3,gpboost_vecchia,73,0.22599266033616494,-0.13002877221137343,0.028251622805289145,0.2881900772192036,-0.1977410375308758
3,gpboost_vecchia,74,1.6298980494779798,1.5643453672226155,1.5939145885884116,0.26597462454942344,-0.035983460889568164
3,gpboost_vecchia,75,0.2650079110331451,0.437736125223546,0.7876848027057299,0.33360040726156,0.5226768916725848
3,gpboost_vecchia,76,0.9399521028257832,0.8222129099397767,0.8771598669477818,0.2521133307682577,-0.06279223587800142
3,gpboost_vecchia,77,1.0795252591165336,1.085012161074387,1.0734933612361637,0.43589678342508437,-0.006031897880369952
3,gpboost_vecchia,78,-0.7483256954432749,-0.7529185374877185,0.2892724299401621,0.3406252486133012,1.037598125383437
3,gpboost_vecchia,79,0.23349989934343357,0.1960498642094866,1.123625080986777,0.3342737069810315,0.8901251816433433
3,gpboost_vecchia,80,1.3999065526870136,1.2021021572185866,1.5521658856014966,0.2947680983700768,0.15225933291448301
3,gpboost_vecchia,81,1.3515374387012624,1.4059152117196798,1.3865268451208763,0.22497875840522624,0.0349894064196139
3,gpboost_vecchia,82,-0.5950456725396218,-0.6491866906961328,-0.3898065355239453,0.2740752922989387,0.20523913701567653
3,gpboost_vecchia,83,2.382808170545203,2.3498263247474904,2.464376288487081,0.20022019999843826,0.0815681179418779
3,gpboost_vecchia,84,0.28786244733445476,0.34516102596385795,0.685926591745325,0.36839944059374374,0.39806414441087024
3,gpboost_vecchia,85,1.657611430266215,1.6788144717305915,1.4815451373719064,0.28177956605128046,-0.17606629289430864
3,gpboost_vecchia,86,1.3608328444614632,1.4094407429931164,1.2337293789007688,0.254183247738752,-0.1271034655606944
3,gpboost_vecchia,87,0.03369072641728876,-0.004015363568100755,0.6160382621227143,0.31453615048322336,0.5823475357054255
3,gpboost_vecchia,88,1.0960417978393324,0.9738854381992689,1.0966165590830776,0.4094595711010742,0.0005747612437452254
3,gpboost_vecchia,89,0.17625183473856743,0.22512191960184755,0.9166719405433383,0.33034658877660916,0.7404201058047709
3,gpboost_vecchia,90,-0.23702208482709808,-0.34869560444766906,0.11622215448258544,0.22154188103081807,0.3532442393096835
3,gpboost_vecchia,91,0.9270351955339895,0.8337175784709289,1.0051926145536996,0.29237057364540237,0.07815741901971007
3,gpboost_vecchia,92,0.07290954112182857,0.09470166828071674,-0.0969757875853432,0.19041539042039887,-0.16988532870717177
3,gpboost_vecchia,93,-0.449902488098624,-0.35954571326823803,0.4851208095092545,0.2718087683468624,0.9350232976078785
3,gpboost_vecchia,94,2.071847220437641,2.2697193382740015,2.019437999847913,0.24469794430121272,-0.05240922058972819
3,gpboost_vecchia,95,-0.384044888706538,-0.5755119219629066,-0.17656856186114922,0.3035311418743745,0.2074763268453888
3,gpboost_vecchia,96,0.8429704801482433,0.9662476213188628,0.6947717805281073,0.30831314939012466,-0.148198699620136
3,gpboost_vecchia,97,0.14869497006264887,0.134248119205341,-0.11871362341985758,0.21408606554387555,-0.26740859348250645
3,gpboost_vecchia,98,-0.6843776298778486,-0.7131998976118412,0.2359196392052496,0.35150194471459467,0.9202972690830982
3,gpboost_vecchia,99,-0.6071045127355211,-0.6452128683449609,-0.31691759790164653,0.20940392931733273,0.2901869148338746
3,gpboost_vecchia,100,0.8868933371498009,0.8780291397693574,1.0637101181834545,0.22849985258993094,0.1768167810336536
3,gpboost_vecchia,101,-0.6866681200460203,-0.6404386585388923,-0.1875988262849333,0.2442020698153732,0.499069293761087
3,gpboost_vecchia,102,-0.5646901436118681,-0.4879960657637048,-0.42380710506053276,0.20855868593621654,0.14088303855133533
3,gpboost_vecchia,103,1.959337972902142,2.0122652814769015,1.9995465266143562,0.2470087456890494,0.0402085537122141
3,gpboost_vecchia,104,1.814945791332656,1.8046892525792837,1.945662859929513,0.2141005849935111,0.13071706859685683
3,gpboost_vecchia,105,0.38701849656479076,0.4550072105415728,0.9820489826902943,0.3187184731513191,0.5950304861255036
3,gpboost_vecchia,106,0.032125236814468744,0.0074995489132313395,-0.2495931106832323,0.1957000035499437,-0.2817183474977011
3,gpboost_vecchia,107,-0.009033793192784592,0.32883402453683913,0.13607993953470654,0.22446693462891926,0.14511373272749112
3,gpboost_vecchia,108,0.25300079501889483,0.3625236182068298,0.16230479356751815,0.16106491958338623,-0.09069600145137668
3,gpboost_vecchia,109,-0.5263083031638287,-0.44642928668461523,-0.1859022061505513,0.33779534965949204,0.3404060970132774
3,gpboost_vecchia,110,1.7792759932784894,1.8853972391358986,1.8264197925938959,0.2926503100501816,0.047143799315406465
3,gpboost_vecchia,111,-0.22757066799040748,-0.28895509799273467,-0.1356153881358111,0.22589101539780396,0.0919552798545964
3,gpboost_vecchia,112,1.0079536671357807,1.056580090005691,1.2428233952526604,0.26595709696269704,0.23486972811687967
3,gpboost_vecchia,113,-0.882405976677402,-0.835917176812217,-0.1861328907159283,0.24218387141836947,0.6962730859614736
3,gpboost_vecchia,114,0.3793223512218118,0.4684790193076511,0.5757617138509623,0.2539039616332303,0.19643936262915052
3,gpboost_vecchia,115,0.3380326638605327,0.313636966966054,0.49502852665212416,0.21195543950475404,0.15699586279159145
3,gpboost_vecchia,116,0.6621855814887649,0.5757625834715157,0.8656719363959375,0.2515755295830924,0.2034863549071726
3,gpboost_vecchia,117,2.532391852844254,2.556545041133553,2.315841772058917,0.23252660818568618,-0.21655008078533688
3,gpboost_vecchia,118,0.11997044306644827,0.10051149126810162,0.279529058661673,0.26419359284956595,0.15955861559522472
3,gpboost_vecchia,119,1.4512351543610897,1.3879736702402683,1.2331138542577058,0.26458581754647675,-0.21812130010338393
3,gpboost_vecchia,120,1.2251547093588613,1.3455966539406181,0.9046766109825768,0.23551253416152282,-0.3204780983762845
3,gpboost_vecchia,121,0.7790716978306257,0.9209742836520391,0.9583906381686891,0.24767650941357228,0.1793189403380634
3,gpboost_vecchia,122,-0.10446120464490813,-0.08273372716407773,-0.4304209759667259,0.2339538515958327,-0.32595977132181775
3,gpboost_vecchia,123,0.47445780290729783,0.4630177500227568,0.5559585425792299,0.2470753987041574,0.08150073967193211
3,gpboost_vecchia,124,0.2906069681698953,0.2978435978375502,0.24976438569750314,0.2040317727038557,-0.04084258247239214
3,gpboost_vecchia,125,0.4456593672532387,0.5204510901414996,0.6460072339181657,0.2778043091860461,0.20034786666492704
3,gpboost_vecchia,126,-0.28475136181044075,-0.331810887853914,-0.0027552186002388623,0.291473867724213,0.2819961432102019
3,gpboost_vecchia,127,-0.6075542463915168,-0.594872528728672,-0.029532231576716583,0.31775547763472695,0.5780220148148002
3,gpboost_vecchia,128,0.06724549669027247,-0.11146124045319733,0.04581604354627444,0.21061127900692653,-0.021429453143998023
3,gpboost_vecchia,129,-0.42184872059597495,-0.4825089730673008,-0.13865565899382304,0.21356980253926822,0.2831930616021519
3,gpboost_vecchia,130,2.3223093815590117,2.2193097969679485,2.293083989981845,0.1563546800788015,-0.029225391577166526
3,gpboost_vecchia,131,0.03422720286186634,0.018962361860407465,0.18906332825684302,0.2416635843630269,0.15483612539497668
3,gpboost_vecchia,132,-0.3378159924183637,-0.3449204421603272,-0.15918866812594246,0.3004782420558774,0.17862732429242123
3,gpboost_vecchia,133,1.2142117759228834,1.0550665025088142,1.5316755320867301,0.25739110076767224,0.3174637561638467
3,gpboost_vecchia,134,0.1933182624108033,0.07948538239149491,1.3540763464422874,0.2682541734969781,1.160758084031484
3,gpboost_vecchia,135,2.3391180291191103,2.410862640784851,2.232322477882576,0.17402033281081616,-0.10679555123653417
3,gpboost_vecchia,136,0.06770860423768865,0.15944025699378245,0.8210135544484665,0.2370346484688472,0.7533049502107778
3,gpboost_vecchia,137,-0.1266349989302126,-0.1909055929306405,-0.06392933327496308,0.18997858870423162,0.06270566565524952
3,gpboost_vecchia,138,0.019702796725685492,0.08666040932223922,-0.030310548186061936,0.1848405330110654,-0.05001334491174743
3,gpboost_vecchia,139,0.5820391041156796,0.5653720491198216,1.2453669624319232,0.28811139088366644,0.6633278583162436
3,gpboost_vecchia,140,1.3406593387878802,1.344250934891709,1.0245272417224385,0.29498613568025334,-0.31613209706544176
3,gpboost_vecchia,141,1.2238842489738855,1.2306355284016637,1.4649595394041377,0.29335285547539863,0.24107529043025222
3,gpboost_vecchia,142,2.4182006953372808,2.5582813784701792,2.645497263671359,0.19557159227502663,0.2272965683340784
3,gpboost_vecchia,143,0.15204296756590296,0.16544301825844696,-0.21235049274035944,0.28486638096835293,-0.3643934603062624
3,gpboost_vecchia,144,0.5232609681856869,0.5397889843838741,1.2185885777729872,0.26070968208423567,0.6953276095873003
3,gpboost_vecchia,145,1.085765319042769,1.0982843763907595,1.3068345851912149,0.2644648357761182,0.2210692661484459
3,gpboost_vecchia,146,-0.09342731041707455,-0.09842223140534583,0.9827448638582403,0.3088194897950539,1.076172174275315
3,gpboost_vecchia,147,0.6252695716908881,0.7109527844889669,0.6359932603685863,0.29759815501328457,0.010723688677698129
3,gpboost_vecchia,148,1.0713331912514927,0.9567083688307483,1.147014958636678,0.30846647687912354,0.07568176738518528
3,gpboost_vecchia,149,0.39396993753105697,0.6139329432590732,0.5823842800976813,0.2665245351155435,0.18841434256662432
3,gpboost_vecchia,150,1.2178583995091499,1.1556601941081763,0.9109754451986376,0.24012474340535167,-0.30688295431051227
3,gpboost_vecchia,151,0.07943941902631266,0.14582020966026876,0.102110718916812,0.2205364249006075,0.022671299890499347
3,gpboost_vecchia,152,0.6370033240999071,0.755038454104181,0.8829393641546055,0.3513932057627646,0.24593604005469838
3,gpboost_vecchia,153,0.8743228926969802,0.923786384223743,1.0263606995489205,0.20800635426081718,0.15203780685194035
3,gpboost_vecchia,154,0.020412386107502373,-0.22647607028796227,-0.03055760827984244,0.1546008385552405,-0.050969994387344814
3,gpboost_vecchia,155,0.7197671943145613,0.690951315375231,1.1017457744139882,0.23148267205948578,0.381978580099427
3,gpboost_vecchia,156,2.052177945329054,2.039711213296904,1.9139678639375326,0.24035223007554748,-0.13821008139152147
3,gpboost_vecchia,157,1.7102933375349527,1.7751936724722504,1.6785048191277596,0.2782415736231206,-0.0317885184071931
3,gpboost_vecchia,158,0.47856300677305796,0.5367414169950958,0.20623463108325168,0.27252285358954315,-0.2723283756898063
3,gpboost_vecchia,159,-0.6758112392656408,-0.5899618742168311,-0.09082854922689165,0.32429257497712466,0.5849826900387491
3,gpboost_vecchia,160,0.8100410400239132,0.8279608581746539,1.076616648439785,0.25354083759895735,0.2665756084158718
3,gpboost_vecchia,161,-0.7167566840252364,-0.6029557183030559,0.2569137656318041,0.30853877969621174,0.9736704496570405
3,gpboost_vecchia,162,0.3948645254211498,0.4069786253655364,0.5331261254057438,0.3195627524801387,0.13826159998459397
3,gpboost_vecchia,163,1.2118316782640852,1.3046607500576317,1.133336531708835,0.19878153893649098,-0.07849514655525014
3,gpboost_vecchia,164,1.2215956247016342,1.310014924176848,1.4473153040931415,0.1989424648757901,0.22571967939150728
3,gpboost_vecchia,165,0.5847074546202208,0.6001286110830946,0.41830230127694534,0.3912358559816678,-0.16640515334327544
3,gpboost_vecchia,166,-0.6241131396744964,-0.501742769778694,-0.31965510555676957,0.28796326223949176,0.3044580341177269
3,gpboost_vecchia,167,0.2895811768665658,0.36665286928114554,0.4780144906754522,0.23614268270116354,0.1884333138088864
3,gpboost_vecchia,168,0.8295327098201326,0.8425089967416919,1.1622835579412367,0.2237124642476531,0.3327508481211041
3,gpboost_vecchia,169,1.8241168430866064,1.768423140006969,1.5785781418535478,0.28134602806100406,-0.24553870123305854
3,gpboost_vecchia,170,0.14917782921861972,0.1710855476166474,0.04342981816185798,0.30745735623480747,-0.10574801105676174
3,gpboost_vecchia,171,0.5195776671290113,0.5807677723399017,0.829871201678543,0.25071026966456,0.3102935345495317
3,gpboost_vecchia,172,0.9099211924680841,0.7881611428527813,1.1626138480842094,0.27961484299992456,0.2526926556161253
3,gpboost_vecchia,173,0.12893451855585672,0.041229492740921456,-0.06528862701956939,0.24720972315550058,-0.1942231455754261
3,gpboost_vecchia,174,-0.5655271491389171,-0.5457955499587105,-0.4214910422807421,0.3106610341781792,0.14403610685817503
3,gpboost_vecchia,175,1.2531658459807438,1.1854337769848533,1.5404830869020465,0.23999312849335613,0.28731724092130273
3,gpboost_vecchia,176,0.1606723896263313,0.26865206228729127,0.11934477275406152,0.24650050453725836,-0.04132761687226977
3,gpboost_vecchia,177,0.6031240610145668,0.7354460744397759,1.2229870269622474,0.270405922083874,0.6198629659476805
3,gpboost_vecchia,178,0.07461043219506705,0.07507670180547829,0.8926728825851846,0.32395881988036646,0.8180624503901176
3,gpboost_vecchia,179,1.3507043746731995,1.3220374973759668,1.3451733337415561,0.2789434185318187,-0.005531040931643361
3,gpboost_vecchia,180,0.2553431009430581,0.10302935855900797,0.0865581306929144,0.24484982145775813,-0.16878497025014372
3,gpboost_vecchia,181,0.49392665175255956,0.36868258324146835,0.6272028355015564,0.2933568562508621,0.13327618374899686
3,gpboost_vecchia,182,0.8584257217006946,0.9445443772926753,0.9081475425967476,0.18923868058524762,0.049721820896052926
3,gpboost_vecchia,183,1.2733406896201571,1.3185362904967333,1.1794393813493755,0.3194173315373879,-0.09390130827078158
3,gpboost_vecchia,184,0.373776845518582,0.5521117500384836,0.9981044068558695,0.2969924064063901,0.6243275613372876
3,gpboost_vecchia,185,0.23521561886564163,0.2552791031670953,1.1840427532643147,0.3297753736937844,0.9488271343986732
3,gpboost_vecchia,186,1.156372067905337,1.260276301090017,1.099336826421771,0.38855318953307133,-0.05703524148356598
3,gpboost_vecchia,187,0.3139265262472325,0.4272346171584497,0.6538538349019625,0.22611615797028875,0.33992730865473
3,gpboost_vecchia,188,0.45481335466071104,0.461598236531906,0.9791204419991715,0.3537632560183405,0.5243070873384604
3,gpboost_vecchia,189,-0.841095713655438,-0.7082329758898726,-0.14181486956125866,0.3085667297590922,0.6992808440941793
3,gpboost_vecchia,190,0.547179900293437,0.31927635337180543,0.7430137649302146,0.2206981506490023,0.19583386463677765
3,gpboost_vecchia,191,1.2989584384815829,1.0593521566928776,1.4923412639016114,0.22553089733621326,0.1933828254200285
3,gpboost_vecchia,192,0.5691099570890007,0.7179055016120864,0.41588914673630484,0.23454161768631437,-0.15322081035269586
3,gpboost_vecchia,193,-0.5396480130424527,-0.6447892902707788,-0.13131475489237587,0.28647189885705865,0.4083332581500768
3,gpboost_vecchia,194,-0.12569694362001121,0.037066243415090516,-0.2198807465920254,0.18294167452180465,-0.09418380297201417
3,gpboost_vecchia,195,-0.05374532566825127,0.10724891663831387,0.47054145751156184,0.34742376230092187,0.5242867831798131
3,gpboost_vecchia,196,0.16851983465502207,0.1275670738690631,-0.004466679814790098,0.25863469888303836,-0.17298651446981217
3,gpboost_vecchia,197,0.5991065528596875,0.4507756809555029,0.38763699258566575,0.2801950432620267,-0.21146956027402175
3,gpboost_vecchia,198,0.8742387228258637,0.8999887204125832,1.1186526107582466,0.2518065801124379,0.24441388793238294
3,gpboost_vecchia,199,1.5167236750166555,1.6615862488423505,1.2682772626493346,0.352285700150556,-0.2484464123673209
3,gpboost_vecchia,200,0.24192848270501605,0.22292544857898136,0.5291725014033197,0.20383729340715098,0.2872440186983037
3,gpboost_vecchia,201,0.14448033409907624,0.337465994967132,0.21700036547985135,0.2622982294199752,0.07252003138077512
3,gpboost_vecchia,202,-0.1878727771955482,-0.1839030673407385,0.38818293039685514,0.3734492262386826,0.5760557075924033
3,gpboost_vecchia,203,0.8144990338245106,0.8317027234309392,1.1302918798093238,0.2583204591844422,0.31579284598481316
3,gpboost_vecchia,204,1.0291796602051986,0.9460026609156399,1.209997125116928,0.2880046471247425,0.18081746491172934
3,gpboost_vecchia,205,0.7887863876636445,0.6798869837341172,0.5821998885115107,0.23158030747412126,-0.20658649915213378
3,gpboost_vecchia,206,-0.05886669573730499,-0.10584942108225862,0.19240024518896703,0.23517419331896972,0.251266940926272
3,gpboost_vecchia,207,-0.6471615248779277,-0.6488430793812053,-0.36283414132560665,0.3432821513416125,0.284327383552321
3,gpboost_vecchia,208,0.8929539757757826,0.9537666894692052,1.0238568367956766,0.37211230046113564,0.130902861019894
3,gpboost_vecchia,209,0.28641182327413717,0.11593533377953541,0.17389626176651163,0.22870284257495985,-0.11251556150762554
3,gpboost_vecchia,210,0.20375885820059056,0.387105268156149,0.31052880074156874,0.2595736236141857,0.10676994254097819
3,gpboost_vecchia,211,0.5223708548943315,0.48119471262036106,1.230385437062722,0.3101300241132723,0.7080145821683905
3,gpboost_vecchia,212,0.7937037152232326,0.769705813553055,0.47567374484545866,0.2911446567809957,-0.3180299703777739
3,gpboost_vecchia,213,1.6067973014956105,1.674099100763553,1.5101257938561972,0.24281035783425692,-0.09667150763941335
3,gpboost_vecchia,214,-0.24023909745698388,-0.39180248981809307,-0.0017266746875144179,0.2321243132643654,0.23851242276946946
3,gpboost_vecchia,215,1.0423370729812973,1.0165337584639262,1.2431193529063798,0.345634625780104,0.20078227992508246
3,gpboost_vecchia,216,0.35858265156431923,0.3727786101017431,0.9073226236550784,0.370661805542332,0.5487399720907592
3,gpboost_vecchia,217,1.4526708506583996,1.3430113356734792,1.2828106058871924,0.20930517966701134,-0.1698602447712072
3,gpboost_vecchia,218,1.0916062927393542,1.299252343177339,1.2701496470161473,0.2993222251969701,0.17854335427679313
3,gpboost_vecchia,219,0.8920112465410354,0.8310198698360703,1.1231141163647678,0.3119987380138055,0.2311028698237324
3,gpboost_vecchia,220,-0.6923929035936461,-0.7534406218416916,0.013390245402696621,0.3107796306517854,0.7057831489963428
3,gpboost_vecchia,221,0.6190207210246985,0.637452987394311,1.0266051697045953,0.24827083492074323,0.40758444867989674
3,gpboost_vecchia,222,0.44036332471650586,0.47219583638725776,1.0603428435264668,0.23786558648005618,0.6199795188099609
3,gpboost_vecchia,223,1.2545774095156976,1.2025116118331804,1.1948113603286856,0.2796184711705228,-0.059766049187012005
3,gpboost_vecchia,224,0.8891491244757666,0.9518046091953907,1.1741871407654472,0.34275768129351414,0.2850380162896806
3,gpboost_vecchia,225,1.2190289462414206,1.2258261006819267,1.160357793596738,0.2875575524505369,-0.05867115264468259
3,gpboost_vecchia,226,0.013155667994791578,0.011550750598113347,-0.006811880022233652,0.20424825763369725,-0.01996754801702523
3,gpboost_vecchia,227,0.7678493958170289,0.8260741898582137,1.0368790633896623,0.2568497682655697,0.26902966757263336
3,gpboost_vecchia,228,1.1547507359129643,1.2455791400539096,1.2014316266966745,0.25826085769009866,0.04668089078371018
3,gpboost_vecchia,229,0.998587696161275,0.8906466836311117,1.1313451365466776,0.3016792070398966,0.1327574403854026
3,gpboost_vecchia,230,0.7319258319846601,0.8159259878611513,0.8622010302737202,0.22616665707676764,0.1302751982890601
3,gpboost_vecchia,231,1.3303162063893845,1.4870030541320647,1.2869609004081752,0.16058062355412633,-0.04335530598120929
3,gpboost_vecchia,232,-0.43761647992198544,-0.23304575592657006,0.13984463521308754,0.31142102758739704,0.577461115135073
3,gpboost_vecchia,233,0.9508357446801184,1.0247395802207877,0.9998583278836684,0.27494595172189273,0.04902258320354991
3,gpboost_vecchia,234,0.5311283871951125,0.3577572855361946,0.5027935763059546,0.24629273933772877,-0.028334810889157902
3,gpboost_vecchia,235,-0.02375770885152878,-0.1306890505993471,0.9066113129505879,0.34252125001746303,0.9303690218021168
3,gpboost_vecchia,236,1.1989103512485588,1.2410905435723232,1.3214445337889806,0.2770469748533783,0.12253418254042181
3,gpboost_vecchia,237,0.18374604733006922,0.11944561280898315,-0.18845552367952934,0.22580150463661186,-0.37220157100959855
3,gpboost_vecchia,238,1.242137059944002,1.237127461084229,1.3462402315593422,0.27426007275120606,0.10410317161534022
3,gpboost_vecchia,239,1.396979573228652,1.3389172494316055,1.367655129144378,0.1718631223185184,-0.02932444408427415
3,gpboost_vecchia,240,0.7245023813681,0.7766728160223773,0.9859161817098681,0.2880870223669604,0.2614138003417681
3,gpboost_vecchia,241,0.7478712045245373,0.8449345551211691,0.49385442077629094,0.3882072850208794,-0.2540167837482463
3,gpboost_vecchia,242,1.0127804075864457,1.0432691412799722,1.3660616055279355,0.26444219997974666,0.3532811979414898
3,gpboost_vecchia,243,2.1834383116006437,2.2608648334111954,2.208918593630848,0.31589754603712134,0.02548028203020447
3,gpboost_vecchia,244,2.2627910087623917,2.2416882007786274,2.5244212196449176,0.2075848804659679,0.2616302108825259
3,gpboost_vecchia,245,1.0335179205998144,1.113647911494392,1.1342771201290667,0.1885519130225814,0.10075919952925227
3,gpboost_vecchia,246,-0.23450444989900188,-0.35289440436409164,-0.10679559305273045,0.17541012067224632,0.12770885684627142
3,gpboost_vecchia,247,1.369302181206108,1.2713800259708727,1.085563432611,0.2376054111431367,-0.28373874859510795
3,gpboost_vecchia,248,0.18994509907915894,0.21196801488030095,0.17646802762295977,0.3569576699690673,-0.013477071456199169
3,gpboost_vecchia,249,-0.12520326434254397,-0.012044761153618022,-0.16872263489087658,0.24984051488192038,-0.0435193705483326
3,gpboost_vecchia,250,-0.7882649383014917,-0.8138357782735304,-0.20802030508727753,0.3327974696466964,0.5802446332142142
3,gpboost_vecchia,251,0.2178422875313346,0.23854991780704785,0.2216115995111494,0.18805484200249767,0.0037693119798147823
3,gpboost_vecchia,252,0.37387613604653236,0.36173985676477705,-0.0365313215534151,0.2635164025593153,-0.41040745759994746
3,gpboost_vecchia,253,1.1948597161463572,1.2108903901454335,1.408746556997663,0.30365706525499153,0.21388684085130572
3,gpboost_vecchia,254,1.4617535964794373,1.455790474243026,1.1778070151803277,0.28931477798832494,-0.28394658129910955
3,gpboost_vecchia,255,1.2822140536946187,1.30933810234435,1.0026986170664038,0.2873577136993271,-0.2795154366282149
3,gpboost_vecchia,256,0.0763957314407353,-0.03506604222330095,1.1823210738641485,0.30109868419719454,1.1059253424234132
3,gpboost_vecchia,257,0.5925670744961338,0.739349910133243,0.4396656233456504,0.21045396723561774,-0.15290145115048337
3,gpboost_vecchia,258,1.8990555524018713,1.793329566971501,2.009005667602281,0.32143133045685796,0.10995011520040987
3,gpboost_vecchia,259,1.3024991612215508,1.315240740789744,1.5919420482516422,0.2442760176335638,0.28944288703009136
3,gpboost_vecchia,260,0.4638115548524486,0.38883804409022665,0.9415357091843468,0.4436984089023809,0.4777241543318982
3,gpboost_vecchia,261,0.8542767399710647,1.0058022323146245,1.0167770093862032,0.2563249427673254,0.1625002694151385
3,gpboost_vecchia,262,-0.3565614720526852,-0.4586437709650608,0.7505332750824856,0.3280415580542262,1.1070947471351706
3,gpboost_vecchia,263,2.5409764902388234,2.478910472602296,2.4150562865899836,0.2781001957590378,-0.12592020364883982
3,gpboost_vecchia,264,0.5505226009934958,0.37374462886790266,0.9440598870644941,0.21634607874425968,0.39353728607099825
3,gpboost_vecchia,265,1.1654786341109804,1.11143202354848,1.3356970333383487,0.24393413482857793,0.17021839922736826
3,gpboost_vecchia,266,-0.20600811387776666,-0.13552650487653595,-0.11208962063483341,0.2030704214735829,0.09391849324293325
3,gpboost_vecchia,267,-0.659680068287117,-0.6036969307760711,0.03978663889881062,0.26469729123275415,0.6994667071859276
3,gpboost_vecchia,268,0.7161667944004955,0.691208856747084,0.5158891524073574,0.2590585651689885,-0.20027764199313802
3,gpboost_vecchia,269,0.28372285947520826,0.35271904043163965,0.2829183481899733,0.2373316690349297,-0.0008045112852349545
3,gpboost_vecchia,270,1.5948502153058841,1.6609320648567314,1.929070121888664,0.2717396844536294,0.3342199065827798
3,gpboost_vecchia,271,-0.6596430634252564,-0.6151422823366547,-0.3783669663232878,0.2815863350184201,0.28127609710196855
3,gpboost_vecchia,272,-0.39497835758689537,-0.13231881623260183,-0.14448185659286494,0.30480465527945333,0.2504965009940304
3,gpboost_vecchia,273,0.899953488772998,0.89202408062035,0.7909810592328377,0.29784566726237005,-0.10897242954016029
3,gpboost_vecchia,274,-0.1928539027196341,-0.21125742713346965,-0.1884664887993459,0.2068842936693983,0.004387413920288186
3,gpboost_vecchia,275,0.24035430602160832,0.17711819155584674,-0.36223189601912864,0.2852907542822181,-0.602586202040737
3,gpboost_vecchia,276,2.5427074527041507,2.672276995570317,2.480788686004381,0.22070162790368467,-0.06191876669976981
3,gpboost_vecchia,277,1.1460768960090404,0.9748205293538261,1.385413588929147,0.17279922328622277,0.23933669292010662
3,gpboost_vecchia,278,2.93406793829962,2.927546779980685,2.7192185920467864,0.2613580296188428,-0.21484934625283358
3,gpboost_vecchia,279,0.8755623190846497,0.8861263485111313,1.1794283726262655,0.2632049474290672,0.3038660535416159
3,gpboost_vecchia,280,0.9753493003244248,0.8250189735459363,0.9980038800830009,0.2720110495776028,0.0226545797585761
3,gpboost_vecchia,281,1.9921468511159512,1.9947515832549232,2.0751768968252158,0.31189362122299324,0.08303004570926453
3,gpboost_vecchia,282,0.7387623013595694,0.4595161810104954,0.7884207514121506,0.26899073886393876,0.04965845005258118
3,gpboost_vecchia,283,0.5455880032720224,0.5197801035831824,1.1280839776667442,0.31161176964290715,0.5824959743947218
3,gpboost_vecchia,284,2.599102986418519,2.5151757753023043,2.8770621328171266,0.22169974613345164,0.2779591463986075
3,gpboost_vecchia,285,0.1475319840675255,0.21422769095074373,0.08842569307025272,0.20382898648026748,-0.05910629099727277
3,gpboost_vecchia,286,1.2023984873062825,1.1760072458620314,1.1728825695780145,0.17565836947325453,-0.029515917728268004
3,gpboost_vecchia,287,-0.2788632821521799,-0.2471747141533399,-0.2649694275005601,0.2613517531013016,0.013893854651619852
3,gpboost_vecchia,288,-0.2968185011258215,-0.2685770159133009,-0.14292353935181623,0.20079746084009809,0.15389496177400525
3,gpboost_vecchia,289,0.7546269815273574,0.9925479032336517,0.41603200870257595,0.2186209618324074,-0.33859497282478146
3,gpboost_vecchia,290,1.141787057618523,1.1175167093653384,1.2191055101045194,0.31492027866795685,0.07731845248599645
3,gpboost_vecchia,291,1.2653493775268796,1.2765444959915593,1.1075089264750382,0.3620919676248195,-0.1578404510518414
3,gpboost_vecchia,292,-0.42269019383870143,-0.45998049463262375,0.08227060495298488,0.304029087881646,0.5049607987916863
3,gpboost_vecchia,293,-0.2030954794956362,-0.17286232292593268,-0.36539382765434425,0.21736234343388425,-0.16229834815870806
3,gpboost_vecchia,294,2.163054618640293,2.271199221753171,1.7479160069824822,0.28469462223993625,-0.41513861165781085
3,gpboost_vecchia,295,1.3226898151229651,1.3473576359823511,1.0748201368363652,0.3990496689639469,-0.2478696782865999
3,gpboost_vecchia,296,-0.282789565408905,-0.25989663899420595,-0.13402479187896432,0.22935409850312244,0.14876477352994066
3,gpboost_vecchia,297,1.509645403723088,1.6020920239884335,1.5429722311711345,0.25444587021456355,0.03332682744804649
3,gpboost_vecchia,298,-0.14704693046779427,-0.0746969658653243,-0.04377028864915644,0.22071004060496013,0.10327664181863783
3,gpboost_vecchia,299,-0.7206039488820013,-0.8475822913372927,0.3528104256368749,0.31784998875664866,1.0734143745188762
4,gpboost_vecchia,0,-0.34424047661338353,-0.43861305219585256,-0.323642358236631,0.15258553031953537,0.020598118376752517
4,gpboost_vecchia,1,0.10947117873161555,-0.027832757114926415,0.41985736195409373,0.3131772791647515,0.3103861832224782
4,gpboost_vecchia,2,-0.10842705293314417,-0.12396395599802408,0.33291371228945543,0.5307739278561096,0.4413407652225996
4,gpboost_vecchia,3,1.0679130089378908,1.133876678395587,0.47055926894288547,0.4944844618241025,-0.5973537399950053
4,gpboost_vecchia,4,-0.902888420978524,-0.7327354811749792,-0.552419573643272,0.3487095163262044,0.35046884733525197
4,gpboost_vecchia,5,-1.041719716669242,-0.986710293709711,-0.7634120245447837,0.3350050564472384,0.2783076921244583
4,gpboost_vecchia,6,-0.5683475512452834,-0.46139763944684925,-0.6292430843282517,0.28718226985986955,-0.060895533082968356
4,gpboost_vecchia,7,-1.1321091825794787,-0.974495884850913,-0.8286725586668542,0.2027600881427201,0.3034366239126245
4,gpboost_vecchia,8,0.4570840298455139,0.5689886448601207,0.674788932916945,0.29700540615864934,0.2177049030714311
4,gpboost_vecchia,9,0.5003954941938472,0.48064650153959826,0.3264464428923155,0.3262853691416139,-0.1739490513015317
4,gpboost_vecchia,10,-0.6824837868830761,-0.635905588855967,-0.16768577867607348,0.2956373470793438,0.5147980082070026
4,gpboost_vecchia,11,-0.5350898775818024,-0.5936669786566728,-0.5585509022760338,0.13717018357025268,-0.02346102469423139
4,gpboost_vecchia,12,-0.5412045153256627,-0.6167958324774054,-0.2650638348710679,0.26792692971014753,0.27614068045459483
4,gpboost_vecchia,13,0.2886921066567185,0.05889090280984027,0.35496381493612716,0.37038380760809636,0.06627170827940865
4,gpboost_vecchia,14,-1.0686681579175799,-1.055959822568743,-1.3526897518145962,0.3347587654234633,-0.2840215938970163
4,gpboost_vecchia,15,-1.480886610764525,-1.4374041727836802,-1.3720590570563083,0.3880644028945212,0.10882755370821684
4,gpboost_vecchia,16,-1.2777501395204736,-1.209483098046119,-0.9731399210137006,0.3093190111069278,0.30461021850677295
4,gpboost_vecchia,17,-1.1425332593510342,-1.0827922696199135,-1.2480357283257337,0.2331177283094269,-0.1055024689746995
4,gpboost_vecchia,18,-0.6981958609325614,-0.81618048190468,0.24783268238667588,0.35646168179799154,0.9460285433192372
4,gpboost_vecchia,19,-0.009179273799997667,-0.046937901215107075,-0.3718949442555388,0.42903053115242334,-0.36271567045554115
4,gpboost_vecchia,20,0.07117044831581912,0.07245518934005712,0.33389164146478834,0.2851507784386544,0.26272119314896925
4,gpboost_vecchia,21,-1.9629229422000316,-1.9259237481553244,-1.5915890957894376,0.18164588728519476,0.37133384641059397
4,gpboost_vecchia,22,0.19788711708136308,0.18531346818255842,0.28331584822777245,0.25861453144116825,0.08542873114640936
4,gpboost_vecchia,23,-1.815585339461651,-1.8652828454482782,-1.9114146586669136,0.25501016914394475,-0.09582931920526261
4,gpboost_vecchia,24,-1.1282002181763027,-1.1115753779343447,-1.4249984746605122,0.4008455898065229,-0.29679825648420954
4,gpboost_vecchia,25,-0.23528403751587823,-0.22862118713477597,0.12099391228606393,0.3256084190377879,0.35627794980194216
4,gpboost_vecchia,26,-0.9982874299023989,-1.0522246826881736,-0.9491940159432719,0.2873816844362129,0.04909341395912703
4,gpboost_vecchia,27,0.7084358889864322,0.810122317974795,0.5016621498947984,0.2626035559998774,-0.20677373909163377
4,gpboost_vecchia,28,-0.5406573745986174,-0.5788012616067555,-0.4405465607552035,0.30438572705626615,0.10011081384341391
4,gpboost_vecchia,29,-0.5469107732484195,-0.623005011539139,-0.5761533607503235,0.18826552614670433,-0.029242587501904005
4,gpboost_vecchia,30,-0.25089797376702855,-0.13914267155830473,0.15167862765708406,0.30391625680829176,0.4025766014241126
4,gpboost_vecchia,31,-1.4873935744529185,-1.626396694164404,-1.8363593672890746,0.3524581615459006,-0.34896579283615603
4,gpboost_vecchia,32,-0.43660539080088634,-0.34856324091657453,-0.3759242691878075,0.19073717498002365,0.060681121613078814
4,gpboost_vecchia,33,-0.8671239695493286,-0.8392324822682409,-0.3398354298086108,0.3505003940242131,0.5272885397407178
4,gpboost_vecchia,34,0.1296437788226224,0.01534643776258629,0.34479102143361295,0.4133015856656552,0.21514724261099055
4,gpboost_vecchia,35,-0.576960481701724,-0.5865777889970946,-0.5819657113034626,0.2639160194301333,-0.005005229601738659
4,gpboost_vecchia,36,-0.051087922881800835,0.031659461930366936,-0.14188519774788944,0.292056989656529,-0.0907972748660886
4,gpboost_vecchia,37,-1.236754191035591,-1.3577487647148814,-1.0755880428600992,0.31440358876155516,0.1611661481754918
4,gpboost_vecchia,38,-1.0029006352030667,-1.1062400830847292,-1.160756309409182,0.3128273649433115,-0.15785567420611524
4,gpboost_vecchia,39,-0.4157106359645537,-0.458726942995721,-0.4324710385337678,0.27623515120204545,-0.016760402569214072
4,gpboost_vecchia,40,-0.6867455100844296,-0.7366945620499524,-0.4695720027624919,0.31679447301979313,0.21717350732193774
4,gpboost_vecchia,41,0.11621331923297781,0.11946981655866656,0.20363120227122344,0.3900021216592509,0.08741788303824563
4,gpboost_vecchia,42,-1.0262118468118249,-0.9485964595618752,-0.8054101739535646,0.34317867593118817,0.22080167285826025
4,gpboost_vecchia,43,-0.17905242495459073,-0.1416563178141683,0.6591985021137443,0.3118904544744465,0.838250927068335
4,gpboost_vecchia,44,0.02789282164582202,0.0013370855857922567,0.4238036396222782,0.4642806449670876,0.39591081797645616
4,gpboost_vecchia,45,-1.567942073206138,-1.5614034378308987,-1.7011725429859936,0.3217987964226121,-0.13323046977985564
4,gpboost_vecchia,46,-1.0114228702102446,-1.118854417557132,-1.8865046411084556,0.41013021453054993,-0.875081770898211
4,gpboost_vecchia,47,0.24423593949305483,0.16941319590076864,-0.20688330354649764,0.3346837171291026,-0.4511192430395525
4,gpboost_vecchia,48,0.9319638329219744,1.0278554225446166,0.9374781088072695,0.3289643333693558,0.005514275885295072
4,gpboost_vecchia,49,-0.1756566678403873,-0.22957800087314795,-0.1915704842219963,0.4699055073735052,-0.01591381638160899
4,gpboost_vecchia,50,-1.0582816807062367,-1.1084142849114156,-0.9452871588688954,0.2945848695707195,0.11299452183734138
4,gpboost_vecchia,51,-2.0587630361458347,-1.9924606632899882,-2.3296289890551787,0.33157755992581645,-0.270865952909344
4,gpboost_vecchia,52,-1.217110401457156,-1.0685625481784242,-1.4341611580786733,0.306364929313757,-0.21705075662151718
4,gpboost_vecchia,53,-0.37442395200326006,-0.4212128422892766,-0.3045199297489276,0.13772386846881093,0.06990402225433245
4,gpboost_vecchia,54,-0.18796591700480747,-0.26166793291804763,-0.2800599921257323,0.41838498848215383,-0.09209407512092482
4,gpboost_vecchia,55,0.09179582249141471,0.18732452582595532,0.6412969893944762,0.2830890596636733,0.5495011669030615
4,gpboost_vecchia,56,-2.503490058942822,-2.4658330084251174,-2.442350908815384,0.2621372408447842,0.06113915012743787
4,gpboost_vecchia,57,-1.2812340368484074,-1.3941667170629115,-0.9879471655605094,0.31525837579161103,0.293286871287898
4,gpboost_vecchia,58,-0.5750251330693114,-0.5264045712158706,-0.8278526740078913,0.31727976360077803,-0.25282754093857995
4,gpboost_vecchia,59,-0.5019529720862582,-0.38730020052559677,-0.4249224654537418,0.28911901067071616,0.07703050663251643
4,gpboost_vecchia,60,-1.1675696803794748,-1.295998728757498,-1.2672559466880138,0.3010095905450401,-0.09968626630853894
4,gpboost_vecchia,61,-1.4984702282754245,-1.565026087460389,-1.5550198359920557,0.31167125816805963,-0.0565496077166312
4,gpboost_vecchia,62,-1.1900913141397353,-1.3027509790221197,-2.0021847831672694,0.3506305467395843,-0.8120934690275341
4,gpboost_vecchia,63,0.8430940909969344,0.9900450481647511,0.961637097290275,0.1122481772014928,0.11854300629334058
4,gpboost_vecchia,64,-0.5971109298883635,-0.43574074536053065,-0.16119548675141182,0.2951003752981327,0.43591544313695163
4,gpboost_vecchia,65,-0.11471878914258568,-0.22431468994048182,0.3228364561003634,0.3506404607018139,0.4375552452429491
4,gpboost_vecchia,66,-1.3759553271649776,-1.5147585595639494,-1.7999207900927043,0.25719974011419416,-0.42396546292772674
4,gpboost_vecchia,67,-0.9815891465790941,-1.0483180017918232,-0.7809147221924873,0.1573414056492003,0.20067442438660688
4,gpboost_vecchia,68,-0.42619485088351794,-0.4168611521309822,0.14888663894162946,0.33824698349578697,0.5750814898251474
4,gpboost_vecchia,69,-1.4233966530669058,-1.4029005090931423,-2.148575224631136,0.35159259729320774,-0.7251785715642303
4,gpboost_vecchia,70,-1.229567885025707,-1.2372244122237757,-1.004541532228254,0.34710988905374,0.22502635279745298
4,gpboost_vecchia,71,0.05623835385105613,0.16481483425313684,0.504801488811605,0.2863091183965705,0.4485631349605489
4,gpboost_vecchia,72,-1.4461769932697777,-1.5069411595536,-2.04182971568315,0.40156553038541604,-0.5956527224133723
4,gpboost_vecchia,73,0.8476639434158434,0.9660961299921006,0.3959914656879491,0.4646462268463679,-0.4516724777278943
4,gpboost_vecchia,74,-0.8601802667825945,-0.9230952426421067,-0.7451935637180345,0.27880118432687345,0.11498670306456005
4,gpboost_vecchia,75,-1.570039451423474,-1.5318440746207955,-1.8631799007883263,0.2787152550050609,-0.2931404493648524
4,gpboost_vecchia,76,-0.25945124180118,-0.1699063322515383,-0.16007711253124945,0.3389710266781173,0.09937412926993056
4,gpboost_vecchia,77,-0.5341580733681551,-0.5485818129856095,0.004707323153033016,0.2643211731308994,0.5388653965211881
4,gpboost_vecchia,78,-1.2441695570427305,-1.0249265088953792,-1.6938460931710626,0.37058008910830337,-0.44967653612833214
4,gpboost_vecchia,79,-0.984580243769843,-0.9991877645250234,-0.7650815679123824,0.26616112327781954,0.21949867585746063
4,gpboost_vecchia,80,-0.4802565098410535,-0.44500837662534964,-1.2104961532919383,0.33749256573493885,-0.7302396434508848
4,gpboost_vecchia,81,-0.9458366910338324,-0.9123683563246192,-0.8926845628135496,0.2942013587712425,0.05315212822028281
4,gpboost_vecchia,82,-2.2598698673010977,-2.2959234286984693,-2.4960940782732006,0.24460090798407347,-0.2362242109721029
4,gpboost_vecchia,83,-0.03796815993809555,-0.07439518180564239,-0.3793958695285369,0.2912228151930407,-0.34142770959044133
4,gpboost_vecchia,84,-0.48406802977206276,-0.5606265652534276,0.25585842721025465,0.3952827246882737,0.7399264569823174
4,gpboost_vecchia,85,-1.6915582644590943,-1.5093938273384437,-1.2393776296689811,0.2846365845843106,0.45218063479011317
4,gpboost_vecchia,86,-0.7708552663319831,-0.8041393630823493,-0.6704376515465977,0.32277336915333,0.10041761478538536
4,gpboost_vecchia,87,-0.8499752892607726,-0.9077944413279391,-0.550434856833812,0.23270095802153828,0.2995404324269606
4,gpboost_vecchia,88,-1.007058006726308,-0.9712841622344078,-1.1275856354239977,0.2797392795600885,-0.12052762869768974
4,gpboost_vecchia,89,-0.7989910837355096,-0.7672516439302167,-0.6806960931148867,0.39919823028855733,0.11829499062062299
4,gpboost_vecchia,90,0.07588747619983877,0.13722614161544183,-0.11424793294111879,0.2760691966906258,-0.19013540914095756
4,gpboost_vecchia,91,-1.0759727413020577,-0.910175919427474,-1.506220913529873,0.24613948554946308,-0.4302481722278153
4,gpboost_vecchia,92,-1.2835108702643576,-1.2542286954557895,-1.391782353156108,0.3423828735215772,-0.10827148289175037
4,gpboost_vecchia,93,0.6294758919773226,0.5426969677419126,0.4204992736178017,0.30369188069460235,-0.20897661835952086
4,gpboost_vecchia,94,-0.38255433266620664,-0.34577947453937824,0.4295706045051322,0.4515546189839045,0.8121249371713388
4,gpboost_vecchia,95,-2.0538869080043303,-2.0844324681162614,-1.9264259153343497,0.4472311298264815,0.12746099266998057
4,gpboost_vecchia,96,-0.49385349630765446,-0.5741587309017743,-0.6962142093434238,0.2577067360936363,-0.20236071303576936
4,gpboost_vecchia,97,-1.2183060056218384,-1.3453353026599162,-1.1790799667085174,0.2753776751140257,0.03922603891332099
4,gpboost_vecchia,98,-0.21153534920033282,-0.15311580734471675,-0.9926417532530358,0.32111775388006714,-0.781106404052703
4,gpboost_vecchia,99,-1.7184996995574149,-1.6039862949605237,-1.2888948134975653,0.2823093781463072,0.4296048860598496
4,gpboost_vecchia,100,-1.2645973973106228,-1.1616385020620765,-0.9003932770211236,0.5102925525691341,0.3642041202894992
4,gpboost_vecchia,101,0.13602630365027124,0.20720706632121527,0.4099567684518526,0.42193430988771424,0.27393046480158134
4,gpboost_vecchia,102,-0.7250096346797339,-0.7326107950082895,-0.32342195316947375,0.2720190732517153,0.40158768151026014
4,gpboost_vecchia,103,-1.1413060519945808,-1.2264956404769687,-1.7318662023131282,0.3792123804712583,-0.5905601503185474
4,gpboost_vecchia,104,-0.3892707301100094,-0.4441538192288649,-0.5993745720561456,0.24828683608052746,-0.21010384194613624
4,gpboost_vecchia,105,-0.2860990419370309,-0.16113822399664868,-0.19091889402679563,0.20125145387838914,0.09518014791023527
4,gpboost_vecchia,106,-1.243332004418147,-1.1902294641623823,-1.3752909810541052,0.3032920241856996,-0.13195897663595813
4,gpboost_vecchia,107,-0.6002476445389839,-0.6780905101271371,-0.4961367662439553,0.12531445076454242,0.10411087829502863
4,gpboost_vecchia,108,0.24519891386841597,0.44336155698199786,0.7891457583025616,0.30466355271820855,0.5439468444341456
4,gpboost_vecchia,109,-2.358301138754923,-2.335938338964659,-2.4235071164109847,0.24031183155460717,-0.06520597765606162
4,gpboost_vecchia,110,-1.0741327415885282,-0.9792888574410854,-1.1639441044342878,0.25813011884151826,-0.08981136284575952
4,gpboost_vecchia,111,-0.7108556981749712,-0.8439371584721478,-0.44552825709715904,0.30038636022988835,0.26532744107781214
4,gpboost_vecchia,112,-2.3248629010952087,-2.4228292235069646,-2.0810659810230234,0.2772397271710671,0.24379692007218523
4,gpboost_vecchia,113,-1.0374435215308628,-0.9597157569729575,-1.0106784640397795,0.27093531267671545,0.026765057491083377
4,gpboost_vecchia,114,0.7241200895679688,0.6479598380114264,0.844945407191684,0.3195412652110268,0.12082531762371518
4,gpboost_vecchia,115,-0.6966838106243609,-0.7936755217228372,-0.6214993955227719,0.2752394448999044,0.07518441510158902
4,gpboost_vecchia,116,-0.6034806045103034,-0.7339482143226803,-0.7070877767402788,0.2129689477465499,-0.1036071722299754
4,gpboost_vecchia,117,-0.3019907887879563,-0.37796678976150083,0.18591222645970795,0.2846204154675681,0.4879030152476643
4,gpboost_vecchia,118,-0.8455675517678721,-0.7896637574414404,-1.3350163105981494,0.28091545725106865,-0.4894487588302773
4,gpboost_vecchia,119,-1.3420360062418133,-1.2960621498362357,-1.8334151248785489,0.3875749641643052,-0.49137911863673556
4,gpboost_vecchia,120,-0.019490632277471817,0.000801468733933261,0.04791646094831492,0.26001770234927774,0.06740709322578674
4,gpboost_vecchia,121,-0.9670236520355495,-1.0157902670624475,-0.7672588365783213,0.31139145758900366,0.19976481545722824
4,gpboost_vecchia,122,-0.4393125051461456,-0.5618751370876177,-0.31429360716105315,0.15899365944084337,0.12501889798509247
4,gpboost_vecchia,123,0.10132571594249207,0.19838237819254478,0.3263106992231837,0.31215401485258326,0.2249849832806916
4,gpboost_vecchia,124,-0.3115710432957565,-0.352679605582559,0.014205413613801454,0.2524185655515766,0.325776456909558
4,gpboost_vecchia,125,-0.05530947956819121,-0.040202325134428896,0.14925834074023925,0.30923801156373476,0.20456782030843046
4,gpboost_vecchia,126,-0.9914047566552702,-0.9461375259858306,-0.6216338414636926,0.2945654666641759,0.36977091519157756
4,gpboost_vecchia,127,-0.856068159452402,-0.9937820094152463,-1.6257336591115799,0.30542625190988154,-0.7696654996591779
4,gpboost_vecchia,128,-1.3269564935658584,-1.4131465338550095,-1.3383346157955032,0.23388575142256526,-0.011378122229644738
4,gpboost_vecchia,129,-0.8614077055278555,-0.8293348466808979,-1.8051369457061242,0.44316265355689827,-0.9437292401782686
4,gpboost_vecchia,130,-2.1186453826602074,-2.1976338129815813,-2.2188108254242866,0.2533402402955016,-0.10016544276407924
4,gpboost_vecchia,131,-1.3206746992170688,-1.3736224118815639,-1.0594310621324379,0.31161618720693623,0.26124363708463094
4,gpboost_vecchia,132,0.47161714689651235,0.4654299289452616,0.230889846973092,0.3200596925408051,-0.24072729992342035
4,gpboost_vecchia,133,-1.2576442859879058,-1.3326497907917843,-1.3444922840434828,0.3746914615016908,-0.08684799805557697
4,gpboost_vecchia,134,-0.817635836945175,-0.8062407682714887,-0.34299751234286546,0.32221033221840173,0.4746383246023096
4,gpboost_vecchia,135,-1.142701354655383,-1.078924637503723,-0.9111453077851035,0.2334968914206251,0.23155604687027953
4,gpboost_vecchia,136,0.32252045184216027,0.3647904244108627,0.09945790354703377,0.29864535039315665,-0.2230625482951265
4,gpboost_vecchia,137,-1.00442085727491,-1.0606648913173984,-1.1423894294692332,0.2850072995481448,-0.13796857219432312
4,gpboost_vecchia,138,-1.0011095650348119,-1.03365428089994,-0.6604979183136859,0.2772190230828783,0.340611646721126
4,gpboost_vecchia,139,-0.8076259659501406,-0.8867966018448793,-0.5929815887941174,0.32542636457955704,0.21464437715602314
4,gpboost_vecchia,140,-1.3277717464687937,-1.3241146676923061,-1.7204839189398555,0.3053273782220638,-0.3927121724710618
4,gpboost_vecchia,141,-1.309232643877405,-1.353624580813318,-1.6403907547677647,0.38579746291965067,-0.33115811089035985
4,gpboost_vecchia,142,-0.12382511763272971,-0.13118659317960085,0.06880018575767366,0.2788992668735279,0.19262530339040337
4,gpboost_vecchia,143,-1.50761659770004,-1.3549423375147052,-2.113173884017262,0.40608796404274516,-0.6055572863172218
4,gpboost_vecchia,144,-1.0936877829290885,-1.1453120331782307,-1.2831963069759569,0.2841911685666472,-0.18950852404686835
4,gpboost_vecchia,145,-1.1047733047660842,-1.2097387361486152,-1.4380135163868726,0.24704791774814008,-0.33324021162078843
4,gpboost_vecchia,146,-1.227368292539734,-1.2128799680596873,-0.9588793991801072,0.2536472375282223,0.2684888933596268
4,gpboost_vecchia,147,0.37466667092092065,0.38449540980416874,0.6781986480688147,0.31660779929762267,0.30353197714789404
4,gpboost_vecchia,148,-0.6319354635637202,-0.5575302197890999,-0.3080918015736849,0.42485718877079703,0.32384366199003534
4,gpboost_vecchia,149,-0.6219825813987134,-0.6239622268708997,-0.4985338099811365,0.29097900916408675,0.12344877141757693
4,gpboost_vecchia,150,-0.9976907674480536,-1.020392209755814,-1.683458235387933,0.3470791347079058,-0.6857674679398794
4,gpboost_vecchia,151,-0.6976221957320865,-0.7063432426132101,-0.40444697418591247,0.26373673569378464,0.29317522154617404
4,gpboost_vecchia,152,-0.5684360705583587,-0.43514302669661287,-0.2568173204012547,0.3105920521486565,0.31161875015710394
4,gpboost_vecchia,153,-0.9115160029745886,-0.9093985526993832,-0.8678530627158771,0.3259410556518791,0.043662940258711425
4,gpboost_vecchia,154,-0.6489548410973616,-0.5698596355559451,-0.6546848960806404,0.3965747930145362,-0.005730054983278832
4,gpboost_vecchia,155,-0.8065470326744857,-0.8731422509530209,-0.9232630037154124,0.30201875049067306,-0.11671597104092668
4,gpboost_vecchia,156,-2.2662144251220284,-2.159044408266668,-1.503437615293418,0.31635522410090205,0.7627768098286105
4,gpboost_vecchia,157,-1.4327466124945112,-1.4502581894336828,-1.4272521947648293,0.3259504535903075,0.005494417729681844
4,gpboost_vecchia,158,0.6862330563241898,0.7094301923491598,0.28045958677985183,0.3149323568106718,-0.405773469544338
4,gpboost_vecchia,159,-0.9392992892024136,-0.9204631147531638,-1.8867170075760988,0.41837554596008997,-0.9474177183736853
4,gpboost_vecchia,160,-0.33712019312087926,-0.4105670792157332,-0.5580018079632261,0.3570989442657881,-0.2208816148423468
4,gpboost_vecchia,161,0.007834926614225274,-0.007039359451911137,-0.2745187943642904,0.2820702025587647,-0.28235372097851563
4,gpboost_vecchia,162,-1.055985278717746,-1.017427487400338,-1.221635340491213,0.32048907521369796,-0.16565006177346708
4,gpboost_vecchia,163,0.04369446647162255,0.08276938016859946,-0.04181326273566022,0.40393426526139103,-0.08550772920728276
4,gpboost_vecchia,164,-1.8454687385276887,-1.901281161141878,-1.9759019598000815,0.20593660240955786,-0.13043322127239287
4,gpboost_vecchia,165,-0.4452788674762584,-0.42413596264990683,-0.1504057989971379,0.5547360761069768,0.2948730684791205
4,gpboost_vecchia,166,-0.6446617805762853,-0.5215899261344592,-0.36055892625376096,0.27904863179610356,0.28410285432252436
4,gpboost_vecchia,167,-0.6623286602828462,-0.8054307884015853,-0.7120269902950707,0.36170647032445863,-0.049698330012224456
4,gpboost_vecchia,168,-0.7600962749037367,-0.8061608396622464,-1.8140155728100922,0.39496805486748904,-1.0539192979063556
4,gpboost_vecchia,169,-1.398588729661784,-1.4197043643708516,-1.5639787051729819,0.3026989472699209,-0.16538997551119783
4,gpboost_vecchia,170,0.6300145689660142,0.5050751849432653,0.848870010699919,0.3067704318629294,0.2188554417339048
4,gpboost_vecchia,171,-2.1258741275574713,-2.1917762630983004,-2.1141857676272373,0.3319259062077926,0.011688359930233982
4,gpboost_vecchia,172,-1.3324942046499906,-1.3739560180296613,-1.6627692966394854,0.29163634079182404,-0.3302750919894948
4,gpboost_vecchia,173,-0.4804619156454545,-0.4412636641144701,-0.39337497607523453,0.19977824034263003,0.08708693957021996
4,gpboost_vecchia,174,-0.6868020936662108,-0.7636522156372357,-1.529649190773318,0.3232259569115702,-0.8428470971071073
4,gpboost_vecchia,175,0.31911883014857273,0.30130144836715256,0.21235266862547242,0.46117927194920333,-0.10676616152310031
4,gpboost_vecchia,176,-1.3946688088753647,-1.5707908765969907,-1.4933233920233118,0.2402680300618022,-0.09865458314794706
4,gpboost_vecchia,177,-2.1918988043441496,-2.3224177806643147,-2.0111884081593505,0.3910002926703065,0.18071039618479912
4,gpboost_vecchia,178,-1.6809073646184427,-1.7732390731289753,-2.323619593973701,0.35645740442201096,-0.6427122293552585
4,gpboost_vecchia,179,-1.4768903583260782,-1.5511178674551316,-1.5081778227183502,0.30588997852429634,-0.031287464392272035
4,gpboost_vecchia,180,-1.0475714204527629,-1.1409643967772571,-1.063894135113621,0.3264562606380335,-0.016322714660858217
4,gpboost_vecchia,181,-0.8678194826836393,-0.8343685285963667,-0.8173820727187184,0.2759255372875172,0.050437409964920854
4,gpboost_vecchia,182,-0.5362092663789726,-0.685069729477874,-0.4090415704899488,0.2644471402282137,0.12716769588902377
4,gpboost_vecchia,183,0.20462043284168877,0.2983246045492487,0.14704050512471234,0.33722563197179517,-0.057579927716976426
4,gpboost_vecchia,184,-0.36010524791315524,-0.35283599917038655,-0.04452996964500855,0.27539536275725385,0.3155752782681467
4,gpboost_vecchia,185,-1.004456476244624,-1.1558617389298478,-1.640595698009423,0.28022051758898164,-0.636139221764799
4,gpboost_vecchia,186,0.8914557782946128,1.0463710882532875,0.4765106348386432,0.4095938154919364,-0.41494514345596956
4,gpboost_vecchia,187,-1.2950359098102628,-1.346619135041482,-1.7787259506457058,0.37551924449673374,-0.483690040835443
4,gpboost_vecchia,188,0.5459936622066324,0.528855475670766,1.0521690741499334,0.3237141423857926,0.5061754119433011
4,gpboost_vecchia,189,-0.17834157903395537,-0.22472545762160157,0.026079761029837556,0.24962953761225423,0.20442134006379292
4,gpboost_vecchia,190,0.36714676937744256,0.48101086933921433,0.5876016896061316,0.306014204718612,0.220454920228689
4,gpboost_vecchia,191,-2.3207076628400256,-2.2291708107113744,-2.045000728016049,0.22163893233536305,0.27570693482397646
4,gpboost_vecchia,192,-1.2329208315295244,-1.2624972325586377,-1.4786494766629819,0.31285973382146715,-0.2457286451334575
4,gpboost_vecchia,193,-1.8911065409751444,-1.8584842109882165,-1.900534875256362,0.2811944860155076,-0.009428334281217587
4,gpboost_vecchia,194,0.15366631998951208,0.20729919711340478,0.3328671203073581,0.3215947760154932,0.17920080031784602
4,gpboost_vecchia,195,-0.33038821880881053,-0.32845684801337294,0.051223222423592674,0.4521203271103769,0.3816114412324032
4,gpboost_vecchia,196,-1.9782760809811253,-1.9890517696939258,-2.284837144815535,0.33249962988235254,-0.30656106383440984
4,gpboost_vecchia,197,-1.5638648816753644,-1.5629117864893305,-1.268398299761337,0.33286131246779055,0.2954665819140274
4,gpboost_vecchia,198,-2.194220409995529,-2.195815766272009,-2.129140848618473,0.3903095888019558,0.06507956137705628
4,gpboost_vecchia,199,-2.074142807437618,-2.19139690873195,-2.2496653846520065,0.3302939079095809,-0.1755225772143887
4,gpboost_vecchia,200,-0.8186597223328127,-0.8332537262617773,-0.46627033676790397,0.3206812896406155,0.35238938556490873
4,gpboost_vecchia,201,-1.199234259452633,-1.3738948586440636,-1.081189725385542,0.3169530837588285,0.11804453406709103
4,gpboost_vecchia,202,-2.0135177226993526,-1.958281762190196,-1.7412653356698424,0.15059125896833533,0.27225238702951016
4,gpboost_vecchia,203,-1.283957117107052,-1.309393094589606,-1.6422067512686276,0.27545193785237737,-0.3582496341615755
4,gpboost_vecchia,204,0.10777478362425524,0.13601860553910944,-0.43505909261554265,0.3985693277664891,-0.542833876239798
4,gpboost_vecchia,205,-1.311310047069673,-1.3794083128328913,-1.8820362681386786,0.3890032749242072,-0.5707262210690056
4,gpboost_vecchia,206,-0.06770400817907984,-0.222377331292802,0.42444783632397964,0.31280811205926967,0.4921518445030595
4,gpboost_vecchia,207,-0.5784537655012554,-0.4710016765918479,-0.4091362360719142,0.20295681070073943,0.1693175294293412
4,gpboost_vecchia,208,-1.4847451745540057,-1.571996249877687,-1.5286868673994576,0.24217647366107686,-0.04394169284545191
4,gpboost_vecchia,209,0.30136435742493994,0.4923077214886967,-0.058478716754422067,0.4566684411564875,-0.359843074179362
4,gpboost_vecchia,210,-1.0139838408410409,-0.8479743980447828,-0.8251625539326071,0.27776661333737285,0.1888212869084338
4,gpboost_vecchia,211,-1.2350530577485586,-1.016259645297682,-1.4589288576165877,0.3163235958837358,-0.2238757998680292
4,gpboost_vecchia,212,-2.3620511678972713,-2.457291500753691,-1.6443806981735705,0.37276713914692455,0.7176704697237009
4,gpboost_vecchia,213,-0.2444355481589997,-0.21040753207581223,0.0941655535206376,0.28060241064232405,0.3386011016796373
4,gpboost_vecchia,214,-0.449320515158504,-0.43730132139680594,-0.3341864192239452,0.19842338862682166,0.11513409593455881
4,gpboost_vecchia,215,0.9769924681266635,1.02388226436196,1.2540289402908957,0.3744005894974597,0.2770364721642322
4,gpboost_vecchia,216,-1.3231178534579753,-1.2290164874996092,-1.6867973870244741,0.3239085303967355,-0.36367953356649885
4,gpboost_vecchia,217,-1.006787674353174,-0.8424390003073894,-0.8729983432554924,0.2755561311523704,0.13378933109768165
4,gpboost_vecchia,218,-1.981773422347979,-2.0101353177042274,-1.738460463914496,0.40723758547115585,0.243312958433483
4,gpboost_vecchia,219,-1.0535614041117662,-1.2127974728905904,-0.9214817644863249,0.38248621425121715,0.13207963962544134
4,gpboost_vecchia,220,-0.5399470384144539,-0.6732395087627673,0.3622642518763417,0.36613286452195026,0.9022112902907956
4,gpboost_vecchia,221,-0.6256790916645121,-0.7342193032494342,-0.36273459574757894,0.2511169442170502,0.26294449591693314
4,gpboost_vecchia,222,-1.0824793772385042,-1.034158727636973,-1.5463712852021256,0.3253286025494173,-0.46389190796362145
4,gpboost_vecchia,223,-0.44974786494159796,-0.40803086383514064,-0.5330716887085778,0.19602746598367551,-0.08332382376697983
4,gpboost_vecchia,224,-1.5154566001334022,-1.3695906726460225,-1.4480559864020446,0.22227694095649647,0.06740061373135764
4,gpboost_vecchia,225,-1.2627932810321418,-1.32587906575005,-1.7339915130462398,0.3178049133462639,-0.47119823201409794
4,gpboost_vecchia,226,0.254336681148953,0.23110524958908782,-0.09998682175848828,0.3387965564965013,-0.3543235029074413
4,gpboost_vecchia,227,0.18025716843669892,0.2875833694399482,0.47948406134874944,0.2872911824557849,0.2992268929120505
4,gpboost_vecchia,228,-0.424504805589372,-0.406019559191802,-0.17068260492091447,0.2828143270087157,0.2538222006684575
4,gpboost_vecchia,229,-1.6393396629276271,-1.5478526756945576,-1.677482042913848,0.22554143563150028,-0.03814237998622083
4,gpboost_vecchia,230,-2.1595063520697955,-2.0270310913399485,-2.0396926917474243,0.16392765511924726,0.11981366032237117
4,gpboost_vecchia,231,-0.4139807978520378,-0.5547810129124988,-0.3595016756770555,0.3240171243331984,0.0544791221749823
4,gpboost_vecchia,232,0.2182433508536186,0.31155740527136366,0.05146531181970815,0.27631346945238855,-0.16677803903391045
4,gpboost_vecchia,233,-0.252039915658593,-0.24199052386552417,-0.2568167612846253,0.23599046663724335,-0.004776845626032256
4,gpboost_vecchia,234,-1.116326175723969,-1.209439938742906,-1.7804692500618735,0.37536688034074583,-0.6641430743379044
4,gpboost_vecchia,235,-1.484678182292136,-1.6261540164273767,-2.0335388081593013,0.40478185650642406,-0.5488606258671653
4,gpboost_vecchia,236,-2.1149960520937077,-2.1806872114560463,-2.379817354490436,0.25491932016636826,-0.2648213023967285
4,gpboost_vecchia,237,-1.0133859773362117,-1.0474785475383017,-0.8193837614480177,0.29553593283671203,0.194002215888194
4,gpboost_vecchia,238,-2.6103364343274684,-2.6300868153203854,-2.4839596208891006,0.29647770786343525,0.12637681343836782
4,gpboost_vecchia,239,-1.66717151060184,-1.5975535171658444,-1.1375349027620576,0.3572510857774775,0.5296366078397825
4,gpboost_vecchia,240,0.03245225590660103,0.0608878431616451,0.30268708804713107,0.30151067290440503,0.27023483214053
4,gpboost_vecchia,241,0.17637994469010404,0.22637291939299087,-0.04978249902741183,0.2651115312902254,-0.22616244371751587
4,gpboost_vecchia,242,-1.242621547261739,-1.219192092473928,-1.2122280010448474,0.31911423184449306,0.03039354621689161
4,gpboost_vecchia,243,-0.7765960976193906,-0.8077152335200561,-0.4624595494553354,0.2201669124274546,0.31413654816405523
4,gpboost_vecchia,244,-0.542144195149936,-0.5790481100219277,-0.47535889620624694,0.21187457989508604,0.06678529894368901
4,gpboost_vecchia,245,-1.6045366123051672,-1.6955970554362687,-1.396217963550063,0.3056236074533617,0.2083186487551043
4,gpboost_vecchia,246,-0.19602551655609268,-0.13070588711639658,0.618548466830406,0.4662571545344635,0.8145739833864987
4,gpboost_vecchia,247,-0.18999426806270553,-0.08394712946057077,-0.1065260818735787,0.2266379457557567,0.08346818618912683
4,gpboost_vecchia,248,-1.3553181642308259,-1.4114601367895687,-1.6569730156737634,0.3333802429909343,-0.3016548514429376
4,gpboost_vecchia,249,-1.0443855505707302,-1.0386552137807286,-0.8029241799359141,0.29799897651798024,0.2414613706348161
4,gpboost_vecchia,250,0.6096355668944898,0.6374347735745992,0.12210951571164586,0.5449078087378157,-0.487526051182844
4,gpboost_vecchia,251,0.39386237668428425,0.20521461388031975,0.4095540556098225,0.32905518516429494,0.015691678925538244
4,gpboost_vecchia,252,-0.44340369367893895,-0.502517103490822,0.06769212331044194,0.39775280724573725,0.5110958169893809
4,gpboost_vecchia,253,-2.2294157200544555,-2.546631682929517,-2.070377204856653,0.3007653624005321,0.15903851519780243
4,gpboost_vecchia,254,-0.9518698863952497,-0.9270729690338692,-0.6015839761529431,0.2610918533246828,0.3502859102423066
4,gpboost_vecchia,255,-1.8416375483265015,-1.7653579719200787,-1.865361499374382,0.21699355030173026,-0.023723951047880387
4,gpboost_vecchia,256,-0.35083525031145707,-0.3087444067104356,0.10619591026656039,0.36247653755524245,0.45703116057801746
4,gpboost_vecchia,257,-1.294546902659602,-1.322500981605987,-1.116938367018241,0.28064923657227975,0.17760853564136103
4,gpboost_vecchia,258,-2.187033667735132,-2.188880678645238,-2.012161772847742,0.3180423765831495,0.17487189488738997
4,gpboost_vecchia,259,0.0006841704834979478,0.019041485868160405,-0.3015331104637333,0.2728896773889319,-0.30221728094723127
4,gpboost_vecchia,260,0.7916198222892966,0.8085354776759823,0.7586878458204467,0.3163465065053265,-0.03293197646884993
4,gpboost_vecchia,261,-0.19829158220910117,-0.17367327842586727,-0.17976043280124898,0.27919648760188387,0.018531149407852193
4,gpboost_vecchia,262,-0.7216214194180594,-0.7874471915875636,-0.4977598728040338,0.24909417982543472,0.22386154661402557
4,gpboost_vecchia,263,-0.6670448738879496,-0.6439334690846661,-0.7132727682416089,0.33878016877224015,-0.04622789435365926
4,gpboost_vecchia,264,1.2662117934742891,1.2456494179081607,1.014549715191837,0.30851740608790496,-0.25166207828245213
4,gpboost_vecchia,265,-1.503812358323016,-1.435387306647665,-1.3172026124789298,0.20275053189191752,0.1866097458440863
4,gpboost_vecchia,266,-0.9437034610979527,-0.9206039335568035,-0.88639628279725,0.27433901928341226,0.057307178300702644
4,gpboost_vecchia,267,0.2500399020203693,0.10077382667169124,0.5112749969802657,0.33244289285775763,0.2612350949598964
4,gpboost_vecchia,268,0.4988953030370236,0.6273678265878191,0.8037215949199474,0.3424826657395444,0.3048262918829238
4,gpboost_vecchia,269,-1.0344605207239241,-0.9752972107685222,-0.653982095501922,0.3039278152709781,0.38047842522200215
4,gpboost_vecchia,270,-1.3227969574611433,-1.4320189974820947,-1.6710343963772871,0.3515257915619873,-0.3482374389161438
4,gpboost_vecchia,271,-0.42288122017950397,-0.26981815111242696,-0.0848513233048882,0.30217053752676076,0.33802989687461577
4,gpboost_vecchia,272,0.4051121611145165,0.3452857587027756,0.7205108795774908,0.3634933676704569,0.31539871846297435
4,gpboost_vecchia,273,-0.9617819737462994,-1.0478649829021733,-1.185371346830058,0.3030166300289098,-0.2235893730837586
4,gpboost_vecchia,274,-0.05091890290020734,-0.08313644071205806,0.10816142881042445,0.28277115650839957,0.1590803317106318
4,gpboost_vecchia,275,-1.3638303427493113,-1.2573720212403725,-1.8178116587821105,0.31091875398571506,-0.45398131603279923
4,gpboost_vecchia,276,-1.8792435773095804,-1.857411122269362,-2.109284646430549,0.45014630965148184,-0.23004106912096844
4,gpboost_vecchia,277,0.2944727350798956,0.19182569950397715,0.6173464117058813,0.30492011268132124,0.32287367662598576
4,gpboost_vecchia,278,-1.2552667577298737,-1.2164359788756423,-1.5400021947917324,0.347562866366115,-0.28473543706185866
4,gpboost_vecchia,279,-1.6719118706955305,-1.599820847026419,-1.7716623954364596,0.28963128753786993,-0.09975052474092916
4,gpboost_vecchia,280,-2.0854088303796128,-2.1754692629409944,-1.8905367828623199,0.2855822330294471,0.19487204751729292
4,gpboost_vecchia,281,-1.1761194098595726,-1.1612824100701415,-1.0943664586811561,0.210768741868138,0.08175295117841652
4,gpboost_vecchia,282,-0.8138943863876735,-0.8785732287306636,-0.4466606527783519,0.5666615222086366,0.36723373360932166
4,gpboost_vecchia,283,0.09024077236219685,0.14945446181301728,-0.03108323467930596,0.2827710854948427,-0.12132400704150281
4,gpboost_vecchia,284,-0.7094652635287497,-0.7769548487529974,-0.17317674605490563,0.2706536484463108,0.5362885174738441
4,gpboost_vecchia,285,-1.040058884595338,-1.294479121989446,-0.262458338290239,0.35633505787487535,0.777600546305099
4,gpboost_vecchia,286,-1.2031610709064926,-1.1984512971789236,-1.9001478739192592,0.36537060538896876,-0.6969868030127666
4,gpboost_vecchia,287,-1.1500111602576975,-1.2172494723648044,-1.5008714858716612,0.4897243940906082,-0.35086032561396374
4,gpboost_vecchia,288,0.14796578803643284,0.05917965607361837,0.04084577803468292,0.40782717815807995,-0.10712001000174992
4,gpboost_vecchia,289,0.7958142338015067,0.8172960799631384,0.44254222233360707,0.25042861544880923,-0.35327201146789966
4,gpboost_vecchia,290,0.2997668339222468,0.22178823809214687,-0.16869099266367016,0.38852945083018936,-0.46845782658591695
4,gpboost_vecchia,291,-0.46959521866984605,-0.334589352261542,-1.1308296406604192,0.2976488647627084,-0.6612344219905733
4,gpboost_vecchia,292,-2.4426439919750513,-2.522554779169124,-2.2357337808401354,0.3594490038689099,0.20691021113491592
4,gpboost_vecchia,293,-2.5223691067677723,-2.444884641237866,-2.3550680574135594,0.348548143780323,0.16730104935421286
4,gpboost_vecchia,294,-1.1256096800658715,-1.1122060582281648,-1.9696326006319662,0.37158819470712734,-0.8440229205660947
4,gpboost_vecchia,295,-0.5886052406788717,-0.5040274789672631,-0.5461188399941648,0.3374997107671497,0.04248640068470688
4,gpboost_vecchia,296,-1.3580553941709301,-1.348536111756825,-1.394981442213119,0.333152246549605,-0.03692604804218891
4,gpboost_vecchia,297,0.6386969163964595,0.5117977103178555,0.5274329481340274,0.3791828909233102,-0.11126396826243212
4,gpboost_vecchia,298,0.046793753172811425,0.09490225976453187,-0.29657649540414255,0.230543833855648,-0.343370248576954
4,gpboost_vecchia,299,-0.8000594257497666,-0.7470399605951284,-0.6486211865268121,0.16778881380792693,0.15143823922295452
5,gpboost_vecchia,0,-0.030646517217922165,0.18591404437488965,0.1033945238954459,0.3192379725891034,0.13404104111336806
5,gpboost_vecchia,1,-0.23014821252622547,-0.28867994510951306,0.027070587119553124,0.3482869647754591,0.2572187996457786
5,gpboost_vecchia,2,-0.48023530347205334,-0.5264901550803675,-0.2993560711727348,0.2924165876075109,0.18087923229931857
5,gpboost_vecchia,3,0.3138956223209181,0.37192632710829754,-0.03484051522758058,0.3682629074543588,-0.3487361375484987
5,gpboost_vecchia,4,0.7622094685256278,0.7529181271193137,0.6768508406377318,0.2594460614030851,-0.08535862788789594
5,gpboost_vecchia,5,-0.4556940180642773,-0.4615774061486973,-0.05309033929841611,0.36957675153729486,0.4026036787658612
5,gpboost_vecchia,6,-0.6638146096162969,-0.7772065109459203,-0.20318318712574523,0.29366137178153734,0.46063142249055167
5,gpboost_vecchia,7,1.768546038090156,1.638572096008117,1.7738088258328446,0.3342407438427449,0.005262787742688513
5,gpboost_vecchia,8,1.7746950969456323,1.712529930028033,1.5176796586489374,0.27511194996027194,-0.25701543829669493
5,gpboost_vecchia,9,-0.558160494849932,-0.44391617401006406,-0.6453987439396833,0.22288209079630542,-0.08723824908975131
5,gpboost_vecchia,10,-0.49319699311374277,-0.6335910864769533,-0.6447078151363037,0.339265746789211,-0.15151082202256094
5,gpboost_vecchia,11,-1.1298869133243175,-1.0667628427217237,-0.8669057538887053,0.30877381627483036,0.2629811594356122
5,gpboost_vecchia,12,-0.659072694149365,-0.6434405775044251,-0.7718365277834103,0.23236685660620918,-0.1127638336340453
5,gpboost_vecchia,13,-0.0383210941709935,-0.017064935764380867,0.04503198457270763,0.2559132775124321,0.08335307874370113
5,gpboost_vecchia,14,-0.34510282237645723,-0.2940819198100311,-0.18762033473817574,0.20298433197280732,0.1574824876382815
5,gpboost_vecchia,15,-0.5988336502145016,-0.8573544197091183,-0.5178832187879099,0.19802804165259558,0.08095043142659175
5,gpboost_vecchia,16,0.37268951153753405,0.4237485663267919,0.15838014770686826,0.2974533996480547,-0.2143093638306658
5,gpboost_vecchia,17,1.5923223780707962,1.5559977283086353,1.3042633058345388,0.2614713351311535,-0.2880590722362575
5,gpboost_vecchia,18,-0.3503465164450781,-0.23630890835020713,-0.1430821029401539,0.20737892187308446,0.2072644135049242
5,gpboost_vecchia,19,-0.7413201617118552,-0.6498968405917027,-0.7520745037072629,0.36924772651752363,-0.010754341995407701
5,gpboost_vecchia,20,-0.6351112332203239,-0.5656255044139965,-0.35609146016502,0.2996950398750582,0.2790197730553039
5,gpboost_vecchia,21,-0.8818132109006362,-0.8329525938480712,-0.5873183856681479,0.2616143735425139,0.2944948252324884
5,gpboost_vecchia,22,-0.54905705680301,-0.5893692120530512,-0.7148458535006306,0.30644767056408756,-0.1657887966976206
5,gpboost_vecchia,23,-0.5942068794825632,-0.5023974667242946,-0.5998707503911263,0.17044472254356738,-0.005663870908563018
5,gpboost_vecchia,24,-0.188816066320805,-0.18146274229734097,-0.39734448918003906,0.20509153221283244,-0.20852842285923406
5,gpboost_vecchia,25,-0.6087134624949773,-0.694969669755019,-0.2912372546421764,0.3409011335907548,0.31747620785280084
5,gpboost_vecchia,26,-0.6242662528414326,-0.7337965963879532,-0.3413127154994804,0.32770206510649674,0.28295353734195217
5,gpboost_vecchia,27,1.6678108753858718,1.7098275380004495,1.72051290931649,0.292141651928617,0.05270203393061812
5,gpboost_vecchia,28,-0.5562759264471989,-0.6178375548063711,-0.26575488070342956,0.27188720909925035,0.29052104574376936
5,gpboost_vecchia,29,-0.9250911823108661,-1.03908368632645,-0.38647895635749663,0.28732312718768516,0.5386122259533694
5,gpboost_vecchia,30,0.22699271285853695,0.19963277856611095,-0.07742579904943092,0.3544562094437985,-0.30441851190796787
5,gpboost_vecchia,31,0.2376519946706271,0.1636570964000959,0.2057712513707557,0.3430118997002747,-0.031880743299871395
5,gpboost_vecchia,32,-0.8051809328381693,-0.7302190537634943,-0.6565431057799724,0.27080083299604796,0.14863782705819684
5,gpboost_vecchia,33,-0.14260422188066701,-0.3295411090163802,-0.10258239170317118,0.3894988904869353,0.04002183017749583
5,gpboost_vecchia,34,-0.11390781857615664,-0.13293592264096948,0.015519268703894085,0.36371549997640656,0.12942708728005073
5,gpboost_vecchia,35,-0.2613060157655076,-0.18415775851961763,-0.19503382512663414,0.30650038913362765,0.06627219063887346
5,gpboost_vecchia,36,-0.19951628258099416,-0.08258466461927988,0.03156097780233402,0.22869438144385582,0.23107726038332818
5,gpboost_vecchia,37,-0.14859995400034953,-0.3285001912303732,-0.6929537850316052,0.3047016541422844,-0.5443538310312557
5,gpboost_vecchia,38,-0.4267273626918811,-0.5740095753637888,-0.5608805760289108,0.2584076660387904,-0.13415321333702973
5,gpboost_vecchia,39,1.2673758177660264,1.2115974817849535,1.4607598238926158,0.39733241405192304,0.19338400612658946
5,gpboost_vecchia,40,-0.24429014266469606,-0.22860271591259632,-0.07304405734619834,0.31469293349134947,0.17124608531849772
5,gpboost_vecchia,41,-0.13381978721200877,-0.24678435349315803,0.01623306219243581,0.3773101515237609,0.15005284940444458
5,gpboost_vecchia,42,-0.13856686756149267,-0.1326568876902078,-0.2417382331202127,0.3086733035962716,-0.10317136555872003
5,gpboost_vecchia,43,-0.2523780207288451,-0.056820079564710135,-0.37368711884695394,0.2057152566337495,-0.12130909811810886
5,gpboost_vecchia,44,-0.6373603014275397,-0.6949564327726878,-0.33503253963829494,0.24093984018696404,0.3023277617892448
5,gpboost_vecchia,45,-0.4637748124473756,-0.31776706946249256,-0.5366346293235349,0.23363706146689334,-0.07285981687615928
5,gpboost_vecchia,46,-0.38988548924142236,-0.4177345608144918,-0.3918104423650588,0.35588573284018726,-0.0019249531236364414
5,gpboost_vecchia,47,-0.2986197231738579,-0.29556765753648484,-0.016345684172485164,0.33079243505370637,0.2822740390013727
5,gpboost_vecchia,48,-0.717903695591336,-0.7199391350763034,-0.32239382526025295,0.35803988208389287,0.3955098703310831
5,gpboost_vecchia,49,-0.7428292064874689,-0.6897229279213283,-0.5301672134228745,0.20526640353785297,0.21266199306459432
5,gpboost_vecchia,50,1.3041659599434132,1.4361497924461888,1.2101967295257268,0.2617309368382722,-0.09396923041768646
5,gpboost_vecchia,51,-0.13003638101496084,0.0006899206541768066,-0.41616030709510454,0.336248961784593,-0.2861239260801437
5,gpboost_vecchia,52,1.2034919244331137,1.2845453087433567,0.9916023677001604,0.28411888400107493,-0.2118895567329533
5,gpboost_vecchia,53,-0.033091235515234435,-0.21491771993304157,0.06581986541206675,0.31732594905415584,0.09891110092730118
5,gpboost_vecchia,54,-0.7549645759902934,-0.6402730206109943,-0.3605779875774644,0.24431333592169968,0.39438658841282903
5,gpboost_vecchia,55,-0.8412563749231257,-0.7812365429022748,-0.5929119158178651,0.3295845952867779,0.2483444591052606
5,gpboost_vecchia,56,0.37969608222283613,0.45662287458766415,0.21049768614130038,0.3088193612645615,-0.16919839608153575
5,gpboost_vecchia,57,-0.7864155133175625,-0.7446444899282434,-0.4213475336363288,0.25955765012973103,0.3650679796812337
5,gpboost_vecchia,58,-0.5260457196488654,-0.637540656694658,-0.3149120797158602,0.2837284064799935,0.21113363993300516
5,gpboost_vecchia,59,1.8753474046144611,1.9153408310552276,1.4893784973965296,0.17223569074300055,-0.38596890721793153
5,gpboost_vecchia,60,-0.06973743921894549,-0.10977755541949602,0.016555760816217457,0.3500243286336914,0.08629320003516294
5,gpboost_vecchia,61,1.5791882757719535,1.5206227689473024,1.6127063264148411,0.33822689994953675,0.0335180506428876
5,gpboost_vecchia,62,-0.19394035580845537,-0.29663756605597313,0.3268111478222764,0.29985590128890016,0.5207515036307317
5,gpboost_vecchia,63,-0.5287070262840508,-0.35932390270853354,-0.37112097280060397,0.3402681417680416,0.1575860534834468
5,gpboost_vecchia,64,-0.14143393756228195,-0.13183218945896194,0.09205563485358859,0.3404727451997254,0.23348957241587054
5,gpboost_vecchia,65,-0.7099293771562142,-0.6125864964476956,-0.5970007653139433,0.31261793131585325,0.11292861184227088
5,gpboost_vecchia,66,-0.03373922068209223,-0.05462219264845692,-0.611056012896757,0.3213737824306735,-0.5773167922146648
5,gpboost_vecchia,67,1.1714101022424939,1.0373635537001842,0.9611831725812063,0.2410313024031777,-0.21022692966128753
5,gpboost_vecchia,68,-0.5717993069722641,-0.48612322595920454,-0.40230157795427246,0.2206059884718551,0.16949772901799165
5,gpboost_vecchia,69,-0.9689058821868478,-0.9090979373421427,-1.087276396467315,0.48939888236868184,-0.1183705142804673
5,gpboost_vecchia,70,0.3828222222363476,0.4277872094422328,0.5062686688272997,0.3333282769828577,0.12344644659095211
5,gpboost_vecchia,71,-0.5213615239113527,-0.4740840468508114,-0.7500316359240768,0.34049642690666126,-0.22867011201272414
5,gpboost_vecchia,72,-0.6683329503852367,-0.7084096676973564,-0.6306215417417071,0.16424358071256603,0.03771140864352951
5,gpboost_vecchia,73,0.13682083970042064,0.437117686565414,0.20639065157184433,0.36201443962262103,0.06956981187142369
5,gpboost_vecchia,74,1.1139378618613751,0.9842252098717503,1.580937679754797,0.44410515733480643,0.4669998178934218
5,gpboost_vecchia,75,-0.2569317663217573,-0.3665563927998087,-0.5983374514040918,0.2047167261666793,-0.3414056850823345
5,gpboost_vecchia,76,1.0532533033991274,1.0988414806612907,0.9346957682573152,0.22101863071423353,-0.11855753514181222
5,gpboost_vecchia,77,-0.5938332948480278,-0.7605046290329677,-0.34582204293923624,0.2938513596053296,0.24801125190879159
5,gpboost_vecchia,78,-1.0972630971062638,-1.1103473856404402,-0.9719128437816664,0.19605433537576847,0.12535025332459737
5,gpboost_vecchia,79,-0.6644204481550549,-0.6752798080082079,-0.4419831773348868,0.25291669481435514,0.22243727082016806
5,gpboost_vecchia,80,0.30930433076481073,0.2139160383155882,0.2328281800172789,0.2282222388087602,-0.07647615074753183
5,gpboost_vecchia,81,0.2506723227356964,0.4216562736154779,-0.3072822129986985,0.37600294673494383,-0.5579545357343949
5,gpboost_vecchia,82,-0.49093344275774714,-0.5149661659260856,-0.4799740624928255,0.33937520549641775,0.010959380264921659
5,gpboost_vecchia,83,-1.3967682372030605,-1.2068512322532738,-1.0540515244946596,0.3325901763715674,0.342716712708401
5,gpboost_vecchia,84,-0.671049871041437,-0.5172748460452968,-0.3910583150866156,0.20536543669480165,0.2799915559548214
5,gpboost_vecchia,85,1.4621213185937882,1.5305389638967808,1.8120729205158081,0.3726568487431141,0.3499516019220199
5,gpboost_vecchia,86,-0.3173579300656666,-0.38570637891918014,-0.4665654662351635,0.2301900065459056,-0.1492075361694969
5,gpboost_vecchia,87,1.1325604945741747,1.0065280708791562,1.7366345079911927,0.3770301899817717,0.6040740134170179
5,gpboost_vecchia,88,-0.23442138159308176,-0.30931453849113066,-0.22783642607688392,0.2275781252776,0.006584955516197838
5,gpboost_vecchia,89,-0.6337631580186905,-0.6809058722190042,-0.43530453302590644,0.2716864542546492,0.1984586249927841
5,gpboost_vecchia,90,0.5433258564105002,0.41950644999363124,0.9585981666318162,0.32778563554136253,0.41527231022131594
5,gpboost_vecchia,91,-0.6661815952137667,-0.736927030198976,-0.6816513626789149,0.2734554038283941,-0.015469767465148165
5,gpboost_vecchia,92,2.0502897695307882,2.055136202546105,2.0972014817984466,0.28947479957272254,0.046911712267658334
5,gpboost_vecchia,93,-0.6643964996357811,-0.6588055432879479,-0.35806692651927285,0.17531182952810231,0.3063295731165082
5,gpboost_vecchia,94,-0.5675683839492662,-0.613937507441227,-0.3527742980704218,0.2093302910281909,0.2147940858788444
5,gpboost_vecchia,95,1.9683736008731185,2.000966428152334,2.050933565795674,0.34929460285696,0.08255996492255546
5,gpboost_vecchia,96,0.4053333978710516,0.335638850120276,-0.1641447131884206,0.319675426216526,-0.5694781110594722
5,gpboost_vecchia,97,1.390496877217581,1.2266548406681155,1.512071817052984,0.21413608415166707,0.12157493983540313
5,gpboost_vecchia,98,-0.08097572924829682,-0.19099140552291538,-0.4486417785297281,0.28105086477914165,-0.36766604928143126
5,gpboost_vecchia,99,-0.9237642837586189,-0.9451751516652523,-0.9464010281495909,0.20795230318904875,-0.022636744390972074
5,gpboost_vecchia,100,-0.5494839614004308,-0.6513933727313916,-0.5772595436222758,0.3368308995947223,-0.027775582221845063
5,gpboost_vecchia,101,-0.5067763164783721,-0.6964662852429588,-0.3338318510227811,0.33647003706863626,0.17294446545559095
5,gpboost_vecchia,102,-0.24907665370533746,-0.3428769343187866,-0.16852426613865212,0.3100149174588094,0.08055238756668534
5,gpboost_vecchia,103,0.15021663722180617,0.10427798495001825,0.13888936358635462,0.3752759951141868,-0.011327273635451551
5,gpboost_vecchia,104,-0.7871730039479463,-0.8379996824756548,-0.6631375601285523,0.2565780796087494,0.12403544381939402
5,gpboost_vecchia,105,-0.3993409429081072,-0.28838732099941056,-0.6055175476748715,0.19146924061346132,-0.20617660476676436
5,gpboost_vecchia,106,-1.0290311634017302,-0.991776499220039,-0.45797837648896866,0.3880271773029663,0.5710527869127615
5,gpboost_vecchia,107,0.862893689803465,1.0601525006190604,0.6534054264208304,0.3294819526253809,-0.2094882633826346
5,gpboost_vecchia,108,0.2407284044351578,0.27715299600987736,-0.01628015541842842,0.27815636736687593,-0.2570085598535862
5,gpboost_vecchia,109,0.4759967111740886,0.4552251386392764,0.2461227191221642,0.4002747944544509,-0.22987399205192438
5,gpboost_vecchia,110,0.885419639946756,1.0119243547470973,1.3457005325277507,0.2959777042987133,0.4602808925809947
5,gpboost_vecchia,111,-0.04671763038091126,0.1627145117845029,-0.31938326601542855,0.3164982868507028,-0.2726656356345173
5,gpboost_vecchia,112,-0.7158247294757369,-0.88515140298526,-0.6875002227448501,0.17983987200546575,0.028324506730886823
5,gpboost_vecchia,113,0.6809208154841204,0.5196735613154,0.2573423186140502,0.35804352698221475,-0.4235784968700702
5,gpboost_vecchia,114,-0.11351281574419436,-0.056940321040423986,0.03715478888987178,0.27030854889388745,0.15066760463406614
5,gpboost_vecchia,115,-0.42563436246591,-0.4739042881786526,-0.26688334679807113,0.2208976252964941,0.1587510156678389
5,gpboost_vecchia,116,0.3548747948950268,0.23471095576754059,0.44765395304879974,0.24350236394090918,0.09277915815377291
5,gpboost_vecchia,117,0.615553013770319,0.6761594809803396,0.4577945240960375,0.3543427398929349,-0.15775848967428152
5,gpboost_vecchia,118,1.979275070233786,1.8938570933743462,1.899187223040812,0.47579479924683205,-0.08008784719297402
5,gpboost_vecchia,119,-0.46279485667129766,-0.2960936498875018,-0.3552493360776232,0.3357901027901529,0.10754552059367445
5,gpboost_vecchia,120,-0.476505805657174,-0.5677854608186621,-0.2443533911738207,0.2895735842315674,0.23215241448335328
5,gpboost_vecchia,121,1.1739674591879212,1.1404914418300025,0.5851873803363681,0.37656869127083603,-0.5887800788515531
5,gpboost_vecchia,122,-0.2006534682000339,-0.13547674755589445,-0.5231417533286802,0.3343563345429037,-0.32248828512864625
5,gpboost_vecchia,123,-0.9218541923434925,-0.9430130026439633,-0.650344582933549,0.24521654776417748,0.2715096094099435
5,gpboost_vecchia,124,0.505577632360501,0.4528947588861492,0.8999748913108796,0.23958884358505356,0.3943972589503786
5,gpboost_vecchia,125,-0.3451807345195479,-0.3498792402904898,-0.26495607425242707,0.3583452301057513,0.08022466026712083
5,gpboost_vecchia,126,0.7043389841496895,0.7653288193480889,0.4873849911867989,0.21049720651497025,-0.21695399296289064
5,gpboost_vecchia,127,-0.632024706563095,-0.621546673097081,-0.4545950850113858,0.2581849552895097,0.17742962155170916
5,gpboost_vecchia,128,-0.609969978613568,-0.6756163298701087,-0.2820020987282543,0.37470407697715263,0.32796787988531373
5,gpboost_vecchia,129,0.5764150001624622,0.5241722886542814,0.7335556063087267,0.16798965764056908,0.15714060614626457
5,gpboost_vecchia,130,-0.8822593449336686,-0.8215824677280619,-0.5884774403169875,0.325088654283418,0.2937819046166812
5,gpboost_vecchia,131,-1.0270864627486473,-1.1021331431768933,-0.5509612295688395,0.34136290966517524,0.4761252331798078
5,gpboost_vecchia,132,0.3875787685924757,0.3299951128749136,0.406330417540012,0.32310846553412825,0.01875164894753628
5,gpboost_vecchia,133,-0.14798022756483054,-0.14723122744669342,-0.26546101464340666,0.23466255280222525,-0.11748078707857612
5,gpboost_vecchia,134,2.2559028356144237,2.338733441768044,2.134360762151445,0.2783267581181493,-0.12154207346297863
5,gpboost_vecchia,135,-0.4539780321870036,-0.30181497137665103,-0.2819705859536388,0.33561767751489224,0.17200744623336484
5,gpboost_vecchia,136,-0.6909204262057242,-0.6795568850461489,-0.32834392225999665,0.2801620011260415,0.3625765039457276
5,gpboost_vecchia,137,0.11757023771360633,0.09259842079424763,0.16415880084959156,0.3342058320805677,0.04658856313598522
5,gpboost_vecchia,138,-0.9240194365637042,-0.8557898019101219,-0.8648739607083895,0.32013949402225494,0.05914547585531471
5,gpboost_vecchia,139,1.4056924362681098,1.573648579614214,1.7405383322082155,0.49421540767884004,0.3348458959401057
5,gpboost_vecchia,140,-0.9864930363385245,-1.0808906859554757,-0.809182893507085,0.316969504656362,0.17731014283143942
5,gpboost_vecchia,141,0.10088155189547154,0.04639605217608125,-0.21145537837267803,0.452588679103209,-0.31233693026814957
5,gpboost_vecchia,142,1.9931181873755512,2.063296582365326,2.0389130365549306,0.3579225921637747,0.04579484917937937
5,gpboost_vecchia,143,1.4120252464371497,1.3778660576040207,1.7480466163912816,0.32485705461959086,0.3360213699541319
5,gpboost_vecchia,144,-0.1748405470465625,-0.3877940620585813,0.002164800399238942,0.2631902223844986,0.17700534744580143
5,gpboost_vecchia,145,1.2226784401505228,1.1049939048699084,1.0200358027336414,0.27680954912666617,-0.2026426374168815
5,gpboost_vecchia,146,-0.4945010123506743,-0.46326097376186803,-0.3089163242857449,0.34525370179439524,0.1855846880649294
5,gpboost_vecchia,147,-0.7989800855502753,-0.6945372401671525,-0.33481898949571764,0.3747006552766941,0.4641610960545577
5,gpboost_vecchia,148,-0.5571136333841589,-0.5784298967752821,-0.2249938425100897,0.3375051540544891,0.3321197908740692
5,gpboost_vecchia,149,0.002165114226818393,-0.19452575348044368,0.037722234214871975,0.25978744056241226,0.03555711998805358
5,gpboost_vecchia,150,-0.6111466591820733,-0.6578843406794653,-0.4806739061544061,0.2379625723030611,0.13047275302766725
5,gpboost_vecchia,151,-0.6427547190796263,-0.6268630816143946,-0.5305097303428088,0.25866762376429553,0.11224498873681754
5,gpboost_vecchia,152,-0.17269701795197268,-0.22300399509618943,-0.5199601067805144,0.3409764835183594,-0.34726308882854173
5,gpboost_vecchia,153,-0.39690458058385014,-0.4531911063686815,-0.6386988817978327,0.263176223484231,-0.2417943012139826
5,gpboost_vecchia,154,-0.5246041139151553,-0.4768156901443446,-0.3472107106464417,0.30018649149763227,0.17739340326871356
5,gpboost_vecchia,155,-0.7021293028636915,-0.6155466657232334,-0.40824500355848237,0.2690997293031649,0.2938842993052091
5,gpboost_vecchia,156,1.8270076942021856,1.7785396673847822,1.3637538753038747,0.22882220065947514,-0.46325381889831085
5,gpboost_vecchia,157,0.6193829630023313,0.6596727960150104,0.8718628652457845,0.2992574957166417,0.2524799022434532
5,gpboost_vecchia,158,-0.5183635080196882,-0.45897313923168753,-0.4209090835033109,0.22979698055730652,0.09745442451637731
5,gpboost_vecchia,159,1.4406805653071522,1.5267963352407932,1.30962799129642,0.27798830585342627,-0.13105257401073223
5,gpboost_vecchia,160,-0.5116048804788378,-0.5053910496109374,-0.1695902966597984,0.32938583647995523,0.3420145838190394
5,gpboost_vecchia,161,-0.4012234591682054,-0.35414610545260805,-0.11227447519026157,0.31813434099509635,0.28894898397794383
5,gpboost_vecchia,162,-0.9348138462635128,-0.8508568592976433,-0.3301976116616281,0.30148461607924504,0.6046162346018847
5,gpboost_vecchia,163,0.8385636361165367,0.958041035786885,0.9495784766412783,0.26658582948239573,0.11101484052474153
5,gpboost_vecchia,164,0.6536721990210681,0.6153355936087508,0.6949158231696977,0.3186460007950725,0.04124362414862959
5,gpboost_vecchia,165,-0.2634782454473984,-0.07795021618810549,-0.5721138117385216,0.2590174860354976,-0.3086355662911232
5,gpboost_vecchia,166,-0.8979785872806045,-0.8682046194870602,-0.9690572090377731,0.19249262256343627,-0.07107862175716861
5,gpboost_vecchia,167,-0.12780964534046513,0.053138978195275355,-0.639339388370086,0.358790679995991,-0.5115297430296208
5,gpboost_vecchia,168,-0.6755898976331435,-0.8530958279660308,-0.24526574729913975,0.27948954305227547,0.43032415033400373
5,gpboost_vecchia,169,0.7946728219428894,0.9251686383416488,0.7224277304098585,0.2830016827325395,-0.07224509153303083
5,gpboost_vecchia,170,0.34357598146373747,0.2790781243175856,0.3375753762578473,0.40532939533426665,-0.006000605205890186
5,gpboost_vecchia,171,-0.17719275949415328,-0.19480414225657372,-0.14477849000503262,0.3119330004241952,0.032414269489120656
5,gpboost_vecchia,172,2.1078398677601644,2.0997102259849165,2.097832039136552,0.3149296334908472,-0.01000782862361227
5,gpboost_vecchia,173,0.34341233326084336,0.3282112037185002,0.4323167169806581,0.2646906344680507,0.08890438371981474
5,gpboost_vecchia,174,1.8267937238531955,2.0842667736505156,1.9166338932194016,0.3368054365169194,0.08984016936620609
5,gpboost_vecchia,175,-0.04448219495773009,0.03130473777461096,0.36846969477660707,0.3596594130026297,0.41295188973433716
5,gpboost_vecchia,176,0.03701104326586979,0.002320895129573057,-0.18585172057094645,0.30251852103114735,-0.22286276383681625
5,gpboost_vecchia,177,-0.28834997847782695,-0.08724725415917498,-0.7399203719299905,0.32817438819647127,-0.45157039345216354
5,gpboost_vecchia,178,-0.2759533531181453,-0.1596246025546152,-0.16889277465637598,0.3251470000037317,0.1070605784617693
5,gpboost_vecchia,179,1.1840298073613478,1.0984414116833283,1.0950088378683027,0.31140001366401404,-0.08902096949304505
5,gpboost_vecchia,180,0.19733001739915437,0.003540368516279563,0.12881959501378226,0.32349768861125566,-0.06851042238537211
5,gpboost_vecchia,181,-0.11547366235211812,0.005067478655375518,0.21331201347732787,0.34146652558456375,0.32878567582944596
5,gpboost_vecchia,182,-0.5293729425805926,-0.6152825947118827,-0.5020666171067525,0.17398967839729196,0.027306325473840154
5,gpboost_vecchia,183,-0.18759210113384805,-0.14975281225864834,-0.5912068902851715,0.2598349514156378,-0.4036147891513234
5,gpboost_vecchia,184,1.5140778866851148,1.6354642589558137,1.5650852955032768,0.2926437729587273,0.051007408818162014
5,gpboost_vecchia,185,0.8935793233350935,0.9441724809565384,0.8691963366488196,0.3346202705112066,-0.024382986686273922
5,gpboost_vecchia,186,2.2365209969072724,2.227443772351233,2.087282052841065,0.27373345165990065,-0.1492389440662074
5,gpboost_vecchia,187,-0.6940062096170144,-0.5665696473549097,-0.43721675364752066,0.2584484536624056,0.25678945596949376
5,gpboost_vecchia,188,-0.19468244350108033,-0.30977205816583364,-0.35787035369545706,0.2743914892188158,-0.16318791019437673
5,gpboost_vecchia,189,-0.37794373030342504,-0.16507746939465048,-0.7797677017417133,0.23664158278375244,-0.40182397143828824
5,gpboost_vecchia,190,0.6036543763024088,0.6711363314783947,0.25031733808799217,0.33678933790323934,-0.35333703821441664
5,gpboost_vecchia,191,-0.7483597816696965,-0.8514600975963316,-0.5734259633861161,0.2342211607348378,0.17493381828358046
5,gpboost_vecchia,192,0.43655843544088113,0.5687605116783533,0.8615935454467696,0.24429232620457939,0.42503511000588845
5,gpboost_vecchia,193,0.013893409472630736,0.11891894432799968,-0.3132371785052275,0.2709728365979908,-0.3271305879778582
5,gpboost_vecchia,194,0.6681604501653318,0.5956209224541965,1.3183859615065678,0.2929272076772241,0.6502255113412361
5,gpboost_vecchia,195,1.216610933468085,1.3153303377586885,0.6088219788396216,0.39595653764749444,-0.6077889546284634
5,gpboost_vecchia,196,0.4761248831209002,0.4498890201511825,0.8715122206623445,0.28814692823630883,0.3953873375414443
5,gpboost_vecchia,197,-0.007036080634560626,0.05484694176232655,-0.1641450858875011,0.3408161189528879,-0.15710900525294047
5,gpboost_vecchia,198,-0.47298828217095223,-0.5007661543411089,-0.42052932546752864,0.3381700093653785,0.0524589567034236
5,gpboost_vecchia,199,-0.6633040054427523,-0.8134631314451911,-0.09872040462186504,0.3052217273936398,0.5645836008208872
5,gpboost_vecchia,200,-0.4511158722285311,-0.5075255022997273,-0.35647146090749615,0.17598110391136274,0.09464441132103496
5,gpboost_vecchia,201,-1.2399749849893038,-1.2547096339955783,-0.41738757950844274,0.31139592568368185,0.8225874054808611
5,gpboost_vecchia,202,-0.7724555857297766,-0.9241258385150938,-0.9378379078910442,0.29185704270883356,-0.16538232216126758
5,gpboost_vecchia,203,0.3441750417432651,0.39123732279547413,0.12817654332373607,0.22162545981027945,-0.215998498419529
5,gpboost_vecchia,204,0.5163925882305082,0.5655476711701427,0.4345182771904952,0.3485935250579312,-0.08187431104001297
5,gpboost_vecchia,205,-0.19919850725089117,-0.07685218780916174,-0.01156140194188282,0.30952745678158927,0.18763710530900835
5,gpboost_vecchia,206,0.20332614996554224,0.33826646918086556,0.21876417462168973,0.3472870840652974,0.015438024656147492
5,gpboost_vecchia,207,1.4671983818391428,1.4840465888406034,1.8272898681754697,0.33626092191911294,0.3600914863363269
5,gpboost_vecchia,208,-0.7143799646073822,-0.7916730150697777,-0.5164511369642852,0.20898877493117135,0.19792882764309694
5,gpboost_vecchia,209,-0.2076825095985555,-0.2342413442607845,-0.1605796642199877,0.27914433109081677,0.04710284537856779
5,gpboost_vecchia,210,0.479937813664172,0.29800956996066175,0.6441747430678291,0.3079293591569712,0.16423692940365708
5,gpboost_vecchia,211,1.24245113333791,1.328688226158103,0.7466982094872137,0.3710813879260175,-0.49575292385069636
5,gpboost_vecchia,212,-0.706233103604422,-0.8189534040437465,-0.28227864498930977,0.17904308376475683,0.4239544586151123
5,gpboost_vecchia,213,-0.12517906236595877,-0.055948871107046036,-0.4392249219779867,0.3339095077186972,-0.3140458596120279
5,gpboost_vecchia,214,0.4485339578164656,0.4315381769478073,0.14908425782428658,0.36124712258361563,-0.299449699992179
5,gpboost_vecchia,215,-0.001427416653591529,0.059351975603334106,0.032679810346788685,0.3333538813936629,0.034107227000380214
5,gpboost_vecchia,216,1.245004455639836,1.372649629124229,1.3793773528668574,0.45100858487154205,0.13437289722702128
5,gpboost_vecchia,217,-0.09282978777373946,-0.20633547932934254,-0.5538146756222826,0.41644302608115186,-0.46098488784854313
5,gpboost_vecchia,218,-0.604178567467937,-0.6111918870990433,-0.4665401380196581,0.25263088079173207,0.13763842944827887
5,gpboost_vecchia,219,-0.9821681340733968,-0.989543418271891,-0.7358033203418461,0.24153365036627214,0.2463648137315506
5,gpboost_vecchia,220,-1.287493092459931,-1.3916225661906023,-0.6525499821759446,0.25309585611721713,0.6349431102839864
5,gpboost_vecchia,221,0.949358491570025,1.0692299287529201,1.6249476972722068,0.31820470632099884,0.6755892057021817
5,gpboost_vecchia,222,-0.4968009119575062,-0.48616407976513776,-0.5252624061421614,0.2081217761698342,-0.028461494184655156
5,gpboost_vecchia,223,0.8222476146806318,0.8376498879128287,0.44864223355240007,0.3628389255199547,-0.3736053811282317
5,gpboost_vecchia,224,-0.37690640891396554,-0.3399332868341821,-0.18077900702511762,0.3345919537909879,0.19612740188884792
5,gpboost_vecchia,225,-0.07215409328872972,-0.24533493889883468,0.07550915574563355,0.2505699147173824,0.1476632490343633
5,gpboost_vecchia,226,0.2833573693177944,0.6406517146773592,0.32207572554864505,0.27737215421936345,0.038718356230850626
5,gpboost_vecchia,227,-0.47132286080796965,-0.5707479814013922,-0.19594530477892746,0.3363282235286563,0.2753775560290422
5,gpboost_vecchia,228,1.225270849037565,1.1617553207480489,1.3325077289769833,0.4036970606859526,0.10723687993941833
5,gpboost_vecchia,229,-0.6930809492105701,-0.8595337269390532,-0.47632245261561224,0.16892918192881634,0.21675849659495783
5,gpboost_vecchia,230,0.36008321712226155,0.5080408668059808,0.4788332494603722,0.38062703390633223,0.11875003233811066
5,gpboost_vecchia,231,0.12330093285144988,-0.07242808865319447,-0.2814565812061254,0.34723193844618866,-0.40475751405757526
5,gpboost_vecchia,232,0.7745852425359041,0.7754252613537104,1.2422266676443812,0.29386704364880556,0.46764142510847706
5,gpboost_vecchia,233,1.1428443691725356,1.031744547487526,1.2975821424193796,0.15118093103569258,0.154737773246844
5,gpboost_vecchia,234,0.6572008547583086,0.558815428345466,0.8517554368299898,0.30164426272440964,0.1945545820716812
5,gpboost_vecchia,235,-0.5762429192380433,-0.42510515343838795,-0.6622998139553307,0.2294567379316006,-0.08605689471728739
5,gpboost_vecchia,236,-0.003925095283721813,-0.04536394393499989,-0.06274522655188797,0.253231635774561,-0.058820131268166154
5,gpboost_vecchia,237,0.014488119658297771,-0.07729893022769749,-0.39585007397577243,0.40548733501864737,-0.4103381936340702
5,gpboost_vecchia,238,0.7741027275803305,0.83634390735716,1.3314229718305342,0.348932350755322,0.5573202442502037
5,gpboost_vecchia,239,0.29273464541968897,0.3293950884837951,0.7354734040758331,0.2813825619305035,0.4427387586561441
5,gpboost_vecchia,240,0.3687946766735436,0.4813521448655429,0.5241642093408387,0.32632755520935847,0.15536953266729514
5,gpboost_vecchia,241,-0.04726022890704254,-0.0537893018319029,0.13311814994046145,0.24427124764258537,0.180378378847504
5,gpboost_vecchia,242,0.204208747948755,0.23729546269435506,0.40076164859210195,0.3413445412084976,0.19655290064334696
5,gpboost_vecchia,243,1.8033850529232769,1.6954501286330876,1.9424918170989613,0.3026843482782937,0.13910676417568446
5,gpboost_vecchia,244,-0.9073544153465105,-0.9703523284452525,-0.6453627118316909,0.27840779191496,0.2619917035148196
5,gpboost_vecchia,245,1.3113052243042096,1.1442066739410488,1.5444341475317103,0.25860926659275807,0.23312892322750067
5,gpboost_vecchia,246,0.6964155186319928,0.7225373372444607,0.5945943893706165,0.3724006057105382,-0.10182112926137632
5,gpboost_vecchia,247,-0.6081711281045198,-0.6043529777273575,-0.5135536858559036,0.14127158095810732,0.09461744224861623
5,gpboost_vecchia,248,0.16999273068589665,0.2531270738828679,0.36780309541594924,0.3660192448333312,0.1978103647300526
5,gpboost_vecchia,249,1.6339498951959472,1.6616817160856487,1.1635794853830177,0.2460479249533267,-0.47037040981292955
5,gpboost_vecchia,250,0.0817119343540118,0.04871906073977322,-0.0684244396780258,0.26520944340877145,-0.1501363740320376
5,gpboost_vecchia,251,-0.08666905552988727,-0.10149249102463401,-0.5191774201448789,0.4138423684381883,-0.43250836461499165
5,gpboost_vecchia,252,0.42471837578770893,0.32288364375092726,0.3754177015016733,0.3445204239488246,-0.04930067428603563
5,gpboost_vecchia,253,-0.2548372516319549,-0.3576976647052209,-0.010680666163519703,0.37511762318197256,0.24415658546843522
5,gpboost_vecchia,254,0.9554707636186012,0.8577490736286097,0.5935099929687482,0.37666159038447783,-0.361960770649853
5,gpboost_vecchia,255,-0.6720830052797795,-0.7430613996867116,-0.36640716518023453,0.2429871864756267,0.30567584009954496
5,gpboost_vecchia,256,-1.092810768712487,-1.3083733318625386,-0.5381883184617458,0.32378659239622243,0.5546224502507413
5,gpboost_vecchia,257,-0.34743507450238403,-0.17830030422730653,-0.17753046867447608,0.29518823575063863,0.16990460582790795
5,gpboost_vecchia,258,-0.47353246197800813,-0.32363746206881894,-0.5572385571109368,0.31189318497497265,-0.0837060951329287
5,gpboost_vecchia,259,0.4054484517971203,0.5847526019675133,0.09039605207606627,0.3909076285485088,-0.31505239972105403
5,gpboost_vecchia,260,-0.4807926941809786,-0.49009274109850187,-0.6127310163104518,0.18976147443860225,-0.1319383221294732
5,gpboost_vecchia,261,0.46691133837330595,0.6104023017798625,0.257200729584973,0.3888107449764176,-0.20971060878833298
5,gpboost_vecchia,262,-0.3141353438380155,-0.43883489336744685,0.012291063253401902,0.2650358924938126,0.3264264070914174
5,gpboost_vecchia,263,0.260919957433835,0.18197002431435616,0.09934416653599243,0.3131053329516197,-0.16157579089784257
5,gpboost_vecchia,264,0.1753256630012901,0.028052231411989925,-0.04060482350388739,0.3035913039452812,-0.2159304865051775
5,gpboost_vecchia,265,-0.3493244103141393,-0.439715990978396,-0.25848140194120717,0.24157078328792236,0.09084300837293213
5,gpboost_vecchia,266,0.4074394954563454,0.4280693857926565,0.503821694179047,0.2658210649706,0.0963821987227016
5,gpboost_vecchia,267,0.31431452499860624,0.14948402996936028,0.20635876816321286,0.42728540611565446,-0.10795575683539338
5,gpboost_vecchia,268,1.1362505144819064,1.2811111411338068,0.7827544631198045,0.2638301748773033,-0.35349605136210194
5,gpboost_vecchia,269,-0.6717410626354323,-0.7654559267759091,-0.556171971885103,0.31131870410908913,0.11556909075032928
5,gpboost_vecchia,270,0.7358283195558258,0.7764842001366481,0.5058053170263648,0.3780783083877141,-0.23002300252946106
5,gpboost_vecchia,271,-0.26133346432389404,-0.20825840414892374,-0.37881073593279524,0.27090736519261893,-0.1174772716089012
5,gpboost_vecchia,272,1.129970566038807,1.2533296363108972,1.6581680931256262,0.3257622724661368,0.5281975270868191
5,gpboost_vecchia,273,0.526813226709392,0.6114222040798853,0.5499322773668656,0.33726574855343294,0.02311905065747355
5,gpboost_vecchia,274,-0.2838589518015967,-0.5233745574492517,-0.16703603125839273,0.31927561799577925,0.11682292054320398
5,gpboost_vecchia,275,-0.6041772359180775,-0.5811337447547213,-0.6182601343899563,0.29300504626106594,-0.014082898471878824
5,gpboost_vecchia,276,0.17171609700063026,0.1833054243980246,0.28327983217676334,0.2731264687357096,0.11156373517613308
5,gpboost_vecchia,277,1.1436650423744825,0.884733692945054,1.6377361815179263,0.29972070927334293,0.4940711391434438
5,gpboost_vecchia,278,-0.9084412385394611,-0.9158514260470522,-0.5271887388641598,0.23474157957452302,0.3812524996753013
5,gpboost_vecchia,279,-0.18011263562684598,-0.2218277494359265,-0.24043862304771224,0.3100028122712288,-0.060325987420866256
5,gpboost_vecchia,280,0.4244622539946685,0.387246923944784,0.3009251662650527,0.3649681823508362,-0.1235370877296158
5,gpboost_vecchia,281,-0.5801218854385076,-0.5535096254553379,-0.5512155024001419,0.24770906522708377,0.02890638303836568
5,gpboost_vecchia,282,-0.1531477531941039,-0.2980589478686687,-0.22254115737559843,0.2349686192626262,-0.06939340418149453
5,gpboost_vecchia,283,-0.3162045456846895,-0.3233946041709815,-0.3996551817323315,0.18214700248819496,-0.08345063604764202
5,gpboost_vecchia,284,-0.829932398267565,-0.7620202230587766,-0.9016202352574716,0.24867758273379087,-0.07168783698990655
5,gpboost_vecchia,285,0.19622294156327794,0.10564699070598844,0.1976057885025,0.2834133034734179,0.0013828469392220544
5,gpboost_vecchia,286,-0.2297201677694204,-0.3059460248730085,-0.08417881787156745,0.3065372853261041,0.14554134989785295
5,gpboost_vecchia,287,0.2828176366959457,0.45823404591131045,0.4907662592935722,0.29100696866309944,0.20794862259762653
5,gpboost_vecchia,288,-0.5393342807649069,-0.6450966722744683,-0.02601161870505031,0.3420183842732191,0.5133226620598565
5,gpboost_vecchia,289,0.1486532480964224,0.09777753430246411,0.13355687230699864,0.3459040342219211,-0.015096375789423772
5,gpboost_vecchia,290,-0.367994529593859,-0.4340833897698256,-0.32927981158758257,0.22676695559335475,0.038714718006276405
5,gpboost_vecchia,291,0.04516992695236616,0.032168865215521744,-0.023436814249162552,0.2196574160175822,-0.06860674120152871
5,gpboost_vecchia,292,-0.4209805550610626,-0.3712612685475324,-0.475783964676868,0.2545628283904318,-0.05480340961580543
5,gpboost_vecchia,293,-0.11286336096757815,-0.047694365211745984,-0.1263786587878304,0.23207694555611721,-0.013515297820252237
5,gpboost_vecchia,294,0.17626960082538923,-0.017748292145223776,-0.04932357124886977,0.3423444675845613,-0.225593172074259
5,gpboost_vecchia,295,-1.2354218372095325,-1.1075251514217679,-1.0438167781190124,0.26537174773018873,0.19160505909052006
5,gpboost_vecchia,296,-0.5039379065196842,-0.6721937709503221,-0.4860243338434991,0.28240020321328213,0.017913572676185097
5,gpboost_vecchia,297,-1.0950301285630877,-1.2218070480230359,-0.3744225938759129,0.33567586076282513,0.7206075346871748
5,gpboost_vecchia,298,-0.18351047213226684,-0.3795420333035106,-0.05473454324866367,0.2887537964931132,0.12877592888360317
5,gpboost_vecchia,299,1.023917958479605,1.007863197779192,0.8599759818771204,0.26492244513588425,-0.16394197660248455
6,gpboost_vecchia,0,1.5429844693875656,1.5221794149968173,0.9221883616492443,0.3536429532044785,-0.6207961077383213
6,gpboost_vecchia,1,-0.5392656277848924,-0.6056728054138781,-0.574235967888558,0.25999325595028405,-0.03497034010366562
6,gpboost_vecchia,2,1.126574713614083,1.1043182954344868,0.9535596142433043,0.3118555947556043,-0.17301509937077864
6,gpboost_vecchia,3,-0.05340083616990802,-0.08671870165436513,0.07752035133783886,0.26516146454634165,0.13092118750774687
6,gpboost_vecchia,4,0.1960947615344011,0.2636714118095279,-0.16816287871646374,0.3107257797583926,-0.3642576402508648
6,gpboost_vecchia,5,-0.3216591565176813,-0.4104946244785427,0.06703040266729943,0.36244370080038224,0.3886895591849807
6,gpboost_vecchia,6,-1.3859438062106173,-1.4310243820864175,-1.1959532851239105,0.3604149946410816,0.18999052108670678
6,gpboost_vecchia,7,-0.21277182554188678,-0.35061907324070085,-0.2402790725965982,0.32008368501701945,-0.027507247054711415
6,gpboost_vecchia,8,-0.5329023378255495,-0.3983538765985525,0.32959736485431623,0.37228377238709975,0.8624997026798658
6,gpboost_vecchia,9,0.4397948490962444,0.5345926059848609,0.30435752027534146,0.34456609038060515,-0.13543732882090292
6,gpboost_vecchia,10,-0.1609401173164116,-0.13466924442444111,-0.03265558102374699,0.2879053902898366,0.12828453629266462
6,gpboost_vecchia,11,-0.639413868043414,-0.6567989907907215,0.2504994387002366,0.3691313127450763,0.8899133067436507
6,gpboost_vecchia,12,-0.2026655550091049,-0.2587086239829521,-0.07156353755757516,0.3498641177367539,0.13110201745152975
6,gpboost_vecchia,13,0.5496720786095133,0.41945348172586283,0.4802687579200926,0.19168485975854377,-0.06940332068942068
6,gpboost_vecchia,14,-0.049014724455780076,-0.16905293916101188,-0.13583788468221636,0.3544717967769367,-0.08682316022643628
6,gpboost_vecchia,15,-0.09472359688985288,-0.2301290773048321,-0.1371873119323147,0.3182376105387802,-0.042463715042461825
6,gpboost_vecchia,16,-0.5916205277828215,-0.46823624083731774,-0.26166439625308113,0.2486620824571355,0.32995613152974035
6,gpboost_vecchia,17,-0.2520570636948743,-0.33806200916232254,-0.3914122021645354,0.38268666026337483,-0.13935513846966113
6,gpboost_vecchia,18,-0.5027302192174041,-0.49699139795299474,-0.6607663797259073,0.20900931083610164,-0.15803616050850322
6,gpboost_vecchia,19,0.11160501587518684,0.16041131369651207,0.27344636531123623,0.25830594857410305,0.1618413494360494
6,gpboost_vecchia,20,-0.05689838187330726,0.15020591668987032,0.286998556477034,0.3629632003322016,0.34389693835034124
6,gpboost_vecchia,21,0.0876617474940249,-0.015212575465245723,0.4103476408979593,0.3587466450655953,0.3226858934039344
6,gpboost_vecchia,22,-0.6135914919501241,-0.6809215614140487,-0.9217773628023491,0.25345029193257423,-0.30818587085222504
6,gpboost_vecchia,23,0.28265873866246655,0.19560896084668047,0.3267613402408447,0.2395651650025613,0.04410260157837814
6,gpboost_vecchia,24,-0.08625167416742645,-0.0023990350133153704,-0.2806929197644461,0.32309491320790884,-0.19444124559701964
6,gpboost_vecchia,25,-0.5123639753143252,-0.41638760973140726,-0.4197635946627183,0.31673599448214196,0.09260038065160692
6,gpboost_vecchia,26,0.685060270659436,0.45419481362968583,0.05418510541062038,0.3236134640405579,-0.6308751652488156
6,gpboost_vecchia,27,-0.2731785617208832,-0.2801443757742181,-0.1667357795669262,0.2841461282210168,0.10644278215395697
6,gpboost_vecchia,28,0.8651936991321036,0.7779900014937241,0.8683272869608019,0.2650412187378493,0.0031335878286982144
6,gpboost_vecchia,29,-0.6385686130483202,-0.6394536395334366,0.31467254931003413,0.39254532607454684,0.9532411623583543
6,gpboost_vecchia,30,-0.04042363296634485,-0.19188426118894805,-0.19036316682180776,0.31343547604369043,-0.1499395338554629
6,gpboost_vecchia,31,1.233748807860552,1.2632423172485694,0.7402390547086213,0.2888633796879379,-0.4935097531519308
6,gpboost_vecchia,32,0.19161029742948618,0.12467805468286519,0.31032754642804816,0.22863808642702538,0.11871724899856198
6,gpboost_vecchia,33,1.0683642460497251,0.8864783782677169,0.38449245155578105,0.3516419854955528,-0.6838717944939441
6,gpboost_vecchia,34,-0.05102858024918562,-0.004715386675663603,0.19851461496305522,0.22664115504929538,0.24954319521224083
6,gpboost_vecchia,35,1.1682619777287686,1.2468001231091375,0.44393180836790025,0.3243739641407754,-0.7243301693608684
6,gpboost_vecchia,36,-0.12486457413328195,-0.10517940397490268,0.07648620989714294,0.35936958950663,0.2013507840304249
6,gpboost_vecchia,37,-0.2544494620709956,-0.31439396308388706,-0.6694916958932997,0.2600821229439691,-0.4150422338223041
6,gpboost_vecchia,38,-0.6237944779549314,-0.6938997194108385,-0.3793628129039379,0.3821155921992529,0.24443166505099345
6,gpboost_vecchia,39,0.4673641985649334,0.5257564896052129,0.3085006375444528,0.3615111917789368,-0.1588635610204806
6,gpboost_vecchia,40,-0.37982250444388455,-0.354106158164237,-0.36973611266994366,0.18821889682709647,0.010086391773940884
6,gpboost_vecchia,41,1.177941776507946,1.0679682923666682,1.1362473522302983,0.2503329873371664,-0.0416944242776478
6,gpboost_vecchia,42,0.4692690480471693,0.6201811460780757,-0.3480061588235033,0.33125855603168763,-0.8172752068706726
6,gpboost_vecchia,43,-0.15720941374437603,-0.20773121711116782,0.004667625069865622,0.33938036703843893,0.16187703881424165
6,gpboost_vecchia,44,-0.18901512060136255,-0.15987858378120545,-0.2998951461744541,0.3682789096748574,-0.11088002557309157
6,gpboost_vecchia,45,-0.06717878297798367,-0.09312124685693231,-0.032313859746792906,0.34678278268104473,0.03486492323119077
6,gpboost_vecchia,46,0.2573104622990007,0.2546257698547565,0.3517799469985885,0.28568554118789324,0.09446948469958782
6,gpboost_vecchia,47,-0.1473494193956727,-0.11656497331175919,-0.24347108392401728,0.37325751900881077,-0.09612166452834459
6,gpboost_vecchia,48,0.9399041942899026,0.8502663615901074,0.6423146805764866,0.3429955014984019,-0.297589513713416
6,gpboost_vecchia,49,0.7517566151820133,0.6756519922398864,0.6330829053756808,0.33839205295893565,-0.11867370980633252
6,gpboost_vecchia,50,0.6328560738661876,0.6182239341786561,0.4632467782344982,0.3469320384660585,-0.16960929563168936
6,gpboost_vecchia,51,-0.01874147360483929,-0.07931271949898966,-0.3596259705006615,0.2886496161371298,-0.3408844968958222
6,gpboost_vecchia,52,-0.6513902936564108,-0.7795623066850002,-0.5926948443558753,0.27313273718179576,0.058695449300535496
6,gpboost_vecchia,53,0.0001260463923864752,-0.15232875094132645,0.0932914526379085,0.4034286184955666,0.09316540624552203
6,gpboost_vecchia,54,-0.9700211679875813,-0.8415971841383437,-0.3289233380330657,0.39123807511452957,0.6410978299545156
6,gpboost_vecchia,55,0.6760455633873982,0.6878213507940628,0.4587696818850069,0.34069398748813057,-0.2172758815023913
6,gpboost_vecchia,56,-0.7194981650383161,-0.8645730101196802,-0.37313647368519365,0.446263372321314,0.34636169135312245
6,gpboost_vecchia,57,0.6247622688401058,0.5027445547424376,0.5990069190344045,0.3229830198679096,-0.025755349805701266
6,gpboost_vecchia,58,-1.231134293188692,-1.2323770145622233,-1.0954503028750917,0.3218021649907117,0.13568399031360023
6,gpboost_vecchia,59,0.4573039361458108,0.3596829427678536,0.6819082355805115,0.31506730412068995,0.22460429943470073
6,gpboost_vecchia,60,1.0560555346550786,0.9388349260666902,0.7623586653836867,0.33810106556314035,-0.29369686927139194
6,gpboost_vecchia,61,-0.40807478387002083,-0.3916776329720099,-0.0892493511451149,0.2678369275099105,0.31882543272490593
6,gpboost_vecchia,62,-1.3947224423091371,-1.3960625737583645,-1.228611595355128,0.2521540443874492,0.16611084695400913
6,gpboost_vecchia,63,0.8414976911026814,1.0307818933507067,0.5489419442409798,0.31544148988920906,-0.2925557468617016
6,gpboost_vecchia,64,-0.17285244753247106,-0.19421731387631982,-0.2606988976952471,0.3780009096178389,-0.08784645016277606
6,gpboost_vecchia,65,-0.219665786677043,-0.21099176538655184,-0.37202613306704246,0.3901563137376192,-0.15236034638999946
6,gpboost_vecchia,66,0.8380288345819443,0.8107379762731841,0.30014108446078414,0.32283742636285306,-0.5378877501211602
6,gpboost_vecchia,67,-0.7683551719707964,-1.0904836714221111,-0.25217487068519995,0.3844288767357765,0.5161803012855964
6,gpboost_vecchia,68,-0.05764185024390946,0.02070582909544795,-0.038704191587139114,0.32836922424454534,0.018937658656770343
6,gpboost_vecchia,69,1.2177921656774529,1.4119423954865193,0.5873971129619922,0.35155130538272866,-0.6303950527154607
6,gpboost_vecchia,70,-0.18494839415031145,-0.09119726514984391,-0.600208826160495,0.30699054306216006,-0.41526043201018353
6,gpboost_vecchia,71,-1.0552282375319284,-1.0969464310741643,-1.127708623232404,0.27898166890693343,-0.07248038570047566
6,gpboost_vecchia,72,-0.6226293239972964,-0.428384717024365,-0.5427399403050011,0.24359655093737495,0.07988938369229537
6,gpboost_vecchia,73,0.8278227104121788,0.8980107034360438,0.6405150126876986,0.34289378516346053,-0.1873076977244802
6,gpboost_vecchia,74,0.17504295417464852,0.21077954194534979,-0.31099785275478364,0.3738003677583646,-0.4860408069294322
6,gpboost_vecchia,75,-0.7316535866063206,-0.6093736194616245,-1.1141914133423252,0.30528119172962553,-0.38253782673600456
6,gpboost_vecchia,76,0.06547806955348853,0.00019636833147566868,-0.27027886419594527,0.36786986644901415,-0.33575693374943383
6,gpboost_vecchia,77,0.8044483340561533,0.654530040586848,0.3373078417304326,0.32939041616869147,-0.46714049232572075
6,gpboost_vecchia,78,1.2322707313305572,1.2780589337371655,0.973611256106597,0.32258137257537906,-0.25865947522396016
6,gpboost_vecchia,79,0.4717265631303965,0.5800046566389836,0.2657072479907139,0.3434370316473669,-0.20601931513968263
6,gpboost_vecchia,80,0.3108070349285324,0.39740672740584804,-0.07208751076870668,0.29004913382779896,-0.3828945456972391
6,gpboost_vecchia,81,0.4042612065228768,0.15237050552220666,0.46948958696148324,0.22662270687896918,0.06522838043860646
6,gpboost_vecchia,82,0.3380050422460337,0.34459791434793025,0.18961383429605405,0.21220659630279098,-0.14839120794997968
6,gpboost_vecchia,83,0.9360779311766456,0.881109782431277,0.4164367699767495,0.34310577771854434,-0.5196411611998961
6,gpboost_vecchia,84,0.02298805839455026,-0.004702982262615146,-0.3058228902906477,0.37895686546349694,-0.32881094868519795
6,gpboost_vecchia,85,-0.2808896718264378,-0.23834211414319553,0.04537253375160466,0.3473261037715145,0.3262622055780425
6,gpboost_vecchia,86,0.815918180253176,0.829161984783532,0.23647290235106366,0.2850416123071036,-0.5794452779021123
6,gpboost_vecchia,87,0.2871043334234995,0.1678020308248792,0.3172496368992137,0.17033449735942463,0.030145303475714202
6,gpboost_vecchia,88,-1.0076436045556434,-0.987729018766915,-0.9459068842593424,0.32608585551737357,0.06173672029630095
6,gpboost_vecchia,89,1.0517700948106017,1.1632271481738095,0.9451431757015054,0.323157265248886,-0.10662691910909627
6,gpboost_vecchia,90,-0.03722692808963701,0.10560906165284903,0.1802155369994276,0.29200211180685076,0.21744246508906462
6,gpboost_vecchia,91,-0.5173523848539158,-0.573170682598009,-0.46054881544340365,0.23846978487212292,0.05680356941051212
6,gpboost_vecchia,92,-0.336986417452106,-0.3135248090890604,-0.4481600569749631,0.15337574269549223,-0.11117363952285708
6,gpboost_vecchia,93,1.0087828597819282,0.9539209088887393,0.47437048656642977,0.3320501550501096,-0.5344123732154984
6,gpboost_vecchia,94,-0.1274579850226356,-0.2363008548731706,-0.18739236256460057,0.2776891076662722,-0.059934377541964956
6,gpboost_vecchia,95,-1.0057964532269297,-0.9917020942410413,-1.1068604011875904,0.3370749267220741,-0.10106394796066076
6,gpboost_vecchia,96,-0.5303544620199847,-0.674030774519115,-0.282332927152948,0.2188502603684269,0.2480215348670367
6,gpboost_vecchia,97,0.2962589016046148,0.3270307283290803,0.2871069325638924,0.21480104893283938,-0.009151969040722407
6,gpboost_vecchia,98,-1.042112088160894,-1.1546329891485378,-0.6827767827003258,0.3177735938359541,0.35933530546056824
6,gpboost_vecchia,99,0.9327218616167786,0.8228131820129875,0.8532579965187348,0.33005590810971486,-0.07946386509804382
6,gpboost_vecchia,100,0.03703658758052775,0.08484093498210368,0.155993417072545,0.3330417967145468,0.11895682949201725
6,gpboost_vecchia,101,0.1314609241324329,-0.052869841901441506,0.03760886807380981,0.2631296625668647,-0.0938520560586231
6,gpboost_vecchia,102,0.11825216369909791,0.12657091937110806,-0.2950208252809081,0.3279119987268678,-0.41327298898000603
6,gpboost_vecchia,103,0.6146828750440219,0.7070490928385176,-0.12525031919439378,0.3141527108076368,-0.7399331942384156
6,gpboost_vecchia,104,0.07845479041250403,0.053048884188871784,-0.08027361548770129,0.259044213457285,-0.15872840590020532
6,gpboost_vecchia,105,-0.4212403271076497,-0.3480108982541429,-0.551501072810112,0.39680750121369573,-0.13026074570246227
6,gpboost_vecchia,106,-0.07464825668071175,-0.03696354675819311,0.052176761068614685,0.21142605741657425,0.12682501774932642
6,gpboost_vecchia,107,0.2686128391545519,0.30561644132385324,0.5260719799318596,0.3139153698772491,0.2574591407773077
6,gpboost_vecchia,108,0.13045193981851316,0.2664747963026082,0.06400903677669056,0.3601235566233429,-0.0664429030418226
6,gpboost_vecchia,109,-0.2928859970711747,-0.24458465916186486,0.014532754461574093,0.3318564531353254,0.3074187515327488
6,gpboost_vecchia,110,0.4147423155946792,0.4053880945654015,0.26932361636768487,0.3495979344773967,-0.14541869922699435
6,gpboost_vecchia,111,-0.581568081455377,-0.6209027744299168,-0.17367798469160745,0.2589425910481192,0.4078900967637695
6,gpboost_vecchia,112,-0.2833769198705617,-0.30011153489496184,-0.475062907658226,0.3203185045982851,-0.19168598778766432
6,gpboost_vecchia,113,0.7011566938451655,0.786567138025601,0.8736633847771917,0.2867435999572254,0.1725066909320262
6,gpboost_vecchia,114,0.1359530011904343,0.020454141231548872,0.2831100302853464,0.2830239003982329,0.14715702909491213
6,gpboost_vecchia,115,0.8786087718637604,0.9369753641255968,0.5077223580934738,0.31551419904972594,-0.37088641377028664
6,gpboost_vecchia,116,-0.19333326154822988,-0.3042607541817984,-0.10372990884264865,0.3445548725512756,0.08960335270558123
6,gpboost_vecchia,117,0.39350974381870896,0.36037061288540695,0.3773652745606344,0.2152259378918632,-0.016144469258074556
6,gpboost_vecchia,118,-0.03582533989116701,0.07394053644966862,0.012912176864207758,0.28259251177123235,0.04873751675537477
6,gpboost_vecchia,119,-0.970752830962418,-0.9768225829437874,-0.7484525497063346,0.26395776693197565,0.22230028125608348
6,gpboost_vecchia,120,0.28266631155464744,0.06139699348380184,-0.1579752692540417,0.29077253096115,-0.44064158080868915
6,gpboost_vecchia,121,0.8592882583171122,0.8934315629938361,0.3220921553261311,0.33406191733875995,-0.5371961029909811
6,gpboost_vecchia,122,-0.7844104818291124,-0.8633592538194379,-0.24208673523581714,0.335835641439399,0.5423237465932953
6,gpboost_vecchia,123,1.0170874860897674,1.109341412315015,0.9998152760267619,0.3169485568013121,-0.0172722100630055
6,gpboost_vecchia,124,0.3485600574673068,0.48893750921929446,0.33323410062092296,0.324309890618006,-0.015325956846383826
6,gpboost_vecchia,125,-0.0823905059768619,-0.25569971520365176,-0.2646367566020347,0.31496795620775936,-0.18224625062517277
6,gpboost_vecchia,126,-0.6673885764747485,-0.779800959236931,-0.8430564038588584,0.3590908475006857,-0.1756678273841099
6,gpboost_vecchia,127,-0.21034236467904177,-0.08252395718114083,-0.25358533131608274,0.35198630125999064,-0.04324296663704097
6,gpboost_vecchia,128,-1.0133308750387964,-1.1211686802819012,-1.3206922487233776,0.3013850637191611,-0.3073613736845813
6,gpboost_vecchia,129,0.019455095049633553,0.044203755780353765,0.11325874158781701,0.25543581035006346,0.09380364653818346
6,gpboost_vecchia,130,0.22370790390062928,0.10379566994665167,-0.1968219981596684,0.2651995658244192,-0.42052990206029767
6,gpboost_vecchia,131,0.3273001994227929,0.39234060863445924,0.3540050296106556,0.2556618935414313,0.026704830187862683
6,gpboost_vecchia,132,0.14332099424402456,0.1289693143474367,-0.29859783851536337,0.4395618608031846,-0.4419188327593879
6,gpboost_vecchia,133,1.3383722228496473,1.4758055750042889,1.2246444565134382,0.24065379649273227,-0.11372776633620907
6,gpboost_vecchia,134,1.2522036874381195,1.2595422815567514,0.7048163901160129,0.31336922198611666,-0.5473872973221066
6,gpboost_vecchia,135,0.6896853384254094,0.7007301586291782,0.3687515075668606,0.31859248127879325,-0.32093383085854876
6,gpboost_vecchia,136,1.0199026677058198,0.9858207403421234,0.4079141619878799,0.3549131024358014,-0.61198850571794
6,gpboost_vecchia,137,-0.271849716096665,-0.21285952516847198,-0.5773361286668888,0.2060642377694635,-0.3054864125702238
6,gpboost_vecchia,138,1.1202298683324927,1.1293458691346394,0.8639037281043105,0.2658633809472593,-0.25632614022818223
6,gpboost_vecchia,139,0.12062136416217577,0.13352767067853316,0.018564939708997308,0.34818973097557643,-0.10205642445317846
6,gpboost_vecchia,140,0.6295280873512585,0.6152844802854945,0.4178020659101256,0.19081544181438964,-0.21172602144113295
6,gpboost_vecchia,141,-0.4291193420517129,-0.4483652974708316,-0.422465820313475,0.3057933515764894,0.006653521738237911
6,gpboost_vecchia,142,0.0895270063794867,0.11431175578572104,-0.26283433267269285,0.28660823958027337,-0.35236133905217953
6,gpboost_vecchia,143,0.8494255805747442,0.7887228046501696,0.42793892833998126,0.3389794206622717,-0.4214866522347629
6,gpboost_vecchia,144,0.01182212903600223,-0.06479159037848825,0.15747964696459205,0.34962082295642655,0.14565751792858983
6,gpboost_vecchia,145,-0.02316054037023449,-0.11328112863456356,0.30048018493182377,0.3624818783372005,0.32364072530205823
6,gpboost_vecchia,146,-0.7595417719923365,-0.5669650758054863,-0.9224609768889065,0.3785330278024096,-0.16291920489656997
6,gpboost_vecchia,147,-0.1630119163769694,-0.08930333884597522,-0.3661371245542986,0.27629503012531953,-0.20312520817732918
6,gpboost_vecchia,148,-0.7831006672458711,-0.7145779658534832,-0.7962401258873927,0.41346685632189667,-0.01313945864152155
6,gpboost_vecchia,149,0.5946075544677406,0.5071407851454357,0.3818244188366592,0.3232459334844491,-0.21278313563108142
6,gpboost_vecchia,150,-0.8641799512637199,-0.706584824377144,-1.0921041956502529,0.27716827820478895,-0.22792424438653291
6,gpboost_vecchia,151,0.1604889109701042,0.16291226247440307,-0.1852796024305341,0.315338052465842,-0.3457685134006383
6,gpboost_vecchia,152,0.49676793733130564,0.6336579706675068,0.33578529202210294,0.3955028379203613,-0.1609826453092027
6,gpboost_vecchia,153,-0.34448180790460486,-0.45875540728261477,-0.40756678326495743,0.3379069298507808,-0.06308497536035257
6,gpboost_vecchia,154,0.048419305516978706,-0.08627472802154909,0.07398322267517465,0.317270057744242,0.025563917158195948
6,gpboost_vecchia,155,0.19342181962449212,0.2986856647057826,0.21476153279643317,0.310378528496594,0.021339713171941055
6,gpboost_vecchia,156,-0.11457289272738225,-0.005861562427889502,-0.06287962845553341,0.44313361760216774,0.05169326427184884
6,gpboost_vecchia,157,-0.030193189747381943,-0.25615641754395835,-0.47562257956022314,0.3159872671713969,-0.4454293898128412
6,gpboost_vecchia,158,0.26255237667416953,0.34472445303571725,-0.4040104486028886,0.3036775264843391,-0.6665628252770581
6,gpboost_vecchia,159,-0.07773556986805782,-0.09448318514723064,0.26441045902123395,0.22051100330857673,0.3421460288892918
6,gpboost_vecchia,160,-1.3402218726908963,-1.3436414957493605,-1.4858792150000157,0.24965104627001192,-0.14565734230911942
6,gpboost_vecchia,161,0.798544131727484,0.893224424355448,0.6005106385985042,0.3457805915508088,-0.19803349312897978
6,gpboost_vecchia,162,0.12080565624099524,0.06115654145275136,-0.13885015502289155,0.31093518162847944,-0.2596558112638868
6,gpboost_vecchia,163,-0.15832155289366207,-0.1313046868454961,0.09915872845720441,0.3244830693368851,0.2574802813508665
6,gpboost_vecchia,164,0.42254406695714464,0.3880721296710867,-0.1972393026538246,0.27893997181171676,-0.6197833696109692
6,gpboost_vecchia,165,0.08571347027190981,0.027236542357250197,0.1472787370586941,0.34027611867138496,0.061565266786784284
6,gpboost_vecchia,166,-1.2983750394599811,-1.364708350107182,-1.6158344964946099,0.2661427602240728,-0.31745945703462874
6,gpboost_vecchia,167,0.5026623534354351,0.6377877593492627,0.35334431874867533,0.3493320342886228,-0.14931803468675975
6,gpboost_vecchia,168,0.9260632388899406,0.8883066193581307,0.8717482526901668,0.3184181800699996,-0.05431498619977382
6,gpboost_vecchia,169,0.9437579495360894,0.9526092404782237,0.7115926691385313,0.32188330972469276,-0.23216528039755813
6,gpboost_vecchia,170,0.14433911513390835,0.21494384491362073,0.4650505882897631,0.31308970499341754,0.32071147315585474
6,gpboost_vecchia,171,-0.05708039645177648,-0.1418742736588885,-0.5484365153301959,0.3158217885054365,-0.4913561188784194
6,gpboost_vecchia,172,1.030879300725978,1.0953159739197262,0.47543754032873675,0.3324427176533239,-0.5554417603972412
6,gpboost_vecchia,173,-0.2167261880593177,-0.2508126717472195,-0.15079522624998765,0.15576878773455852,0.06593096180933006
6,gpboost_vecchia,174,-0.2801199352302065,-0.3787895328217514,-0.8491151833326631,0.27036975352987874,-0.5689952481024566
6,gpboost_vecchia,175,-0.9095564047573099,-0.9088231133757942,-1.1102033350024278,0.26024982750101344,-0.20064693024511793
6,gpboost_vecchia,176,-0.2512742059109065,-0.2517083300593046,-0.3134123452348829,0.3457407226867964,-0.06213813932397644
6,gpboost_vecchia,177,0.639550747425621,0.6010786379508732,0.3881041205870165,0.3211800980875635,-0.2514466268386045
6,gpboost_vecchia,178,0.13738202930375648,0.17005086824695445,0.15327768683945586,0.23251791802339486,0.01589565753569938
6,gpboost_vecchia,179,-0.3052311200784681,-0.21070876065245495,-0.2655015938393599,0.3543639510826497,0.03972952623910819
6,gpboost_vecchia,180,0.41951141092195954,0.403076333739027,0.22890709370551976,0.3400485043983095,-0.19060431721643978
6,gpboost_vecchia,181,0.13905411727015984,0.0631232656865632,0.17917215259026875,0.29379665645683917,0.04011803532010891
6,gpboost_vecchia,182,-1.0600123023899015,-0.9611419549144743,-0.98422475367518,0.29292793436249287,0.07578754871472149
6,gpboost_vecchia,183,-0.5377420108727777,-0.593586473503233,-0.22105083877639364,0.25480951926481965,0.3166911720963841
6,gpboost_vecchia,184,0.35549162197566253,0.6340934511993106,-0.4786965177344189,0.3067762472254579,-0.8341881397100814
6,gpboost_vecchia,185,-0.01908647175575215,-0.004402114023845096,0.10327628036983283,0.35134506937482735,0.12236275212558498
6,gpboost_vecchia,186,-0.3306186554191166,-0.2247924797005478,-0.08602103464938793,0.31844029419756975,0.24459762076972869
6,gpboost_vecchia,187,0.4269179448375091,0.34760401666442514,0.25132196878163837,0.30420858713059645,-0.17559597605587074
6,gpboost_vecchia,188,-0.16308539315586806,-0.2093056673728539,0.19124569865185398,0.353972664335608,0.35433109180772204
6,gpboost_vecchia,189,-0.27169443651207414,-0.47169657325381775,-0.5785192001018493,0.21608859430346425,-0.3068247635897752
6,gpboost_vecchia,190,0.9062387622637339,1.0116738763653237,0.895830364677028,0.3216046624755114,-0.010408397586705864
6,gpboost_vecchia,191,0.594826430734207,0.736044465320036,0.36874137071581936,0.33470577091316095,-0.22608506001838768
6,gpboost_vecchia,192,0.5054895505261215,0.6806374280127893,0.3094966091391007,0.29817466759171923,-0.19599294138702084
6,gpboost_vecchia,193,0.6100030834675396,0.6404939725809866,0.5071746121038947,0.2987140134236495,-0.10282847136364492
6,gpboost_vecchia,194,1.1522082936393216,1.204179266135033,1.049226333961034,0.2140087403544528,-0.10298195967828772
6,gpboost_vecchia,195,0.1764220062219694,0.07172430858837286,-0.783403900070444,0.33460127735429845,-0.9598259062924135
6,gpboost_vecchia,196,0.4607544790690855,0.42993701428422804,-0.17466914337259754,0.28521460806860444,-0.635423622441683
6,gpboost_vecchia,197,-0.23284637758488536,-0.3283999829011568,-0.2892391426602283,0.36777266717443396,-0.056392765075342965
6,gpboost_vecchia,198,0.3306087169943753,0.2748005586566846,0.3432439002353336,0.3117601761935597,0.012635183240958303
6,gpboost_vecchia,199,0.24316967058098693,0.19869317649845453,0.10563405611842658,0.3609522682697207,-0.13753561446256035
6,gpboost_vecchia,200,0.8861161157703433,0.8223365480897339,1.1100967978329028,0.2613002917437252,0.2239806820625595
6,gpboost_vecchia,201,-0.14925955364150145,-0.11830776614313962,-0.07049943157661365,0.34334875231314155,0.0787601220648878
6,gpboost_vecchia,202,0.5367664401911663,0.4927552195984479,0.4688085830982335,0.3040082661135346,-0.06795785709293278
6,gpboost_vecchia,203,-0.1986415861102629,-0.16657938599155245,-0.2976758727649833,0.15413572363604788,-0.09903428665472042
6,gpboost_vecchia,204,-0.32604394206543463,-0.3504915465865884,0.010051766930068595,0.26302830127326504,0.33609570899550323
6,gpboost_vecchia,205,0.775171782828595,0.9171329172692254,0.40489879160057285,0.33117832564083033,-0.37027299122802215
6,gpboost_vecchia,206,0.9067029217548599,0.9212045220576411,0.10140403440718959,0.3219103308045864,-0.8052988873476703
6,gpboost_vecchia,207,0.347072621581404,0.3055360471787878,-0.491413273764154,0.3095683010423746,-0.8384858953455581
6,gpboost_vecchia,208,1.6564264321712363,1.7639371478256853,0.8713472302656304,0.36114972357523023,-0.7850792019056059
6,gpboost_vecchia,209,1.6096227222375301,1.7099508938150327,0.9031964374585479,0.3287996942976941,-0.7064262847789822
6,gpboost_vecchia,210,0.4221921956688587,0.4737797135498859,0.09235394723948254,0.3199018315096107,-0.32983824842937615
6,gpboost_vecchia,211,-0.3994859965573463,-0.48633606638562543,-0.9042747294762679,0.2811437050781129,-0.5047887329189216
6,gpboost_vecchia,212,0.7197958079778517,0.8472262585406931,-0.02595715440321633,0.3088148630917028,-0.745752962381068
6,gpboost_vecchia,213,-0.06327665559649426,-0.023501229619911024,0.04312783356238459,0.29427671492964824,0.10640448915887885
6,gpboost_vecchia,214,0.04408609979623168,0.12093398798504551,0.16869376705690664,0.40021723973800294,0.12460766726067496
6,gpboost_vecchia,215,-0.7123218043540649,-0.6516683412358494,-0.7480040021341656,0.14185461352474094,-0.03568219778010073
6,gpboost_vecchia,216,-0.5228720132708637,-0.5189888786434877,-0.41713317528251004,0.3326353017707428,0.1057388379883537
6,gpboost_vecchia,217,0.14683411448521708,0.060980390492482106,-0.22888537381446583,0.3340779537057807,-0.37571948829968294
6,gpboost_vecchia,218,0.12449983854385246,0.20190470144198708,-0.03426393102979142,0.3139038601362313,-0.15876376957364388
6,gpboost_vecchia,219,-0.09077424025168304,-0.28019201270131644,-0.04245612557813905,0.2343448559569951,0.048318114673543994
6,gpboost_vecchia,220,0.6902366571029888,0.7559868332513417,0.3393209053368045,0.32847979065952065,-0.3509157517661843
6,gpboost_vecchia,221,-0.30391710355770435,-0.4365322033132554,-0.31393081501234255,0.3315950804489898,-0.010013711454638197
6,gpboost_vecchia,222,0.41170411264725415,0.4295638268278038,0.26101021064666224,0.33072081192974706,-0.1506939020005919
6,gpboost_vecchia,223,-0.18296482455953647,-0.22647266631304622,0.0399159380646561,0.4550291348974447,0.22288076262419257
6,gpboost_vecchia,224,-0.8226694689207599,-0.8623289849651041,-0.5697563185969186,0.3078973528187445,0.2529131503238413
6,gpboost_vecchia,225,0.1251897232446322,0.2932638295039021,-0.23311675039224244,0.24279648447304297,-0.3583064736368746
6,gpboost_vecchia,226,0.04595065746376514,0.17522537931288384,0.24459365707946712,0.32842257462726004,0.19864299961570198
6,gpboost_vecchia,227,0.20990262944686824,0.29936805441688213,0.10804519635604937,0.33612897510028794,-0.10185743309081888
6,gpboost_vecchia,228,-0.21242474733738764,0.15696421668198496,-0.2950312368756558,0.4141014351521292,-0.08260648953826816
6,gpboost_vecchia,229,-0.03828952660963543,-0.13939174341100993,-0.1331389513393535,0.27582623603138234,-0.09484942472971807
6,gpboost_vecchia,230,0.29910242537162357,0.3550218372624525,0.6482263343965566,0.4278020063231387,0.34912390902493307
6,gpboost_vecchia,231,-0.291483799960688,-0.3307453455059433,-0.20507348732030728,0.21173345474707111,0.08641031264038074
6,gpboost_vecchia,232,0.504796982016595,0.414564042965597,0.3674661971111388,0.3383636328732252,-0.13733078490545614
6,gpboost_vecchia,233,-0.2383304206200738,-0.1598763145984679,-0.7783903247836793,0.3426618355509373,-0.5400599041636055
6,gpboost_vecchia,234,-0.8125758043001889,-0.89838450662568,-0.5087912212241519,0.37861355299201277,0.30378458307603706
6,gpboost_vecchia,235,0.09742096113993445,0.2771549057873537,-0.21634858358870623,0.30312975099565953,-0.3137695447286407
6,gpboost_vecchia,236,-0.2582265005877773,-0.25184433217424423,-0.39204568329044065,0.3308883155462642,-0.13381918270266335
6,gpboost_vecchia,237,0.0850086845267446,0.26284730787566485,0.06786534704603309,0.3377121255110547,-0.017143337480711507
6,gpboost_vecchia,238,0.12487620668770297,0.22247615175601834,0.042301550706925095,0.3253852827756776,-0.08257465598077787
6,gpboost_vecchia,239,0.12547574686287877,0.020765146820058145,-0.2977030561455223,0.34831760011846213,-0.42317880300840105
6,gpboost_vecchia,240,-0.1759756658133842,-0.22631294276848504,-0.08293254676219597,0.36128005331888824,0.09304311905118823
6,gpboost_vecchia,241,0.2312819965188338,0.31725866454802987,0.45134101335685295,0.30244090703317816,0.22005901683801915
6,gpboost_vecchia,242,-0.010355667033875388,0.1253455050615572,0.18968390848269756,0.31026798615284723,0.20003957551657295
6,gpboost_vecchia,243,0.9927137166279397,1.1392029338413459,0.9643563254746957,0.2521652825144276,-0.028357391153243983
6,gpboost_vecchia,244,0.5424151963563593,0.3702629970532121,0.5337135188804438,0.23905944572476667,-0.008701677475915437
6,gpboost_vecchia,245,0.16161368412410843,0.059381984756462086,-0.35144461436362584,0.2814351467006447,-0.5130582984877343
6,gpboost_vecchia,246,-0.6221282843371861,-0.5970005077838875,-1.0200767474389085,0.22043711184415238,-0.3979484631017224
6,gpboost_vecchia,247,-0.2817292501539491,-0.2633641394382318,-0.9555093759948945,0.27232843544808133,-0.6737801258409454
6,gpboost_vecchia,248,-0.2642769951255354,-0.3687653907561245,-0.3749249297255237,0.2582719823992667,-0.11064793459998834
6,gpboost_vecchia,249,0.4040217884131786,0.2966095933714672,0.4962448166639284,0.2659602369279902,0.0922230282507498
6,gpboost_vecchia,250,-0.3822126968403765,-0.44443874914875164,0.07198482853881671,0.34507648899731647,0.4541975253791932
6,gpboost_vecchia,251,0.8638268610889341,0.7917193948314475,1.0619231488482368,0.25861974160956025,0.19809628775930266
6,gpboost_vecchia,252,0.7817752381645161,0.8669576659799273,0.18571114248320253,0.293894035851986,-0.5960640956813136
6,gpboost_vecchia,253,0.5484393691566258,0.4953648234063337,0.3976962586585344,0.26014778256750554,-0.15074311049809141
6,gpboost_vecchia,254,0.9080835644954995,0.8540556256479813,0.9046483739964324,0.3308371810140108,-0.0034351904990671533
6,gpboost_vecchia,255,0.23390798754918363,0.24924661987865127,0.3791908497547718,0.24671484972050098,0.14528286220558817
6,gpboost_vecchia,256,-0.012942027434770909,0.06233882129890128,0.25842729701610956,0.3705261841255033,0.27136932445088047
6,gpboost_vecchia,257,-0.41527862990707515,-0.20262198738899898,-0.5764728614694243,0.3960832658498378,-0.1611942315623492
6,gpboost_vecchia,258,0.21139189778086953,0.23533266924281723,0.0014052143724430088,0.27711218103137264,-0.20998668340842652
6,gpboost_vecchia,259,0.01253001153560565,0.05021766463982696,-0.4641752321429029,0.3209918682794129,-0.47670524367850853
6,gpboost_vecchia,260,1.0456611641931624,0.9634724607325675,0.898895372998527,0.2957872166975212,-0.1467657911946354
6,gpboost_vecchia,261,0.2345312805414786,0.28382156332980313,0.011801385199214254,0.2617605625857061,-0.22272989534226434
6,gpboost_vecchia,262,-0.13553556845268624,-0.052933383476683124,0.19044051583617394,0.2958223068444296,0.32597608428886016
6,gpboost_vecchia,263,-0.8313943463065632,-0.768774101078042,-0.37719726340397974,0.3705078444186637,0.4541970829025834
6,gpboost_vecchia,264,0.111182362879436,0.0727548567920058,0.1969494737035562,0.22322069577587186,0.0857671108241202
6,gpboost_vecchia,265,0.20797732019578485,0.2079861183574124,-0.2907344209755669,0.34402174122668366,-0.49871174117135175
6,gpboost_vecchia,266,0.5481283966743282,0.5456233720432767,0.37998280822224206,0.30853250634443596,-0.16814558845208616
6,gpboost_vecchia,267,-0.251859970969102,-0.2284369602374933,-0.22547781483176754,0.17750662056454738,0.026382156137334467
6,gpboost_vecchia,268,-1.2719270730420063,-1.4783100682835262,-1.300185161005949,0.2983932013495309,-0.02825808796394269
6,gpboost_vecchia,269,0.5113238991219348,0.4894874276593652,0.4372444857238276,0.27651941358612836,-0.07407941339810714
6,gpboost_vecchia,270,-0.7079613417324659,-0.8575745456197215,-0.23851842750234598,0.2060383168998199,0.46944291423011997
6,gpboost_vecchia,271,1.4660167555916002,1.3736455259995786,0.9235190996303113,0.2526731470628523,-0.5424976559612888
6,gpboost_vecchia,272,-0.10740713448940394,0.023714926531428662,0.22981708033310166,0.33608822239624764,0.3372242148225056
6,gpboost_vecchia,273,0.2718462604856305,0.298984369925739,0.5029660960997284,0.35665792292759824,0.23111983561409793
6,gpboost_vecchia,274,-0.15668940195226586,-0.1240814824831013,0.1017846681842336,0.2780946004829904,0.2584740701364995
6,gpboost_vecchia,275,0.8031994191752081,0.9138370971480996,-0.27064514554960106,0.32301402259913004,-1.0738445647248092
6,gpboost_vecchia,276,0.08867044424078091,0.056693699475139,0.16942598889293792,0.4007198730540313,0.08075554465215701
6,gpboost_vecchia,277,1.3497526807341806,1.37729970533895,0.9077836965136918,0.2924919957272631,-0.4419689842204888
6,gpboost_vecchia,278,0.7301394170394173,0.6177287889464999,0.19384122715297236,0.25577629556280046,-0.536298189886445
6,gpboost_vecchia,279,1.1841997527938286,1.0096745067694846,0.531441725362543,0.3675385153136124,-0.6527580274312856
6,gpboost_vecchia,280,0.1812819270525055,0.3139956005103023,0.252094745345546,0.2301079059748722,0.07081281829304048
6,gpboost_vecchia,281,0.4745892410721015,0.3457164073373141,0.35220860286075173,0.3023584331128221,-0.12238063821134976
6,gpboost_vecchia,282,0.5627597659443339,0.4832651840656498,0.4793778638795385,0.30601849064390235,-0.08338190206479534
6,gpboost_vecchia,283,0.1531757873812313,0.06744040776945705,0.034889866041062145,0.26207564692075946,-0.11828592134016916
6,gpboost_vecchia,284,0.3120908817317832,0.18376682760136182,0.20459205877738607,0.23513358516572305,-0.10749882295439711
6,gpboost_vecchia,285,0.9904295747974767,0.9619356599856518,0.6676599028313963,0.35890656128903387,-0.3227696719660804
6,gpboost_vecchia,286,1.132776356989533,1.3227221814026517,0.746264811235295,0.27652556833667485,-0.3865115457542381
6,gpboost_vecchia,287,0.10400554304503984,0.15329271391706625,-0.027151695187051184,0.3631502829530876,-0.13115723823209102
6,gpboost_vecchia,288,0.27327125554812687,0.3927577910910417,0.2915169019889494,0.34784901252069644,0.01824564644082255
6,gpboost_vecchia,289,0.18471346532698368,0.3440058302753036,0.44934224777033677,0.3277951721103639,0.2646287824433531
6,gpboost_vecchia,290,0.4564457972674332,0.46285321226971915,0.4809284194924519,0.33073256474407176,0.024482622225018735
6,gpboost_vecchia,291,0.6634400943555785,0.7183049039746907,0.7350083966173395,0.33643389958275144,0.07156830226176103
6,gpboost_vecchia,292,0.6311541562466909,0.6471359059487681,0.4955482647235683,0.2935155309063775,-0.13560589152312263
6,gpboost_vecchia,293,-0.20747886616382055,-0.161377410180208,-0.05391503954315713,0.31251481714261087,0.15356382662066342
6,gpboost_vecchia,294,0.3854522243324943,0.4223092529781114,-0.13905091705763484,0.2936753061930493,-0.5245031413901291
6,gpboost_vecchia,295,-1.2378390828986987,-1.273036818733486,-1.2063467021352559,0.321207847893846,0.03149238076344285
6,gpboost_vecchia,296,-0.22774095394075564,-0.28876847155549284,-0.3590203294898795,0.2896904158920195,-0.13127937554912386
6,gpboost_vecchia,297,-0.2268911461913906,-0.15696382315550172,-0.18245226753558597,0.31855725930414686,0.04443887865580465
6,gpboost_vecchia,298,-1.05151279673172,-1.0301287571141273,-1.2610139754268388,0.3001538129275308,-0.20950117869511886
6,gpboost_vecchia,299,-0.45159017757438835,-0.40333812063708924,-0.8011562123219431,0.310329095386884,-0.34956603474755477
7,gpboost_vecchia,0,0.07597515844374914,0.19088511658628043,0.185609158053345,0.284520993030819,0.10963399960959586
7,gpboost_vecchia,1,2.0155817265945113,1.7910911425447948,2.241271894332704,0.19696507710249886,0.22569016773819284
7,gpboost_vecchia,2,1.141888821566801,1.102724955120443,0.9366970632880243,0.28755295451733126,-0.20519175827877678
7,gpboost_vecchia,3,0.06896517743219951,-0.1034407189641974,0.2288323819408271,0.32167307831449016,0.1598672045086276
7,gpboost_vecchia,4,1.5340406214678768,1.5544252171427557,1.8747580181603025,0.3961769434533588,0.34071739669242573
7,gpboost_vecchia,5,-0.47958973977753055,-0.535795664458755,-0.2018075838113944,0.28332782754498254,0.27778215596613615
7,gpboost_vecchia,6,0.9890640917269262,0.940537990499512,0.5729690317380953,0.3706850871007893,-0.4160950599888309
7,gpboost_vecchia,7,2.107410453526773,1.9380885888345203,2.136537050032598,0.31216111813033093,0.029126596505825386
7,gpboost_vecchia,8,0.9928375728399013,1.059769416538017,1.6829855998103307,0.30796775955795674,0.6901480269704294
7,gpboost_vecchia,9,-0.5061379538045949,-0.6052035672512895,-0.3319116311964265,0.3605775134881545,0.1742263226081684
7,gpboost_vecchia,10,-0.29633713506881,-0.2785368011437468,0.27929714318308196,0.34255420175709994,0.575634278251892
7,gpboost_vecchia,11,0.018398332265482154,0.007242782026012383,0.4445654217365451,0.29561770465432313,0.42616708947106297
7,gpboost_vecchia,12,0.3583793914627776,0.32861669266915094,0.8009742227620542,0.31152187494077677,0.4425948312992766
7,gpboost_vecchia,13,1.9636117476077346,1.9830450263723096,2.2596042062951023,0.3384976834927264,0.2959924586873677
7,gpboost_vecchia,14,1.6338947699932447,1.777722260238514,1.4953838437109601,0.2747342084724033,-0.13851092628228456
7,gpboost_vecchia,15,2.3610581754409523,2.327030010640449,2.023632047183298,0.35942244447298793,-0.3374261282576545
7,gpboost_vecchia,16,1.7452769653235747,1.6900507175774417,2.1027143691629586,0.3529838761267654,0.35743740383938394
7,gpboost_vecchia,17,1.884871816231966,2.0211392892709505,1.7403542743973373,0.24811729619408548,-0.14451754183462873
7,gpboost_vecchia,18,0.42163834061194344,0.40818117426850326,0.2641720053577874,0.29594508056419533,-0.15746633525415604
7,gpboost_vecchia,19,0.2730314538863199,0.19700057456222822,0.32652460218989265,0.2733156437876741,0.05349314830357277
7,gpboost_vecchia,20,0.28175008369039434,0.3734433645454457,0.39940490112178484,0.29770322315664016,0.1176548174313905
7,gpboost_vecchia,21,-0.7093543766699874,-0.9070336104244042,-0.6743095845210467,0.42646181326446486,0.03504479214894063
7,gpboost_vecchia,22,1.8403118201116289,1.8231132572213824,1.5823042852630325,0.29239887758930233,-0.2580075348485964
7,gpboost_vecchia,23,-0.5154367578723648,-0.6168669413970351,-0.20469053041540164,0.27772850579670605,0.3107462274569631
7,gpboost_vecchia,24,0.650876273280623,0.6273096381971873,0.5163850955106923,0.2891558678218126,-0.1344911777699307
7,gpboost_vecchia,25,0.7840886243356342,0.6821037335209826,1.2826443610729283,0.34094857463426487,0.49855573673729414
7,gpboost_vecchia,26,-0.3111605457285955,-0.3153473456381084,-0.2594161274073308,0.3409976781892019,0.051744418321264696
7,gpboost_vecchia,27,0.4991922745763434,0.6002359623438669,0.9243306870626258,0.38104619184802657,0.42513841248628237
7,gpboost_vecchia,28,1.5772646219117186,1.5765391734830834,1.8371141437408998,0.33834241172586704,0.2598495218291812
7,gpboost_vecchia,29,0.7184626184094104,0.6809380143465452,0.7058791511882632,0.21100829325962667,-0.012583467221147226
7,gpboost_vecchia,30,0.31030663483180865,0.15094464469157828,0.7930715495541776,0.28949405434590947,0.48276491472236893
7,gpboost_vecchia,31,0.9203177541958533,0.8281286507786525,0.9771354675038957,0.27995253108782514,0.05681771330804242
7,gpboost_vecchia,32,0.32845020182721646,0.5247240823662773,0.8757764274440945,0.30257142269724724,0.547326225616878
7,gpboost_vecchia,33,0.10458986600107595,0.07164341779074689,0.6413939330165341,0.30555993939837384,0.5368040670154581
7,gpboost_vecchia,34,1.828013679616853,1.7833086945082275,2.2057006119525897,0.3669781787288657,0.3776869323357368
7,gpboost_vecchia,35,1.150226874292068,1.2039878712032026,1.6865864272573488,0.41133595085818464,0.5363595529652807
7,gpboost_vecchia,36,1.6120392743886631,1.6221202657628266,1.624710060541166,0.4065983299993855,0.012670786152502833
7,gpboost_vecchia,37,0.8230977426074636,0.806160470583696,0.8872990229171234,0.26464976449699307,0.06420128030965977
7,gpboost_vecchia,38,0.05996246609531142,0.2193848285247968,0.6006533036146298,0.33301016016246193,0.5406908375193183
7,gpboost_vecchia,39,0.04406571996259806,-0.02525019703797937,0.4267128946583574,0.3227030746804328,0.3826471746957593
7,gpboost_vecchia,40,1.683589589409957,1.5909819512035457,1.9071576669418207,0.33038799471143127,0.22356807753186358
7,gpboost_vecchia,41,1.0031064072830524,0.9257223743800387,1.4586577369437306,0.3075636663268849,0.45555132966067813
7,gpboost_vecchia,42,-0.13357008850490376,-0.1521738324497208,0.08302620117592152,0.3735564083787262,0.21659628968082528
7,gpboost_vecchia,43,0.4954328064047484,0.5179126614565551,1.1258799827711687,0.2850215408080661,0.6304471763664203
7,gpboost_vecchia,44,2.380215048185367,2.275753065768101,2.4030245241876615,0.2658763735084818,0.02280947600229455
7,gpboost_vecchia,45,0.8787781877615013,1.1050631054242908,0.7465539962710332,0.297910164974253,-0.13222419149046805
7,gpboost_vecchia,46,1.1876996028897833,1.0620810348448424,1.6907433430816612,0.3905506453110964,0.5030437401918779
7,gpboost_vecchia,47,-0.04637728982251976,-0.0078672482899384,0.15488323767886492,0.3680410915226671,0.20126052750138468
7,gpboost_vecchia,48,0.11540658150889871,-0.08738936392265928,0.006393081623727426,0.31195123421094406,-0.10901349988517128
7,gpboost_vecchia,49,1.378181405849674,1.471569346974302,1.388238371741899,0.3022386705239679,0.010056965892224934
7,gpboost_vecchia,50,-0.18583488292237776,-0.2109692131734324,-0.22759634103984272,0.2944713739371536,-0.041761458117464956
7,gpboost_vecchia,51,1.2467246769880376,1.3811644286431972,1.7817582862826367,0.3107627756852815,0.5350336092945991
7,gpboost_vecchia,52,1.4250712359586388,1.592440540636717,2.238015106000995,0.2973242659581311,0.8129438700423561
7,gpboost_vecchia,53,1.7282261593737596,1.68362763167259,1.6793531750086474,0.3083158081643015,-0.048872984365112115
7,gpboost_vecchia,54,2.216234517563767,2.2913630677701184,1.9821231745919548,0.23606600128992028,-0.23411134297181224
7,gpboost_vecchia,55,1.5221040183229222,1.420462345937462,1.44964053293931,0.28838396537975913,-0.07246348538361214
7,gpboost_vecchia,56,0.18065213892529802,0.32793420737074475,0.2848349971348867,0.3137088997207622,0.10418285820958867
7,gpboost_vecchia,57,-0.1616975856830129,-0.17987647358633527,-0.26320909934074965,0.3547179737505356,-0.10151151365773675
7,gpboost_vecchia,58,-0.24489407693957996,-0.15547349823466064,-0.09393619123723962,0.3297979818503487,0.15095788570234034
7,gpboost_vecchia,59,0.2980846068242881,0.19496353471485123,0.7932544983979746,0.268929485138775,0.49516989157368646
7,gpboost_vecchia,60,1.866507280672776,1.8932880709098343,1.6149242842887062,0.2891021505028812,-0.2515829963840699
7,gpboost_vecchia,61,1.684817082556897,1.6060694174673678,2.0491597361180602,0.33877249901351325,0.36434265356116313
7,gpboost_vecchia,62,-0.8978526475729647,-0.7617467099465673,-0.17960473283505962,0.38242121204938734,0.7182479147379051
7,gpboost_vecchia,63,0.5694587684646264,0.4866765422572119,0.47066600176477724,0.34187852457270046,-0.09879276669984915
7,gpboost_vecchia,64,1.1327814180591351,0.9013930370179263,1.30428864036279,0.27540821163283624,0.1715072223036549
7,gpboost_vecchia,65,-0.4862475773011821,-0.6532694623565354,0.6415712514551428,0.5774696682540615,1.1278188287563249
7,gpboost_vecchia,66,1.7689270727440067,1.722915762640117,1.8411155189748594,0.24310181329956995,0.07218844623085263
7,gpboost_vecchia,67,1.052252667851597,1.0512468497940528,1.6699496853513294,0.3013709184962962,0.6176970174997323
7,gpboost_vecchia,68,2.119207894613658,1.9501504050394984,2.312682497691711,0.2350445046775873,0.19347460307805298
7,gpboost_vecchia,69,1.433028373487311,1.505177711853525,1.3153162367568374,0.2790811172955532,-0.11771213673047365
7,gpboost_vecchia,70,-0.38749025518294383,-0.4038551382130634,-0.4123255092816751,0.3370111801581061,-0.024835254098731274
7,gpboost_vecchia,71,2.138058010801922,2.039583746967957,2.384279749599951,0.28805015092307884,0.24622173879802878
7,gpboost_vecchia,72,1.078084918377581,1.1103543403429912,0.885440219699686,0.2711802481758849,-0.1926446986778949
7,gpboost_vecchia,73,1.1396621216610128,1.4197337902032359,1.246246741574033,0.39643730070838057,0.10658461991302026
7,gpboost_vecchia,74,-0.1410308729282519,-0.24320421765873051,0.05247455006819912,0.32500856958919355,0.19350542299645102
7,gpboost_vecchia,75,0.034750616723458305,0.15074704255619806,0.2217578009725374,0.3113579038961593,0.18700718424907908
7,gpboost_vecchia,76,-0.4678509379832814,-0.5007922138564871,-0.3550742831538072,0.308341827707537,0.11277665482947424
7,gpboost_vecchia,77,-0.282324169599671,-0.34673073826897294,0.11708291527047443,0.3220125648805471,0.3994070848701454
7,gpboost_vecchia,78,-0.18017618857363116,-0.2884761534673146,-0.29639264798171006,0.27711987869267257,-0.1162164594080789
7,gpboost_vecchia,79,0.5061150142246944,0.5946495515438655,0.6269860517091033,0.27113387862566385,0.12087103748440886
7,gpboost_vecchia,80,-0.248721222103512,-0.27795094027240835,-0.20282673817527197,0.23767670173817804,0.045894483928240026
7,gpboost_vecchia,81,2.4618291358436197,2.4126441586651532,2.1163689230182006,0.35584739033709595,-0.34546021282541917
7,gpboost_vecchia,82,1.4865501094199143,1.4639059231785012,1.4060565920242127,0.4053700146762198,-0.08049351739570154
7,gpboost_vecchia,83,-0.17790018886519582,-0.06531415474510126,-0.22886898882017626,0.3356411151437919,-0.05096879995498044
7,gpboost_vecchia,84,1.0251252590471884,1.1644860907918506,1.7319629619382422,0.3107781805033311,0.7068377028910537
7,gpboost_vecchia,85,1.7817625575140343,1.9888355837731913,1.8506358664609888,0.2624119306366441,0.06887330894695443
7,gpboost_vecchia,86,1.6855656499936684,1.746136926624424,1.5843935290705433,0.36548059474549505,-0.10117212092312511
7,gpboost_vecchia,87,0.8735956006226736,0.8785841083057576,1.37840811530664,0.3182511490859731,0.5048125146839665
7,gpboost_vecchia,88,-0.3522755577184307,-0.3990685596085054,-0.15713385912196554,0.25535492635953444,0.19514169859646519
7,gpboost_vecchia,89,1.0564310853239038,1.220799621770515,1.045960088583338,0.23208014974422364,-0.010470996740565841
7,gpboost_vecchia,90,0.4810274132790284,0.47655534399956645,0.9407918688171746,0.35907255714463576,0.45976445553814616
7,gpboost_vecchia,91,0.6918304576699864,0.6471967067658956,1.062277987012597,0.28411501650666854,0.3704475293426105
7,gpboost_vecchia,92,-0.15248413208194764,-0.2415586300563942,0.15966067610840629,0.3151970580004066,0.31214480819035395
7,gpboost_vecchia,93,0.3692358955826115,0.38243547083958257,0.6149491732351464,0.25589771738709366,0.24571327765253492
7,gpboost_vecchia,94,0.37151702827944233,0.38597555262577815,0.7177569550124154,0.4062275125720482,0.3462399267329731
7,gpboost_vecchia,95,1.1088462326801876,1.0483205546578738,1.242750908389068,0.2653039831224993,0.13390467570888043
7,gpboost_vecchia,96,1.4994159983397906,1.6072911233988403,1.6803434327263123,0.32816831640113275,0.1809274343865217
7,gpboost_vecchia,97,1.134410229532272,1.3435112176404682,1.410738988918267,0.2847817241665379,0.2763287593859951
7,gpboost_vecchia,98,2.046257399054706,1.9834266174980604,1.872183445825856,0.49125936182278185,-0.17407395322885
7,gpboost_vecchia,99,0.8166255659223902,0.8980927634492638,0.933071645606927,0.263511931212131,0.1164460796845368
7,gpboost_vecchia,100,0.062014670231681,0.06880894843117973,0.5224161651086905,0.31563246303497644,0.4604014948770095
7,gpboost_vecchia,101,0.3796653383940474,0.35466077278730473,0.7156972544394273,0.34900891956513996,0.3360319160453799
7,gpboost_vecchia,102,-0.1846342882559157,-0.4068377319817714,-0.11530252981400224,0.18179892839685127,0.06933175844191347
7,gpboost_vecchia,103,1.6708444071277564,1.5192639652641227,2.0324716320957723,0.2414415698100712,0.3616272249680159
7,gpboost_vecchia,104,1.8771706469658618,1.860437885144276,2.266666324901867,0.3369266515273937,0.38949567793600526
7,gpboost_vecchia,105,-0.25818408771418455,-0.044814214120765195,-0.20001485240488304,0.3385637724678429,0.058169235309301515
7,gpboost_vecchia,106,1.9484652765700632,1.9389848968041956,1.79326268761488,0.31652272371884443,-0.15520258895518313
7,gpboost_vecchia,107,-0.31081193583918865,-0.22355172751059504,0.13465483411050272,0.3215136632358605,0.44546676994969137
7,gpboost_vecchia,108,1.679918676197407,1.595728130031449,1.382660977777427,0.34066791961192616,-0.29725769841997995
7,gpboost_vecchia,109,0.8530926355699018,0.8414610694922924,1.1143979816081884,0.3917816157242462,0.2613053460382866
7,gpboost_vecchia,110,0.47624071420101904,0.3991412974183447,0.8582970465864705,0.3851510004624012,0.3820563323854515
7,gpboost_vecchia,111,1.9360831700743026,2.055369293797344,1.8907454077532373,0.26754068325694186,-0.045337762321065345
7,gpboost_vecchia,112,0.6644114982395898,0.5907798891275455,0.9842176305014966,0.3396176630766775,0.3198061322619068
7,gpboost_vecchia,113,-0.22580837847648516,-0.3179226941131919,0.33068373979018695,0.29593031758565336,0.5564921182666721
7,gpboost_vecchia,114,0.24462882038827094,0.2642759820428527,0.05531055570917154,0.3043303779237612,-0.1893182646790994
7,gpboost_vecchia,115,-0.6768695909927009,-0.5219605068674915,-0.8578984343436722,0.28019366010302343,-0.18102884335097125
7,gpboost_vecchia,116,-0.13328398571626052,-0.06607564764579672,0.568124759242445,0.3373057746041154,0.7014087449587055
7,gpboost_vecchia,117,1.08510032125525,1.2539248161565362,1.4021299699069463,0.28693554540777955,0.31702964865169636
7,gpboost_vecchia,118,-0.1931591969271621,-0.16391641778983693,0.08090062302679613,0.284619548122619,0.27405981995395823
7,gpboost_vecchia,119,1.79733023053271,1.914742887075122,2.071190558658565,0.3773655492613931,0.2738603281258549
7,gpboost_vecchia,120,0.6441525174024747,0.6466186479478888,0.8193251979968457,0.3083445834574822,0.17517268059437097
7,gpboost_vecchia,121,1.653258036580832,1.6631319066121446,1.366959935587408,0.3483541878884547,-0.286298100993424
7,gpboost_vecchia,122,-0.31185069134945437,-0.0816614160052529,0.18395488000845717,0.3489891609685214,0.49580557135791153
7,gpboost_vecchia,123,1.271363465665189,1.2583946901030796,0.9860654786837562,0.3515994327745248,-0.28529798698143294
7,gpboost_vecchia,124,0.49713280751031996,0.3727625582254067,0.9175934426325707,0.27347993007310695,0.42046063512225074
7,gpboost_vecchia,125,1.9441415090581524,1.9562524989237675,1.346217965311209,0.3717079754845811,-0.5979235437469435
7,gpboost_vecchia,126,1.2502159347945083,1.2786065905456168,1.4805293990187902,0.3344239936480432,0.2303134642242819
7,gpboost_vecchia,127,0.050018513739431364,0.09833567270986361,0.005142689757072105,0.30222543037659294,-0.04487582398235926
7,gpboost_vecchia,128,1.6233965346581618,1.6859345829003007,2.0620851003599228,0.283658630003074,0.43868856570176096
7,gpboost_vecchia,129,0.20506643701859867,0.44979184545209017,0.5377092515585549,0.28350845254695417,0.3326428145399562
7,gpboost_vecchia,130,-0.35055551098813603,-0.22282957641959425,-0.3305534109065409,0.34833882951418293,0.020002100081595142
7,gpboost_vecchia,131,-0.009149360702077641,-0.23938493470337244,0.2713554290987794,0.2142862163514402,0.280504789800857
7,gpboost_vecchia,132,0.04216023201010699,0.2275788430842206,0.21342488714405317,0.3568256494266058,0.17126465513394618
7,gpboost_vecchia,133,1.4714739583197478,1.333672602207223,1.6826334215542502,0.25451671953468497,0.2111594632345024
7,gpboost_vecchia,134,1.5618030753648795,1.3572063066578128,2.0129070602386125,0.25063029751581867,0.45110398487373304
7,gpboost_vecchia,135,-0.11930065864052375,-0.11590437283960692,0.018553845162324833,0.3804903364460104,0.13785450380284858
7,gpboost_vecchia,136,1.4009757122382314,1.532254061141016,1.1804592768794997,0.2378169159708682,-0.22051643535873167
7,gpboost_vecchia,137,1.2233943368454487,1.2975992945429444,1.331140714392979,0.40871220556576704,0.10774637754753025
7,gpboost_vecchia,138,0.5671819153547889,0.5085613881385471,0.9544446796385806,0.300542132914132,0.3872627642837917
7,gpboost_vecchia,139,1.336116878673029,1.3359153752783126,1.208547855415488,0.2679839710324968,-0.12756902325754105
7,gpboost_vecchia,140,0.1871601992983349,0.19740686646304273,0.7847645940372567,0.3005413571651117,0.5976043947389218
7,gpboost_vecchia,141,0.5455974548872381,0.4127189805450602,0.4755320482166967,0.34298134399897545,-0.0700654066705414
7,gpboost_vecchia,142,-0.09787651368606864,0.0009888478279504592,0.39673379185476954,0.26472978658945384,0.4946103055408382
7,gpboost_vecchia,143,-0.06326178844832991,0.08096469721693225,0.49950440274244734,0.28503978293828347,0.5627661911907773
7,gpboost_vecchia,144,1.3784105969168903,1.3244233701531165,1.4801758249056425,0.2430064067147321,0.1017652279887522
7,gpboost_vecchia,145,1.7613893257943505,1.7091670801650196,1.5206121459421453,0.3021876936044208,-0.24077717985220515
7,gpboost_vecchia,146,0.24850186488097675,0.2164412061948927,0.24864415670216777,0.21499761340942172,0.00014229182119102068
7,gpboost_vecchia,147,1.355777000322791,1.4374246447955594,1.877256546664805,0.3058907499178991,0.5214795463420141
7,gpboost_vecchia,148,1.603968116475697,1.4842454512795706,2.0856968279956534,0.27850818263351534,0.48172871151995644
7,gpboost_vecchia,149,2.2851532509272166,2.3765708057986235,2.1881747083519816,0.25609666329064423,-0.09697854257523497
7,gpboost_vecchia,150,-0.14339953858409493,-0.22436775900028316,-0.019300556781090883,0.269853479571924,0.12409898180300405
7,gpboost_vecchia,151,1.7763129325401261,1.7109974132069288,2.2403140534129804,0.30045901261908214,0.4640011208728543
7,gpboost_vecchia,152,0.33986783985352287,0.41299972049971667,0.8718199652703458,0.4188246481619287,0.5319521254168229
7,gpboost_vecchia,153,1.2717715443923614,1.356862209632407,0.8809750368532532,0.2787596916683785,-0.3907965075391082
7,gpboost_vecchia,154,-0.04005430330721042,0.03174943124679484,0.49070419340488236,0.33833692180484765,0.5307584967120927
7,gpboost_vecchia,155,1.2679784862377514,1.2185785396794797,1.4069676859570137,0.34616498088118597,0.13898919971926227
7,gpboost_vecchia,156,-0.369874258976652,-0.46956772614511233,0.36212561530031273,0.49106717106061126,0.7319998742769647
7,gpboost_vecchia,157,1.89107026175941,1.5960458922078697,2.3530599687978304,0.3345734446330924,0.46198970703842046
7,gpboost_vecchia,158,0.6802162379075735,0.7654222240571282,0.6689991184661976,0.15374358290495457,-0.011217119441375822
7,gpboost_vecchia,159,1.0610973995885093,1.1588203398277417,1.252477460990609,0.21195628435797506,0.19138006140209973
7,gpboost_vecchia,160,0.7413573629351742,0.6413550652385778,0.8645975379561399,0.2307411337728628,0.12324017502096574
7,gpboost_vecchia,161,1.3783736118433807,1.3346460533995343,1.233185586408588,0.3264472932471849,-0.1451880254347926
7,gpboost_vecchia,162,1.504475927074483,1.4437645265969254,1.8402927894397187,0.32201623394582685,0.3358168623652358
7,gpboost_vecchia,163,0.2576463764475162,0.4178633349186627,0.7008474060813739,0.2809752776045282,0.44320102963385766
7,gpboost_vecchia,164,1.3726301379364754,1.2919502481707337,1.8579505602153565,0.27287392271473687,0.48532042227888117
7,gpboost_vecchia,165,-0.4170077433367531,-0.496226636562483,0.05437769030238826,0.4881535810653048,0.47138543363914137
7,gpboost_vecchia,166,-0.04597779391572546,-0.016656287756038755,0.011833871918357275,0.260800951087273,0.05781166583408273
7,gpboost_vecchia,167,0.30142487006985025,0.3011189175401582,0.19416591684741302,0.31234028643223205,-0.10725895322243723
7,gpboost_vecchia,168,1.0303642013070777,1.1251676842322937,1.2449643784593682,0.25530305561279804,0.21460017715229052
7,gpboost_vecchia,169,0.20833856038793175,0.13674869339393156,0.9002326459478125,0.47930790492462644,0.6918940855598807
7,gpboost_vecchia,170,0.044916954695123745,-0.10338729729549426,0.42516172580264433,0.23046820226603842,0.3802447711075206
7,gpboost_vecchia,171,0.3356963583935309,0.3931169514065337,0.4196448091147378,0.30776075734169017,0.08394845072120688
7,gpboost_vecchia,172,0.03520859998870496,-0.12668535043209228,-0.1971707368095208,0.24245250876859545,-0.23237933679822576
7,gpboost_vecchia,173,0.8247126430238272,0.6561408700851863,0.48616189407751875,0.42346868894939266,-0.33855074894630843
7,gpboost_vecchia,174,1.2374790907973319,1.108011223918689,1.795353058364768,0.33000203636053466,0.5578739675674362
7,gpboost_vecchia,175,0.9157921016519225,1.07621665600329,0.812831356626452,0.27604401493853503,-0.10296074502547048
7,gpboost_vecchia,176,-0.005114561032601828,0.08193550526541421,-0.07653170460593728,0.29054198039992485,-0.07141714357333545
7,gpboost_vecchia,177,0.3833279205266691,0.41568087916786384,0.4523066698866174,0.2762878093123559,0.0689787493599483
7,gpboost_vecchia,178,-0.09000136892479405,-0.2615458516637343,0.28275456889670103,0.32251605082228557,0.3727559378214951
7,gpboost_vecchia,179,1.7129712508771113,1.6803253078363882,1.3672955916328706,0.3037860526940705,-0.3456756592442407
7,gpboost_vecchia,180,-0.6482477479305807,-0.739074203359932,-0.414670496728089,0.5030675142001925,0.23357725120249173
7,gpboost_vecchia,181,1.8307342731596676,1.9429387681165902,2.1000594221318853,0.22490566927599934,0.2693251489722177
7,gpboost_vecchia,182,0.5297110240004228,0.4210261223141518,0.4727826825312542,0.2469104339226362,-0.056928341469168586
7,gpboost_vecchia,183,0.605543023688808,0.8207276003395126,0.6594390359554794,0.3479000755812938,0.0538960122666714
7,gpboost_vecchia,184,1.997944155840257,2.0203361481974285,1.1855427090023811,0.3247773764551329,-0.812401446837876
7,gpboost_vecchia,185,0.5494910781582957,0.5797750190888892,0.6655370404291112,0.22380557234506823,0.11604596227081554
7,gpboost_vecchia,186,2.0784221692648934,2.235079531722786,2.302618640005047,0.33244553371281,0.22419647074015359
7,gpboost_vecchia,187,0.36430372304488867,0.4675077970598347,0.9078281298128239,0.28650235904466187,0.5435244067679352
7,gpboost_vecchia,188,1.8676445968382414,1.8548101369983583,1.7179020941983802,0.21919131092952582,-0.1497425026398611
7,gpboost_vecchia,189,1.4346823684436902,1.4258381187241087,1.5655501432391152,0.24841867073308618,0.130867774795425
7,gpboost_vecchia,190,-0.04464335187199814,-0.05557388545264006,0.20024655888586018,0.26938657174738684,0.24488991075785832
7,gpboost_vecchia,191,0.1628957367038345,0.12302867227184895,0.3718025229356994,0.25225191259847024,0.20890678623186487
7,gpboost_vecchia,192,0.383520966368498,0.4979005103642584,0.7548922511870835,0.27988204249438425,0.3713712848185855
7,gpboost_vecchia,193,1.4636988462415277,1.2884806012313224,1.5805628304650283,0.3075984465652969,0.11686398422350064
7,gpboost_vecchia,194,2.1541248964812,1.9813885642327047,1.9959993503746443,0.32472625756985846,-0.1581255461065556
7,gpboost_vecchia,195,1.7954648035285241,1.7881085878287044,1.997149434550145,0.2894604154697765,0.20168463102162093
7,gpboost_vecchia,196,0.8068075747363812,0.7614661375761362,1.1404664258554202,0.3165915895972101,0.33365885111903903
7,gpboost_vecchia,197,-0.5877928775293696,-0.6873441045708699,-0.5266200093384508,0.1575697863656029,0.06117286819091883
7,gpboost_vecchia,198,2.0760003660854527,2.048625328812595,1.9894808510254212,0.3336524615181077,-0.08651951506003153
7,gpboost_vecchia,199,0.8300743752257105,0.7543473771220476,0.8484326710482293,0.33505307639078014,0.0183582958225188
7,gpboost_vecchia,200,0.30003636863996164,0.20456620169489934,0.7055110687495816,0.29305804126302026,0.40547470010961995
7,gpboost_vecchia,201,1.9582963940067137,1.9320104559899733,1.9223959607534455,0.2885671002540181,-0.035900433253268194
7,gpboost_vecchia,202,1.2005644687041483,1.3465375770421837,1.1918743636504088,0.27680452333179695,-0.008690105053739572
7,gpboost_vecchia,203,1.7158729641382675,1.564749634241299,1.7838583209099284,0.24415842551804484,0.06798535677166084
7,gpboost_vecchia,204,2.098225721685141,2.055185534679791,1.9326300915619878,0.3948276635510606,-0.16559563012315337
7,gpboost_vecchia,205,1.7743630814552682,1.7012415596427295,1.6297260918902046,0.2654423275906737,-0.14463698956506366
7,gpboost_vecchia,206,1.012863679374199,0.973634857362769,0.8580871072856917,0.3206466561524848,-0.15477657208850726
7,gpboost_vecchia,207,-0.45574648536452345,-0.34943592894988007,-0.5506131793103197,0.3034440998474939,-0.09486669394579628
7,gpboost_vecchia,208,0.979472462797202,0.9473524737606691,0.8209283989967435,0.24551561278855136,-0.1585440638004585
7,gpboost_vecchia,209,-0.45839394354487983,-0.39528897116096395,0.2418468136779932,0.46246027481308155,0.700240757222873
7,gpboost_vecchia,210,2.3205192343037453,2.3605450726321777,1.9734883016752498,0.2688887875560546,-0.3470309326284955
7,gpboost_vecchia,211,2.3881672547594315,2.303834629060514,2.0822116069203993,0.2321268759966954,-0.3059556478390322
7,gpboost_vecchia,212,2.1111043317751035,2.096304410519122,1.880013039230568,0.2700755899292879,-0.23109129254453542
7,gpboost_vecchia,213,0.06480603251348666,0.1167013955598984,0.1820333762564541,0.3388922226040112,0.11722734374296745
7,gpboost_vecchia,214,0.10238043973025984,0.17590469134018127,0.08982458580955122,0.29851592060435744,-0.012555853920708626
7,gpboost_vecchia,215,-0.08172454848151539,0.19845356668085962,0.52453509079049,0.32342267881479564,0.6062596392720054
7,gpboost_vecchia,216,-0.33302168222863304,-0.26401977336093563,-0.2105784717751611,0.15732279134108013,0.12244321045347195
7,gpboost_vecchia,217,-0.014453601411568762,0.08721871163641035,0.18565535461121652,0.3238213623213823,0.20010895602278528
7,gpboost_vecchia,218,0.7491054884589801,0.6102500679725709,0.9240667577196291,0.44716859389253555,0.17496126926064903
7,gpboost_vecchia,219,-0.6867958991908959,-0.3412590042011986,-0.5199931863505021,0.38294330048063996,0.16680271284039383
7,gpboost_vecchia,220,0.3698766115357817,0.3406577864747773,0.9594113895931908,0.2880711421655779,0.5895347780574092
7,gpboost_vecchia,221,0.01456016711707385,0.13334341634045122,0.49463149751795843,0.31391510566348957,0.48007133040088457
7,gpboost_vecchia,222,0.44746596273515693,0.5052107628676976,0.8615159287470142,0.3458587724323897,0.4140499660118573
7,gpboost_vecchia,223,-0.05837906555082917,-0.07280716063846635,-0.3021576723559498,0.29535558400240014,-0.24377860680512065
7,gpboost_vecchia,224,1.1819325805350074,1.0483824780256454,0.7053553172603646,0.4657729057841012,-0.4765772632746428
7,gpboost_vecchia,225,0.2420099007274114,0.3018109512090103,0.12323239050440282,0.28149410147110543,-0.11877751022300859
7,gpboost_vecchia,226,0.42596842697377824,0.43972295567322506,0.27252244137721693,0.3579864514727405,-0.1534459855965613
7,gpboost_vecchia,227,1.412670209380126,1.2671896895287311,1.5361908618647266,0.25312621600790225,0.12352065248460065
7,gpboost_vecchia,228,-0.04911975328167051,-0.013364454803600788,0.11105911945727609,0.36299325927927495,0.1601788727389466
7,gpboost_vecchia,229,0.7787374119890438,0.7647294532757989,1.2113918081076553,0.3412863581092551,0.43265439611861156
7,gpboost_vecchia,230,0.5093036519577638,0.7280691367459322,0.4916090878294952,0.29637572997049,-0.01769456412826864
7,gpboost_vecchia,231,1.070142177989497,1.038733397343006,0.8543721153047468,0.310735981933269,-0.2157700626847503
7,gpboost_vecchia,232,1.1457608746829528,1.2026292058564307,1.68842514675538,0.26049852513256644,0.5426642720724271
7,gpboost_vecchia,233,0.3814284589742587,0.3472273989252308,0.43827832833873615,0.30188082680404077,0.056849869364477446
7,gpboost_vecchia,234,1.7243455368242262,1.7045988607772122,1.9004336209702402,0.48133038331130906,0.17608808414601396
7,gpboost_vecchia,235,1.106712057561806,1.0105762387409871,0.9872097085403961,0.3152284756542329,-0.11950234902140977
7,gpboost_vecchia,236,1.8950799425164404,1.8695301901991033,2.16583902610404,0.26901162161857717,0.2707590835875995
7,gpboost_vecchia,237,2.4748818098566496,2.4967975287348905,2.0537803702423654,0.34085793307427875,-0.42110143961428426
7,gpboost_vecchia,238,0.34078982392483925,0.1949053888649838,0.3686273803264246,0.24541359025224374,0.02783755640158536
7,gpboost_vecchia,239,0.20643881655677454,0.22047742287524985,0.46543625954393253,0.2735413335117647,0.258997442987158
7,gpboost_vecchia,240,0.7970577947081547,0.7608626695165341,0.6904696317259278,0.26925860955524566,-0.10658816298222695
7,gpboost_vecchia,241,1.6980110698153612,1.6915595123632394,1.5921780221465256,0.34928218536061406,-0.10583304766883561
7,gpboost_vecchia,242,0.555689165514972,0.672903855764212,0.6713299367209977,0.3199922517249431,0.11564077120602567
7,gpboost_vecchia,243,0.4472375690377297,0.3815367080677982,0.30182993882046993,0.24845297162726285,-0.14540763021725978
7,gpboost_vecchia,244,0.22752449424637927,0.2929226562249696,0.3962589841900961,0.26008757763295776,0.16873448994371681
7,gpboost_vecchia,245,2.1839790239963217,2.153859487780364,2.2567743632265787,0.09810189625434067,0.07279533923025694
7,gpboost_vecchia,246,-1.1154276604409983,-0.9766641671415037,-0.8513293412440586,0.2657314622760138,0.2640983191969397
7,gpboost_vecchia,247,0.14871389390693796,0.22109370231906794,0.32784804460192696,0.24041945596168846,0.179134150694989
7,gpboost_vecchia,248,0.6563935016158481,0.9095789238305223,0.2771768506651684,0.36062196226321114,-0.3792166509506797
7,gpboost_vecchia,249,1.6932798674573113,1.5410883282909391,1.982572887607649,0.21710898932413025,0.28929302015033764
7,gpboost_vecchia,250,1.8118330739580697,1.7036771959314785,1.8553969627668154,0.2744937557173857,0.04356388880874573
7,gpboost_vecchia,251,0.2418983437710539,0.2682398188540329,0.5733694539739878,0.27430381098390544,0.33147111020293385
7,gpboost_vecchia,252,-0.836599994177492,-0.7584299399128993,-0.6107298703135076,0.34486618257794266,0.22587012386398442
7,gpboost_vecchia,253,1.7787227072576182,1.7869732907935765,1.8255482576406852,0.28021260284922034,0.046825550383067016
7,gpboost_vecchia,254,0.5123214130856983,0.5039430060648821,0.274059877591017,0.39630251590525123,-0.23826153549468132
7,gpboost_vecchia,255,-0.07234910998781197,-0.08092683065865337,0.30782726298942986,0.3124999236687999,0.3801763729772418
7,gpboost_vecchia,256,2.402456925357583,2.3239855186851757,1.8360996152260576,0.2788453918750103,-0.5663573101315253
7,gpboost_vecchia,257,-0.42699455721340196,-0.65066815760091,0.05821220305998853,0.3325976045864534,0.4852067602733905
7,gpboost_vecchia,258,1.4622937142517431,1.454887341798826,1.3167011348103745,0.24188693861238084,-0.1455925794413686
7,gpboost_vecchia,259,0.3431280804561663,0.4693566955768157,0.984509261216095,0.3425882294346519,0.6413811807599288
7,gpboost_vecchia,260,-0.11374075217830273,-0.06626207647386474,0.22673446191053515,0.37770650357345825,0.34047521408883785
7,gpboost_vecchia,261,0.7451814873748167,0.5684187383840992,1.0302351590154597,0.23154020078487103,0.285053671640643
7,gpboost_vecchia,262,-0.21075451176584714,-0.45121366718701295,0.5184364031742299,0.33635337222181044,0.729190914940077
7,gpboost_vecchia,263,0.43312713831286576,0.4880629520946318,0.46552921220459087,0.282889447852251,0.032402073891725114
7,gpboost_vecchia,264,0.44089290729306735,0.6056232016974987,0.5430434945328066,0.28873717686002104,0.1021505872397393
7,gpboost_vecchia,265,-0.4703328316213433,-0.4833193598816526,-0.015642022769366548,0.28553963938106486,0.45469080885197677
7,gpboost_vecchia,266,0.8811276308500446,0.9403313967726069,0.9479100106979148,0.47241445846754065,0.06678237984787017
7,gpboost_vecchia,267,-1.1406473032970268,-1.0151057245325232,-0.8217946894043999,0.30428030770973385,0.31885261389262687
7,gpboost_vecchia,268,1.5534187981481384,1.4942410800160346,1.2439672750575612,0.2744930775209626,-0.3094515230905772
7,gpboost_vecchia,269,0.13543820929344502,-0.040377865627591214,-0.09977891654948312,0.3966671323256904,-0.23521712584292814
7,gpboost_vecchia,270,1.6359350768388643,1.6163802447940272,1.9368235773962748,0.37629417124777637,0.30088850055741045
7,gpboost_vecchia,271,0.05676585308700238,0.018890353813743856,-0.046020573177728785,0.2989698561334683,-0.10278642626473117
7,gpboost_vecchia,272,0.9719786094175092,1.0696246774296096,0.7557681054568173,0.40134769128176084,-0.21621050396069197
7,gpboost_vecchia,273,0.6953064048628891,0.8456954125982258,0.9681351809863541,0.24950932090574746,0.272828776123465
7,gpboost_vecchia,274,-0.03682059662713466,-0.15517248869292455,-0.02690997570664244,0.35354200988142204,0.009910620920492219
7,gpboost_vecchia,275,0.153380786714372,0.08413887426719587,0.41332957696793926,0.3256666086597094,0.25994879025356726
7,gpboost_vecchia,276,0.16938694779368868,0.2578248750290087,0.3545523150115184,0.26202017060647836,0.18516536721782972
7,gpboost_vecchia,277,0.11913235947355492,0.03285916672978732,0.7217963504135554,0.30919819156100253,0.6026639909400004
7,gpboost_vecchia,278,0.5294573459880358,0.6030776248631138,0.711180344898267,0.4687190714903334,0.18172299891023114
7,gpboost_vecchia,279,2.1346834145234266,1.921196603771332,1.9552021011820098,0.3017399352034254,-0.17948131334141681
7,gpboost_vecchia,280,-0.11906191545164291,-0.09255361175773878,0.08929992367484552,0.318378233647583,0.20836183912648842
7,gpboost_vecchia,281,0.5877510167859554,0.6370085575451698,0.5587368107763284,0.330196961091205,-0.029014206009627008
7,gpboost_vecchia,282,0.7635956433003281,0.6571563930788249,1.005151455606164,0.26920578668233947,0.2415558123058359
7,gpboost_vecchia,283,-0.4667895740217385,-0.41935705611645974,-0.5943487848889624,0.43605749222636947,-0.12755921086722388
7,gpboost_vecchia,284,0.9937615338158323,1.074212190783335,0.7552994817642293,0.29574469857901126,-0.23846205205160298
7,gpboost_vecchia,285,1.9440614572054358,1.826778679287428,2.245652879304837,0.4011178245952366,0.3015914220994014
7,gpboost_vecchia,286,0.29971323384943227,0.37331914208607775,0.5398173245357842,0.3353003547964313,0.24010409068635197
7,gpboost_vecchia,287,0.5392041849071423,0.4848155035086473,0.289352945882813,0.376300128810576,-0.24985123902432926
7,gpboost_vecchia,288,1.6433294976757642,1.523809910981249,1.918141575500293,0.22394804402278706,0.2748120778245289
7,gpboost_vecchia,289,-0.44333291369348,-0.4791055965585941,0.12462620946472303,0.28099251275532927,0.5679591231582031
7,gpboost_vecchia,290,0.9776282023387092,1.126739539936648,1.2778914513374628,0.20048066866885206,0.3002632489987537
7,gpboost_vecchia,291,1.4461312325958517,1.456231914332985,1.824029752064802,0.2856638728493903,0.37789851946895014
7,gpboost_vecchia,292,1.4573907314987111,1.4470962415993183,1.7824589305707201,0.40415457065284943,0.325068199072009
7,gpboost_vecchia,293,1.6854120390905178,1.8268066585650733,1.9991654306809,0.2616952692437936,0.31375339159038207
7,gpboost_vecchia,294,-0.007832839940089431,-0.138909334147962,-0.09385065852463415,0.19132992991516073,-0.08601781858454471
7,gpboost_vecchia,295,-0.014832819270969091,0.07504440585473236,0.12210847257954116,0.284609422238998,0.13694129185051024
7,gpboost_vecchia,296,0.5006061072474117,0.5087129204085543,0.38135851398103515,0.22036455623080842,-0.11924759326637657
7,gpboost_vecchia,297,0.48571513526741594,0.34623243934200776,0.8015379376676046,0.36426026254933697,0.3158228024001887
7,gpboost_vecchia,298,0.7064314355958439,0.4894550049890729,0.9816837696260432,0.2653029077435801,0.27525233403019933
7,gpboost_vecchia,299,0.4675667293004984,0.4730571905537122,0.8962715717306304,0.393502162182034,0.428704842430132
8,gpboost_vecchia,0,-1.2028832472025173,-1.3251408612065876,-0.7309259107181827,0.30242181449347594,0.4719573364843346
8,gpboost_vecchia,1,0.04571036063409532,-0.057899149733683736,0.24536101100881247,0.4002389738776419,0.19965065037471713
8,gpboost_vecchia,2,-0.4273397020284996,-0.5480402955716921,-0.34237226838069024,0.16779257439490103,0.08496743364780934
8,gpboost_vecchia,3,-0.24605977402669651,-0.19710069803090596,0.19863374167703185,0.27739106387577483,0.4446935157037284
8,gpboost_vecchia,4,-0.565116737734283,-0.45313549649005597,-0.34239060273917055,0.3106324811783173,0.2227261349951124
8,gpboost_vecchia,5,-0.19637496469120963,-0.3479411514167694,-0.28130022752446315,0.21566160083448818,-0.08492526283325352
8,gpboost_vecchia,6,-0.033453947417159846,0.11337041938537754,-0.33700495121838614,0.2717861772493112,-0.3035510038012263
8,gpboost_vecchia,7,-0.18270787441333416,-0.0957270830601218,-0.027887771811348827,0.2338478894582226,0.15482010260198534
8,gpboost_vecchia,8,-0.14554522751200255,-0.16032114699001576,-0.10132472890370714,0.27479915180022896,0.04422049860829541
8,gpboost_vecchia,9,-1.3972326740240602,-1.3715671816467634,-0.922774223745451,0.2772858072650608,0.4744584502786091
8,gpboost_vecchia,10,-0.4976369078950357,-0.2693355137891522,-0.4745151736791442,0.28271974552296497,0.023121734215891476
8,gpboost_vecchia,11,-0.7868478945891975,-0.8350153148060037,-0.46427979706334277,0.27803673547561,0.3225680975258547
8,gpboost_vecchia,12,0.1200019655916218,-0.08167869495380478,0.33055023804313066,0.26237066526126795,0.21054827245150887
8,gpboost_vecchia,13,-1.326886880766648,-1.3021874285512314,-0.9047271645128223,0.3300794782233671,0.42215971625382576
8,gpboost_vecchia,14,-0.7609662316503493,-0.7830180131189044,-0.682895924079812,0.27596877636800904,0.07807030757053723
8,gpboost_vecchia,15,-0.6115716487431146,-0.7126949931853688,-0.08764609738348561,0.25239200981557564,0.523925551359629
8,gpboost_vecchia,16,-0.47552903596579577,-0.6642097909474196,-0.7014833536591203,0.2634374671892961,-0.22595431769332452
8,gpboost_vecchia,17,0.028693174900202928,0.0341068849559648,-0.23352470366187994,0.3363075458506174,-0.2622178785620829
8,gpboost_vecchia,18,-0.3521858210589788,-0.48857615654922815,-0.12313234607196755,0.30377453865676846,0.22905347498701123
8,gpboost_vecchia,19,-0.8505900715083383,-0.8780632648111963,-0.18630918119243756,0.2615404001589934,0.6642808903159008
8,gpboost_vecchia,20,-0.16649338433860628,-0.16264472660392712,0.25098178693201234,0.26371654529400484,0.4174751712706186
8,gpboost_vecchia,21,-0.09687099610675232,-0.10773100131334572,0.23250109051584822,0.2670498639245679,0.32937208662260054
8,gpboost_vecchia,22,-0.7766002306511788,-0.8271317104500483,-0.6642906728771489,0.27809911840661,0.11230955777402984
8,gpboost_vecchia,23,0.13818874688812777,0.10241376726763088,0.2546977939460202,0.32694962872128014,0.11650904705789245
8,gpboost_vecchia,24,-1.2923865229991085,-1.3888973957870592,-0.7737397516643307,0.3035945566619859,0.5186467713347778
8,gpboost_vecchia,25,-0.6913189100603777,-0.6800515858392153,-0.8539558943796228,0.27728201064728636,-0.16263698431924511
8,gpboost_vecchia,26,-0.9708200674867267,-0.9027778939797333,-0.9114578148561439,0.31109605785509986,0.05936225263058281
8,gpboost_vecchia,27,-0.06593154589029099,-0.21560588319780152,-0.5145487553330295,0.33746388286860873,-0.4486172094427385
8,gpboost_vecchia,28,0.11884827882211768,0.09904865283585002,0.14871967218948523,0.25778997903716716,0.02987139336736755
8,gpboost_vecchia,29,0.13121490806315989,0.1897863994078226,0.07558827127571277,0.2145508010673605,-0.055626636787447115
8,gpboost_vecchia,30,-1.7184319194093076,-1.7110320321968122,-1.5044968118801645,0.265811423407807,0.21393510752914313
8,gpboost_vecchia,31,-1.214235724872103,-1.0049618395822002,-0.8967628079120136,0.2852311487762397,0.3174729169600894
8,gpboost_vecchia,32,-0.21091102548079332,-0.2031230120597991,-0.3449742360179986,0.2977106522931383,-0.13406321053720527
8,gpboost_vecchia,33,-0.5842197080441462,-0.5769166592918783,-0.5001176866488048,0.3167354954981736,0.0841020213953414
8,gpboost_vecchia,34,-0.18662078728276676,-0.14127180859019073,0.36037688488866415,0.2769743143737149,0.5469976721714309
8,gpboost_vecchia,35,-1.8917601134977848,-1.940131241452751,-1.048001845913582,0.3438378698930758,0.8437582675842028
8,gpboost_vecchia,36,0.1764540432012382,0.16035508521937727,0.06416115362242714,0.16187062723193096,-0.11229288957881106
8,gpboost_vecchia,37,-0.063142377042808,-0.09826881869857793,-0.09239254606721392,0.24318237020917602,-0.029250169024405914
8,gpboost_vecchia,38,-0.45660375437070694,-0.5708525377722297,-0.04161646758825199,0.2432923587060466,0.41498728678245494
8,gpboost_vecchia,39,-1.925478936149778,-1.8907197509623577,-2.0612594273339866,0.29279207764128934,-0.13578049118420865
8,gpboost_vecchia,40,-0.36134874087494906,-0.4005213194728778,0.12185477778227316,0.2549613922204078,0.4832035186572222
8,gpboost_vecchia,41,-1.6850392699830652,-1.8275752832132584,-1.8215532736864954,0.29323735747080826,-0.13651400370343025
8,gpboost_vecchia,42,0.1276345709096937,0.23969323799761594,0.38454437731025415,0.21905068744646453,0.25690980640056044
8,gpboost_vecchia,43,-1.0865000629884345,-1.0152411547604923,-0.15025275134376237,0.3172761601100627,0.9362473116446721
8,gpboost_vecchia,44,-0.28884438801256385,-0.19846279686910845,0.19681699053571933,0.24985034719755844,0.4856613785482832
8,gpboost_vecchia,45,-0.468776757704027,-0.33856264027676963,-0.5867627931672814,0.17091092456943452,-0.11798603546325442
8,gpboost_vecchia,46,-0.016246174429846466,0.026511847702890584,0.31454012547668597,0.31492211849294427,0.3307862999065324
8,gpboost_vecchia,47,-0.661394589141227,-0.5562142169861013,-0.6501253066815611,0.2640644781781154,0.011269282459665853
8,gpboost_vecchia,48,0.7564666742011277,0.8171133284242094,0.5189174082048869,0.2932833658255718,-0.23754926599624082
8,gpboost_vecchia,49,-0.8371400959269485,-0.9035094027763837,-0.8593372896507194,0.27066946948081877,-0.022197193723770936
8,gpboost_vecchia,50,-0.8215984090827325,-0.9364964794384487,-0.09390800979194225,0.30336862445627977,0.7276903992907903
8,gpboost_vecchia,51,-0.37914767915086783,-0.5817704362148292,-0.5399791820267481,0.2801685273719225,-0.16083150287588027
8,gpboost_vecchia,52,-0.419156730576861,-0.4396501033477018,-0.1382798798731173,0.28052396213210096,0.2808768507037437
8,gpboost_vecchia,53,-0.20193594552771454,-0.27959627430333234,0.24205913831937131,0.2545399986102785,0.44399508384708586
8,gpboost_vecchia,54,-0.3089886362008163,-0.17282222437652137,-0.2549781000918241,0.3282277281901519,0.0540105361089922
8,gpboost_vecchia,55,-0.4544142841108403,-0.35789111495444487,-0.46990180979212237,0.25471661683516467,-0.015487525681282088
8,gpboost_vecchia,56,-0.47899754197456623,-0.40983629240900354,0.07980581161582379,0.268905225078568,0.55880335359039
8,gpboost_vecchia,57,-1.855420423258689,-1.8174180456969138,-1.5572003489527066,0.27532660012223925,0.2982200743059824
8,gpboost_vecchia,58,-0.19437465132118256,-0.37302602616246083,-0.293684453844425,0.24146690672114496,-0.09930980252324242
8,gpboost_vecchia,59,-0.8953703304453221,-0.9376847071116107,-0.8633578508285469,0.2680396005297485,0.032012479616775225
8,gpboost_vecchia,60,-0.3317244352528835,-0.3864886913460742,-0.09119007232731846,0.2605212462434468,0.24053436292556502
8,gpboost_vecchia,61,-1.1405986386156721,-1.1439906901250505,-0.8179604845390971,0.2874615665192758,0.32263815407657503
8,gpboost_vecchia,62,0.18785868071869116,0.12953716426799655,0.35603286755456764,0.2571918317788189,0.16817418683587648
8,gpboost_vecchia,63,-0.40966206947778183,-0.22087811914723818,0.029682397863588506,0.2837085739276995,0.43934446734137034
8,gpboost_vecchia,64,-1.3148476219849976,-1.1714363857212675,-1.0571809370597522,0.27494841069114884,0.25766668492524536
8,gpboost_vecchia,65,-0.10379830360383452,-0.06544094586529844,-0.3320090779724296,0.23483127950776847,-0.2282107743685951
8,gpboost_vecchia,66,0.0719141371374381,0.22652844474064326,0.3105107018117437,0.2541939825437099,0.23859656467430557
8,gpboost_vecchia,67,-1.1920985726467819,-1.1588075571155503,-0.47763558204218004,0.2949680980223976,0.7144629906046018
8,gpboost_vecchia,68,0.6661677172760052,0.8290917048779417,0.5276954044452342,0.23988828381670113,-0.138472312830771
8,gpboost_vecchia,69,0.16931272242610268,0.2524532486906932,0.5423526505222194,0.30262745984933714,0.3730399280961167
8,gpboost_vecchia,70,-0.0735235995852545,-0.08193040820988345,-0.2749410084396917,0.26673386418071937,-0.2014174088544372
8,gpboost_vecchia,71,-0.029048424220465052,0.055680653436608885,0.31193454775346474,0.247452835058807,0.3409829719739298
8,gpboost_vecchia,72,-0.7867733669485149,-0.8928059748679454,-0.6835425565457101,0.2576900037557716,0.1032308104028048
8,gpboost_vecchia,73,0.3087966447724686,0.4322070891930905,0.4326935825055429,0.26013963108263305,0.12389693773307431
8,gpboost_vecchia,74,0.11686494783791777,0.2518498937705891,-0.12133215274302511,0.2549015897327188,-0.2381971005809429
8,gpboost_vecchia,75,-1.2709166071147802,-1.241548628171876,-1.0114361082247774,0.24709081625584622,0.2594804988900028
8,gpboost_vecchia,76,-0.8113649867917228,-0.8464933741892365,-0.5602898079921719,0.28723394469787095,0.2510751787995509
8,gpboost_vecchia,77,-1.8959223817324928,-2.072233527590215,-1.8124023307753427,0.26266427057964875,0.0835200509571501
8,gpboost_vecchia,78,-0.8698856449403409,-1.0800662879940814,-0.8882525818384233,0.21289941331765153,-0.01836693689808233
8,gpboost_vecchia,79,-0.33998521056463715,-0.3353737623045111,0.1638062592747982,0.2512476990764581,0.5037914698394353
8,gpboost_vecchia,80,-1.1430795357281358,-1.251677509675128,-0.7433724830795443,0.3086717860654252,0.3997070526485915
8,gpboost_vecchia,81,-0.8132541639084235,-0.7254611045515338,-0.6076999538240244,0.2798822095155838,0.2055542100843991
8,gpboost_vecchia,82,-1.3102071452063067,-1.293794379751961,-1.298407196115316,0.2954320106850293,0.01179994909099058
8,gpboost_vecchia,83,-0.631679096484153,-0.6579377028976406,-0.38479003932444833,0.2847772393158121,0.24688905715970466
8,gpboost_vecchia,84,-0.4449658384084017,-0.2207763815102811,-0.1302393218049911,0.27099791359245645,0.3147265166034106
8,gpboost_vecchia,85,-0.40988829216956146,-0.3667338270881453,-0.03312593698283717,0.25576263031600743,0.3767623551867243
8,gpboost_vecchia,86,-1.501167008935622,-1.399817552587204,-1.0176923135207057,0.2404605864454682,0.4834746954149163
8,gpboost_vecchia,87,-0.7505618296651906,-1.0427969539466733,-1.067623722044801,0.23075747558642104,-0.31706189237961047
8,gpboost_vecchia,88,-0.9361514178662825,-1.1094619044592648,-0.7139112602756637,0.27378582913311333,0.22224015759061888
8,gpboost_vecchia,89,-0.4280287093270953,-0.5448701810397198,-0.21298808124135604,0.2714694842153593,0.21504062808573926
8,gpboost_vecchia,90,-0.8096846800221487,-0.9546589086724011,-0.13720112080904823,0.3176540946692199,0.6724835592131004
8,gpboost_vecchia,91,0.20455395122182246,0.04534019763817376,-0.3225562935314734,0.3402025590157715,-0.5271102447532958
8,gpboost_vecchia,92,-0.7108979509009379,-0.8298302956175834,-0.6522733733016892,0.27840769522559805,0.05862457759924866
8,gpboost_vecchia,93,-0.17476573655478922,-0.1698982596632329,-0.026013937619918437,0.2836062471675531,0.14875179893487078
8,gpboost_vecchia,94,-0.349299922252617,-0.3177949976600713,-0.3624087513253187,0.33419728313001296,-0.013108829072701667
8,gpboost_vecchia,95,-0.5556427818953794,-0.5289794103673393,-0.3269261661345979,0.2999621810631656,0.2287166157607815
8,gpboost_vecchia,96,0.36142803644127947,0.4702983224120138,0.013434597396932091,0.3053229901020133,-0.3479934390443474
8,gpboost_vecchia,97,-0.18479040974469352,-0.18156048632998362,-0.5213407680604476,0.26100979374950667,-0.3365503583157541
8,gpboost_vecchia,98,-0.1532187168523332,-0.16407184593578328,-0.5560915079348554,0.35103946221659355,-0.40287279108252216
8,gpboost_vecchia,99,-1.0565398659582337,-1.194884449959588,-0.849358308582838,0.25221602532122245,0.20718155737539568
8,gpboost_vecchia,100,-0.8819643162345321,-0.920387535509794,-0.7887484222871333,0.2737998150155158,0.09321589394739882
8,gpboost_vecchia,101,0.34313811722040644,0.40385195686545,0.05665450634055169,0.36256897105791447,-0.28648361087985474
8,gpboost_vecchia,102,-0.8086917481859452,-0.7783507228187967,-0.711127924734221,0.28520364138421045,0.09756382345172421
8,gpboost_vecchia,103,-1.3220708913149921,-1.3970230127772179,-0.8069236291539923,0.2990248170256628,0.5151472621609998
8,gpboost_vecchia,104,0.7318649796871002,0.7271904265844326,0.18978965918487312,0.314784605318373,-0.5420753205022271
8,gpboost_vecchia,105,-1.5169205103141747,-1.5935287137174834,-1.391324958548485,0.28982724585657554,0.1255955517656897
8,gpboost_vecchia,106,-0.6426768654461448,-0.510257758780829,-0.3800855000499581,0.2721861745760839,0.26259136539618666
8,gpboost_vecchia,107,-0.12230082047175417,0.022246651593996886,-0.19234062517620298,0.24780511859387322,-0.07003980470444882
8,gpboost_vecchia,108,-1.113067300596601,-1.286002852300171,-0.5981789251114531,0.26015078905199923,0.5148883754851479
8,gpboost_vecchia,109,-0.43554921810517655,-0.3781527586023554,-0.25679837416927676,0.30039500604592784,0.1787508439358998
8,gpboost_vecchia,110,0.19170981821971994,0.31122845704611746,-0.5482086448569845,0.3837898730899785,-0.7399184630767044
8,gpboost_vecchia,111,-0.41341254117714477,-0.38312350485180846,-0.29356509750190884,0.2497561464519092,0.11984744367523592
8,gpboost_vecchia,112,-1.6357127882225295,-1.650297143909624,-1.0475283060642484,0.27687990456870454,0.5881844821582811
8,gpboost_vecchia,113,0.5761879234924323,0.4988279598466013,0.4516816497480898,0.267805040494657,-0.12450627374434253
8,gpboost_vecchia,114,-1.305903238430181,-1.2553019063291797,-0.07705925996605245,0.3441568077605413,1.2288439784641285
8,gpboost_vecchia,115,-0.3810586316792513,-0.518608696630865,-0.4321509782800579,0.30816653614169165,-0.05109234660080658
8,gpboost_vecchia,116,-1.1978110220663447,-1.151697750720795,-0.5325642842060523,0.2802543419249058,0.6652467378602924
8,gpboost_vecchia,117,-1.3621345512075158,-1.433128379719783,-0.7250707646343733,0.391485970997314,0.6370637865731426
8,gpboost_vecchia,118,0.32311752091109475,0.2777944927208972,-0.44508625277685354,0.3409294714539732,-0.7682037736879483
8,gpboost_vecchia,119,-1.310611096830561,-1.3183897363817008,-1.1849850780702615,0.2647080051088636,0.12562601876029955
8,gpboost_vecchia,120,-0.5290355997061763,-0.5440082090358418,-0.44768751494477854,0.15418318042133483,0.08134808476139777
8,gpboost_vecchia,121,0.49750200077118867,0.482476972346835,0.5428712355514715,0.22221153967434518,0.045369234780282874
8,gpboost_vecchia,122,-0.26566652162355164,-0.1742992752339687,-0.10549288998996609,0.26527950018918944,0.16017363163358556
8,gpboost_vecchia,123,-0.39725036409681835,-0.5180618739217213,-0.27813822964139057,0.27627302177976976,0.11911213445542779
8,gpboost_vecchia,124,-0.6048067745499851,-0.6655564422789129,-0.7096042977643888,0.244864984206588,-0.10479752321440372
8,gpboost_vecchia,125,-0.3523798910495558,-0.32065264892461587,-0.3193381626863516,0.28689216606008955,0.03304172836320418
8,gpboost_vecchia,126,-1.0910014231788687,-1.130665661844191,-1.4840411186437503,0.27591191691761874,-0.3930396954648816
8,gpboost_vecchia,127,-0.4209887395421295,-0.4631840830807586,-0.31137279579384813,0.29132047923494886,0.10961594374828137
8,gpboost_vecchia,128,-0.8774609663070108,-0.8288345210837459,-0.7243370962915314,0.2621207049693301,0.15312387001547934
8,gpboost_vecchia,129,-0.78431730392919,-0.8317715282781515,-0.6249455068058527,0.2703804748935175,0.15937179712333727
8,gpboost_vecchia,130,-0.2635537059146999,-0.28524179734744887,-0.22544711859002398,0.2917389014094487,0.03810658732467592
8,gpboost_vecchia,131,0.27804294571392096,0.3536259787025375,0.15623052828852302,0.28597133330091473,-0.12181241742539795
8,gpboost_vecchia,132,-0.32716493058556845,-0.3748523461197921,-0.304970090340559,0.28098707983837506,0.02219484024500945
8,gpboost_vecchia,133,0.12214028174982491,0.03273023064943781,-0.4620701126315563,0.328649520618929,-0.5842103943813812
8,gpboost_vecchia,134,-1.2305238322815457,-1.5021647423320938,-0.7185831283474631,0.38871295776946097,0.5119407039340826
8,gpboost_vecchia,135,0.4363672686659369,0.4599549173220435,0.5167343655328747,0.25024292014260097,0.08036709686693777
8,gpboost_vecchia,136,-0.35135504430230646,-0.4051360636650079,-0.16319135064517631,0.26214428061182277,0.18816369365713015
8,gpboost_vecchia,137,-1.5505433952431458,-1.6202632488309103,-1.2680819941375576,0.2591634798239655,0.28246140110558815
8,gpboost_vecchia,138,-1.6135750792895542,-1.6991013216641393,-1.7786909695495412,0.19936925712298345,-0.16511589025998696
8,gpboost_vecchia,139,-0.44072445076162114,-0.3743383868295399,-0.11293089722958705,0.2610181985060752,0.3277935535320341
8,gpboost_vecchia,140,-0.39625167540305406,-0.34049267317803994,-0.29435229795890727,0.23926411448842874,0.10189937744414679
8,gpboost_vecchia,141,-1.5879056285458248,-1.4847940102787183,-1.3391746179868242,0.28211431257247427,0.2487310105590006
8,gpboost_vecchia,142,-1.1275492902676376,-1.1314727913596532,-0.8721865296914286,0.2648776511785061,0.255362760576209
8,gpboost_vecchia,143,-0.6031446337729788,-0.49005267795913865,-0.2973236006496123,0.26062141504833464,0.3058210331233665
8,gpboost_vecchia,144,-0.15101025848616204,-0.044134584695142795,-0.1683052587677114,0.2858536565049672,-0.017295000281549372
8,gpboost_vecchia,145,-0.3941974430560178,-0.5059199060958528,-0.38075868652039446,0.24129250536206473,0.01343875653562332
8,gpboost_vecchia,146,-1.980032367790203,-1.802134700705614,-1.8924385919545843,0.29354518926936807,0.08759377583561867
8,gpboost_vecchia,147,0.9393537190333849,1.1281519613259892,0.7022231869058029,0.2507658990243487,-0.23713053212758206
8,gpboost_vecchia,148,-0.7886005838050409,-0.8390098689869033,-0.5535046442329037,0.2588884977276777,0.23509593957213726
8,gpboost_vecchia,149,-1.3049764451368138,-1.2756463871159167,-0.8983084985337699,0.24079779271422608,0.40666794660304384
8,gpboost_vecchia,150,-1.5482991016908108,-1.4528936582437082,-1.4529382416041727,0.2697559935577303,0.09536086008663802
8,gpboost_vecchia,151,-0.11677662322298432,-0.23666843485191946,0.13305805953833527,0.2645306225070437,0.2498346827613196
8,gpboost_vecchia,152,-0.2660980977527178,-0.15290211394561093,-0.689411325579858,0.45718648242610216,-0.42331322782714015
8,gpboost_vecchia,153,-0.6266620635931646,-0.7974729882263865,-0.8333711755849631,0.2619687064158315,-0.20670911199179853
8,gpboost_vecchia,154,-0.9067313291292456,-0.9937627569572708,-0.7409754995257805,0.2791389383690343,0.16575582960346513
8,gpboost_vecchia,155,-1.3437924396295067,-1.3500642252840287,-0.7842208129514567,0.24269906325084825,0.5595716266780499
8,gpboost_vecchia,156,-1.6221028882117416,-1.6716139212581997,-1.1855611037579301,0.2653167770673349,0.43654178445381153
8,gpboost_vecchia,157,-0.2683320340176405,-0.2722030182821717,-0.07608273295004508,0.21955567716267554,0.1922493010675954
8,gpboost_vecchia,158,-0.1447316890995813,-0.15003742754315372,-0.3309817181348951,0.2677484332006065,-0.18625002903531376
8,gpboost_vecchia,159,-0.520892522869889,-0.5517113352935354,0.1849474838188696,0.2887156805521191,0.7058400066887586
8,gpboost_vecchia,160,-1.08229626158073,-1.0630169853421145,-0.5991171264164885,0.3315453520726474,0.4831791351642414
8,gpboost_vecchia,161,-0.2897302133297355,-0.23306093872338923,-0.2851488994789939,0.250423577014846,0.004581313850741564
8,gpboost_vecchia,162,-1.0792460045408636,-1.0665973980507109,-0.786894651022938,0.2558508891627523,0.2923513535179256
8,gpboost_vecchia,163,-1.3113992596198758,-1.3168176437955001,0.072808399800814,0.4133152366010092,1.3842076594206898
8,gpboost_vecchia,164,-0.3845022357526846,-0.3787125784721791,-0.277787511407654,0.30207588906250776,0.1067147243450306
8,gpboost_vecchia,165,-1.6945608870614932,-1.6580479309288663,-1.1874937430050387,0.31765762805162184,0.5070671440564545
8,gpboost_vecchia,166,-0.6075750185773925,-0.6040457778290053,-0.7915088561671055,0.271268447567639,-0.18393383758971305
8,gpboost_vecchia,167,-0.14511410140314185,-0.14202206912027698,-0.6096262022650958,0.365277330836318,-0.46451210086195394
8,gpboost_vecchia,168,-1.1904876028726183,-1.2820531100614312,-1.086039696993761,0.2894954893054525,0.10444790587885744
8,gpboost_vecchia,169,-0.7745619412625746,-0.8440355481093623,0.16281737706535537,0.30305721922000867,0.93737931832793
8,gpboost_vecchia,170,-0.16698793314852206,-0.25934970654708256,0.0716135830859379,0.2695588892982083,0.23860151623445996
8,gpboost_vecchia,171,-0.047121392192613756,0.0665986495972074,-0.299823571246959,0.3188476105263691,-0.2527021790543453
8,gpboost_vecchia,172,-0.2704396731048997,-0.13643021292963506,0.2566865436833261,0.2533814274757712,0.5271262167882258
8,gpboost_vecchia,173,-1.3672413729215847,-1.3033260962803774,-1.6442693972045417,0.34892585794956443,-0.27702802428295703
8,gpboost_vecchia,174,-0.9239767173946623,-0.9717506333600185,-0.1687351747027659,0.3067093054811638,0.7552415426918964
8,gpboost_vecchia,175,-1.5283878774069566,-1.55999726812081,-0.7314825570762515,0.3214922641888395,0.796905320330705
8,gpboost_vecchia,176,-0.4350599069002511,-0.39524436490677994,-0.44177149012262973,0.31326220192286186,-0.0067115832223786365
8,gpboost_vecchia,177,-1.4722712798844566,-1.491520451933506,-1.1731805625966034,0.30983220694513214,0.2990907172878532
8,gpboost_vecchia,178,-1.2918449998452857,-1.194520306298993,-1.0815584811358185,0.26404313576209176,0.21028651870946713
8,gpboost_vecchia,179,-0.41025081043940836,-0.5167191040444511,0.11017059671121832,0.31177981510769653,0.5204214071506267
8,gpboost_vecchia,180,-0.039745586787061304,0.047605714584829095,0.5216130319689718,0.25264846761259857,0.5613586187560331
8,gpboost_vecchia,181,-1.4193513803551827,-1.4031275168169477,-0.9863070776277816,0.29540975307392503,0.43304430272740113
8,gpboost_vecchia,182,-1.0085035898485115,-1.0101428800337777,-0.5187746562733624,0.2736941443284899,0.48972893357514913
8,gpboost_vecchia,183,-0.8389087926923275,-0.8117467972928886,-0.5802765606338038,0.4014265813132747,0.2586322320585237
8,gpboost_vecchia,184,-1.6141105435460372,-1.7154788606078457,-1.5448626813270812,0.18581852788746797,0.06924786221895607
8,gpboost_vecchia,185,-1.321547064231858,-1.390811751380047,-0.8953886695779518,0.28453807858339053,0.42615839465390626
8,gpboost_vecchia,186,-0.18128974019599764,-0.3620227553513086,-0.21082518028848973,0.27050987503239554,-0.029535440092492093
8,gpboost_vecchia,187,-0.680503786931909,-0.557282284620335,-0.04440388528561812,0.26988285821560276,0.6360999016462909
8,gpboost_vecchia,188,-0.4138466215334441,-0.5215023318976306,-0.27590843400093235,0.2952716668330059,0.13793818753251175
8,gpboost_vecchia,189,-1.5911587166614058,-1.477573009922568,-1.201563803239086,0.29658570028381126,0.3895949134223198
8,gpboost_vecchia,190,-0.7514837535025295,-0.8288230732389297,-0.6122151430004559,0.2726768464698062,0.13926861050207362
8,gpboost_vecchia,191,-0.7591993069329888,-0.6900048160046272,0.1509313584530032,0.3017338481996532,0.910130665385992
8,gpboost_vecchia,192,-0.9310214228502937,-0.811972534933782,-0.5967876667768799,0.34423597714094084,0.33423375607341377
8,gpboost_vecchia,193,-1.5651567845863972,-1.6722689129541948,-1.0811475003440423,0.29045189915759595,0.4840092842423549
8,gpboost_vecchia,194,-1.3331293074723347,-1.3334839027383787,-1.43667118202666,0.2834414502591602,-0.10354187455432529
8,gpboost_vecchia,195,-0.3677850152367479,-0.23856568031701636,0.40375706426001656,0.24018923673383455,0.7715420794967645
8,gpboost_vecchia,196,-0.291198758698316,-0.37381196821062423,-0.16755846472391944,0.289232325660583,0.12364029397439658
8,gpboost_vecchia,197,-0.035462408299771486,0.06344344263327362,-0.2849446164936946,0.31937893120534033,-0.24948220819392314
8,gpboost_vecchia,198,0.0860647960951213,-0.1400653093285277,0.3229129631763712,0.17557985454030675,0.2368481670812499
8,gpboost_vecchia,199,-1.1976800408396011,-1.040374956877689,-0.45905429205327053,0.29806739515518643,0.7386257487863306
8,gpboost_vecchia,200,-1.4924323324841002,-1.4019336269203009,-0.7634651569877002,0.2856773473905845,0.7289671754964
8,gpboost_vecchia,201,-0.42922365314835165,-0.5838810952962757,-0.5962739457600579,0.29279280969488214,-0.16705029261170623
8,gpboost_vecchia,202,-0.18226345018731457,-0.2637181259954021,-0.12766905503681159,0.23514410844054343,0.05459439515050299
8,gpboost_vecchia,203,-0.14180343567332357,-0.06963111041604036,-0.23438054215023563,0.3306495803221169,-0.09257710647691206
8,gpboost_vecchia,204,-1.3577669588169952,-1.4860419593435263,-0.8375190754316506,0.2439053052704609,0.5202478833853446
8,gpboost_vecchia,205,0.3269719431096467,0.4857498056359787,0.48005234235233374,0.2207254727255673,0.15308039924268702
8,gpboost_vecchia,206,-1.4958585273647995,-1.354980191839097,-1.0343002173700642,0.28532798632212014,0.46155830999473535
8,gpboost_vecchia,207,-1.0034616014264792,-1.1552952402555672,-0.9057885193599216,0.2574874448465606,0.09767308206655767
8,gpboost_vecchia,208,-1.286058470284249,-1.2188451124835311,-0.9145764058440307,0.2630739977027356,0.37148206444021836
8,gpboost_vecchia,209,-1.214643841386474,-1.215274036142875,-1.659000355558784,0.32536578395514465,-0.44435651417231004
8,gpboost_vecchia,210,-0.8680755512262984,-0.8386541838851796,-0.691676459420342,0.3048141152607076,0.17639909180595648
8,gpboost_vecchia,211,-1.8542092376331831,-1.8739437443567704,-1.763164127367947,0.25750990828724823,0.0910451102652361
8,gpboost_vecchia,212,-0.09150571980432287,-0.16388428774147373,-0.07660871712672268,0.28442913185914254,0.01489700267760019
8,gpboost_vecchia,213,-0.05663966293405426,-0.01576602269834987,-0.44164787949261,0.3353985629035209,-0.3850082165585557
8,gpboost_vecchia,214,-0.9149646093215095,-0.8864718850603552,-0.743239291241955,0.27693506945494917,0.1717253180795545
8,gpboost_vecchia,215,-0.903066844840986,-0.8077610408198432,-0.6783603639122671,0.2813960906412733,0.22470648092871892
8,gpboost_vecchia,216,-0.14972896125003687,-0.19069079942904607,0.5400996290182274,0.2595057919092377,0.6898285902682643
8,gpboost_vecchia,217,-0.6212858841422482,-0.6495396076500419,-0.32104891605827746,0.24967123070259517,0.3002369680839707
8,gpboost_vecchia,218,-1.1342505374258551,-1.22164534597863,-0.8600232310163607,0.27683602910119215,0.27422730640949444
8,gpboost_vecchia,219,0.35404800185948215,0.5460651633759552,0.5250388236465025,0.2465428241396187,0.1709908217870203
8,gpboost_vecchia,220,-1.0363635374102367,-0.9672182091797996,-0.6338892002936038,0.26615483465179696,0.40247433711663283
8,gpboost_vecchia,221,-0.34474852703648273,-0.29853351622402113,-0.60356904088653,0.2866452281972607,-0.25882051385004723
8,gpboost_vecchia,222,-0.5990787742268501,-0.6280524372903881,-0.5254471359031996,0.30282030737772614,0.0736316383236505
8,gpboost_vecchia,223,-0.38864203930034286,-0.36019256668689575,0.22109526561663895,0.24621762724533436,0.6097373049169819
8,gpboost_vecchia,224,-1.076094989995968,-1.1800934060018813,-0.7024563475814141,0.25160255745369475,0.3736386424145539
8,gpboost_vecchia,225,0.20312365528050824,0.27379023693351706,-0.08108467026329347,0.32244773693751816,-0.2842083255438017
8,gpboost_vecchia,226,-1.1616771566610753,-1.2671954333196154,-0.8233817423722911,0.25139165891328064,0.3382954142887842
8,gpboost_vecchia,227,-0.4315318112852797,-0.4003001689428082,-0.6679813195701945,0.2827487499676951,-0.2364495082849148
8,gpboost_vecchia,228,-0.3358681635109584,-0.40864476000086025,-0.31172185144248843,0.2715109739963155,0.024146312068469955
8,gpboost_vecchia,229,-1.0374859914684662,-1.0708754516949295,-0.992957500798707,0.2661435090431695,0.04452849066975917
8,gpboost_vecchia,230,-0.9007831252920018,-0.8439445995079438,-0.8261234317509176,0.28993328957508496,0.07465969354108415
8,gpboost_vecchia,231,-0.5304019694471903,-0.5536674842003738,-0.18648074159339245,0.28976448914418634,0.34392122785379786
8,gpboost_vecchia,232,-1.7272005849063297,-1.8176491719675403,-1.2070246272382468,0.31954606934315477,0.5201759576680829
8,gpboost_vecchia,233,-0.3334681406782475,-0.2906510289501463,-0.17190673446755778,0.28254058419098343,0.1615614062106897
8,gpboost_vecchia,234,-0.4053357623276093,-0.23369996799084067,-0.3970541853736371,0.3169910780206685,0.008281576953972192
8,gpboost_vecchia,235,-1.2577353126655693,-1.3045873419111549,0.25374141628277247,0.44853589417633066,1.5114767289483417
8,gpboost_vecchia,236,-0.8366595700257363,-0.8380918233513016,-1.2789160101989454,0.2680473514026029,-0.4422564401732091
8,gpboost_vecchia,237,-1.062967196550761,-0.9871690374569403,-0.8176098537432743,0.29831611341239855,0.24535734280748667
8,gpboost_vecchia,238,-0.47409123424991706,-0.48767854996521337,-0.5295653447028963,0.267789084766392,-0.05547411045297923
8,gpboost_vecchia,239,-1.2610761344040933,-1.4017213551497982,-0.990035206336418,0.25699835643067176,0.2710409280676753
8,gpboost_vecchia,240,-1.3812549446218596,-1.3385430795861915,-0.7310170591166081,0.39129942639779,0.6502378855052515
8,gpboost_vecchia,241,-0.3458008419374596,-0.3551905140568106,0.0278922259973724,0.23171413901090032,0.373693067934832
8,gpboost_vecchia,242,-1.019197668694276,-1.0631567109774331,-0.8041542632012408,0.3019144864842051,0.21504340549303524
8,gpboost_vecchia,243,-1.2816380520132824,-1.370141876896877,-1.897793939971098,0.405743990032477,-0.6161558879578155
8,gpboost_vecchia,244,-1.0210403412792366,-1.0693346292358787,-0.9398128322972248,0.2563361746731383,0.08122750898201181
8,gpboost_vecchia,245,-0.2806718138442439,-0.19062520019562787,0.17417710169000866,0.28380637057400915,0.45484891553425255
8,gpboost_vecchia,246,-0.3201857477105764,-0.34921536158220623,-0.1502315481787324,0.26620107677024957,0.16995419953184399
8,gpboost_vecchia,247,-0.8594421154752292,-0.8151831420627135,-0.8389065606423873,0.2702755434722249,0.020535554832841862
8,gpboost_vecchia,248,-1.0936499061059022,-1.3043999851808523,-0.7736084234684988,0.25399045215207483,0.3200414826374034
8,gpboost_vecchia,249,-0.4089896251133831,-0.4509275475101251,-0.3025429063604115,0.3044165807066923,0.10644671875297163
8,gpboost_vecchia,250,-0.1540397498354893,-0.24407474149529607,-0.3414245819074022,0.307322916950742,-0.18738483207191292
8,gpboost_vecchia,251,-0.8748554643627328,-1.1204283408095912,-0.8959479037377536,0.22607050553147845,-0.02109243937502081
8,gpboost_vecchia,252,-1.8673349264608776,-1.9355369450427526,-1.9444873203181166,0.31771942347951393,-0.07715239385723893
8,gpboost_vecchia,253,-0.9261058620109035,-0.8874974004242142,-0.8005027789274699,0.23191862607678487,0.1256030830834336
8,gpboost_vecchia,254,-0.9904383801799683,-0.839942463801924,-0.09618267406543168,0.3285720011037585,0.8942557061145366
8,gpboost_vecchia,255,-0.2820658882773343,-0.1635712481684905,-0.6133954069993575,0.35584400232265884,-0.33132951872202315
8,gpboost_vecchia,256,-1.8609447272119612,-1.8447875162568719,-1.7219204351184052,0.22554470593647247,0.13902429209355605
8,gpboost_vecchia,257,-0.5439022144146594,-0.5129928561143215,0.2884980120545757,0.2966300915364396,0.8324002264692351
8,gpboost_vecchia,258,-0.47700898457430285,-0.35639795513125344,-0.2696870927208046,0.30422728720431647,0.20732189185349825
8,gpboost_vecchia,259,-0.9329958538083525,-1.052081078583344,-0.5902491762459379,0.3790064511832368,0.3427466775624146
8,gpboost_vecchia,260,-0.4520562189672177,-0.6139605939062405,-0.08300479192313048,0.2794115710387828,0.3690514270440872
8,gpboost_vecchia,261,-0.8865369430162885,-0.9731996313844087,-0.7147398727109984,0.3547881250188686,0.17179707030529012
8,gpboost_vecchia,262,-0.21805265395679269,-0.09510080529357455,-0.325975378621564,0.19217743411761132,-0.10792272466477132
8,gpboost_vecchia,263,-0.8194981679916309,-0.8177622179100601,-0.214042447676551,0.27958588918196287,0.6054557203150799
8,gpboost_vecchia,264,-1.3070319800276002,-1.4587035071637975,-0.8762644599175067,0.30435153187884684,0.43076752011009356
8,gpboost_vecchia,265,-0.9657874360062308,-0.9754387573777348,-0.7604356990054857,0.31978604752529244,0.20535173700074516
8,gpboost_vecchia,266,0.21825703754771897,0.134127821068584,0.3020688160747538,0.32723088102642445,0.08381177852703481
8,gpboost_vecchia,267,-0.6313022770782275,-0.7175350075573798,-0.6061433710891597,0.18672345235240642,0.02515890598906778
8,gpboost_vecchia,268,-0.3182869362044755,-0.24792286080316894,-0.08816111725509845,0.2475780889807458,0.23012581894937706
8,gpboost_vecchia,269,-1.2311409151270605,-1.0560625952999736,0.2965068624424081,0.48935800665284807,1.5276477775694686
8,gpboost_vecchia,270,0.3788396814963714,0.4062963685300229,-0.045149446158193385,0.3291810017546711,-0.4239891276545648
8,gpboost_vecchia,271,-1.3091687255963986,-1.3135668284621442,-1.1817102998371602,0.2707616277258687,0.12745842575923838
8,gpboost_vecchia,272,0.5152106398818217,0.4568836411281388,0.4277083096180654,0.2947657232687559,-0.08750233026375631
8,gpboost_vecchia,273,-0.7523256248541111,-0.9155116973817927,-0.8915392216352362,0.216425996203332,-0.1392135967811251
8,gpboost_vecchia,274,-0.1347007868551444,0.004191995854220143,-0.23059203600273115,0.3367200952664333,-0.09589124914758676
8,gpboost_vecchia,275,-0.37407615098885594,-0.4008755770004084,-0.09116630555607941,0.26877441076750563,0.28290984543277653
8,gpboost_vecchia,276,-0.7151699750761986,-0.7575484270204991,-0.7754016271272821,0.2323253075855181,-0.060231652051083495
8,gpboost_vecchia,277,-0.9508521117025918,-0.859626941184168,-0.4589783466661981,0.252464216442304,0.4918737650363937
8,gpboost_vecchia,278,-0.21179534033750683,-0.0019304143761748327,-0.34883384027997977,0.2403291945575151,-0.13703849994247294
8,gpboost_vecchia,279,-0.6191443576900715,-0.6137296782374075,-0.34461408267129734,0.24729475467233317,0.27453027501877414
8,gpboost_vecchia,280,-1.689619205014255,-1.7239492692274356,-1.642079252497818,0.2618888055625955,0.047539952516437056
8,gpboost_vecchia,281,-0.7977491982595499,-0.7851264620132983,-0.5749846900259437,0.2810638842681202,0.22276450823360627
8,gpboost_vecchia,282,-0.7197479285275085,-0.7792059519779225,-0.6357276602867596,0.27127024692003726,0.08402026824074882
8,gpboost_vecchia,283,-0.3589429976743317,-0.3616614752173286,-0.38304152076339015,0.3124413261723682,-0.024098523089058466
8,gpboost_vecchia,284,-0.026788644205617496,-0.14361546490771723,-0.5709514206815278,0.3522425542282905,-0.5441627764759103
8,gpboost_vecchia,285,-0.20898716464299472,-0.41446300845311723,-0.36246953736822896,0.32334194300904895,-0.15348237272523424
8,gpboost_vecchia,286,-1.9416178647206264,-1.9699303778903596,-1.6127558797304387,0.22790913005832802,0.3288619849901877
8,gpboost_vecchia,287,-0.45319902592413797,-0.6920784438617208,-0.2266980621457826,0.27677199703835037,0.22650096377835538
8,gpboost_vecchia,288,-0.8016581158413469,-0.8703891650520609,-0.6178697707659904,0.293585259656522,0.18378834507535657
8,gpboost_vecchia,289,-0.9555476293292278,-1.2332665649388899,-0.6205735683530484,0.3211764957663938,0.3349740609761793
8,gpboost_vecchia,290,-0.40159919433751,-0.5709390149663881,-0.49118917105068327,0.30422011338519633,-0.08958997671317326
8,gpboost_vecchia,291,-0.0221560709382361,0.046524620014901666,0.3013015722107433,0.3120057578564103,0.3234576431489794
8,gpboost_vecchia,292,-0.9807334022056482,-0.9406261809723413,-0.7464357261377215,0.30505352086633913,0.23429767606792673
8,gpboost_vecchia,293,0.2443448909565415,0.4166284827725619,-0.2312509898537396,0.3140817268883746,-0.4755958808102811
8,gpboost_vecchia,294,-0.8730596379016802,-0.9943514629020455,-0.1845828941709966,0.30805528203619265,0.6884767437306836
8,gpboost_vecchia,295,-1.2886051641381773,-1.169046580249837,-0.9123550938559006,0.2949033090635733,0.37625007028227664
8,gpboost_vecchia,296,-1.1928185855245144,-1.220263708469724,-0.8026236734852921,0.2907718126695592,0.3901949120392223
8,gpboost_vecchia,297,-0.4426912143526748,-0.3233115233751376,-0.3665086641450639,0.2788401163288468,0.07618255020761089
8,gpboost_vecchia,298,-0.7991986237535033,-0.9194656406818273,-0.42159239811450444,0.28826682610482623,0.3776062256389988
8,gpboost_vecchia,299,-1.1107663916328,-1.1080262608676552,-1.1127010404848399,0.2580314671396543,-0.0019346488520397553
9,gpboost_vecchia,0,-0.5188338605139549,-0.5212854679090028,-0.333516540238874,0.30780809128490993,0.18531732027508085
9,gpboost_vecchia,1,0.517717814071352,0.699979021422493,0.5190504076504583,0.36267220345803836,0.0013325935791063115
9,gpboost_vecchia,2,-0.18118972984293702,-0.16268889424374927,-0.06969618137899847,0.34979923806351454,0.11149354846393855
9,gpboost_vecchia,3,-0.837475679590046,-0.8135184083254745,-0.9472801328269833,0.3158022914046425,-0.10980445323693733
9,gpboost_vecchia,4,-0.9454103015454539,-1.0265753174060905,-1.0110693419465626,0.3226651927576137,-0.0656590404011087
9,gpboost_vecchia,5,-1.3639316836979296,-1.215422970535136,-1.5660649490158933,0.2955279271550588,-0.20213326531796372
9,gpboost_vecchia,6,-0.056966089303067124,-0.056948488187760125,-0.5993182462170452,0.47379470815944813,-0.5423521569139781
9,gpboost_vecchia,7,0.5807838521347664,0.5799114375973821,0.5421227183378821,0.45273669554144585,-0.038661133796884295
9,gpboost_vecchia,8,1.0092374520185698,1.0255838642690043,0.7487171101329277,0.3702699378751721,-0.2605203418856421
9,gpboost_vecchia,9,-0.3521382973523792,-0.29672175049978144,-0.5968573023407551,0.3355705389643543,-0.24471900498837584
9,gpboost_vecchia,10,-0.6683969272532347,-0.628766218130018,-0.9012926436658262,0.3167281108308722,-0.23289571641259144
9,gpboost_vecchia,11,-0.9629010215610707,-1.0821277970389833,-1.0411304394643244,0.3006852734225814,-0.07822941790325366
9,gpboost_vecchia,12,-0.9703652727531568,-1.3129700169604315,-0.7642729741419663,0.40068131250615596,0.2060922986111905
9,gpboost_vecchia,13,0.6415057540035867,0.7303111613028006,0.5259902240588437,0.3735177945487415,-0.11551552994474301
9,gpboost_vecchia,14,-1.042222658816911,-1.0227029369716154,-0.9973130956262031,0.306457773464394,0.044909563190707935
9,gpboost_vecchia,15,-0.10096279827209309,-0.19973037092420892,-0.5843322599766587,0.46074819383221194,-0.48336946170456563
9,gpboost_vecchia,16,0.2599608930287541,0.3328155656313925,-0.308603200565678,0.4126709074632866,-0.568564093594432
9,gpboost_vecchia,17,-0.5221642631164033,-0.6542538539373305,-0.46722067685025426,0.3321311009634885,0.054943586266149036
9,gpboost_vecchia,18,-0.16621571515134836,-0.2804482146610861,0.07096483352041538,0.41041112389739054,0.23718054867176375
9,gpboost_vecchia,19,-1.444133003664663,-1.6170160358330867,-1.5673436864389467,0.27410304109574984,-0.12321068277428382
9,gpboost_vecchia,20,0.59838338977674,0.6029811679055378,0.6359037890089212,0.3710695848908086,0.0375203992321812
9,gpboost_vecchia,21,-1.648146802046097,-1.719183920486732,-1.1939793139036494,0.286941853294897,0.45416748814244756
9,gpboost_vecchia,22,-0.34613506706468544,-0.24274117655118016,-0.33826438291670335,0.24666458062453225,0.007870684147982088
9,gpboost_vecchia,23,0.06769616572424053,0.13931252108280234,0.0035515815761519853,0.4217022708823875,-0.06414458414808855
9,gpboost_vecchia,24,-1.252621820517566,-1.2728676568428952,-0.7913261427470912,0.37582979454293136,0.46129567777047487
9,gpboost_vecchia,25,-1.9204418080933676,-1.8756852664771113,-1.6604805072758992,0.34302235979138557,0.2599613008174684
9,gpboost_vecchia,26,1.0368208246785393,1.0025756779856536,0.6222291995415237,0.4036945871919531,-0.41459162513701564
9,gpboost_vecchia,27,-0.3937646425943597,-0.44314698749603243,-0.5261553106227446,0.3211370859581295,-0.13239066802838484
9,gpboost_vecchia,28,-0.35137296309744553,-0.5140541388761676,-0.6577680564062547,0.36450164063261425,-0.30639509330880915
9,gpboost_vecchia,29,-0.9942765358784542,-0.8651394300692097,-0.9635672699297024,0.28122555578258596,0.030709265948751785
9,gpboost_vecchia,30,0.6971135570507054,0.8964972291915926,0.47491901809092507,0.30457480203374254,-0.22219453895978036
9,gpboost_vecchia,31,0.17907156976418737,0.21924516608794434,-0.08054634149508955,0.4528175321300398,-0.2596179112592769
9,gpboost_vecchia,32,-0.4328410842488246,-0.3317417049413105,-1.0729944954764088,0.38956340196659195,-0.6401534112275842
9,gpboost_vecchia,33,-0.9649364861989006,-0.9553820250196481,-0.9795876487396313,0.23712641916512803,-0.014651162540730733
9,gpboost_vecchia,34,-0.424066358406184,-0.41437289073682987,-0.33047935515578875,0.35458864711221805,0.09358700325039526
9,gpboost_vecchia,35,1.3175250579600766,1.0999440788959054,1.2251815209303292,0.29201658282988563,-0.0923435370297474
9,gpboost_vecchia,36,-1.2629780507193389,-1.3669743636687963,-1.1355297234592387,0.2756826926297745,0.12744832726010014
9,gpboost_vecchia,37,-0.4205436133522505,-0.5030396534920522,-0.568983323601115,0.29767373543912645,-0.14843971024886454
9,gpboost_vecchia,38,-1.3914445193452067,-1.410740678339498,-1.2541190478599251,0.3649343968904965,0.13732547148528162
9,gpboost_vecchia,39,-1.36398882059823,-1.2642212517412577,-0.6604141821342195,0.4656039457956021,0.7035746384640105
9,gpboost_vecchia,40,-0.38420568524754195,-0.5643282176918725,-0.07655996924750497,0.354670188641124,0.307645716000037
9,gpboost_vecchia,41,-0.225489602528804,-0.4010929788590112,-0.2053504381448059,0.3066165509619334,0.0201391643839981
9,gpboost_vecchia,42,-0.13240874947730052,-0.3372277381540527,-0.07387747131776212,0.3203835280836942,0.0585312781595384
9,gpboost_vecchia,43,-0.03009338972967912,0.008431086615841077,-0.1276120839741366,0.3942652350292426,-0.09751869424445747
9,gpboost_vecchia,44,-0.5446618050195291,-0.3316175658686319,-0.5966896652361635,0.2980236255625757,-0.052027860216634414
9,gpboost_vecchia,45,-0.8558605167278636,-0.8954511984835559,-1.0889907142576885,0.3199832197533092,-0.2331301975298249
9,gpboost_vecchia,46,-1.4485543427032208,-1.4653700275231607,-0.834488802937098,0.412159916734199,0.6140655397661228
9,gpboost_vecchia,47,-0.48931747143685567,-0.32044683960231984,-0.7369380300154473,0.38575660870586326,-0.24762055857859167
9,gpboost_vecchia,48,0.5912810633379655,0.5103906368579161,0.07973538990289963,0.5213042198820986,-0.5115456734350659
9,gpboost_vecchia,49,-1.1431003729615103,-1.0373539974655788,-0.8929164152646285,0.3428191154512681,0.25018395769688184
9,gpboost_vecchia,50,-0.6778509484654736,-0.6460804232583565,-0.7181028446618303,0.31642720819791165,-0.04025189619635672
9,gpboost_vecchia,51,-0.6993055146084388,-0.5873327101970589,-0.7794728202614172,0.35340352545930676,-0.08016730565297836
9,gpboost_vecchia,52,1.4948447666869473,1.3255444947697237,0.8329888553484226,0.3527458872907297,-0.6618559113385247
9,gpboost_vecchia,53,-0.43966942667477216,-0.4371905471659652,-0.6258075006067925,0.3659540562530043,-0.1861380739320203
9,gpboost_vecchia,54,0.09305118262641998,0.04210209654639467,0.2681033345341697,0.40188245416624035,0.1750521519077497
9,gpboost_vecchia,55,-0.02338262707276012,0.19074139236860482,-0.5323437084566929,0.3708553368411481,-0.5089610813839327
9,gpboost_vecchia,56,-0.25165754637071586,-0.18351332858040187,-0.4821028938339693,0.4488289027962421,-0.23044534746325346
9,gpboost_vecchia,57,-0.08583820082276794,-0.06482492138132064,-0.20591505616565087,0.28463851383577193,-0.12007685534288293
9,gpboost_vecchia,58,-0.7725107228600208,-0.7004084707697521,-0.6054085552905226,0.324859565082385,0.16710216756949814
9,gpboost_vecchia,59,-0.41178586689487173,-0.5199568260678202,-0.6065423792926694,0.3188253213530197,-0.19475651239779768
9,gpboost_vecchia,60,-1.1846523811881173,-1.447717472576061,-0.8958733285689,0.33917804952158587,0.2887790526192173
9,gpboost_vecchia,61,-0.2235595238280088,-0.2337247054554303,-0.22389589795199072,0.30740329563175056,-0.00033637412398190847
9,gpboost_vecchia,62,-0.4143899962962415,-0.32395304004928366,-0.72518950762763,0.2814179510211203,-0.3107995113313885
9,gpboost_vecchia,63,0.8207246234074204,0.681586139694208,0.7670301644759512,0.2925371734924156,-0.05369445893146918
9,gpboost_vecchia,64,-0.8159649954863294,-0.7019574813714858,-0.9850617438907534,0.327353997548612,-0.169096748404424
9,gpboost_vecchia,65,-0.27735572869275416,-0.3548617426614464,-0.44905567385484124,0.4904231099754827,-0.1716999451620871
9,gpboost_vecchia,66,-0.7435910255316376,-0.7665031534825766,-0.7925543921095297,0.30453776198123295,-0.04896336657789213
9,gpboost_vecchia,67,0.7709322258555066,0.6864124594661526,0.6043747721064303,0.4161044023667213,-0.16655745374907627
9,gpboost_vecchia,68,-1.1463047976425162,-1.0226328684957748,-1.106235145800449,0.31447434770176236,0.040069651842067344
9,gpboost_vecchia,69,-0.17278321392006368,-0.3111230517230754,-0.20966777503254264,0.3240496252348099,-0.03688456111247895
9,gpboost_vecchia,70,0.3049532736012328,0.45250895326261426,0.39419116255962905,0.21602471647921434,0.08923788895839624
9,gpboost_vecchia,71,-0.8806862535648108,-0.9428962422302746,-0.8741506259312253,0.2710300703069352,0.006535627633585506
9,gpboost_vecchia,72,-0.2293439992797222,-0.13303224566142344,-0.4289724024563353,0.405980537132691,-0.19962840317661307
9,gpboost_vecchia,73,-0.43573709476641287,-0.5093686898051645,-0.35832285191689284,0.3761718324115765,0.07741424284952003
9,gpboost_vecchia,74,-0.8066144177530036,-0.7098218674638052,-0.9484904079837317,0.31651556608370307,-0.14187599023072817
9,gpboost_vecchia,75,-1.3166265014914267,-1.4360751233608668,-1.473961385423971,0.2932817757846461,-0.15733488393254436
9,gpboost_vecchia,76,-1.030820051611395,-0.9364266183386308,-0.8889931126331829,0.38692403115919727,0.14182693897821208
9,gpboost_vecchia,77,0.8019623879471233,0.8622845360913446,0.35790573967675776,0.345876531787414,-0.4440566482703655
9,gpboost_vecchia,78,-0.9854794398513276,-0.8684469863203024,-0.8135769634543628,0.3457642835039438,0.17190247639696477
9,gpboost_vecchia,79,-0.6782984153584333,-0.6114848769855128,-0.6730043050153736,0.3493995324190096,0.00529411034305971
9,gpboost_vecchia,80,-0.6902306323773978,-0.7841909404505322,-0.6085778334259881,0.2989766593360898,0.08165279895140964
9,gpboost_vecchia,81,0.055070031768959415,0.02864993520267906,-0.23566979578035152,0.41372789390661213,-0.29073982754931094
9,gpboost_vecchia,82,-0.5247547274207609,-0.48986810309643347,-0.2499581029746114,0.36758003477214124,0.2747966244461495
9,gpboost_vecchia,83,-0.2853287072737332,-0.3302259658470625,-0.49108250508369844,0.37579734429349587,-0.20575379780996522
9,gpboost_vecchia,84,-1.8295506178447647,-1.8835417054836503,-1.1617694594930503,0.3630854445154056,0.6677811583517144
9,gpboost_vecchia,85,0.8182928988196155,0.7275588166077802,0.684850317343944,0.29103544296757755,-0.13344258147567156
9,gpboost_vecchia,86,-0.6247597408185208,-0.5078061412258765,-0.7095802496742767,0.2982908164948878,-0.08482050885575587
9,gpboost_vecchia,87,-1.8228657853330272,-1.8155586880643462,-1.1741234057828143,0.353507673409973,0.648742379550213
9,gpboost_vecchia,88,-1.2294572551925496,-1.239855358941183,-1.0462990364234193,0.3088148909015531,0.1831582187691303
9,gpboost_vecchia,89,-1.1022708641419694,-0.9853177567299708,-0.9617529543660126,0.3155459626210124,0.1405179097759568
9,gpboost_vecchia,90,-0.5580097219713387,-0.6508393563747795,-0.40158399944547796,0.32546719051990397,0.15642572252586073
9,gpboost_vecchia,91,-0.796973796018622,-0.7805528722136663,-0.9776456399403033,0.25249190405045946,-0.18067184392168134
9,gpboost_vecchia,92,-0.29212127994816584,-0.179391946235674,-0.49106774035281076,0.37871946700905024,-0.19894646040464492
9,gpboost_vecchia,93,-1.31464785688429,-1.3549201345910187,-1.4255168686948387,0.3058016149726731,-0.11086901181054865
9,gpboost_vecchia,94,-0.08595303322853902,0.023123739602309012,-0.4080052949106767,0.5095973725553232,-0.3220522616821377
9,gpboost_vecchia,95,-1.026661230777437,-1.0650700523290986,-0.6609350615204508,0.3903041045024961,0.3657261692569862
9,gpboost_vecchia,96,-0.6981059919881568,-0.846286097083943,-0.6166483820521851,0.3287360345008425,0.08145760993597173
9,gpboost_vecchia,97,-0.5172452263473334,-0.5544173808610515,-0.8187673242131801,0.28956162921800194,-0.3015220978658467
9,gpboost_vecchia,98,-0.7076123137884618,-0.7010081401997983,-0.7387415672234727,0.30258285780508654,-0.03112925343501094
9,gpboost_vecchia,99,-0.37855742038035245,-0.5178511540444972,-0.23900399927206095,0.3030595269810159,0.1395534211082915
9,gpboost_vecchia,100,0.40254793239493475,0.5141758092564395,0.5363180842642032,0.28385557546520623,0.1337701518692685
9,gpboost_vecchia,101,0.9635503269094007,1.1311089204802902,0.9225943518190904,0.3076628938365616,-0.04095597509031024
9,gpboost_vecchia,102,-1.2105926750434,-1.3552956888053564,-0.7832737266269114,0.3856008179425348,0.42731894841648854
9,gpboost_vecchia,103,-1.6804971916569835,-1.745400725732893,-1.3865419365724359,0.3333281068228239,0.2939552550845477
9,gpboost_vecchia,104,-0.04452996961751245,-0.10481091510518345,-0.5401199185002854,0.3771778652225999,-0.49558994888277297
9,gpboost_vecchia,105,-1.2892394763630297,-1.3850574939617737,-0.5760065995946473,0.4011398553396275,0.7132328767683824
9,gpboost_vecchia,106,-0.8889429532290449,-0.8709837514720861,-0.5605276247332407,0.3606068295290022,0.32841532849580424
9,gpboost_vecchia,107,-0.9819850999610515,-0.79877663535583,-0.9718751535259709,0.3141846064936953,0.010109946435080674
9,gpboost_vecchia,108,-1.3328776251596395,-1.5130020585698916,-1.2565650897628515,0.2995779858949894,0.07631253539678795
9,gpboost_vecchia,109,-1.2977635124476112,-1.267220435189285,-0.9046876971294271,0.37355625030341505,0.39307581531818414
9,gpboost_vecchia,110,-0.7660428325172963,-0.7107538306647225,-0.4720955650513661,0.3687417863864111,0.29394726746593025
9,gpboost_vecchia,111,-0.3348573317459571,-0.32114973555232607,-0.4802933452256415,0.306321721587839,-0.14543601347968438
9,gpboost_vecchia,112,-0.9213907059787485,-1.0631191362759114,-0.8728238542603046,0.24145316129701178,0.04856685171844388
9,gpboost_vecchia,113,-1.1932348424514865,-1.1256203950488088,-1.0385813705435911,0.24361388970204664,0.15465347190789536
9,gpboost_vecchia,114,0.42537230099085277,0.3812429709462189,0.2953297295073627,0.3749537478101857,-0.13004257148349008
9,gpboost_vecchia,115,-0.6322216247372147,-0.7544991508802517,-0.4400330101366121,0.37761021009465573,0.19218861460060255
9,gpboost_vecchia,116,-0.9101007560156305,-0.8872202637817196,-0.7989199623244465,0.2263229247175282,0.11118079369118394
9,gpboost_vecchia,117,-0.7754365085656199,-0.8448893294776776,-0.8827528314317492,0.3152755189269016,-0.10731632286612935
9,gpboost_vecchia,118,-0.4983606556979128,-0.5700629904990127,-0.5868593323676379,0.3065395487003333,-0.08849867666972505
9,gpboost_vecchia,119,-0.04349569607615723,0.06991746790386638,-0.36828192663678916,0.34542970888443497,-0.32478623056063194
9,gpboost_vecchia,120,-1.0322068193553782,-0.8813700138285555,-0.723636367087773,0.4045301985914346,0.30857045226760516
9,gpboost_vecchia,121,-1.021474345007348,-1.0910076951628571,-0.842173327214919,0.2218327188646173,0.17930101779242902
9,gpboost_vecchia,122,-0.588622062350991,-0.6010314302260047,-0.27972705613233195,0.33437547693969527,0.30889500621865906
9,gpboost_vecchia,123,-0.48117331152137277,-0.5278758223163112,-0.5138841887730012,0.39106668683036966,-0.03271087725162847
9,gpboost_vecchia,124,0.061945820744982616,0.0823041797501676,0.12949036138811465,0.26284263606759106,0.06754454064313203
9,gpboost_vecchia,125,-0.30813848385883363,-0.33401833153869415,-0.09953819630170457,0.2986665146160856,0.20860028755712906
9,gpboost_vecchia,126,0.008640775231640418,0.06633791339805314,-0.3465013785663449,0.3786279855959687,-0.3551421537979853
9,gpboost_vecchia,127,-0.5344151530175043,-0.42237420796565966,-0.7316076354284173,0.3051664822294168,-0.19719248241091303
9,gpboost_vecchia,128,-0.5735890364094943,-0.41364133122237245,-0.4302692627440674,0.2919633833591342,0.14331977366542692
9,gpboost_vecchia,129,-1.2642776180435153,-1.276787321166301,-0.9272162443109959,0.3684667041904028,0.33706137373251943
9,gpboost_vecchia,130,-1.3665646341866262,-1.354246424091809,-1.18500557862816,0.28130826535359477,0.1815590555584663
9,gpboost_vecchia,131,1.2533453309971148,1.2664710302835516,1.0522514693065386,0.34110532820335043,-0.2010938616905762
9,gpboost_vecchia,132,-0.43288598242460147,-0.5337356535916862,-0.3030996959730796,0.31738157635591296,0.12978628645152185
9,gpboost_vecchia,133,0.2992670685869961,0.23921424947944656,0.14155517468182133,0.4152084299929474,-0.15771189390517476
9,gpboost_vecchia,134,0.7831740093875923,0.7949607912622588,0.5876196940876515,0.27564395576823747,-0.19555431529994083
9,gpboost_vecchia,135,-0.08636667245518986,-0.0724842378410819,0.04760479343093316,0.28875516654634514,0.13397146588612302
9,gpboost_vecchia,136,-1.4097017687992492,-1.3331367432177137,-0.6591680313407768,0.37118447787554665,0.7505337374584724
9,gpboost_vecchia,137,-1.110267055054178,-1.0617780390504095,-1.0209736232484081,0.2913031853902486,0.08929343180576987
9,gpboost_vecchia,138,-0.8586752995072815,-0.9268555368973197,-1.0171469229840318,0.3293359369752532,-0.15847162347675026
9,gpboost_vecchia,139,-0.06639056957709485,0.010292939230006237,-0.4929955014156113,0.4596484538913222,-0.42660493183851644
9,gpboost_vecchia,140,-0.8475319919699359,-0.8381194928341258,-0.7697798974989052,0.2232920993287042,0.07775209447103071
9,gpboost_vecchia,141,-0.7076204799734546,-0.9552015530984302,-0.8292135525943269,0.336328733122083,-0.12159307262087238
9,gpboost_vecchia,142,-1.1476665967576651,-1.1736917033768768,-1.2300650295090358,0.33909512151586746,-0.08239843275137071
9,gpboost_vecchia,143,-0.6414345277839515,-0.7834145614578013,-0.6560561507822911,0.16932960143151057,-0.014621622998339578
9,gpboost_vecchia,144,0.924216999972792,0.8615951377150474,0.8182436122393861,0.28287873713673206,-0.10597338773340592
9,gpboost_vecchia,145,-1.4594654212134806,-1.5892709612621145,-0.5734684684877593,0.42592631493420124,0.8859969527257212
9,gpboost_vecchia,146,-0.9292264109778938,-0.7893367804067825,-0.8253192570793004,0.3154464226851987,0.1039071538985934
9,gpboost_vecchia,147,-0.7134927746016644,-0.8478008639226964,-0.7027072251791555,0.3421121071241079,0.010785549422508867
9,gpboost_vecchia,148,-0.8823328569661062,-0.9038773282306151,-0.5794289646647854,0.21602956670928913,0.30290389230132075
9,gpboost_vecchia,149,-0.9589530760543028,-0.9359598812631671,-0.8718314309956199,0.2078700207012618,0.08712164505868292
9,gpboost_vecchia,150,-0.41497662510811195,-0.4430754975608677,-0.2803230777217678,0.24040742728247033,0.13465354738634416
9,gpboost_vecchia,151,-0.8148566025128053,-0.9890895583274516,-0.7643692745000887,0.2700996541037777,0.050487328012716604
9,gpboost_vecchia,152,-1.3734537238631201,-1.3407005162561674,-1.134846005017169,0.35950421393369697,0.23860771884595122
9,gpboost_vecchia,153,-0.039887703465381286,0.0728601598651058,-0.2866329839799069,0.4400534994901097,-0.2467452805145256
9,gpboost_vecchia,154,0.618933913600569,0.5789706254880274,0.6547032022799515,0.2455204594114771,0.03576928867938245
9,gpboost_vecchia,155,-0.00574379844082229,0.022622235909144563,0.0902489190654503,0.3226640277217972,0.09599271750627258
9,gpboost_vecchia,156,-1.0329820733086805,-1.0396481912363424,-1.0386057472998953,0.2206939136348735,-0.005623673991214773
9,gpboost_vecchia,157,-0.7936140583473049,-0.7833754137848835,-0.708258503291149,0.3520180696128412,0.08535555505615589
9,gpboost_vecchia,158,-0.8923685274078,-0.715334099133851,-0.9301947162942028,0.29777676234262734,-0.03782618888640277
9,gpboost_vecchia,159,-0.28283010760767835,-0.3928896734478335,-0.3851006051699599,0.18078441266147058,-0.10227049756228157
9,gpboost_vecchia,160,-0.8048610800222694,-0.6949900387106087,-0.7683600732972371,0.2649300303348443,0.036501006725032314
9,gpboost_vecchia,161,-0.6903786998682424,-0.8233044200604589,-0.7833799981294423,0.321917317051168,-0.09300129826119985
9,gpboost_vecchia,162,1.0676309991923927,1.011281373048635,0.8144454877298362,0.39648896971595177,-0.2531855114625565
9,gpboost_vecchia,163,0.9916823696965564,0.8998813311383393,0.9143902704174396,0.3160540333292596,-0.07729209927911684
9,gpboost_vecchia,164,0.08656671645769365,0.2293942678826051,0.01647346872930111,0.3335978834372867,-0.07009324772839254
9,gpboost_vecchia,165,0.1155640507000083,0.14116746968092148,0.10317223141679754,0.33743445398008226,-0.012391819283210759
9,gpboost_vecchia,166,-0.9408003644011398,-0.872842707217952,-0.7772532751680901,0.3202889925607164,0.16354708923304973
9,gpboost_vecchia,167,0.8345351521008376,0.8605202541222732,0.829028050834141,0.3160392535798378,-0.0055071012666966235
9,gpboost_vecchia,168,-1.0017900665760777,-0.958723331787826,-0.9260978130187665,0.30855371692365524,0.07569225355731124
9,gpboost_vecchia,169,-1.4770750509996733,-1.6031290801565978,-1.1955424765492246,0.27852153513209055,0.28153257445044866
9,gpboost_vecchia,170,-0.885960596207872,-0.6841820692027936,-0.7813821292624414,0.1633091246174481,0.1045784669454306
9,gpboost_vecchia,171,-1.3859594953917351,-1.2697968244284723,-0.8598223297701288,0.36373639559066384,0.5261371656216063
9,gpboost_vecchia,172,0.018341393723257604,0.09167204056817983,0.13528890022499507,0.3311060115304222,0.11694750650173746
9,gpboost_vecchia,173,-0.1915253598015645,-0.1698866051581499,-0.5621930975174285,0.3760597884091667,-0.37066773771586403
9,gpboost_vecchia,174,-0.49944461813186064,-0.469524018415006,-1.110027704139184,0.38597085761057287,-0.6105830860073234
9,gpboost_vecchia,175,0.46958881119666385,0.4275754311844465,0.15796177282751334,0.4323695212290809,-0.3116270383691505
9,gpboost_vecchia,176,0.2294495209008759,0.15003383922900393,0.129025578636643,0.29840170197616356,-0.1004239422642329
9,gpboost_vecchia,177,-0.5174291890981504,-0.4118170830777558,-0.41064986798064407,0.32454403818884403,0.10677932111750632
9,gpboost_vecchia,178,1.2120821730332147,1.3146709462935822,0.9607098761159385,0.3500519687847158,-0.25137229691727625
9,gpboost_vecchia,179,0.523064533748251,0.6218109277875326,-0.17961197583255206,0.3817099173946888,-0.7026765095808031
9,gpboost_vecchia,180,-1.2833760063198907,-1.2286608731708373,-0.763870488225828,0.3587577426400016,0.5195055180940626
9,gpboost_vecchia,181,0.41922354142965823,0.21031154653964357,0.24635868196038313,0.43202887931650813,-0.1728648594692751
9,gpboost_vecchia,182,-1.4221149645611166,-1.2734924806605386,-1.130344023414211,0.3468812211212121,0.2917709411469056
9,gpboost_vecchia,183,0.9037562481971699,0.814044884572451,0.561027396707102,0.339648203407396,-0.34272885149006793
9,gpboost_vecchia,184,-0.35722507367979417,-0.3763757171519345,-0.46986346086926734,0.2490159710127113,-0.11263838718947317
9,gpboost_vecchia,185,0.8904064049335456,0.6905508962443001,1.0859264833239006,0.29322448207839047,0.195520078390355
9,gpboost_vecchia,186,-0.616962936231762,-0.5677722742336309,-0.519277874111217,0.30932140772628874,0.09768506212054506
9,gpboost_vecchia,187,0.6442108414894125,0.5250927757470235,-0.01786753724137391,0.3774842282819565,-0.6620783787307865
9,gpboost_vecchia,188,-0.5989952433698053,-0.5909710180033806,-0.6123814284192983,0.24980933533951016,-0.013386185049493071
9,gpboost_vecchia,189,-0.8766001295637502,-0.700750703335922,-1.218676138206046,0.3442774319668367,-0.3420760086422958
9,gpboost_vecchia,190,-0.916235016746829,-0.9405769134492968,-0.7075666813265142,0.36679825246844455,0.2086683354203147
9,gpboost_vecchia,191,-1.4367651191651727,-1.354528725626604,-1.4407286123408607,0.3286472173610432,-0.003963493175688004
9,gpboost_vecchia,192,-1.6483910111164697,-1.6651040114827742,-1.1928452760559476,0.32372625315429593,0.4555457350605221
9,gpboost_vecchia,193,-1.190523600521374,-1.0074571469490456,-1.0157553760889808,0.32942128825715783,0.17476822443239315
9,gpboost_vecchia,194,0.018628462992100026,-0.11737601818419033,-0.1219881676449841,0.30733700080691073,-0.14061663063708413
9,gpboost_vecchia,195,-1.2431480129550145,-1.4881268116504114,-0.9692669101767706,0.34508950885204065,0.27388110277824396
9,gpboost_vecchia,196,-1.0476062314264316,-1.051873959414236,-1.0582744654437626,0.34215466271717887,-0.010668234017330969
9,gpboost_vecchia,197,-1.171325933927913,-1.1842840138732809,-1.0923088698925225,0.33761129850280874,0.07901706403539044
9,gpboost_vecchia,198,-0.3995325563972125,-0.4688129181682569,-0.6046782315089381,0.31671910784196916,-0.20514567511172555
9,gpboost_vecchia,199,-0.7492816088807935,-0.6542454314547195,-0.5264335631460662,0.3762131627725332,0.22284804573472738
9,gpboost_vecchia,200,-0.6599810296431879,-0.44700588404855535,-0.7532770395465231,0.3191762795578025,-0.0932960099033352
9,gpboost_vecchia,201,-1.0038831268091573,-1.0292227262817553,-0.7219755608408893,0.31079619996126057,0.28190756596826794
9,gpboost_vecchia,202,-0.7358658916158538,-0.6216489985095844,-0.8550394396004126,0.2744479972297122,-0.11917354798455881
9,gpboost_vecchia,203,-0.24914500745507784,-0.2181845374986835,-0.7881008145807886,0.3612717810432726,-0.5389558071257108
9,gpboost_vecchia,204,-0.37293313803516326,-0.3706772263753332,-0.6006297133128244,0.2531382270758642,-0.22769657527766118
9,gpboost_vecchia,205,-1.159108660126766,-1.1883295065813682,-1.1218891510950346,0.34138957695851097,0.037219509031731324
9,gpboost_vecchia,206,-0.3748470590227623,-0.36990300141128785,-0.29233779944616956,0.31430626096669456,0.08250925957659272
9,gpboost_vecchia,207,-0.46584750556487076,-0.4344760033137409,-0.4285616876190401,0.20055930661500718,0.037285817945830635
9,gpboost_vecchia,208,-0.6660385226392871,-0.6354855729670179,-0.6854407191498186,0.33015141418774807,-0.019402196510531544
9,gpboost_vecchia,209,-0.8073853435652355,-0.5999259100868043,-1.0761030994302732,0.24658488405401052,-0.26871775586503766
9,gpboost_vecchia,210,-0.8957339558574914,-0.8981987246899759,-0.8181801342735366,0.2648628626401478,0.07755382158395474
9,gpboost_vecchia,211,-0.3495718458756155,-0.4616252822413276,-0.3830121156906108,0.25657337544434505,-0.03344026981499526
9,gpboost_vecchia,212,-1.2530339922049114,-1.333543149489059,-1.449620118267939,0.19687784518935844,-0.1965861260630275
9,gpboost_vecchia,213,-1.0013947169688149,-0.9730236583793833,-0.7598556479927536,0.35819884923208317,0.24153906897606126
9,gpboost_vecchia,214,-1.669234630324614,-1.5685280952768754,-1.141538273402983,0.3944502457615552,0.5276963569216309
9,gpboost_vecchia,215,-0.9418265352254289,-1.0205427840533092,-1.0095326649803829,0.32521300600506214,-0.06770612975495394
9,gpboost_vecchia,216,-0.9752104793540938,-0.8817877893840471,-0.9355116768668688,0.398245365743548,0.039698802487225016
9,gpboost_vecchia,217,-0.28945683401436545,-0.2248149020630859,-0.2746785319720475,0.29096444526980986,0.014778302042317948
9,gpboost_vecchia,218,-1.3124490372054907,-1.2793712539264124,-1.42329987455211,0.38740075639791954,-0.11085083734661927
9,gpboost_vecchia,219,0.3899779728173491,0.45744509752536755,0.27117741039538634,0.3405524667817723,-0.11880056242196274
9,gpboost_vecchia,220,-0.32160370358083623,-0.3986622470550336,-0.9803690629712438,0.3879524495156591,-0.6587653593904076
9,gpboost_vecchia,221,-0.6659477979453499,-0.7143359477758083,-0.3490882904536021,0.3854639756345194,0.31685950749174774
9,gpboost_vecchia,222,-0.6201889684679704,-0.5305339366534165,-0.4191878673493932,0.37298789177584846,0.20100110111857727
9,gpboost_vecchia,223,0.25801381202667084,0.18083824670706117,0.446368835682601,0.3499496694117156,0.18835502365593015
9,gpboost_vecchia,224,-1.213645158084903,-1.1476021648848842,-1.1665890079799084,0.29750626047593254,0.04705615010499464
9,gpboost_vecchia,225,-1.3129566896405729,-1.3926854035137473,-1.1328367867137707,0.2623131202911062,0.18011990292680213
9,gpboost_vecchia,226,-0.28035499141182174,-0.040221049967026884,-0.5721257086605229,0.2665107079362591,-0.2917707172487012
9,gpboost_vecchia,227,-0.582716602039164,-0.7417359699024331,-0.8642835651659544,0.24138137908704782,-0.2815669631267904
9,gpboost_vecchia,228,-0.8692033933371655,-0.7352134231309988,-0.9214472676237357,0.26930015248861444,-0.05224387428657029
9,gpboost_vecchia,229,-0.2261064431409484,-0.1861487125838479,-0.07370474047778863,0.359318293819847,0.15240170266315978
9,gpboost_vecchia,230,0.9602896021102778,0.9443132434974244,0.7433243482137595,0.32273841961407573,-0.21696525389651833
9,gpboost_vecchia,231,-0.44879912126009713,-0.4996056694469586,-0.5393890180013443,0.3147216115408567,-0.09058989674124718
9,gpboost_vecchia,232,-0.3547322312375036,-0.4961121189370816,-0.41170438503791873,0.37998053638017865,-0.05697215380041515
9,gpboost_vecchia,233,-0.8859762794380388,-0.8396938412665665,-0.7696536775663159,0.2687195532423195,0.11632260187172294
9,gpboost_vecchia,234,-1.1123331489823214,-1.189582937738745,-0.9819474483599295,0.3331727328878172,0.13038570062239185
9,gpboost_vecchia,235,-0.8065270638426207,-0.9427332273244808,-0.5080018706170399,0.32286235651346973,0.2985251932255808
9,gpboost_vecchia,236,0.15914558280115465,0.23150121652517486,0.32020539744202425,0.3389882743044895,0.1610598146408696
9,gpboost_vecchia,237,-1.191648707666039,-1.254147397688624,-1.0803047244004316,0.22216768708683104,0.11134398326560735
9,gpboost_vecchia,238,-0.45793516818940566,-0.5756050341347123,-0.6322923580609281,0.20832919479045497,-0.17435718987152243
9,gpboost_vecchia,239,-0.4965374471813052,-0.5813344756683243,-0.49595730689335227,0.4036553018677579,0.000580140287952946
9,gpboost_vecchia,240,-0.044501424486847185,0.05958003768284016,-0.6007668303941056,0.46266422803634916,-0.5562654059072585
9,gpboost_vecchia,241,0.16756915265970262,-0.025126623024545075,0.1646325025369766,0.31799298480231736,-0.0029366501227260366
9,gpboost_vecchia,242,0.8260801725106359,0.8623875587062977,0.4464470582813185,0.47024100517227063,-0.37963311422931745
9,gpboost_vecchia,243,-1.2933126990334998,-1.2125499219507774,-1.3877641252813016,0.24960801145578124,-0.09445142624780178
9,gpboost_vecchia,244,0.7223981525508159,0.7337119769235536,0.4795661022761104,0.34256820241135666,-0.24283205027470545
9,gpboost_vecchia,245,-1.5810143236697267,-1.587273809545899,-1.20218055314957,0.28528586937676637,0.37883377052015677
9,gpboost_vecchia,246,0.43970356086722795,0.33695684424252387,0.4479613561964708,0.22219754232768166,0.008257795329242867
9,gpboost_vecchia,247,-0.7203691304415164,-0.7800002969031731,-0.6780834072464224,0.293012291241686,0.04228572319509405
9,gpboost_vecchia,248,0.060925016504458473,-0.07859133584585232,0.17527276193696473,0.3567251032533104,0.11434774543250625
9,gpboost_vecchia,249,-0.04466280280484081,-0.06165139949288395,0.13934474598632285,0.33200580273253005,0.18400754879116366
9,gpboost_vecchia,250,-0.2914447205399452,-0.43676074023667155,-0.45665420807132495,0.38364190092338696,-0.16520948753137976
9,gpboost_vecchia,251,-1.2649822915760272,-1.1909228015206805,-1.073925265172802,0.34390754539082585,0.1910570264032252
9,gpboost_vecchia,252,-1.0277431145917126,-0.9895299216380502,-0.8643474517729386,0.3940925281845544,0.16339566281877405
9,gpboost_vecchia,253,-0.8011881165894461,-0.8882143461598855,-1.0421034458980216,0.3087994494393639,-0.2409153293085755
9,gpboost_vecchia,254,-0.7700276265926165,-0.706397792259664,-0.8116991322379823,0.29848135995183284,-0.041671505645365814
9,gpboost_vecchia,255,-0.8750246335640145,-0.9879493792782951,-0.8797815630832062,0.3197174396287735,-0.0047569295191917105
9,gpboost_vecchia,256,-1.0655039191596005,-1.1337203989707345,-0.7503305734494146,0.3194892679958659,0.31517334571018596
9,gpboost_vecchia,257,-1.4087817735992978,-1.5353790256591138,-0.5648122103362732,0.5163514167318753,0.8439695632630246
9,gpboost_vecchia,258,-1.2458501210319477,-1.145497778643486,-1.228692135961122,0.3113145284545851,0.017157985070825665
9,gpboost_vecchia,259,-1.120632844531718,-1.121048307905521,-1.0788888008362711,0.17749567671742134,0.04174404369544682
9,gpboost_vecchia,260,-0.4572509773691045,-0.5079176882482802,-0.5787523577811786,0.3073552057812284,-0.12150138041207409
9,gpboost_vecchia,261,-0.875450931089605,-0.9076612247905967,-0.5941857102138428,0.3600315657263795,0.2812652208757622
9,gpboost_vecchia,262,-0.30540953531284076,-0.34634129240537953,-0.4364183772870023,0.3850651394562102,-0.13100884197416152
9,gpboost_vecchia,263,-1.1596613774712647,-1.2158220135958142,-0.8319257204134862,0.40851820611678696,0.3277356570577785
9,gpboost_vecchia,264,0.5468105390076687,0.6116567520818329,0.4362664710403745,0.48210262484667693,-0.11054406796729421
9,gpboost_vecchia,265,0.7784259036646084,0.7935973608307803,0.776528087579198,0.18845995562197274,-0.0018978160854103976
9,gpboost_vecchia,266,-0.7419668610672067,-0.837135255683873,-0.6735242817721594,0.3251018006232033,0.06844257929504727
9,gpboost_vecchia,267,-1.0463402226611,-1.0308748930444451,-1.1582239422679166,0.3377636469456902,-0.11188371960681653
9,gpboost_vecchia,268,0.5274249311963897,0.5295359688852541,0.2279270278759702,0.31747975091767616,-0.2994979033204195
9,gpboost_vecchia,269,-1.1600459840075295,-1.2067534426818416,-0.749718539229498,0.3239787515356568,0.4103274447780314
9,gpboost_vecchia,270,-0.8207620058259745,-0.81566010834127,-0.3303104673620698,0.3639170344890299,0.49045153846390466
9,gpboost_vecchia,271,0.46507737833232676,0.5543595405633069,0.3721574400188157,0.4340762999693573,-0.09291993831351109
9,gpboost_vecchia,272,0.25705929377625836,0.3652383425450829,0.23350783825562882,0.3211744720452904,-0.02355145552062954
9,gpboost_vecchia,273,0.39988858582439635,0.3438733046267085,0.38576663055336,0.3205561447048254,-0.014121955271036324
9,gpboost_vecchia,274,-0.25965845346993466,-0.23875669607568656,-0.19962164320226616,0.34251394988225975,0.060036810267668494
9,gpboost_vecchia,275,-1.8809337525986825,-1.9045636111942719,-1.5097633972418247,0.3327640754593456,0.3711703553568577
9,gpboost_vecchia,276,-1.0420759256978882,-1.0749719761261605,-1.135855007077482,0.31979356394170033,-0.09377908137959379
9,gpboost_vecchia,277,-1.0738598854405716,-0.9327480972675319,-1.0266702212479446,0.2383862259250087,0.047189664192627045
9,gpboost_vecchia,278,-0.5476961261538926,-0.47034058134259976,-0.5681002434660756,0.35596351889036976,-0.020404117312182946
9,gpboost_vecchia,279,-0.9535712257890554,-0.9497668164405775,-1.09270138702384,0.1816204446078873,-0.1391301612347846
9,gpboost_vecchia,280,0.47267056033783195,0.456494950389694,0.4868624851084409,0.3256402833563019,0.014191924770608932
9,gpboost_vecchia,281,-0.3835559448213566,-0.48085708602856886,-0.30873433794220695,0.24148423835106897,0.07482160687914963
9,gpboost_vecchia,282,-0.8359469463265182,-0.9074612829513938,-0.7833872158865738,0.29044491796225874,0.05255973043994444
9,gpboost_vecchia,283,-1.3357464382319217,-1.3679820554139812,-1.0173054967794863,0.36181204325715666,0.3184409414524354
9,gpboost_vecchia,284,-1.9431734955528284,-2.0040790760467604,-1.5870641134398706,0.31182796312539074,0.35610938211295773
9,gpboost_vecchia,285,0.15943129686594099,0.256377103291467,0.193436724701197,0.2815872757724652,0.03400542783525601
9,gpboost_vecchia,286,-0.03586757089835979,0.1218845513189864,-0.2615954226855237,0.34387289780000235,-0.22572785178716392
9,gpboost_vecchia,287,0.12580934514947062,0.3761090529797532,0.2615113089464227,0.40670031066708917,0.1357019637969521
9,gpboost_vecchia,288,1.1800249659178825,0.9724982027948446,1.031144423214963,0.32256403698953756,-0.14888054270291962
9,gpboost_vecchia,289,-1.3010677550831444,-1.4313084409392385,-1.0775490467615505,0.32834594401101735,0.22351870832159393
9,gpboost_vecchia,290,-0.41574538195357524,-0.5628325940936473,-0.4528891517620428,0.306283823267466,-0.037143769808467564
9,gpboost_vecchia,291,-0.23791719015942836,-0.2830739255061211,-0.2195658852197031,0.3260249480725135,0.018351304939725255
9,gpboost_vecchia,292,-0.04974216723391217,-0.02853864378528328,-0.5401776718002638,0.44664342346511127,-0.4904355045663516
9,gpboost_vecchia,293,-1.2606178661548422,-1.2127044619240552,-1.0873356413463724,0.34609053454375727,0.17328222480846978
9,gpboost_vecchia,294,-0.2610040916929972,-0.28109363298401924,-0.32577702431692224,0.3029259244484857,-0.06477293262392503
9,gpboost_vecchia,295,0.6420654089870783,0.5959465260673719,0.7277669679146745,0.24751733458165,0.08570155892759623
9,gpboost_vecchia,296,-0.9201300355599749,-0.9651937223688908,-0.5646312034778735,0.37506327222523467,0.3554988320821013
9,gpboost_vecchia,297,-0.16662371855690802,-0.33297743195150764,-0.46926492238375417,0.3499424337342778,-0.3026412038268461
9,gpboost_vecchia,298,-0.4732456202664117,-0.4055071672393273,-0.23528736848827414,0.27380036778080274,0.23795825177813756
9,gpboost_vecchia,299,-0.46154592176857107,-0.5040727330782608,-0.7559928627521737,0.3031841484650315,-0.29444694098360263
10,gpboost_vecchia,0,-0.018133937805316816,0.03327317707423676,-0.07029150026849917,0.30332744460409394,-0.05215756246318236
10,gpboost_vecchia,1,0.01935726717076705,0.12432064037159941,-0.2024691024392986,0.2756763325824965,-0.22182636961006566
10,gpboost_vecchia,2,1.0342087432265112,0.9301387453966492,0.5174961183613185,0.2553769784940697,-0.5167126248651928
10,gpboost_vecchia,3,-0.424071959802075,-0.24478543887257187,-0.3100079199074055,0.25477587718453026,0.11406403989466951
10,gpboost_vecchia,4,0.16898344580234476,0.38561965847521584,0.1825598188752786,0.2940732530413274,0.013576373072933856
10,gpboost_vecchia,5,-0.2593665744249303,-0.3680947207071482,-0.5050453978354716,0.2665787903402478,-0.24567882341054137
10,gpboost_vecchia,6,-0.3166904067297561,-0.3767693421346625,0.24559523315864684,0.3061099335432736,0.562285639888403
10,gpboost_vecchia,7,0.13359497139987342,0.02455379787908779,0.45908085734654946,0.3114483756033766,0.32548588594667605
10,gpboost_vecchia,8,0.7529416484432588,0.8651324466420908,0.47501109091597593,0.28968066479806875,-0.2779305575272829
10,gpboost_vecchia,9,-0.02126595921844779,0.06259561756655847,0.241777992682791,0.2784208895048488,0.26304395190123875
10,gpboost_vecchia,10,-0.6761218194091158,-0.6893203901639323,-0.6608469811615025,0.28350408374425906,0.01527483824761322
10,gpboost_vecchia,11,0.9157431445203608,0.9953686316576941,0.8001783886082512,0.30354690126584405,-0.11556475591210957
10,gpboost_vecchia,12,-0.8015107224568655,-0.7296078621161705,-0.7786358450907964,0.305310564762236,0.02287487736606908
10,gpboost_vecchia,13,0.2808974616117387,0.4112057113209884,0.16138304025396089,0.30222068816611675,-0.11951442135777779
10,gpboost_vecchia,14,0.44551221779645167,0.4284277869386513,0.3230274828436661,0.2927252965464647,-0.12248473495278556
10,gpboost_vecchia,15,0.20766771651064908,0.37428878141719946,0.11371057307698074,0.293500083819473,-0.09395714343366834
10,gpboost_vecchia,16,-0.5756434822712211,-0.5422570869426817,0.1486538246956286,0.3125439927185166,0.7242973069668497
10,gpboost_vecchia,17,0.597890153312313,0.5235567242369339,0.3689273012234384,0.2974859559174486,-0.22896285208887457
10,gpboost_vecchia,18,-0.08626719084482026,-0.12274984384087162,-0.027989518540490366,0.24990943423732817,0.0582776723043299
10,gpboost_vecchia,19,0.2525078692828627,0.1750763201622204,0.25331548111327074,0.29899519045431444,0.0008076118304080615
10,gpboost_vecchia,20,-0.3458270685387972,-0.4107189894990924,-0.18351865571582016,0.30145305381914295,0.16230841282297703
10,gpboost_vecchia,21,0.952207602498174,1.1710949941477171,0.6288295201653793,0.2960154499029073,-0.32337808233279475
10,gpboost_vecchia,22,-0.29011446388903783,-0.30905712088241655,-0.31514288774795585,0.21890647155083987,-0.025028423858918014
10,gpboost_vecchia,23,-0.025063223511582425,0.05712454800276226,-0.11215864388117236,0.31221959038951813,-0.08709542036958993
10,gpboost_vecchia,24,-0.5350265956509747,-0.49473465404509753,-0.3901544627395799,0.21725225087139738,0.14487213291139478
10,gpboost_vecchia,25,-0.13125256540572497,-0.11456317332961578,0.19752890662075462,0.276568773925227,0.32878147202647956
10,gpboost_vecchia,26,0.03525744591236189,0.1285774505450024,0.10020704718077766,0.29282564310099846,0.06494960126841577
10,gpboost_vecchia,27,1.8061381665193839,1.6713719487477574,1.2169068636995894,0.34153004407172294,-0.5892313028197944
10,gpboost_vecchia,28,0.3608494644540551,0.4184190817678888,0.19897238905934067,0.29207715197591827,-0.1618770753947144
10,gpboost_vecchia,29,0.42671848278384417,0.49749128799951403,0.24708612735547542,0.27483458785346765,-0.17963235542836875
10,gpboost_vecchia,30,-0.29463281069355407,-0.20562536654951025,0.12720413609637582,0.316648095225545,0.4218369467899299
10,gpboost_vecchia,31,0.02342657932977743,-0.1289085373187241,-0.007549341242669705,0.31135398296334976,-0.030975920572447135
10,gpboost_vecchia,32,1.3045923384070972,1.4130952160425403,0.876899213761444,0.32189134940681313,-0.42769312464565323
10,gpboost_vecchia,33,-0.191071998790108,-0.29916515467781596,0.18677345518286437,0.3050263381563397,0.37784545397297237
10,gpboost_vecchia,34,0.014595958982930202,-0.01997163638538183,0.3471536339457195,0.32736446780953843,0.3325576749627893
10,gpboost_vecchia,35,-0.20874061388912746,-0.11617310912915296,0.1930251408017889,0.3032332225867877,0.40176575469091635
10,gpboost_vecchia,36,-0.24899432104808078,-0.11638627851663277,0.2145034494904703,0.31104523649715743,0.46349777053855107
10,gpboost_vecchia,37,-0.4727830522051642,-0.396784689169062,-0.23076171203050455,0.3051363650519072,0.24202134017465965
10,gpboost_vecchia,38,0.84795716396625,0.960216933111191,0.8683428347519992,0.3177675320958395,0.020385670785749266
10,gpboost_vecchia,39,-0.5113268658945951,-0.5794528933505576,-0.3926996136564789,0.19929744572802588,0.11862725223811621
10,gpboost_vecchia,40,0.9913797584847713,0.9100320000448774,0.7422179376084745,0.2576101713515721,-0.2491618208762968
10,gpboost_vecchia,41,0.4686911261387162,0.6008217798359239,0.16624792621579898,0.2666754140161224,-0.30244319992291724
10,gpboost_vecchia,42,0.07248448100119509,0.14527362924789267,0.41365221536024954,0.2668340252624784,0.34116773435905445
10,gpboost_vecchia,43,0.46283446756344404,0.36693491456104993,0.5759816795943011,0.18852667652841565,0.11314721203085709
10,gpboost_vecchia,44,-0.11322027854613012,0.10054571503186274,0.14195553242558612,0.287340780738872,0.25517581097171627
10,gpboost_vecchia,45,0.9186396370274938,0.8196275933820217,0.6372859886428612,0.33559201603084526,-0.2813536483846326
10,gpboost_vecchia,46,0.46112044315179673,0.6615470030315833,0.3465349498478463,0.2820487905061513,-0.11458549330395046
10,gpboost_vecchia,47,-0.014763706009209066,-0.18190224040306394,-0.18945816607271304,0.2532549321100074,-0.17469446006350398
10,gpboost_vecchia,48,-0.43818286540223134,-0.6035743563038667,-0.2983586555598934,0.29430080783894896,0.13982420984233795
10,gpboost_vecchia,49,0.7305340247579714,0.6421365984648377,0.5075731018016039,0.3177658363552117,-0.2229609229563675
10,gpboost_vecchia,50,0.666157094405804,0.5518421714157214,0.3682920161005523,0.20949733641050997,-0.29786507830525166
10,gpboost_vecchia,51,0.08350447354699692,0.09648691183803194,0.10584410124464982,0.2842108987014323,0.02233962769765291
10,gpboost_vecchia,52,0.12331635579437855,0.17738827314292202,-0.21130379599690574,0.32494571935500677,-0.3346201517912843
10,gpboost_vecchia,53,-0.07132605549446502,0.030002427306128787,-0.30286346663022634,0.28987987825641903,-0.23153741113576132
10,gpboost_vecchia,54,0.3883488465239133,0.4671813288256596,0.3274529916406639,0.2985200657676196,-0.060895854883249445
10,gpboost_vecchia,55,-0.2399195566759571,-0.19932735452614675,-0.18430841616917704,0.26388735126797475,0.055611140506780066
10,gpboost_vecchia,56,0.35128462676472755,0.3507626837410285,0.06970732274280422,0.25359290870278345,-0.2815773040219233
10,gpboost_vecchia,57,-0.7345094661018858,-0.7666945158012157,-0.6148273750274438,0.32632735927486406,0.11968209107444205
10,gpboost_vecchia,58,-0.15393762968298658,-0.18924611616859371,-0.13338833024469254,0.2995550680321103,0.020549299438294033
10,gpboost_vecchia,59,-0.04475631281770953,0.03644535799754001,0.022034426212373504,0.2643883259217526,0.06679073903008304
10,gpboost_vecchia,60,-0.9203733369262481,-1.0274997750593642,-0.8569493180765471,0.28675098600585,0.06342401884970106
10,gpboost_vecchia,61,0.11517180734713384,0.31242487080936554,0.25213343490473594,0.29696449413569065,0.1369616275576021
10,gpboost_vecchia,62,0.3956803559281481,0.2621575334998859,0.1818365147698382,0.3683657413565442,-0.2138438411583099
10,gpboost_vecchia,63,0.3339136718375104,0.3546651828606801,0.2289513290545333,0.22992443494522494,-0.10496234278297711
10,gpboost_vecchia,64,-0.1459466807612697,-0.17924983399140587,-0.03121618973647866,0.3202401270247912,0.11473049102479105
10,gpboost_vecchia,65,-0.3225533337428994,-0.3699680521719939,-0.1350051941774839,0.29910865941546017,0.1875481395654155
10,gpboost_vecchia,66,0.3764083852418917,0.42900974681723636,0.30466283299622887,0.29629754944410375,-0.07174555224566281
10,gpboost_vecchia,67,-0.9790151262241392,-1.0545170034652431,-0.7004969009082567,0.3021250102110574,0.27851822531588255
10,gpboost_vecchia,68,-0.2564537867554102,-0.2105255559892374,-0.2444459211773058,0.28327205746051437,0.012007865578104404
10,gpboost_vecchia,69,-0.09357580899038503,0.09813837956280397,0.2530069680160105,0.29747590513083594,0.34658277700639556
10,gpboost_vecchia,70,-0.21378859415283763,-0.3087074000916271,-0.21877390310939182,0.2665799634570076,-0.004985308956554191
10,gpboost_vecchia,71,-0.37499149043507607,-0.364554488471752,0.20279230063202736,0.30258348307124183,0.5777837910671034
10,gpboost_vecchia,72,0.46954500376746955,0.45414331193723584,0.2500424326934718,0.244716539436674,-0.21950257107399773
10,gpboost_vecchia,73,0.3952740646398184,0.3599708914881349,0.08252692599123623,0.3067399302962331,-0.31274713864858217
10,gpboost_vecchia,74,0.5392138400899604,0.5116195483133189,0.2296796099442533,0.3294976258404647,-0.30953423014570713
10,gpboost_vecchia,75,-0.38392125166925434,-0.1902818134643845,-0.13492238522860056,0.21463487498101602,0.24899886644065378
10,gpboost_vecchia,76,-0.38431810603940186,-0.24994449450723663,-0.15729751173552575,0.2553743800321794,0.2270205943038761
10,gpboost_vecchia,77,-0.14962487258518925,-0.1742473177675935,0.0866068750143274,0.26941140784100115,0.23623174759951665
10,gpboost_vecchia,78,0.5817801114727599,0.5596904228235845,0.6136167290554306,0.29610655223001076,0.031836617582670756
10,gpboost_vecchia,79,0.09181453797531501,0.04885931820025381,0.24555571371910112,0.30420475015469506,0.1537411757437861
10,gpboost_vecchia,80,0.3665611789484824,0.3463879439658333,0.4389704382921824,0.2850333404928906,0.07240925934370002
10,gpboost_vecchia,81,0.08843900495659726,0.16382555609777538,0.1498613267297415,0.2977537557171835,0.061422321773144245
10,gpboost_vecchia,82,-0.30674198759033267,-0.39114196636268783,-0.1511658057694012,0.32251519686211993,0.15557618182093147
10,gpboost_vecchia,83,0.817697085018488,1.0125841182499795,0.5612818995448401,0.24880186661623405,-0.25641518547364794
10,gpboost_vecchia,84,0.1875959631749999,0.050878420693035664,0.000899823040706238,0.31935081716163616,-0.18669614013429367
10,gpboost_vecchia,85,-0.39291936355064633,-0.3865153664795792,-0.18306866351512485,0.3215910831780807,0.20985070003552148
10,gpboost_vecchia,86,0.2453917915303031,0.2117268441688224,0.27960645053896727,0.26381802900797074,0.03421465900866416
10,gpboost_vecchia,87,0.4585768434218823,0.3523567331894737,0.08014846339367843,0.2562825633582715,-0.3784283800282039
10,gpboost_vecchia,88,0.13875534967070097,0.33043265657642495,0.424252571237262,0.2696177427067022,0.28549722156656104
10,gpboost_vecchia,89,-0.39450583070925044,-0.3809613929834141,-0.31082534304287,0.21733262353941307,0.08368048766638042
10,gpboost_vecchia,90,-0.17758153194836307,-0.06766317806110927,-0.45991868518146495,0.2910721058254481,-0.2823371532331019
10,gpboost_vecchia,91,0.8712389505825751,0.849726387769836,0.6165316407013472,0.23898835839627575,-0.2547073098812278
10,gpboost_vecchia,92,-0.3968053780244837,-0.5184494261835877,-0.001534182120328964,0.2596557721253283,0.3952711959041547
10,gpboost_vecchia,93,-0.10624458813520882,0.14952555166536874,-0.27357958551496075,0.15979870664506712,-0.16733499737975194
10,gpboost_vecchia,94,0.33749624524086214,0.37950516931367845,0.18869020646138113,0.21387346248415187,-0.148806038779481
10,gpboost_vecchia,95,0.09041189802239899,0.11126232441374065,0.2038795473857986,0.3492160085807166,0.11346764936339962
10,gpboost_vecchia,96,0.5725996287104244,0.5385539526386077,0.3436922531355888,0.1970940361105416,-0.22890737557483554
10,gpboost_vecchia,97,-0.8838932141156666,-0.7504578311047475,-0.8707432791351142,0.3495134154118967,0.013149934980552391
10,gpboost_vecchia,98,-0.11559997365848972,-0.2951396642092088,-0.19120700340415508,0.17958030373542389,-0.07560702974566537
10,gpboost_vecchia,99,1.0227581215002643,1.2092020330930626,0.37825699045813677,0.28525111813769444,-0.6445011310421276
10,gpboost_vecchia,100,1.1487376014430495,1.1671975171078273,0.7962174514967149,0.29142573238807096,-0.3525201499463346
10,gpboost_vecchia,101,1.158069958728671,0.9528722472002229,1.023182952597847,0.38561101283161964,-0.13488700613082383
10,gpboost_vecchia,102,-0.037801509209065165,-0.010790227809162233,-0.14965059438763317,0.30208993882820667,-0.11184908517856801
10,gpboost_vecchia,103,-0.16504447727280297,-0.06669487416585815,-0.15502849963699195,0.31430226768351505,0.010015977635811024
10,gpboost_vecchia,104,1.0144676041711924,1.152073141953149,0.5504215756827096,0.28495191900834316,-0.46404602848848286
10,gpboost_vecchia,105,-0.31893079664997914,-0.3245999834937521,0.09333575591734888,0.2988169513694894,0.412266552567328
10,gpboost_vecchia,106,-0.26601239253655296,-0.11702771779359991,0.1709019104446181,0.3598541727542159,0.43691430298117107
10,gpboost_vecchia,107,0.5659020677939355,0.46598989059151213,0.2457459945189493,0.36276914472533045,-0.3201560732749862
10,gpboost_vecchia,108,-0.232463357906185,-0.2270491894992751,-0.428121379704431,0.31259660277421436,-0.19565802179824598
10,gpboost_vecchia,109,0.847772983683995,0.7466699705582069,0.4620503400537803,0.2892933543885244,-0.3857226436302147
10,gpboost_vecchia,110,-0.22316025331779332,-0.2097464854688394,-0.015001269216642132,0.2708100084764004,0.2081589841011512
10,gpboost_vecchia,111,0.46365749793395006,0.4485551623251523,0.2819165593476294,0.28610898012698643,-0.18174093858632068
10,gpboost_vecchia,112,1.1793529759542765,0.9578946812661571,0.5801289742856683,0.326187881632784,-0.5992240016686081
10,gpboost_vecchia,113,-0.12698254857851898,-0.13539673790271375,0.23351249512446515,0.2931129797012381,0.36049504370298413
10,gpboost_vecchia,114,0.3532664102299711,0.38864199600573857,0.3057152033131749,0.21000622510308814,-0.04755120691679615
10,gpboost_vecchia,115,-1.0233904026681073,-1.033740280103713,-1.0502416179950282,0.30767379858675464,-0.02685121532692092
10,gpboost_vecchia,116,-0.23492812690078765,-0.31854122240718596,-0.46664179002976836,0.2857622967355961,-0.2317136631289807
10,gpboost_vecchia,117,1.6424783879752083,1.6604730894737052,1.2775153574997096,0.3283699938430101,-0.3649630304754987
10,gpboost_vecchia,118,-0.15165506264336104,-0.16866216695836697,0.22191896054977622,0.3074518734619215,0.37357402319313726
10,gpboost_vecchia,119,-0.19453292478641693,-0.2379185204080567,-0.29706214542739495,0.2768552465646888,-0.10252922064097802
10,gpboost_vecchia,120,-0.24929658417929412,-0.24250750907292665,0.13164675978505613,0.29428857796793595,0.38094334396435026
10,gpboost_vecchia,121,-0.7388097275602692,-0.7485677997591522,-0.515790892515521,0.276818342187761,0.22301883504474818
10,gpboost_vecchia,122,-0.17996198744001893,-0.2698676454162654,-0.25129398982236584,0.22196872763774317,-0.07133200238234691
10,gpboost_vecchia,123,0.27687981717239185,0.18879070691632682,0.41755502546070034,0.2822892999064776,0.14067520828830848
10,gpboost_vecchia,124,0.5917668455313073,0.7247279659102743,0.4927221095249634,0.2925632133138482,-0.09904473600634389
10,gpboost_vecchia,125,0.0825680299396851,-0.07755031994303002,0.3555203162920355,0.27824437631354726,0.2729522863523504
10,gpboost_vecchia,126,-0.37430787539165405,-0.40976666689987734,-0.2553402632337485,0.2590931489186673,0.11896761215790558
10,gpboost_vecchia,127,-0.1952421471939727,-0.24011241513461223,0.13311275024453106,0.30407595911977053,0.32835489743850377
10,gpboost_vecchia,128,0.4527821975390949,0.5205613306656767,0.3282693297793866,0.3098762068462207,-0.12451286775970827
10,gpboost_vecchia,129,0.8245717757396522,0.7786967306455486,0.5822155107295122,0.29172865081350385,-0.24235626501014007
10,gpboost_vecchia,130,-0.22864140561320903,-0.20569205582687713,-0.28635277712474494,0.3067057406925154,-0.05771137151153591
10,gpboost_vecchia,131,0.28172626969858094,0.28615074900768395,0.11558364506318242,0.23850815221693467,-0.16614262463539853
10,gpboost_vecchia,132,-0.17059408145641564,-0.07460967672446814,-0.01310419470166213,0.2913763343055326,0.1574898867547535
10,gpboost_vecchia,133,-0.7228458381943038,-0.7208726826215646,-0.6359156030050652,0.3294374536506741,0.08693023518923859
10,gpboost_vecchia,134,0.24598658289676592,0.20517943922628362,0.2470931878386553,0.3351901974683981,0.001106604941889383
10,gpboost_vecchia,135,-0.15786514992155268,-0.26120268072221886,-0.016568337614565998,0.2185084302953948,0.14129681230698668
10,gpboost_vecchia,136,-0.14167205440504743,-0.1773847116335101,-0.10133423630909277,0.3083578638926676,0.04033781809595466
10,gpboost_vecchia,137,0.5467415214974874,0.6110652701223998,0.4126426636670877,0.2807898279504522,-0.13409885783039976
10,gpboost_vecchia,138,-0.09814402368488961,-0.08143761979049673,0.26028049446551327,0.3079448670970061,0.3584245181504029
10,gpboost_vecchia,139,0.04696663102870058,-0.08303262881154169,-0.14177524331542557,0.287668028661898,-0.18874187434412615
10,gpboost_vecchia,140,0.6304706407700391,0.670305294301393,0.33770767653710587,0.17705740617979612,-0.29276296423293324
10,gpboost_vecchia,141,0.1325076790263056,0.030770407521799076,-0.12454350874324582,0.2356783190147282,-0.25705118776955144
10,gpboost_vecchia,142,-0.35310497240067007,-0.3273701710366069,-0.18950798353084597,0.29484598314035243,0.1635969888698241
10,gpboost_vecchia,143,-0.3522964399363166,-0.3029577534327693,-0.03924983633438206,0.3022633841437048,0.31304660360193454
10,gpboost_vecchia,144,0.1411772272535987,-0.03955206659215743,0.10950239614978985,0.2731560856216364,-0.031674831103808865
10,gpboost_vecchia,145,0.342845346850854,0.38914768737178845,-0.024334911706970885,0.2693629700307625,-0.3671802585578249
10,gpboost_vecchia,146,-0.36502632915668665,-0.3191838634055556,0.02035851343437045,0.25932556601300216,0.3853848425910571
10,gpboost_vecchia,147,0.511117327567308,0.26049761123650117,0.1990110279572539,0.3066924806804484,-0.3121062996100541
10,gpboost_vecchia,148,-0.4835714807242742,-0.3869263768905455,-0.41537747392571633,0.281006840939028,0.06819400679855786
10,gpboost_vecchia,149,0.2754799453367712,0.16542252130708318,0.1540652088478387,0.2895443955435749,-0.12141473648893253
10,gpboost_vecchia,150,-0.3802430702237492,-0.5062474011749729,-0.18911492691529608,0.3041503593986339,0.19112814330845312
10,gpboost_vecchia,151,-0.9429669128161087,-1.0604558143809513,-1.085178399491996,0.380189379475957,-0.14221148667588723
10,gpboost_vecchia,152,1.1622933082438482,1.0332152614953671,0.8869162633317071,0.33598067700720385,-0.2753770449121411
10,gpboost_vecchia,153,0.8285851016513502,0.9000552993996487,0.37612660530648734,0.22197850482175221,-0.4524584963448629
10,gpboost_vecchia,154,-0.4309379379886904,-0.375825861562059,-0.7854582159323105,0.3550528932967376,-0.35452027794362007
10,gpboost_vecchia,155,0.14338759065334447,0.3290281146924605,0.1870677938689722,0.27912679777407773,0.04368020321562774
10,gpboost_vecchia,156,0.09058449729676604,0.20532485666692696,0.2365810424090169,0.3012293031268764,0.14599654511225085
10,gpboost_vecchia,157,0.6056899959810261,0.7076269430653783,0.31596893666178083,0.18132895118846254,-0.2897210593192453
10,gpboost_vecchia,158,-0.7735575436436479,-0.7012844268830497,-0.10987037631578822,0.3204022055538279,0.6636871673278597
10,gpboost_vecchia,159,0.04721608364228036,-0.08954475545814605,0.2270859531970535,0.20233744513384225,0.17986986955477313
10,gpboost_vecchia,160,-0.4001618679246327,-0.601542016384084,-0.21231835578120428,0.2901361405491796,0.18784351214342843
10,gpboost_vecchia,161,-0.9782073553708766,-1.0342751817123947,-0.8096298569838298,0.31840831359049876,0.16857749838704672
10,gpboost_vecchia,162,0.5245216398646989,0.5955684851778288,0.2961698300591893,0.2698631343801319,-0.22835180980550962
10,gpboost_vecchia,163,-0.8765524037267785,-0.8681645039057798,-0.7580299941262929,0.3070425955603732,0.11852240960048555
10,gpboost_vecchia,164,0.18392691174111836,0.28367545710137154,0.17688655288249766,0.27992601998713607,-0.007040358858620699
10,gpboost_vecchia,165,0.5200363101946195,0.4019660925429233,0.07377241492647046,0.26153230994604904,-0.446263895268149
10,gpboost_vecchia,166,-0.20448576129349894,-0.09718350142656608,-0.06366017629586818,0.29189456691263493,0.14082558499763076
10,gpboost_vecchia,167,-0.5813999531706344,-0.6428332429068855,-0.5514109531597335,0.30067107485017286,0.02998900001090088
10,gpboost_vecchia,168,0.8319939702723285,0.5698587266668284,0.4596505994611606,0.29405420653193226,-0.37234337081116786
10,gpboost_vecchia,169,0.039857663182242306,-0.09199685810239346,0.12373419147965437,0.193728786228501,0.08387652829741206
10,gpboost_vecchia,170,0.43326497631761696,0.43357126013031344,0.2699092760859756,0.2925641888961982,-0.16335570023164137
10,gpboost_vecchia,171,0.3939594525423109,0.40938934005715766,0.29648732161071356,0.29932241946644866,-0.09747213093159734
10,gpboost_vecchia,172,0.8749459664046362,0.8593060334791155,0.47139567993312603,0.29745827506877,-0.40355028647151014
10,gpboost_vecchia,173,0.4825766416729242,0.4576679975752847,0.414109559299356,0.2951162034125369,-0.06846708237356819
10,gpboost_vecchia,174,0.29459864246253625,0.2478944759555242,0.1267151983425805,0.23945205121484092,-0.16788344411995576
10,gpboost_vecchia,175,-0.3943622650882689,-0.33795232619700394,-0.4716653594400091,0.21976883787126064,-0.07730309435174021
10,gpboost_vecchia,176,-0.2753822314902267,-0.3870899358755696,-0.15550995816241642,0.28671475692716575,0.11987227332781031
10,gpboost_vecchia,177,0.5286925428845339,0.548299333095609,0.19949882283638853,0.31095397404982067,-0.3291937200481454
10,gpboost_vecchia,178,1.1509547215965539,1.1006631211755378,1.0107318711101203,0.30355272297408387,-0.14022285048643357
10,gpboost_vecchia,179,-0.3226937947604268,-0.3219288442716129,-0.055348237963767755,0.27747906904681124,0.26734555679665906
10,gpboost_vecchia,180,0.1750597546462248,0.18556285004384948,-0.0033428394519099403,0.32630243494277916,-0.17840259409813475
10,gpboost_vecchia,181,0.25154911157486415,0.3270100690449637,0.44026382340492587,0.22845872503496423,0.18871471183006172
10,gpboost_vecchia,182,0.8233372858054009,0.7460264912779936,0.5798859476254044,0.3007584936803435,-0.24345133817999653
10,gpboost_vecchia,183,0.20181530565097835,0.20524770723570207,0.28112470538307477,0.25047383283977503,0.07930939973209641
10,gpboost_vecchia,184,1.3025737576275986,1.1432180603611009,0.8973466676227755,0.32100358984876576,-0.40522709000482315
10,gpboost_vecchia,185,-0.2566682548831939,-0.13181368769226853,-0.32461203828040786,0.2939102102606013,-0.06794378339721396
10,gpboost_vecchia,186,-0.0633318274090468,-0.05714226593671559,-0.26048158771971375,0.29116642689573746,-0.19714976031066694
10,gpboost_vecchia,187,0.27823964936687506,0.28930377646984146,0.32114665195239134,0.29390434561794976,0.042907002585516274
10,gpboost_vecchia,188,-0.36985384882456224,-0.2372200008103947,-0.06814244201348418,0.2920968335752249,0.30171140681107805
10,gpboost_vecchia,189,0.028413989992399885,0.1531777196594596,0.034780115890903573,0.25249256564810263,0.006366125898503688
10,gpboost_vecchia,190,-0.812753538994647,-0.7248632516477758,-0.8254643676741447,0.3448633335081723,-0.012710828679497688
10,gpboost_vecchia,191,-1.0326539751307335,-0.8604955931277306,-0.7420368993676156,0.29939204439813355,0.2906170757631179
10,gpboost_vecchia,192,-0.670332263265863,-0.4990660759598875,0.046813402114977976,0.32503004482181297,0.717145665380841
10,gpboost_vecchia,193,-0.14463633208376064,-0.10633470333492367,-0.24229279854763064,0.2974308346310897,-0.09765646646387
10,gpboost_vecchia,194,0.467075738633512,0.5267886690157961,0.3925415745833052,0.25641936369860135,-0.0745341640502068
10,gpboost_vecchia,195,1.1127496984041099,1.174574609418899,0.6980853787118946,0.316223416609623,-0.4146643196922153
10,gpboost_vecchia,196,-0.46886739398742167,-0.4620804366882926,-0.1791479751795162,0.30046494306233706,0.28971941880790547
10,gpboost_vecchia,197,0.2407150102410009,0.2840268581103441,0.385349136304578,0.31389014733123016,0.14463412606357712
10,gpboost_vecchia,198,-0.11949142741273372,-0.2571895195975335,0.15794974043559495,0.2579482914766162,0.2774411678483287
10,gpboost_vecchia,199,-0.37872515850503236,-0.23048951622160913,-0.30985588228232697,0.25494005542507725,0.06886927622270539
10,gpboost_vecchia,200,-0.30585601559562425,-0.21465540136218036,-0.5513126908366144,0.24717544324096039,-0.24545667524099013
10,gpboost_vecchia,201,0.0725540075364314,0.059196276312210666,-0.0961880671603561,0.2845534972767275,-0.1687420746967875
10,gpboost_vecchia,202,-0.31595727586510713,-0.1994720867815426,-0.10847411682120223,0.260809702030101,0.2074831590439049
10,gpboost_vecchia,203,0.28825206441362106,0.17412821225622355,0.0004175638630732337,0.2777870867982572,-0.2878345005505478
10,gpboost_vecchia,204,0.4820049738906511,0.494305391082863,0.3341331022167848,0.2911434322478414,-0.14787187167386628
10,gpboost_vecchia,205,-0.11538570697335471,-0.12790413066960954,0.2519808912294099,0.30803038927151677,0.3673665982027646
10,gpboost_vecchia,206,0.6994148154595577,0.5881755252409397,0.6790617302662278,0.15764764807724616,-0.0203530851933299
10,gpboost_vecchia,207,0.8512351947764749,0.8585173688371038,0.8558266776774328,0.3488693789267792,0.0045914829009578995
10,gpboost_vecchia,208,0.8721077993318962,0.9911164661280046,0.4581421197298008,0.23347350215476892,-0.4139656796020954
10,gpboost_vecchia,209,0.7002460620090887,0.7738128666997228,0.6331887839212911,0.2997749122208082,-0.0670572780877976
10,gpboost_vecchia,210,0.2718050436237728,0.19359207001705178,0.061701306386305,0.2664860690628196,-0.21010373723746778
10,gpboost_vecchia,211,-1.4332034478407987,-1.473484238975686,-0.8058470607814012,0.33728672863493103,0.6273563870593974
10,gpboost_vecchia,212,0.31090194458619347,0.27214197432705717,0.26225429247631826,0.2562691869353872,-0.048647652109875206
10,gpboost_vecchia,213,-0.2939026237117268,-0.3418262901865333,-0.3824190627655488,0.1679233501080476,-0.088516439053822
10,gpboost_vecchia,214,-0.08727735503894857,-0.1451703136976376,-0.11067762125855385,0.21948220216208125,-0.02340026621960528
10,gpboost_vecchia,215,1.0739140241153662,0.9201218356310007,0.5915620722755888,0.26219973719238926,-0.4823519518397774
10,gpboost_vecchia,216,0.4508822653770255,0.4542012667455034,0.623628889615806,0.20232468146802496,0.17274662423878046
10,gpboost_vecchia,217,-0.575394858319282,-0.4196444761139163,-0.5601942811192018,0.28214583933570353,0.015200577200080279
10,gpboost_vecchia,218,0.044247830580799896,-0.03088091965871459,-0.04392207314183416,0.2884458630958104,-0.08816990372263406
10,gpboost_vecchia,219,-0.7226146378965894,-0.7255290425518666,-0.6971132503287514,0.2975821911143603,0.02550138756783804
10,gpboost_vecchia,220,0.9118986334918837,0.6130499184023122,0.703643839228075,0.3372562639041142,-0.20825479426380866
10,gpboost_vecchia,221,-0.7840990477651797,-0.8117652772158855,-0.3733229008767798,0.4034779591994354,0.4107761468883999
10,gpboost_vecchia,222,-0.009039530542138352,0.19538811591091634,0.1783854567662604,0.2998490492026426,0.18742498730839874
10,gpboost_vecchia,223,-0.11484795631669553,-0.014269318196313496,0.0629283573774515,0.2520803430391107,0.17777631369414704
10,gpboost_vecchia,224,0.588081319944437,0.4590441827231613,0.3659364519741555,0.23666107285631904,-0.22214486797028155
10,gpboost_vecchia,225,-0.0060374927173456605,0.019698586565217086,0.2006789940831295,0.2018130080012373,0.20671648680047516
10,gpboost_vecchia,226,-0.10290062822777088,-0.14723689111042584,0.15605738700320515,0.29964935021986727,0.25895801523097606
10,gpboost_vecchia,227,0.9385179688144268,0.6797079242015813,0.4719715566748701,0.27892082481175284,-0.4665464121395567
10,gpboost_vecchia,228,-0.3126860309410999,-0.32083735758442844,-0.045457141988033634,0.2642721666916668,0.2672288889530663
10,gpboost_vecchia,229,1.2375795523385014,1.2582094250885623,0.5763616436577252,0.28131645893233004,-0.6612179086807761
10,gpboost_vecchia,230,0.08682672610805561,-0.07687397773913168,0.007815747523946426,0.34130343997758394,-0.07901097858410919
10,gpboost_vecchia,231,0.8932942274774595,0.9100058476050379,0.6325066121673819,0.3056992187417138,-0.26078761531007755
10,gpboost_vecchia,232,1.000324352216568,1.0778158781598384,0.5020232267265792,0.3237872120097356,-0.4983011254899887
10,gpboost_vecchia,233,0.20078224600993191,-0.007101022934704243,0.4047075201049184,0.21848577467425817,0.20392527409498648
10,gpboost_vecchia,234,-0.22670995655979098,-0.17935290177679106,0.08036877628169492,0.2880631949866259,0.3070787328414859
10,gpboost_vecchia,235,-0.10487334908104139,-0.20124090368710645,-0.11373364255808616,0.27883373011683404,-0.00886029347704477
10,gpboost_vecchia,236,-0.3015949761325477,-0.39861798089288,0.12744255905274837,0.372988847857716,0.4290375351852961
10,gpboost_vecchia,237,-0.24989488930997428,-0.10626579066550065,0.03605264241774542,0.30219051742105996,0.2859475317277197
10,gpboost_vecchia,238,0.9717033171175162,0.9428609517213404,0.5610222127008928,0.2795640269687892,-0.4106811044166234
10,gpboost_vecchia,239,-0.701621483539556,-0.6772090626680473,-0.4870732791493735,0.32771305091201497,0.21454820439018252
10,gpboost_vecchia,240,0.2611703965851019,0.3150418373043696,0.32222952163354446,0.18674406851132572,0.061059125048442575
10,gpboost_vecchia,241,0.5203598626657263,0.6517581327375298,0.44980415502881677,0.2977223513113072,-0.07055570763690955
10,gpboost_vecchia,242,-0.7102271543613099,-0.5550392501216339,-0.6091550924280007,0.2884250248517476,0.1010720619333092
10,gpboost_vecchia,243,-0.11911675500583098,-0.08450096033414368,-0.2550238691583324,0.26526561981496194,-0.13590711415250145
10,gpboost_vecchia,244,-0.9179861084714973,-0.9663383104218561,-0.6159156987886645,0.30445239063199564,0.30207040968283283
10,gpboost_vecchia,245,1.0471719547344975,1.162810227264309,0.7581788971935177,0.2908737053719167,-0.2889930575409798
10,gpboost_vecchia,246,0.40610437329235155,0.14523995219782954,0.14415910355320039,0.26942997168503774,-0.26194526973915117
10,gpboost_vecchia,247,-0.46469124234304654,-0.39226156688207825,-0.29903735977336243,0.25570028284174323,0.1656538825696841
10,gpboost_vecchia,248,-0.40650138976167194,-0.29580699456061366,-0.4692870953031978,0.2817213415222472,-0.06278570554152585
10,gpboost_vecchia,249,1.0119571395719393,0.9511298234848562,0.4176551271436719,0.2674307262150878,-0.5943020124282674
10,gpboost_vecchia,250,-0.45983853289844795,-0.47066508313974825,-0.147306110137166,0.3033711258319816,0.31253242276128196
10,gpboost_vecchia,251,-0.7175230846416915,-0.9196873301344565,0.01864119162129274,0.3277032860454929,0.7361642762629842
10,gpboost_vecchia,252,0.48539335425808156,0.40972929338095654,0.204938645983761,0.24725915255588174,-0.28045470827432056
10,gpboost_vecchia,253,-0.9611218850926524,-1.087148928286681,-0.7292824758046184,0.28942965927645825,0.23183940928803404
10,gpboost_vecchia,254,0.3199039672419869,0.25486989321250303,0.27490193667721297,0.31048862525926413,-0.04500203056477392
10,gpboost_vecchia,255,-0.09073922382347899,-0.2719834244392423,-0.07385537873657455,0.22931016383218164,0.016883845086904437
10,gpboost_vecchia,256,0.1973558421067737,0.2730646472822183,0.3386305973200603,0.277231674376705,0.14127475521328658
10,gpboost_vecchia,257,0.371920711230856,0.2915985033873427,0.386514766288677,0.3015110989881095,0.014594055057820965
10,gpboost_vecchia,258,-0.04923270136851374,-0.15413331262912977,-0.2523332489788226,0.276929188377571,-0.20310054761030885
10,gpboost_vecchia,259,-0.6673069512273759,-0.5414264102814017,-0.6469180248209287,0.27227164383927466,0.020388926406447183
10,gpboost_vecchia,260,-0.2650214428874822,-0.08833565449330577,-0.029051981843752905,0.3187442715309474,0.2359694610437293
10,gpboost_vecchia,261,0.8533055966530484,0.8754027530235766,0.41557546202247986,0.26407196970086094,-0.43773013463056853
10,gpboost_vecchia,262,0.2653424350541669,0.18961457957283379,0.17501977925461398,0.18553619152877762,-0.0903226557995529
10,gpboost_vecchia,263,-0.42069046983062863,-0.3154838680592105,-0.413614199938944,0.3034914453972454,0.007076269891684639
10,gpboost_vecchia,264,0.6388630297982849,0.6143264284359232,0.39890734153197194,0.2920232381789614,-0.23995568826631297
10,gpboost_vecchia,265,0.0989162363022597,0.06851236094309848,0.0019052762539466528,0.27867567985461916,-0.09701096004831304
10,gpboost_vecchia,266,-1.1246900661207255,-0.9688395227975438,-0.8945656753388898,0.2923991260562038,0.23012439078183577
10,gpboost_vecchia,267,-0.18230799364987763,-0.2924332839943131,-0.24452150877767354,0.2348296706014857,-0.06221351512779591
10,gpboost_vecchia,268,-0.45810606083580196,-0.4917911676194487,-0.4013493649292226,0.2675173291675348,0.05675669590657939
10,gpboost_vecchia,269,0.4300656983189815,0.4529233267308031,0.3493069775238542,0.21232491586310323,-0.0807587207951273
10,gpboost_vecchia,270,-1.4433110335309642,-1.5196886381262962,-0.43570346261036086,0.32119120206532087,1.0076075709206034
10,gpboost_vecchia,271,-0.20877315899994434,-0.3680748576369164,-0.29910510067298635,0.30694938922023907,-0.09033194167304201
10,gpboost_vecchia,272,1.0761227817876222,1.137920969516698,0.7453924669574028,0.28747993435971625,-0.3307303148302194
10,gpboost_vecchia,273,1.100942851976796,1.155561613764119,0.6512988082968951,0.30654872285090146,-0.44964404367990096
10,gpboost_vecchia,274,0.00015793299595473487,-0.06678651132617619,0.05412432980768944,0.20664307047580904,0.05396639681173471
10,gpboost_vecchia,275,-0.7213785249764242,-0.798755211833154,0.016939001169300028,0.318161990418694,0.7383175261457242
10,gpboost_vecchia,276,-0.14354703171367308,0.05133824274936491,-0.28453705429018594,0.20253182953768006,-0.14099002257651286
10,gpboost_vecchia,277,0.7447293034293214,0.5614097187404271,0.020095674860374668,0.328004132788907,-0.7246336285689468
10,gpboost_vecchia,278,0.189196612334811,0.2545364864925975,-0.05896712381696645,0.3224952505737839,-0.24816373615177745
10,gpboost_vecchia,279,1.2038494312142178,1.2311896426610573,0.7855587299675126,0.29633955574054804,-0.4182907012467052
10,gpboost_vecchia,280,0.6402275414238803,0.697227265674428,0.27084570350019277,0.37613789679712295,-0.3693818379236875
10,gpboost_vecchia,281,0.8104925371797487,0.7611986203015982,0.40848362321537834,0.27290937427373674,-0.40200891396437033
10,gpboost_vecchia,282,0.8042424730740568,0.7854129187608995,0.39009620389638977,0.28494795124333966,-0.41414626917766706
10,gpboost_vecchia,283,0.009533158846597042,0.011323585517682005,0.04922948717084097,0.26430681233340586,0.039696328324243926
10,gpboost_vecchia,284,-0.29614067212111056,-0.3910721210791222,-0.13565312041911826,0.2438138177762492,0.1604875517019923
10,gpboost_vecchia,285,-1.3019578318002991,-1.4099239185322006,-0.8773238462474859,0.29933258868132834,0.4246339855528132
10,gpboost_vecchia,286,-0.4849119048567898,-0.4895586699657669,-0.6494871506415354,0.2795291416905092,-0.16457524578474558
10,gpboost_vecchia,287,-0.5196211277547592,-0.5963424383112649,-0.31036754731459126,0.236443543045132,0.20925358044016795
10,gpboost_vecchia,288,-0.3464500486564031,-0.34372091381605985,-0.22139053319307944,0.34852755182443096,0.12505951546332367
10,gpboost_vecchia,289,-0.4411911185762521,-0.36124644844890286,-0.4765070426258755,0.2079228724178801,-0.035315924049623415
10,gpboost_vecchia,290,0.9247562501956447,0.8429441944071432,0.7708400984014592,0.2920840953107405,-0.1539161517941855
10,gpboost_vecchia,291,-0.43967156188686,-0.4037638940972075,-0.37606665537009043,0.2213522756290968,0.06360490651676959
10,gpboost_vecchia,292,0.04091278635898181,0.23791973848601378,0.09008531749165094,0.23727639937912415,0.04917253113266913
10,gpboost_vecchia,293,-0.41503182355334217,-0.5156928121063824,-0.2758470752751707,0.2077957244420638,0.13918474827817146
10,gpboost_vecchia,294,0.019106699753124956,0.04970623297041868,0.2367043771329831,0.3395283901962394,0.21759767737985813
10,gpboost_vecchia,295,-0.3184288047656336,-0.3178761726470259,-0.5231200778434761,0.2122873887536712,-0.20469127307784252
10,gpboost_vecchia,296,0.06646692003433544,0.00806341491618321,0.21481897809687212,0.3267018149209014,0.14835205806253668
10,gpboost_vecchia,297,0.28896790097035013,0.3690248799922942,0.3186044765704814,0.25960264124412397,0.029636575600131276
10,gpboost_vecchia,298,0.9698842596915198,1.0589617879443203,0.6478862092988518,0.3192070434508529,-0.32199805039266804
10,gpboost_vecchia,299,-0.11061091940997878,-0.12524020244918063,0.23736400685438364,0.32653944867188134,0.34797492626436244
11,gpboost_vecchia,0,1.4141436937293685,1.5174726794017737,1.7862172029894978,0.3136914187841437,0.3720735092601293
11,gpboost_vecchia,1,1.5730932699188034,1.643835627511401,1.2783766984429334,0.2575739073773136,-0.29471657147586994
11,gpboost_vecchia,2,0.5220829430865902,0.5040749930512898,0.5083994449520546,0.2618478515195971,-0.013683498134535621
11,gpboost_vecchia,3,2.0013808676814464,2.246746437605616,2.198462932995845,0.40722721478817686,0.19708206531439876
11,gpboost_vecchia,4,0.977603766380372,0.74431785530746,0.9225285583876186,0.32738259090814115,-0.05507520799275345
11,gpboost_vecchia,5,2.0181570187243283,1.8161962114313606,2.048867013461944,0.28421430916862606,0.03070999473761571
11,gpboost_vecchia,6,1.50163151388402,1.6041781027477038,1.1550834350867092,0.28363128702174545,-0.34654807879731075
11,gpboost_vecchia,7,1.5202230776582446,1.6688502697988505,1.4200774326141357,0.40937807155139605,-0.10014564504410894
11,gpboost_vecchia,8,0.7401134621623303,0.8119200309125917,0.7238496325565151,0.2868534205161557,-0.016263829605815183
11,gpboost_vecchia,9,1.9137083200962992,2.018928645191172,1.9860312131803397,0.32413619027726315,0.0723228930840405
11,gpboost_vecchia,10,0.5942586241676202,0.6995219641132923,0.925637351976917,0.301192940796952,0.3313787278092968
11,gpboost_vecchia,11,0.09746355424504165,-0.10869783234146986,0.2015644977867339,0.22610744190748072,0.10410094354169226
11,gpboost_vecchia,12,0.8918704479076166,0.7990495636333886,0.8858503117483281,0.20466151524671666,-0.006020136159288536
11,gpboost_vecchia,13,0.7512239730211446,0.6827674373852063,1.0075838856664632,0.29601926591414207,0.25635991264531854
11,gpboost_vecchia,14,1.08057489697627,0.9998277221379274,0.6246518021653173,0.30474018062209957,-0.4559230948109527
11,gpboost_vecchia,15,2.383068825643365,2.268948061151136,2.22416092621566,0.2801633974055214,-0.1589078994277049
11,gpboost_vecchia,16,1.623406365417443,1.7098497496677687,1.980376741709172,0.24768353751666874,0.3569703762917289
11,gpboost_vecchia,17,1.332891261947585,1.3505924137536256,0.9097005431892455,0.33090404641811977,-0.42319071875833947
11,gpboost_vecchia,18,0.9314688449497184,0.8993290133647182,1.0542451204800543,0.3133238401195647,0.12277627553033588
11,gpboost_vecchia,19,1.4840552354269505,1.3526957435320355,1.3664682762092397,0.3296838685462664,-0.11758695921771078
11,gpboost_vecchia,20,1.4651192652945402,1.4706578310500442,1.384384609361966,0.2514945730670215,-0.08073465593257412
11,gpboost_vecchia,21,2.5644323088967576,2.6196460498389937,2.6512038955049917,0.30575549792945816,0.08677158660823414
11,gpboost_vecchia,22,0.44984958988227997,0.520180735681067,0.5710534484616829,0.2602790593965632,0.12120385857940297
11,gpboost_vecchia,23,2.1590466913766155,2.2662894112967615,2.1917306396559084,0.2297820777002864,0.032683948279292885
11,gpboost_vecchia,24,1.383762891262364,1.4383571967977222,0.9514716609573952,0.2897758109562209,-0.43229123030496885
11,gpboost_vecchia,25,3.225278495410962,3.192250220582852,2.80609736334776,0.2639038222761514,-0.41918113206320173
11,gpboost_vecchia,26,3.4520834908854607,3.4952896829439832,3.089835835889353,0.2237304961362256,-0.36224765499610756
11,gpboost_vecchia,27,1.2938633037523437,1.1484044143841834,1.060641959289697,0.2730762001573834,-0.23322134446264675
11,gpboost_vecchia,28,1.4430340236543968,1.4079209556583354,1.318028926004203,0.23217564586919562,-0.12500509765019374
11,gpboost_vecchia,29,0.8370183679692987,0.9773062116313672,0.6852076680058943,0.31237268158160963,-0.15181069996340446
11,gpboost_vecchia,30,2.7940954662871356,2.823392017522537,2.537440371053492,0.2943469420483152,-0.2566550952336435
11,gpboost_vecchia,31,1.688937621473905,1.8409101859509829,0.8878978506098605,0.30391158787690625,-0.8010397708640444
11,gpboost_vecchia,32,1.900205398420798,1.8994143046026435,1.6486315569763619,0.3405287104992151,-0.2515738414444362
11,gpboost_vecchia,33,0.21103560538581584,0.1411048926968494,0.5970077323342338,0.277420805228956,0.3859721269484179
11,gpboost_vecchia,34,0.6105399824303812,0.9066288871309289,0.8493678615293518,0.2977042992789234,0.23882787909897063
11,gpboost_vecchia,35,1.7237370564499266,1.6572016169493924,1.6868966938950933,0.19350023077401426,-0.03684036255483325
11,gpboost_vecchia,36,2.6370701779816206,2.6524338576117565,2.5813641510553964,0.34702336260289823,-0.05570602692622417
11,gpboost_vecchia,37,1.8103220462427765,2.0470720028687346,1.904508175730676,0.20560835742363706,0.09418612948789962
11,gpboost_vecchia,38,0.8649487162053073,0.7937071509673879,1.2931468915097,0.2957461451790967,0.42819817530439264
11,gpboost_vecchia,39,0.06199654709690683,-0.0944682677403387,0.7376487252137593,0.3225594093846768,0.6756521781168525
11,gpboost_vecchia,40,0.8760977964445239,0.8395839943027782,0.7853848244911887,0.2971029090711249,-0.09071297195333516
11,gpboost_vecchia,41,2.6714963966928194,2.758336238813822,2.5721653705643988,0.2568287932287381,-0.0993310261284206
11,gpboost_vecchia,42,0.9567413022976332,0.8489432872112579,0.9948571918618114,0.22572099384950087,0.03811588956417822
11,gpboost_vecchia,43,1.5336969589174732,1.3838529108556739,1.4140109638546434,0.2248108292379239,-0.11968599506282973
11,gpboost_vecchia,44,1.0898424693001545,1.0719315227475192,0.8459293127804273,0.2574130967721353,-0.24391315651972723
11,gpboost_vecchia,45,1.8944612622293604,1.8301624596046786,1.953642613649592,0.32103017146729174,0.05918135142023151
11,gpboost_vecchia,46,1.1461232481706358,1.1646484202547207,0.868774229088288,0.31404391834959927,-0.27734901908234777
11,gpboost_vecchia,47,2.2211302873693364,2.257158447551791,2.372869285740805,0.2765946736350873,0.15173899837146854
11,gpboost_vecchia,48,2.1835790169921436,2.0251471249011073,2.2066525049582566,0.3222142229187808,0.02307348796611297
11,gpboost_vecchia,49,2.4461932283231804,2.5776599755220486,2.612703253794116,0.24258469808401584,0.16651002547093574
11,gpboost_vecchia,50,1.7557593934313513,1.6965479258197311,1.5785568571219741,0.214663343805978,-0.1772025363093772
11,gpboost_vecchia,51,2.6367458972557123,2.574986957351812,2.611851432849761,0.23098459661069368,-0.024894464405951222
11,gpboost_vecchia,52,2.48733735904887,2.5667742639296476,2.3119580001036475,0.3181557318123088,-0.17537935894522239
11,gpboost_vecchia,53,1.1033013368337612,1.1162666382450441,1.0438394033644585,0.30961002025542084,-0.05946193346930273
11,gpboost_vecchia,54,1.4540479896654377,1.499665860047741,1.4704531680980608,0.2316055934190529,0.016405178432623124
11,gpboost_vecchia,55,2.0002066638502285,2.078395038332393,2.0901145743786884,0.20299032101237063,0.08990791052845992
11,gpboost_vecchia,56,1.0331541461348428,1.083142505389312,0.7603406421006582,0.2879999363441629,-0.2728135040341846
11,gpboost_vecchia,57,1.091809020156267,1.116192626258532,0.734479011519781,0.26926709897141987,-0.3573300086364859
11,gpboost_vecchia,58,2.500049146161614,2.3772154615313608,2.573863531859658,0.2870371176545732,0.07381438569804377
11,gpboost_vecchia,59,2.800357171567338,2.714285674279922,2.711213256883916,0.2963543137001504,-0.08914391468342231
11,gpboost_vecchia,60,1.0492820046416027,0.9978524410494615,1.2778297565182157,0.3079425386691504,0.22854775187661303
11,gpboost_vecchia,61,1.9512665506207096,1.9989869371662154,2.180406351422235,0.17388663089954398,0.2291398008015253
11,gpboost_vecchia,62,0.7838744807249249,0.8520785722956428,0.7681742107202822,0.3133757813591806,-0.01570027000464269
11,gpboost_vecchia,63,1.0746266035637078,1.121334364540953,1.217659779786743,0.2749541852127399,0.14303317622303524
11,gpboost_vecchia,64,0.9042540099930325,0.9581099254390387,0.4521556731538041,0.24245274165041358,-0.4520983368392284
11,gpboost_vecchia,65,2.1649519473437566,2.0682968743044805,2.041374138818412,0.3471566071846298,-0.1235778085253445
11,gpboost_vecchia,66,1.348536498124653,1.299593100132647,1.3138199111303805,0.2912697614581818,-0.03471658699427249
11,gpboost_vecchia,67,2.073457087585292,1.9433114235295388,2.0415439007290885,0.22540675458862014,-0.03191318685620326
11,gpboost_vecchia,68,1.3488702530779477,1.3226512235904657,1.2405703418216092,0.3132817106599186,-0.10829991125633853
11,gpboost_vecchia,69,1.2942416327724344,1.1487971902068714,1.171106071406058,0.3245072957518856,-0.12313556136637649
11,gpboost_vecchia,70,1.4724914077676745,1.4262514490334341,1.5918168168474338,0.3308974121827868,0.1193254090797593
11,gpboost_vecchia,71,1.046447721571763,0.8349245993919769,0.9052447531718144,0.34991808265196095,-0.1412029683999485
11,gpboost_vecchia,72,1.3988297509594618,1.3369037231157201,0.9357044951106843,0.28731624924824,-0.4631252558487775
11,gpboost_vecchia,73,0.08987375491472466,0.04884215281488441,0.699569449608461,0.35761317129851666,0.6096956946937364
11,gpboost_vecchia,74,-0.15418006656594058,-0.037709745148948315,0.34862798619644764,0.32589936265560426,0.5028080527623882
11,gpboost_vecchia,75,0.4959229272346717,0.4436584492861507,0.8772210374522587,0.35247050153122716,0.38129811021758697
11,gpboost_vecchia,76,2.9553965710638637,3.003715748137686,2.9249342022364786,0.19023003009596184,-0.030462368827385067
11,gpboost_vecchia,77,1.4735548999445969,1.6175938112625778,1.5441869819528193,0.32220706270857474,0.07063208200822246
11,gpboost_vecchia,78,2.413122001228104,2.5548485291894383,2.3275447043358355,0.2256331096437167,-0.08557729689226834
11,gpboost_vecchia,79,1.4942593906423003,1.5428810104384878,1.701931189831626,0.2823263320561245,0.20767179918932577
11,gpboost_vecchia,80,1.1153611577335156,0.9517879637810991,0.9192702058645779,0.3053937536732165,-0.19609095186893777
11,gpboost_vecchia,81,0.7693902270197504,0.726169985416134,0.7328026087352768,0.36277775416119196,-0.036587618284473544
11,gpboost_vecchia,82,0.8402835964391417,0.926708924594858,0.7662377047632631,0.22772392519310872,-0.0740458916758786
11,gpboost_vecchia,83,2.142596195294596,2.1464063650400855,1.713747439857066,0.2770994073701287,-0.4288487554375302
11,gpboost_vecchia,84,1.575116236475745,1.6438798162222361,1.2086973417217735,0.2112753174595862,-0.3664188947539715
11,gpboost_vecchia,85,1.4829092425487043,1.3776819334816417,1.3903316893435473,0.33102712536635104,-0.09257755320515693
11,gpboost_vecchia,86,1.476637984921385,1.4396345996899442,1.477871795838631,0.26896613862769975,0.0012338109172458367
11,gpboost_vecchia,87,1.357366920822255,1.3991092638090783,1.4610555124057996,0.28622100143001367,0.1036885915835446
11,gpboost_vecchia,88,1.6377838247974001,1.4936804797923853,0.9882344376308367,0.3038901683040607,-0.6495493871665634
11,gpboost_vecchia,89,1.7715804775659065,1.8010150493273092,1.9034748517549076,0.3481350705619721,0.13189437418900107
11,gpboost_vecchia,90,1.5686322264772783,1.5895052960503255,1.9398287974057524,0.24324505564099896,0.37119657092847413
11,gpboost_vecchia,91,2.6887213442241316,2.5902526758140527,2.463561739167595,0.3079767430488155,-0.22515960505653654
11,gpboost_vecchia,92,1.469099232726902,1.5488426598689014,1.4236981039309171,0.3098613685087644,-0.04540112879598479
11,gpboost_vecchia,93,0.9897448576254745,1.1271667842270425,0.7723932384974788,0.32657067419058705,-0.21735161912799572
11,gpboost_vecchia,94,1.958927597670192,2.0642181584950294,2.103161442383197,0.35470008786004587,0.1442338447130047
11,gpboost_vecchia,95,0.6942776484131976,0.7050386018522861,0.8118613504897496,0.3216687168901516,0.117583702076552
11,gpboost_vecchia,96,2.89168975257186,2.8862961511332124,2.8781349797948437,0.1655467552369692,-0.013554772777016222
11,gpboost_vecchia,97,2.5244811664906806,2.55758723489675,2.300278640820359,0.2634067476164715,-0.2242025256703215
11,gpboost_vecchia,98,1.997953831579184,2.120278005612968,2.067624143356369,0.16380448812573326,0.06967031177718486
11,gpboost_vecchia,99,2.0503465279589075,1.9627993793411258,2.0211066084833966,0.27091250334538347,-0.029239919475510856
11,gpboost_vecchia,100,1.8223130142739965,1.9629387057647598,2.0362321713777547,0.43576467524179885,0.2139191571037582
11,gpboost_vecchia,101,1.976683032585116,1.9555263264759213,1.8461120446180246,0.31637594298084964,-0.13057098796709132
11,gpboost_vecchia,102,1.6588328029913022,1.6350556474766396,1.0511542450689575,0.278463882268549,-0.6076785579223447
11,gpboost_vecchia,103,0.9989666406330219,0.9636815426293684,0.8072882647125539,0.30129578164734333,-0.191678375920468
11,gpboost_vecchia,104,0.38963280964177316,0.5994625014467675,0.5271868249892862,0.32541322597265615,0.137554015347513
11,gpboost_vecchia,105,1.449507748296137,1.3770948712965032,1.5648473414057236,0.2520390509133338,0.11533959310958664
11,gpboost_vecchia,106,1.0890981064883136,1.1858078382131125,1.0329696330751332,0.26863592242912987,-0.05612847341318039
11,gpboost_vecchia,107,1.4940672638487258,1.5128916290003895,1.6274066473432782,0.21043785574351973,0.13333938349455243
11,gpboost_vecchia,108,0.5640606268170886,0.48167694778642217,0.5495665927912441,0.3283442311444429,-0.014494034025844482
11,gpboost_vecchia,109,0.650975679988423,0.5955511800413343,1.1771138393749396,0.33050650683651056,0.5261381593865166
11,gpboost_vecchia,110,1.0873932608325734,1.2114488928279123,1.2766806620966307,0.3185645076161947,0.1892874012640573
11,gpboost_vecchia,111,0.8239476942720454,0.880339915098544,0.6782729310480278,0.2880238302596982,-0.14567476322401762
11,gpboost_vecchia,112,2.343803118621648,2.331814964970315,2.2615434406062036,0.15309681688464985,-0.08225967801544432
11,gpboost_vecchia,113,2.7286769672740436,2.709455779802476,2.507918789026583,0.2513517236445438,-0.2207581782474608
11,gpboost_vecchia,114,1.4506186321526693,1.406369926730232,1.0632144431129475,0.41937362887833246,-0.38740418903972174
11,gpboost_vecchia,115,0.23949938986495148,0.35570721072368783,0.4554183081233276,0.25233311681644255,0.21591891825837614
11,gpboost_vecchia,116,2.015547226433984,2.138185741268672,1.8661244568220212,0.2879418365785195,-0.149422769611963
11,gpboost_vecchia,117,1.263119309397187,1.111230465040752,1.2030375473458577,0.23536754188900796,-0.060081762051329424
11,gpboost_vecchia,118,1.1158744380440155,1.1432724125493225,0.8737199693578859,0.34991697015981693,-0.24215446868612966
11,gpboost_vecchia,119,2.2307034882175554,2.274776128421093,2.269600952806641,0.2843539461913125,0.03889746458908583
11,gpboost_vecchia,120,1.6718907129551919,1.560726395035608,1.3909228051305504,0.2934544165162447,-0.2809679078246414
11,gpboost_vecchia,121,0.25880149549068837,0.20151907281876108,0.702808138191628,0.3365428183694992,0.44400664270093965
11,gpboost_vecchia,122,0.5124244124764107,0.488677769001859,0.7400709445337696,0.34360910719784393,0.22764653205735896
11,gpboost_vecchia,123,1.9974333152693649,2.0383957894965095,2.0066090529797904,0.34870761084869467,0.009175737710425569
11,gpboost_vecchia,124,1.8386304834418241,1.817479968816899,1.7791523385367896,0.3171205360631754,-0.05947814490503456
11,gpboost_vecchia,125,1.6064623063289742,1.5764503990787861,1.3610665226950118,0.254796745946692,-0.24539578363396242
11,gpboost_vecchia,126,1.4563441254842464,1.3463440775137623,1.868280620608239,0.2304550468360876,0.41193649512399255
11,gpboost_vecchia,127,0.4527055554961026,0.5212413187447915,0.4237221679652663,0.3167920985714945,-0.02898338753083629
11,gpboost_vecchia,128,0.9899871533575454,0.9860922618370107,0.9036794056429613,0.3229245234736626,-0.08630774771458405
11,gpboost_vecchia,129,0.8050308734621359,0.7912062210137205,0.9746433028573236,0.31573619429514466,0.16961242939518772
11,gpboost_vecchia,130,0.9346814686814657,0.9054381486524996,0.8921371718223341,0.30318900358526957,-0.042544296859131636
11,gpboost_vecchia,131,1.4542012181020563,1.3459968304304435,1.8332651524281687,0.2325954162148261,0.3790639343261124
11,gpboost_vecchia,132,1.0486186000914164,0.919769400119965,0.9542506496293015,0.2560164705755159,-0.09436795046211488
11,gpboost_vecchia,133,1.841247078455786,1.9073410010259348,1.6026364110675004,0.217047353876759,-0.2386106673882855
11,gpboost_vecchia,134,2.7146961235076423,2.6223255488147634,2.661231361783031,0.2262708040235408,-0.05346476172461134
11,gpboost_vecchia,135,0.4845166327072827,0.41663826394084047,0.49721004706589866,0.35382823078918924,0.012693414358615984
11,gpboost_vecchia,136,0.9998728383231305,0.8633836087121037,0.6048416185062422,0.2983602783119436,-0.39503121981688827
11,gpboost_vecchia,137,2.636134308866711,2.7053722539618126,2.4696716911721808,0.2656955041378131,-0.1664626176945303
11,gpboost_vecchia,138,2.3353585386673013,2.4112206673566496,2.5133572115898275,0.21582061635143873,0.17799867292252625
11,gpboost_vecchia,139,1.5704937409417714,1.6603581821923248,1.4802198789303844,0.3386710063247823,-0.09027386201138698
11,gpboost_vecchia,140,1.7710184203727424,1.7111621167923377,1.7442731259971112,0.30548640202694766,-0.026745294375631223
11,gpboost_vecchia,141,1.492041658094688,1.5095648048064008,1.494351227304719,0.307452822240989,0.002309569210031004
11,gpboost_vecchia,142,0.18241985274422073,0.29699666351117837,0.5041780264789679,0.22670085190753747,0.3217581737347472
11,gpboost_vecchia,143,2.9586653686828743,2.8602619317500824,2.8496635748204824,0.2835236496603422,-0.10900179386239195
11,gpboost_vecchia,144,0.9244573402601066,0.8294865792334625,0.6651518957181253,0.3217076238860226,-0.25930544454198134
11,gpboost_vecchia,145,1.5977354917845603,1.7167463101965619,1.7662393687695257,0.2865488330521804,0.16850387698496538
11,gpboost_vecchia,146,0.5846439105300216,0.5004460308552536,0.44853678435673316,0.37216192298922635,-0.13610712617328846
11,gpboost_vecchia,147,2.8736520594599297,2.640409283170885,2.8502835784264278,0.1982635097181413,-0.023368481033501975
11,gpboost_vecchia,148,2.560489788321404,2.4069708046376252,2.3951538711342906,0.2580050351207419,-0.1653359171871136
11,gpboost_vecchia,149,1.2142332432726461,1.076508879177621,1.3848069458921657,0.31194208822186514,0.17057370261951954
11,gpboost_vecchia,150,1.1716571518415313,1.0963298513685458,0.7379143955584695,0.31512843051646144,-0.4337427562830618
11,gpboost_vecchia,151,1.9392940294855792,1.9063956716918873,2.011479436323853,0.20610469163816458,0.0721854068382739
11,gpboost_vecchia,152,0.9366133543818863,0.966873288774273,0.9928221772866692,0.3092605661082026,0.05620882290478291
11,gpboost_vecchia,153,1.0971785384528847,1.0051047734935308,1.0237139879026245,0.28651715705148184,-0.07346455055026024
11,gpboost_vecchia,154,1.008360670790529,1.0217973464391494,1.1760777941762584,0.34009469236190476,0.1677171233857293
11,gpboost_vecchia,155,1.7460539954587888,1.8521872342028403,2.5843512535195075,0.4961110725719016,0.8382972580607186
11,gpboost_vecchia,156,3.2189260743177863,3.2570001923963394,3.027455222155247,0.2623113688258905,-0.19147085216253945
11,gpboost_vecchia,157,1.0146064834126154,1.3714015628381913,1.2108771784994872,0.242939743324372,0.19627069508687178
11,gpboost_vecchia,158,0.6442044325014705,0.7775685342172709,0.8770127729785457,0.31022807394330354,0.23280834047707522
11,gpboost_vecchia,159,1.4678525465892271,1.4615542742471355,1.2328207972241714,0.2513947351503031,-0.23503174936505578
11,gpboost_vecchia,160,1.7054323365882196,1.7238246602517358,1.781462688748583,0.34521948826089294,0.07603035216036336
11,gpboost_vecchia,161,2.1097065374857435,2.051200641923445,2.145867780717481,0.17095553461667373,0.036161243231737306
11,gpboost_vecchia,162,1.2656972068553014,1.2712369049341592,0.8474099103485813,0.27730878002145587,-0.41828729650672014
11,gpboost_vecchia,163,0.4419084707071507,0.45432185466822417,0.5052824568797334,0.38565715621838365,0.06337398617258266
11,gpboost_vecchia,164,1.8731335769513775,1.856194135262977,1.8473850299403978,0.2547731998961699,-0.025748547010979728
11,gpboost_vecchia,165,1.1404493681560008,1.1864587696125481,0.9004225976708113,0.34863558548109147,-0.2400267704851895
11,gpboost_vecchia,166,1.0364900804261818,1.1562143194057968,0.9365045677798065,0.32051107597913614,-0.09998551264637534
11,gpboost_vecchia,167,0.4567906027591898,0.4658330465016342,0.8788860296752148,0.3203351508505438,0.422095426916025
11,gpboost_vecchia,168,2.3235696064282783,2.2321013094989115,2.214387124507226,0.3214747229644192,-0.10918248192105207
11,gpboost_vecchia,169,1.335317019583192,1.404036367289523,1.5030811039981629,0.29486183057519827,0.16776408441497082
11,gpboost_vecchia,170,0.1732184540497541,0.23044573294444165,0.41031488980758013,0.38683744130966574,0.23709643575782602
11,gpboost_vecchia,171,2.805293055754054,3.0265693673765837,2.423927388026293,0.25063739820753406,-0.38136566772776126
11,gpboost_vecchia,172,2.0261267867663726,2.0114833926750064,1.8606877401003246,0.27505729587658884,-0.16543904666604803
11,gpboost_vecchia,173,0.5209204804523221,0.4590531079165189,0.9455042181480593,0.268758681584337,0.4245837376957372
11,gpboost_vecchia,174,1.7675312151852611,1.8199766927843841,1.9562554636570013,0.2582915666541388,0.18872424847174019
11,gpboost_vecchia,175,1.086362318705143,1.0559379052824647,0.9889916433011621,0.3157035842543593,-0.09737067540398092
11,gpboost_vecchia,176,1.0266548605716062,1.0696962777256491,0.9280879528679549,0.33163973932467644,-0.09856690770365129
11,gpboost_vecchia,177,1.464726225440623,1.5750112195096782,1.4437694639009422,0.3273926303039452,-0.020956761539680846
11,gpboost_vecchia,178,2.1883223335026836,2.269744391392607,1.9952186941691537,0.2947945095711101,-0.19310363933352992
11,gpboost_vecchia,179,2.6009673748735684,2.7242580863349994,2.353309691394543,0.27259774497111033,-0.24765768347902561
11,gpboost_vecchia,180,2.113317474941005,2.219214153778993,2.211964050279782,0.2914274243593584,0.09864657533877708
11,gpboost_vecchia,181,1.2653098103493123,1.1940760140541857,1.552919026471642,0.2973988058857941,0.2876092161223296
11,gpboost_vecchia,182,1.649465041929914,1.6662722644959986,1.9337481354439703,0.37271346333918803,0.28428309351405634
11,gpboost_vecchia,183,1.268521435291017,1.2349230447182316,1.313496947724616,0.19501497753079633,0.044975512433598874
11,gpboost_vecchia,184,1.747256504002104,1.7684179386862908,1.8079891317389851,0.28936280411212234,0.06073262773688115
11,gpboost_vecchia,185,0.4906476025363897,0.4001040207439539,0.5923632704964632,0.3379644265810928,0.10171566796007347
11,gpboost_vecchia,186,1.459513739467519,1.465631012293022,0.8889818595591947,0.3091059993035169,-0.5705318799083243
11,gpboost_vecchia,187,1.1830806725502565,1.1630886675449252,1.6090491544366898,0.25527301541916203,0.4259684818864333
11,gpboost_vecchia,188,1.1162157764591651,1.1832647979552018,0.6424060575727921,0.30958083301154843,-0.473809718886373
11,gpboost_vecchia,189,1.2618058361074156,1.1456492289172886,1.0424316739743347,0.2769145841294651,-0.21937416213308092
11,gpboost_vecchia,190,1.2310344261429524,1.0926951716136124,1.0824296577743624,0.29268634527776255,-0.14860476836859005
11,gpboost_vecchia,191,1.135420797910017,1.0347269486695738,1.515085352658872,0.2683451039501529,0.37966455474885485
11,gpboost_vecchia,192,2.7792250414123467,2.780167942951927,2.6378625906940627,0.16843227262408128,-0.14136245071828402
11,gpboost_vecchia,193,1.8343028865963655,1.778287077551275,1.877262107080604,0.19591911662835929,0.04295922048423839
11,gpboost_vecchia,194,2.228031193525691,2.156262036076907,2.2083371830593563,0.19323592821687274,-0.019694010466334788
11,gpboost_vecchia,195,0.8127105820124184,0.7232190391980486,0.9565853557300414,0.33160682643797623,0.14387477371762303
11,gpboost_vecchia,196,2.0594787411166426,2.228599301977464,2.0528973038172396,0.21361630181365795,-0.006581437299403081
11,gpboost_vecchia,197,2.015675239698422,1.898516324254972,1.7948361768361423,0.27427058901708123,-0.2208390628622796
11,gpboost_vecchia,198,1.6117851996622314,1.5654249319695472,1.4646787628691769,0.25551799500651995,-0.14710643679305457
11,gpboost_vecchia,199,0.1382875309151364,0.27715195329831643,0.6379556607038879,0.3680398287288226,0.49966812978875147
11,gpboost_vecchia,200,1.800464060709822,1.7764132677521351,1.5071160397617476,0.3205929611419736,-0.29334802094807433
11,gpboost_vecchia,201,1.632949321088054,1.5442807753917913,1.082471629817583,0.4401947694210056,-0.550477691270471
11,gpboost_vecchia,202,1.0635826159914081,0.9858494983561097,0.8437286717047527,0.30705101780580785,-0.2198539442866554
11,gpboost_vecchia,203,1.5417938875246169,1.4430371865072598,1.8497754783069098,0.29446930681182465,0.3079815907822929
11,gpboost_vecchia,204,1.5287957185693473,1.6777719185583702,1.182998498916767,0.3245415387805509,-0.34579721965258026
11,gpboost_vecchia,205,1.2829881213840817,1.4248373071060392,1.351111152270228,0.2529655803010059,0.06812303088614624
11,gpboost_vecchia,206,1.1589125797136954,1.1917414758406653,0.9224904576675925,0.3208447113132348,-0.2364221220461029
11,gpboost_vecchia,207,1.499811478245689,1.6742194231066905,1.1390187147716944,0.2611080635191624,-0.3607927634739947
11,gpboost_vecchia,208,2.21695244834003,2.175453958077542,2.010995098445399,0.31076640119087556,-0.20595734989463121
11,gpboost_vecchia,209,1.0876773573162057,1.121782057313321,1.3023787200116672,0.3086457777954314,0.21470136269546147
11,gpboost_vecchia,210,2.416677576548901,2.4807516782227195,2.382902720013817,0.3372721403309914,-0.03377485653508394
11,gpboost_vecchia,211,1.2117813350983506,1.243974985262231,1.468852839365141,0.27637475193017114,0.2570715042667904
11,gpboost_vecchia,212,2.2572470618056037,2.2559858363342884,2.0243785497672846,0.29404660284131917,-0.23286851203831915
11,gpboost_vecchia,213,0.7537524091184777,0.6598693033778602,0.6784543182161755,0.24803246235753257,-0.07529809090230222
11,gpboost_vecchia,214,1.203219592466286,1.241894336149883,1.5216649448710413,0.31456543967424855,0.31844535240475524
11,gpboost_vecchia,215,1.423647854963675,1.4061489592047538,1.2972215382117867,0.2348936950438964,-0.12642631675188842
11,gpboost_vecchia,216,1.7191008188738388,1.7734818742827954,1.3271474724108714,0.24889621796623607,-0.3919533464629674
11,gpboost_vecchia,217,1.750478617737976,1.5232609933668761,1.4127985831395549,0.23149774603119347,-0.3376800345984212
11,gpboost_vecchia,218,1.4262944799980677,1.4624900554471152,1.021586780606171,0.3303311986138395,-0.40470769939189677
11,gpboost_vecchia,219,2.674902988896622,2.6455709675547436,2.668162517612828,0.1995949315910926,-0.0067404712837939584
11,gpboost_vecchia,220,1.536490668715478,1.5711900341147633,1.754399051715609,0.37001561517326065,0.21790838300013093
11,gpboost_vecchia,221,0.5906013761762468,0.48953858018845303,0.6999297465692393,0.3685130737239039,0.10932837039299259
11,gpboost_vecchia,222,2.275757449332719,2.3640797759348886,2.0213485293094138,0.23737709917777586,-0.2544089200233053
11,gpboost_vecchia,223,1.3396286333571485,1.4570468547147921,1.107852513777459,0.2704120516646332,-0.23177611957968947
11,gpboost_vecchia,224,1.6024454473802288,1.5002827970793495,0.9196056883633545,0.29968345225678444,-0.6828397590168742
11,gpboost_vecchia,225,2.0449419245020617,1.8136404383023876,2.3181809916987177,0.35288455835512456,0.273239067196656
11,gpboost_vecchia,226,0.8077708078658639,0.6518866601069458,0.5064785417658513,0.43546540420993957,-0.3012922661000126
11,gpboost_vecchia,227,2.334156662691977,2.2776896311209587,2.4054841828452425,0.2091082792728406,0.07132752015326549
11,gpboost_vecchia,228,2.075717036241582,2.0719222875477254,1.7763952353371657,0.33186306949380834,-0.2993218009044165
11,gpboost_vecchia,229,1.107126271791826,1.2035694643197963,1.6219288912780243,0.28423129944221714,0.5148026194861983
11,gpboost_vecchia,230,0.41961235524942997,0.5496290448763379,0.5919585304022519,0.34496531581907564,0.1723461751528219
11,gpboost_vecchia,231,2.2035281923418406,2.2205806917880113,2.06923128887815,0.24723675888881594,-0.1342969034636905
11,gpboost_vecchia,232,1.8805782342555888,1.777092336668143,1.5888323612598754,0.17609597986869208,-0.2917458729957134
11,gpboost_vecchia,233,1.234859334869091,1.2704193823893442,1.0388139064687039,0.3053754962779585,-0.1960454284003872
11,gpboost_vecchia,234,0.7820256709512992,0.6985384387946704,0.9553655393946912,0.30947510964453273,0.173339868443392
11,gpboost_vecchia,235,1.980564734470949,1.8159161870767253,2.240588928216475,0.2802880728019841,0.2600241937455261
11,gpboost_vecchia,236,2.581127802073697,2.6758531010911972,2.0897504937713762,0.28553876410199974,-0.49137730830232096
11,gpboost_vecchia,237,0.6916717147211162,0.7150507664562005,0.6298807789760659,0.30868723353875815,-0.061790935745050346
11,gpboost_vecchia,238,1.5733395162894195,1.5494198703474018,1.551949531167196,0.19250198370040844,-0.021389985122223454
11,gpboost_vecchia,239,2.0640927022068007,2.1615715185272704,2.565876846970159,0.37867836368432134,0.5017841447633584
11,gpboost_vecchia,240,-0.18831528372512546,-0.23526476275043656,0.10573334814592528,0.2754589711111115,0.29404863187105074
11,gpboost_vecchia,241,0.9877819179252189,1.0315136056373235,0.7356196968854007,0.3232013969566184,-0.2521622210398181
11,gpboost_vecchia,242,0.3644050712258889,0.31217237681096116,0.06375936975475582,0.3654499632403773,-0.30064570147113306
11,gpboost_vecchia,243,2.123245326759946,2.0343676486623767,2.1848991059738694,0.2931271012609539,0.06165377921392334
11,gpboost_vecchia,244,0.5452487635871257,0.6404114352746292,0.7773876355578153,0.3123086257172041,0.2321388719706896
11,gpboost_vecchia,245,1.10045433714631,1.0279074475154366,1.6598375893974193,0.29766431913432106,0.5593832522511093
11,gpboost_vecchia,246,2.619170036099317,2.4858210233193185,2.427040101913427,0.21729449065036494,-0.19212993418588997
11,gpboost_vecchia,247,1.8803603560740523,1.9755975240547188,1.68377164158656,0.2887618965382711,-0.19658871448749227
11,gpboost_vecchia,248,1.0225214207084175,1.0765480210448881,0.8498682860930842,0.2993073562082692,-0.17265313461533327
11,gpboost_vecchia,249,2.5134066573393925,2.6180222622088327,2.2178587502123257,0.32343771651389763,-0.2955479071270668
11,gpboost_vecchia,250,1.3505528478305981,1.1600460367083274,1.2005158008352979,0.1637916390299772,-0.1500370469953003
11,gpboost_vecchia,251,2.73925423195612,2.768890855096837,2.587266846507667,0.202039634663306,-0.1519873854484528
11,gpboost_vecchia,252,0.8214494703783743,0.6920074419849597,0.7367212539084065,0.27527972534867423,-0.08472821646996787
11,gpboost_vecchia,253,1.6094549922542676,1.569210219504031,1.825538127060824,0.17023005147924472,0.2160831348065564
11,gpboost_vecchia,254,1.0503250264842583,1.0233279242283937,0.4693941903200738,0.2862537287011128,-0.5809308361641845
11,gpboost_vecchia,255,2.322348514125024,2.2413848202241393,2.3174119373823743,0.3078749907422888,-0.004936576742649912
11,gpboost_vecchia,256,1.3678348300453038,1.2875713474937727,1.0194943449677538,0.27403416228073135,-0.34834048507755
11,gpboost_vecchia,257,1.406405864172424,1.2725072832952753,1.3163403661325859,0.22637406748280092,-0.0900654980398381
11,gpboost_vecchia,258,0.7925084454147955,0.7694525389524445,0.7457791830683007,0.2724071171632918,-0.04672926234649477
11,gpboost_vecchia,259,2.649083593155072,2.45692681242748,2.3120291467143446,0.24845393611670427,-0.33705444644072724
11,gpboost_vecchia,260,2.480367728977137,2.257464516947761,2.275766257997205,0.29657850536647457,-0.2046014709799322
11,gpboost_vecchia,261,0.9581622557977318,1.014826932091059,0.48109242375182504,0.22959410945567207,-0.4770698320459068
11,gpboost_vecchia,262,1.8566034504429487,1.9511080074293567,1.7987590088468295,0.201261485029423,-0.057844441596119234
11,gpboost_vecchia,263,1.4655051653917344,1.475466102210077,1.8669692341250013,0.2704371899333212,0.4014640687332669
11,gpboost_vecchia,264,1.3823024221679803,1.3257686053202344,1.481298194351126,0.2469313654774105,0.09899577218314581
11,gpboost_vecchia,265,2.0000302157839007,1.8970564975679767,1.90390937398886,0.19927128685911932,-0.09612084179504077
11,gpboost_vecchia,266,2.7004034006694635,2.6321405302623426,2.3627393933922036,0.2808382160179729,-0.33766400727725987
11,gpboost_vecchia,267,1.4887123692978603,1.2909173187043863,1.7376495244879422,0.3155844921746465,0.24893715519008186
11,gpboost_vecchia,268,0.5984758519878931,0.6078330347305675,0.4733290589515562,0.3029177096339036,-0.1251467930363369
11,gpboost_vecchia,269,1.4565578331789992,1.5490536366989365,1.6539259089155678,0.30215742453432787,0.19736807573656856
11,gpboost_vecchia,270,2.960518293584034,3.1406380536179554,2.885648940219788,0.22554837253198148,-0.07486935336424594
11,gpboost_vecchia,271,1.0025284863033403,1.0347794153209333,0.8167920864499365,0.31273887110226517,-0.18573639985340384
11,gpboost_vecchia,272,0.7295625673512783,0.6159042771048288,1.123116606039325,0.37876225148326353,0.3935540386880466
11,gpboost_vecchia,273,1.0705079361352763,1.233674921453082,0.7465534979818926,0.3097330863101812,-0.32395443815338365
11,gpboost_vecchia,274,2.175247078225433,2.2978346200618662,2.0395766387904857,0.17012091658273015,-0.13567043943494728
11,gpboost_vecchia,275,1.072221448167563,1.1258538973640504,0.8811021873382998,0.2955772319737046,-0.19111926082926312
11,gpboost_vecchia,276,1.5000133597494696,1.4034038719673674,1.480635757720961,0.3401502153221303,-0.019377602028508578
11,gpboost_vecchia,277,0.9670664963165563,0.9920307501931139,1.3884079596146108,0.2671092187392041,0.42134146329805455
11,gpboost_vecchia,278,1.495280677202059,1.37957002491591,1.8923551091149946,0.3129099449114265,0.39707443191293557
11,gpboost_vecchia,279,1.2619197696092237,1.2778557274347493,0.7492749326113,0.3014700942603446,-0.5126448369979237
11,gpboost_vecchia,280,1.7333915490671559,1.8288378287614084,1.714538556874416,0.26121869405249176,-0.018852992192739837
11,gpboost_vecchia,281,2.17745440186939,2.1331628134730147,2.1962489963404934,0.3697457510610366,0.01879459447110321
11,gpboost_vecchia,282,2.9308978708375926,2.9928839270316234,2.8325841913030487,0.2957718917723373,-0.09831367953454384
11,gpboost_vecchia,283,2.17179217119896,2.2050516198419503,1.766115984442692,0.21081030319284227,-0.40567618675626793
11,gpboost_vecchia,284,0.748343902702505,0.7344175061386141,1.0786981464532914,0.2545079912653079,0.3303542437507865
11,gpboost_vecchia,285,2.021076857547791,1.9027869498726024,1.8150332523593065,0.26465669498159355,-0.2060436051884844
11,gpboost_vecchia,286,0.6308962473112714,0.5306582214026875,1.1780990236609057,0.3148646205784422,0.5472027763496343
11,gpboost_vecchia,287,0.9952641847684123,0.931546140194408,1.0029601037294782,0.2297834719382843,0.007695918961065917
11,gpboost_vecchia,288,1.397025506064985,1.1883692703770918,1.0221213363933828,0.31614324189511855,-0.3749041696716022
11,gpboost_vecchia,289,0.5187420975984058,0.5200569110901037,0.8940961913672538,0.27274301835228076,0.375354093768848
11,gpboost_vecchia,290,0.5386837516422376,0.4732461010775605,0.4663069627559224,0.32772236515880926,-0.07237678888631516
11,gpboost_vecchia,291,2.7984793875920584,2.8236130583630055,2.7849817651768447,0.22192094001746088,-0.013497622415213684
11,gpboost_vecchia,292,2.0919659244007476,2.1270448735157443,2.314896844527283,0.36525809081895216,0.22293092012653526
11,gpboost_vecchia,293,0.5943584971792519,0.5917867453175288,0.6779128722924241,0.2627323267250069,0.08355437511317221
11,gpboost_vecchia,294,1.0103102757085627,1.0889732636910563,1.0745058676664598,0.23407459357700564,0.06419559195789715
11,gpboost_vecchia,295,2.074749033709492,1.9772617159834294,2.1764314631411423,0.2185605570388114,0.10168242943165051
11,gpboost_vecchia,296,1.283431629146558,1.1424850500436456,1.441111198578703,0.18726192613316459,0.15767956943214512
11,gpboost_vecchia,297,2.0760333101604656,2.0987944500440343,2.237748545985795,0.3234928294666103,0.16171523582532954
11,gpboost_vecchia,298,2.4386094149688673,2.4663169771576148,2.3410214076026747,0.279278300492404,-0.09758800736619255
11,gpboost_vecchia,299,2.41864541988239,2.4817596293797006,2.3086064202242085,0.2630013147231244,-0.11003899965818142
12,gpboost_vecchia,0,-0.6119258596782686,-0.6768542878791537,-0.71309001955143,0.2593784151846566,-0.10116415987316141
12,gpboost_vecchia,1,-0.2455711338043701,-0.15144899859047112,-0.38943649015985926,0.23448506307814085,-0.14386535635548917
12,gpboost_vecchia,2,-1.2009053212649488,-1.175871714532065,-0.8032392859770567,0.3592706926181558,0.397666035287892
12,gpboost_vecchia,3,-0.024085007427201544,0.010433513727856662,-0.7657604145437293,0.3320191332373231,-0.7416754071165278
12,gpboost_vecchia,4,-0.40587058260734654,-0.2554839408323353,-0.6272129607612538,0.26849312512798695,-0.22134237815390723
12,gpboost_vecchia,5,0.09226299915135172,0.16723924712475352,0.2980796200437288,0.28224221151486134,0.20581662089237707
12,gpboost_vecchia,6,-0.50927167688615,-0.5556302888266995,-0.10851111380822154,0.30242790542726034,0.4007605630779285
12,gpboost_vecchia,7,-0.09470073340499924,-0.12447515665405556,0.5414148745810463,0.36023216201453095,0.6361156079860455
12,gpboost_vecchia,8,-0.5773911244660593,-0.5098542731829186,-0.43682993692852534,0.25061821674290063,0.140561187537534
12,gpboost_vecchia,9,-1.292223408012179,-1.333971099366129,-0.6722925033625442,0.2762835441840986,0.6199309046496349
12,gpboost_vecchia,10,-0.7050625057686348,-0.6880781886721893,-0.6710339075246949,0.23690267332164858,0.03402859824393989
12,gpboost_vecchia,11,0.17385905262639784,0.16573634211561294,-0.17100057843088123,0.24367495022631733,-0.34485963105727907
12,gpboost_vecchia,12,-0.5901561704327355,-0.5348935311698586,-0.5837876340692958,0.24957963966566035,0.006368536363439703
12,gpboost_vecchia,13,-0.39929745470401123,-0.6349917425140654,-0.2823013154897982,0.23694108552905283,0.11699613921421304
12,gpboost_vecchia,14,-1.0247866607007143,-1.1408264602793423,-0.7039332770442162,0.3097283966656599,0.3208533836564982
12,gpboost_vecchia,15,1.2421694306951339,1.2048128835726508,1.3167474490302808,0.24366980864883636,0.07457801833514699
12,gpboost_vecchia,16,0.8625134967706315,0.8331424906482453,0.40250837909774084,0.2868480468426732,-0.46000511767289065
12,gpboost_vecchia,17,0.7892474673398184,1.100059739675898,0.536268605867555,0.27583662155988614,-0.25297886147226345
12,gpboost_vecchia,18,0.2888880788220964,0.28519669321423274,0.1352142401629104,0.27973472055715765,-0.153673838659186
12,gpboost_vecchia,19,-0.315762444591114,-0.23891643787152195,-0.268609646678593,0.2739323139316232,0.04715279791252103
12,gpboost_vecchia,20,-0.520166137438406,-0.6467650214155333,-0.13058566421262796,0.27990873150053464,0.38958047322577805
12,gpboost_vecchia,21,-0.043022086616242905,-0.28595961889242205,-0.1333990506984577,0.21238818157148012,-0.0903769640822148
12,gpboost_vecchia,22,1.1066496869657565,0.962305388012725,1.1869516439809225,0.2578068862073444,0.08030195701516596
12,gpboost_vecchia,23,-0.09707530895408986,-0.062251895489152,0.29301827752248144,0.2859473281714083,0.39009358647657133
12,gpboost_vecchia,24,-0.40409609888341025,-0.3776015340354967,-0.42683126093969115,0.23853747067817918,-0.0227351620562809
12,gpboost_vecchia,25,-0.724866158653532,-0.7072542198943411,-0.48231625057041416,0.25101128977253645,0.24254990808311783
12,gpboost_vecchia,26,-1.2564252272571192,-1.2698617898292865,-0.6293969594799664,0.30290576006224684,0.6270282677771528
12,gpboost_vecchia,27,-1.388814908398802,-1.44186151005443,-1.279780508390962,0.2580300926053743,0.10903440000784004
12,gpboost_vecchia,28,0.2217541212046097,0.11050136549248572,-0.05245667522751063,0.3034024983857804,-0.2742107964321203
12,gpboost_vecchia,29,-0.7108193006718495,-0.608142172645399,-0.593648519286404,0.26653979806705286,0.11717078138544545
12,gpboost_vecchia,30,1.3461559462443307,1.106153449383195,1.0869283245829582,0.24675790398636882,-0.2592276216613725
12,gpboost_vecchia,31,0.1745087171281876,0.06977604814794736,-0.04439990085774781,0.24962291416100618,-0.21890861798593542
12,gpboost_vecchia,32,-1.351085213314158,-1.3111312103788506,-0.6581318921806893,0.3019009605899504,0.6929533211334686
12,gpboost_vecchia,33,0.31965573044270906,0.5344728100218323,0.16917794819944998,0.29638154526618926,-0.15047778224325908
12,gpboost_vecchia,34,0.22778627842741198,0.21528007901552643,0.1348797658710268,0.2385806658400194,-0.09290651255638518
12,gpboost_vecchia,35,0.4138777895846047,0.5323874300673526,0.13860005065333425,0.3003518825463047,-0.27527773893127044
12,gpboost_vecchia,36,1.9948086727852534,1.8951684837180502,1.7958648110234332,0.17110973557891507,-0.19894386176182022
12,gpboost_vecchia,37,-0.18280207227887346,-0.29894551432200966,-0.40223300892830594,0.25632329387146024,-0.21943093664943247
12,gpboost_vecchia,38,-0.3710140041566081,-0.4420842038578091,-0.39178387324288266,0.20418818153179322,-0.02076986908627454
12,gpboost_vecchia,39,1.0267128120457625,1.0600598824657792,0.8177882802830947,0.22117073384441788,-0.2089245317626678
12,gpboost_vecchia,40,0.36264455618055236,0.32783930567655584,1.0734201586739527,0.27228905039527795,0.7107756024934003
12,gpboost_vecchia,41,0.6096068085587718,0.8777166321022846,0.5359962930363054,0.25247467822297925,-0.07361051552246645
12,gpboost_vecchia,42,-0.69121456823629,-0.7418002922470399,-0.6354508920717432,0.22727235710596733,0.055763676164546805
12,gpboost_vecchia,43,0.5544496031608577,0.6464170273494614,1.1980031465118097,0.2827804544196181,0.643553543350952
12,gpboost_vecchia,44,-0.47432380197215074,-0.3298930833812431,-0.46309597691352167,0.28079426523500156,0.01122782505862907
12,gpboost_vecchia,45,-0.48843853423735173,-0.31265616423985065,-0.5596249301653806,0.22784944495131304,-0.07118639592802889
12,gpboost_vecchia,46,0.40886832802908457,0.5369625331922552,0.060984357017731305,0.28224536205150014,-0.34788397101135327
12,gpboost_vecchia,47,1.481913737190855,1.4243716535000337,1.0488032887990446,0.2706591010244337,-0.43311044839181045
12,gpboost_vecchia,48,0.327683126103045,0.31221564699959264,0.6683183465436571,0.26454120575784,0.34063522044061206
12,gpboost_vecchia,49,0.10087275592500458,-0.050331139152510945,-0.14383775573477742,0.2888005922356924,-0.244710511659782
12,gpboost_vecchia,50,1.0194647947784348,0.7806198188989095,0.7503645572511086,0.25540883947942583,-0.26910023752732615
12,gpboost_vecchia,51,0.14187364032469424,0.22063213498704204,0.2283388803145936,0.27223570960947335,0.08646523998989936
12,gpboost_vecchia,52,0.6567680337249484,0.6440757685840024,0.7765305100978974,0.2765360235884882,0.11976247637294901
12,gpboost_vecchia,53,-0.24289081365920806,-0.23223852632761746,-0.24128239170619104,0.26947367083386076,0.0016084219530170252
12,gpboost_vecchia,54,-0.07357867702559612,-0.008599268833847484,-0.2945516895569549,0.27863413967868644,-0.22097301253135876
12,gpboost_vecchia,55,-0.8450126690116888,-0.8925973216754497,-0.9778170409885245,0.24552533926620349,-0.1328043719768357
12,gpboost_vecchia,56,-0.4698781832050259,-0.5400002308088281,-0.32833492967060707,0.262811143897774,0.14154325353441882
12,gpboost_vecchia,57,0.015075216015177972,-0.04070786780967304,0.10472786131051492,0.3001854639538134,0.08965264529533695
12,gpboost_vecchia,58,0.46551284757172384,0.3820718190035513,0.3576125772833283,0.2532478651963523,-0.10790027028839555
12,gpboost_vecchia,59,-0.8317784218935125,-0.7399198905256856,-0.8796417469767697,0.15145516338762569,-0.04786332508325719
12,gpboost_vecchia,60,0.07575235607798804,0.2021381818254222,-0.1610442788677755,0.28381246652672426,-0.23679663494576353
12,gpboost_vecchia,61,0.6688334626396345,0.4837512427729881,0.4460684629011755,0.31917058481722616,-0.22276499973845898
12,gpboost_vecchia,62,-0.5976446547948654,-0.610030224819659,-0.5757487954363647,0.24687010645338556,0.02189585935850069
12,gpboost_vecchia,63,-0.9353109830743086,-1.022308039254717,-0.37367011227229696,0.274063790722068,0.5616408708020116
12,gpboost_vecchia,64,-0.2733694874300646,-0.19044309015651018,-0.6804339971304927,0.32704566888508835,-0.40706450970042807
12,gpboost_vecchia,65,1.191716629221208,0.9213519023160223,1.6807187260062513,0.23965875325032104,0.48900209678504325
12,gpboost_vecchia,66,-0.599653381140969,-0.6604807128119652,-0.5437814197877167,0.22725677116747145,0.05587196135325234
12,gpboost_vecchia,67,0.5664030571638803,0.34890708694975425,0.777108773924434,0.2671692470848325,0.21070571676055372
12,gpboost_vecchia,68,-0.3589863895898664,-0.41403827745591637,-0.02408746111327531,0.27234592966047755,0.3348989284765911
12,gpboost_vecchia,69,-0.20057846285272515,-0.2169198133633771,-0.0495052121394588,0.24511228514782316,0.15107325071326635
12,gpboost_vecchia,70,-0.5025700983025668,-0.5712573418550971,-0.34566503681822436,0.27987299636046437,0.15690506148434247
12,gpboost_vecchia,71,-0.7891491912479502,-0.81146057086257,-1.0961933223312634,0.2512309172269191,-0.3070441310833132
12,gpboost_vecchia,72,-1.0803636232123952,-1.1587721513819929,-1.1345099334796025,0.25941415363759834,-0.05414631026720729
12,gpboost_vecchia,73,0.45607987910842995,0.38908281250015825,0.20496635235444316,0.2690352741350652,-0.2511135267539868
12,gpboost_vecchia,74,-0.19190502828574127,-0.16191225590257896,-0.48553823792680184,0.27070306732692767,-0.29363320964106054
12,gpboost_vecchia,75,0.9631419329409617,0.9340017141241108,0.6430954497946786,0.2616273667679522,-0.32004648314628314
12,gpboost_vecchia,76,-0.5808205628621508,-0.6227593862733318,-0.6888063186538362,0.17460012747280612,-0.10798575579168546
12,gpboost_vecchia,77,1.529841704282826,1.6098009408779412,1.4403322439889834,0.23125804133096392,-0.08950946029384266
12,gpboost_vecchia,78,-0.9636283096573076,-0.9529829602024733,-1.1208308893233419,0.2637572184792472,-0.15720257966603424
12,gpboost_vecchia,79,-0.568674482665609,-0.5425743651306438,-0.7387792319323481,0.21203686390564164,-0.17010474926673902
12,gpboost_vecchia,80,-1.1845307151333682,-1.2448473192038145,-0.9649656077023145,0.316860414028223,0.21956510743105362
12,gpboost_vecchia,81,0.03694431953169197,-0.03222199305593183,-0.04984621850843851,0.19046217457334635,-0.08679053804013048
12,gpboost_vecchia,82,0.06443705323736237,0.08137536956981098,-0.22321907064473567,0.22181157475561644,-0.28765612388209805
12,gpboost_vecchia,83,-0.23895787541721386,-0.3859385596759263,-0.46229079291472175,0.27624127394029263,-0.2233329174975079
12,gpboost_vecchia,84,-1.4251125004755363,-1.3657775954126992,-0.666914386506761,0.2915316325543061,0.7581981139687752
12,gpboost_vecchia,85,-0.09231222824095683,0.060083496998398656,-0.46591619722714483,0.2604216961751386,-0.373603968986188
12,gpboost_vecchia,86,-0.7307659424457977,-0.6624046004578867,-0.8891005517267452,0.22248345853561247,-0.15833460928094745
12,gpboost_vecchia,87,0.1433399146222668,0.023812836540497928,0.5387365913119773,0.27042608792416567,0.39539667668971046
12,gpboost_vecchia,88,1.554222027901277,1.5537938577463788,1.1893950676937397,0.26514400474565814,-0.36482696020753735
12,gpboost_vecchia,89,0.5559708667960247,0.5314992123095926,0.9022592965137344,0.2638109931974056,0.3462884297177097
12,gpboost_vecchia,90,-0.22211237256543925,-0.23825557895902721,0.3053731480484494,0.2769718994907184,0.5274855206138886
12,gpboost_vecchia,91,0.2847564218169064,0.1964379219744818,0.14918059389791516,0.2803984538800708,-0.13557582791899125
12,gpboost_vecchia,92,-0.5704060504315301,-0.44077222114391135,-0.4172064880577375,0.27505326087208243,0.15319956237379262
12,gpboost_vecchia,93,0.996077823092638,0.9844384663590322,1.1419327492266733,0.33189321897874985,0.14585492613403528
12,gpboost_vecchia,94,0.9413308125122006,1.1018038940517814,1.6160613530320607,0.280317167382878,0.67473054051986
12,gpboost_vecchia,95,0.4629270542221475,0.53237844570482,0.8878226862661656,0.2671548124524148,0.42489563204401803
12,gpboost_vecchia,96,2.033719642765659,2.0986298193406423,1.824759504586397,0.23609965639488584,-0.20896013817926207
12,gpboost_vecchia,97,-0.7910475335526234,-0.8024259382026145,-0.5275528419126703,0.2530407879141838,0.2634946916399531
12,gpboost_vecchia,98,-0.521363136778701,-0.3085446032754797,-0.3183122335675961,0.2650114849071691,0.20305090321110497
12,gpboost_vecchia,99,-0.31552472001812915,-0.4288599736151026,-0.6676076605638155,0.2583099527635465,-0.35208294054568634
12,gpboost_vecchia,100,0.5135047701745247,0.5096375147878802,0.56839177485777,0.28241506749862966,0.054887004683245366
12,gpboost_vecchia,101,-0.15055006318737485,-0.4278505190961868,-0.24514110773401843,0.22544130723786818,-0.09459104454664358
12,gpboost_vecchia,102,-0.772915574807705,-0.7677588554729312,-0.7366856231899774,0.2458538743146034,0.036229951617727574
12,gpboost_vecchia,103,-1.2958523590609907,-1.1710235157863536,-0.78346876946339,0.3523078090077445,0.5123835895976008
12,gpboost_vecchia,104,1.3755214989707145,1.4388959217039978,1.0347890519323748,0.259721911757997,-0.3407324470383397
12,gpboost_vecchia,105,0.1165780755664741,0.21731167801756368,-0.0024259792949745673,0.282049763946808,-0.11900405486144866
12,gpboost_vecchia,106,0.32400516765231197,0.4134718941581368,0.6861381062277143,0.2796658318624914,0.36213293857540235
12,gpboost_vecchia,107,-0.22209407976738071,-0.14771214881862785,-0.20131847959786242,0.23095454611878805,0.020775600169518293
12,gpboost_vecchia,108,0.15837003329559224,0.05786852355401716,0.5750009083932488,0.26676124455884753,0.41663087509765656
12,gpboost_vecchia,109,-0.6018507575341653,-0.73108502162272,-0.18832079016339165,0.25019450326525106,0.41352996737077363
12,gpboost_vecchia,110,0.6245189392983103,0.614079097689219,0.6989000116774671,0.27962249139684237,0.07438107237915681
12,gpboost_vecchia,111,-0.23920459117942428,-0.2750902282012391,0.22360036971587505,0.3444196979068427,0.4628049608952993
12,gpboost_vecchia,112,1.4480677429174547,1.4705773936248638,1.7236327904347801,0.2155124200429823,0.27556504751732547
12,gpboost_vecchia,113,-0.8724294323285673,-0.7905210830366254,-0.9895510948923913,0.22688085411330441,-0.11712166256382406
12,gpboost_vecchia,114,1.2639740386962697,1.4932448638961986,1.0437937547524836,0.246164786042655,-0.22018028394378608
12,gpboost_vecchia,115,0.126966017341059,0.22824143313770512,0.13462899386445581,0.21157676295760866,0.007662976523396814
12,gpboost_vecchia,116,-1.0200813801003212,-0.9313517831094587,-0.5517565009888221,0.2716295402539745,0.4683248791114991
12,gpboost_vecchia,117,-0.18605091295726917,-0.11470105502000978,0.12486658829660957,0.3166708935835271,0.31091750125387874
12,gpboost_vecchia,118,0.7639164803066856,0.6142518711138054,0.4837706106789401,0.2753767606063289,-0.28014586962774546
12,gpboost_vecchia,119,0.3466415194657686,0.36492792339979646,0.4622024484014524,0.2825761013818957,0.11556092893568382
12,gpboost_vecchia,120,-0.2871925580840237,-0.17391789785163728,-0.5586546640036865,0.2453671359833266,-0.27146210591966274
12,gpboost_vecchia,121,-0.8337288168000618,-0.8073383172837515,-0.8525275323337134,0.22283039605517646,-0.018798715533651533
12,gpboost_vecchia,122,-0.1167627472732471,-0.1280598371631646,0.017042380400324575,0.27430700914926476,0.13380512767357167
12,gpboost_vecchia,123,-0.341123942886244,-0.414647810518585,-0.5961153669340877,0.2466497105778227,-0.25499142404784375
12,gpboost_vecchia,124,0.49907270193658065,0.46010865334231066,1.1121786389954913,0.2667572856021495,0.6131059370589107
12,gpboost_vecchia,125,0.216827703092051,0.2215021450334233,-0.1205532257943549,0.31686042744831633,-0.3373809288864059
12,gpboost_vecchia,126,0.4954294151762895,0.7685359422819475,0.2254049757240031,0.25750572113015924,-0.27002443945228644
12,gpboost_vecchia,127,1.2633873846909105,1.3763442633697047,1.4230414251834036,0.2572588291597823,0.1596540404924931
12,gpboost_vecchia,128,0.10137734019040645,0.08157108916496442,-0.038560847073801696,0.2905538669285768,-0.13993818726420815
12,gpboost_vecchia,129,0.05127318150701865,0.04254261187479039,-0.24221542106017413,0.2670586525781017,-0.2934886025671928
12,gpboost_vecchia,130,0.2554785785481901,0.2999218263184995,0.07943932172328871,0.21220170260306886,-0.1760392568249014
12,gpboost_vecchia,131,1.6379333349627823,1.7016371727663737,1.775297169704639,0.24251483796752324,0.13736383474185665
12,gpboost_vecchia,132,-1.4964946085704287,-1.5550875328663947,-0.7502005730893613,0.27553994580341196,0.7462940354810674
12,gpboost_vecchia,133,1.3078225499187572,1.2168525769669918,0.9368952717643193,0.24872750607740146,-0.37092727815443793
12,gpboost_vecchia,134,0.2115507292213064,0.10168042442488778,0.5428370406569005,0.25707103430345396,0.3312863114355941
12,gpboost_vecchia,135,-0.6072926795213791,-0.5861699556506754,-0.2583826724432283,0.2903167693911234,0.3489100070781508
12,gpboost_vecchia,136,-0.5347282378031764,-0.5502880565914978,-0.19344551043945835,0.25132709217084603,0.341282727363718
12,gpboost_vecchia,137,0.04538327838102496,-0.024150707210693123,-0.1119995803994609,0.2875034444853058,-0.15738285878048586
12,gpboost_vecchia,138,1.1651152635427446,1.1074861981909971,1.421609581171948,0.21440264526665737,0.2564943176292034
12,gpboost_vecchia,139,0.06429808853409762,0.2358367396328725,0.04793476579607159,0.2966999539936015,-0.01636332273802603
12,gpboost_vecchia,140,0.021087283622564373,-0.02410337271535687,0.03836050666434687,0.24336033023959697,0.0172732230417825
12,gpboost_vecchia,141,0.21199489651302741,0.1218300273458277,0.6276694478745419,0.29130501981497536,0.41567455136151454
12,gpboost_vecchia,142,2.0448863823272676,2.1746571085319255,1.7589351602079635,0.20955176000980952,-0.2859512221193041
12,gpboost_vecchia,143,-0.20526303120114706,-0.23709494271053552,-0.14203170006116927,0.26473701423148605,0.06323133113997778
12,gpboost_vecchia,144,-0.010118930454409286,0.14351100796464053,-0.030602842113084172,0.2728189687887564,-0.020483911658674886
12,gpboost_vecchia,145,0.7597863275303265,0.7118486953513137,0.3976809558882861,0.31486514264248583,-0.3621053716420404
12,gpboost_vecchia,146,-0.25365660912774723,-0.10569003051246642,-0.2174158858288635,0.2267157862655957,0.036240723298883726
12,gpboost_vecchia,147,0.7295257272635718,0.7221522286703809,0.9437757029088463,0.27773099533973783,0.21424997564527448
12,gpboost_vecchia,148,-0.09896693015051669,-0.24107128640296577,-0.1883228607011933,0.31251796508791796,-0.08935593055067662
12,gpboost_vecchia,149,-1.5186998492367652,-1.4942477532023555,-1.197439221510269,0.2613603660097007,0.3212606277264962
12,gpboost_vecchia,150,-0.46623172741389907,-0.38493509467446957,-0.4894774752351285,0.26328303458475033,-0.023245747821229457
12,gpboost_vecchia,151,-0.535889970530149,-0.5473064553417661,-0.9080957935499185,0.24004757642494662,-0.37220582301976957
12,gpboost_vecchia,152,0.0029962017947765818,-0.03194110913787567,0.39925649280925324,0.28307590245239583,0.3962602910144767
12,gpboost_vecchia,153,-1.2438247847543349,-1.2039070374013632,-0.6541455343881744,0.268959411662265,0.5896792503661605
12,gpboost_vecchia,154,-1.465874101021718,-1.3144044461718312,-1.2351132314623978,0.2668999622716143,0.23076086955932018
12,gpboost_vecchia,155,-1.3028277977841567,-1.2623125355332696,-1.2787790432222632,0.24836932080276308,0.02404875456189348
12,gpboost_vecchia,156,1.08685164726415,1.0199296608187403,1.1710220330518624,0.2634152412933503,0.0841703857877123
12,gpboost_vecchia,157,-0.11281540681595154,-0.060191411121999716,0.8804357358005497,0.2853835575395998,0.9932511426165012
12,gpboost_vecchia,158,-0.7535308563855035,-0.7228070058219545,-0.26344523962832866,0.2690790291236841,0.4900856167571749
12,gpboost_vecchia,159,1.8135811352500715,1.827769943731824,1.6762005370461468,0.17162151498221387,-0.13738059820392468
12,gpboost_vecchia,160,0.7065100261616021,0.732175630415347,0.635065451392097,0.23349950807524655,-0.07144457476950505
12,gpboost_vecchia,161,-0.41029626030558797,-0.38635241086815225,-0.20366150142381834,0.28503563314385777,0.20663475888176963
12,gpboost_vecchia,162,-1.098253064387254,-1.1468912811175076,-0.691509738501928,0.26985383407764507,0.4067433258853259
12,gpboost_vecchia,163,-0.14351100179575826,-0.12335151707984217,0.40756518704903577,0.2969387074876142,0.551076188844794
12,gpboost_vecchia,164,-0.3360421215894712,-0.21755959709896788,-0.3830718088792615,0.2964471013641894,-0.04702968728979029
12,gpboost_vecchia,165,-0.9416914387615414,-0.9985480188867006,-0.8673396868225325,0.22837979804260256,0.07435175193900889
12,gpboost_vecchia,166,0.24874102399652198,0.3483199637508885,0.04406716168609037,0.2817205562420915,-0.2046738623104316
12,gpboost_vecchia,167,0.5509697292332352,0.6106405219537099,1.2722939702466292,0.2819698456514338,0.721324241013394
12,gpboost_vecchia,168,0.32864909904888995,0.4297920692589635,0.5531585237180554,0.21878811153424446,0.22450942466916546
12,gpboost_vecchia,169,-0.7588769094239068,-0.7002714334184829,-0.32179064189656614,0.29235638838071437,0.4370862675273407
12,gpboost_vecchia,170,1.6457220081516684,1.6099780520562925,1.2107840503191758,0.23844961834914083,-0.43493795783249256
12,gpboost_vecchia,171,0.43124267191222315,0.4773634004012714,0.09041309944763043,0.31924582358832276,-0.3408295724645927
12,gpboost_vecchia,172,-0.7786376341180103,-0.9074043833642736,-0.7204396725237601,0.2500121365234285,0.05819796159425028
12,gpboost_vecchia,173,0.17723078725083002,0.05438618285703477,0.4249361801352123,0.2731346503948415,0.24770539288438226
12,gpboost_vecchia,174,-0.007639199661888418,0.005272077414493457,0.9901177729502386,0.30374726244897615,0.997756972612127
12,gpboost_vecchia,175,0.514146254578931,0.47685195494896804,0.3360645916408549,0.31872200536890755,-0.17808166293807615
12,gpboost_vecchia,176,-0.33869908787050257,-0.3908805106967873,-0.6805277835351973,0.2564584504665382,-0.3418286956646947
12,gpboost_vecchia,177,0.1559048302435212,0.11232531895870249,0.8572131948857162,0.27124817509354177,0.701308364642195
12,gpboost_vecchia,178,0.22979682102451515,0.2808950672068764,0.44526464060637494,0.2665432250575161,0.2154678195818598
12,gpboost_vecchia,179,0.509840488224181,0.665564537994955,0.2696534038824332,0.29901399706266046,-0.24018708434174785
12,gpboost_vecchia,180,-0.3499683096767067,-0.32092360400311787,-0.1664719341505858,0.2703349931617731,0.18349637552612091
12,gpboost_vecchia,181,0.4145937412741148,0.359674610597036,0.37653357114715824,0.240078306148716,-0.03806017012695656
12,gpboost_vecchia,182,0.2218446934943424,0.09559614714512346,0.13411976742384724,0.26781695888139073,-0.08772492607049517
12,gpboost_vecchia,183,1.2804267668964213,1.3646842179811123,1.3438369697998258,0.26117353134059246,0.06341020290340449
12,gpboost_vecchia,184,-1.0729655009168264,-1.1438179238900075,-0.5551630123271121,0.2670191521798745,0.5178024885897143
12,gpboost_vecchia,185,-0.8627205200985602,-1.0362553925663123,-0.7674687937597442,0.1976050902965522,0.09525172633881596
12,gpboost_vecchia,186,0.7310003737033408,0.9187928202767204,0.5776910671625597,0.27265985787621533,-0.15330930654078112
12,gpboost_vecchia,187,1.442866379955,1.6430064796448383,1.0154241800795152,0.27140632412964133,-0.4274421998754847
12,gpboost_vecchia,188,-0.38662226688467394,-0.4528018181578788,-0.591465523363059,0.26221214885229,-0.20484325647838508
12,gpboost_vecchia,189,-0.09393020715611988,-0.08662099949902566,0.08785313595001387,0.278054122872644,0.18178334310613375
12,gpboost_vecchia,190,-0.20249491081826335,-0.2780492120111293,-0.373956641641489,0.2630077952816961,-0.17146173082322566
12,gpboost_vecchia,191,1.4078347949412642,1.5274870197297656,1.0196851214821372,0.26378469466512094,-0.388149673459127
12,gpboost_vecchia,192,-0.5013151494621576,-0.37475256708177884,-0.8814666350145792,0.2720282974076427,-0.3801514855524216
12,gpboost_vecchia,193,-0.16263044437383536,-0.15912131086495734,0.061577461308528925,0.2533305022445184,0.2242079056823643
12,gpboost_vecchia,194,-0.24142036495776267,-0.21957746159752753,-0.11357476926932186,0.22015049205964293,0.1278455956884408
12,gpboost_vecchia,195,1.4243312279305793,1.4333062457526797,1.2578418349756362,0.2428282279269207,-0.16648939295494314
12,gpboost_vecchia,196,-0.4417092071070275,-0.3641603963757065,-0.733848830582243,0.24121729979647819,-0.29213962347521555
12,gpboost_vecchia,197,2.1993165331254216,2.2066951623496585,1.9125791942863408,0.2530293201724868,-0.2867373388390808
12,gpboost_vecchia,198,1.3107097342032612,1.2181739567070091,1.6555878560221675,0.26789080357023826,0.3448781218189063
12,gpboost_vecchia,199,0.7174701436352102,0.8406218061625652,1.0837303333077415,0.27377130415413586,0.36626018967253127
12,gpboost_vecchia,200,0.07719711865648751,-0.011902557613798659,-0.15713545935564532,0.24213273237268718,-0.23433257801213284
12,gpboost_vecchia,201,-0.47487397742136384,-0.49421768061380655,-0.6934013306908078,0.23605347972646187,-0.21852735326944395
12,gpboost_vecchia,202,0.3564839595085781,0.15735643053965823,0.804584741598708,0.2800358163214744,0.4481007820901299
12,gpboost_vecchia,203,-0.2957755555760325,-0.40695062150905537,-0.35618740710566055,0.2267032373341314,-0.060411851529628025
12,gpboost_vecchia,204,0.5388069588250068,0.6266392647768573,0.305755189980065,0.3129701700023408,-0.23305176884494183
12,gpboost_vecchia,205,0.4902238714416798,0.5119045928393519,0.9788028190610998,0.28595139047006,0.48857894761942
12,gpboost_vecchia,206,0.3780781442475567,0.3381939242141061,0.9570897954806963,0.2514184116023614,0.5790116512331396
12,gpboost_vecchia,207,0.2541167622345304,0.24800399279841115,0.19249368326376448,0.2645868591058804,-0.06162307897076591
12,gpboost_vecchia,208,-0.99897226039538,-0.9254495768032209,-0.8659220397424505,0.25358899244335,0.13305022065292949
12,gpboost_vecchia,209,0.3551140472757446,0.20566907317095678,0.628923880205658,0.2672742465446716,0.27380983292991345
12,gpboost_vecchia,210,-0.741144044475239,-0.8611453382169861,-0.9063725582306397,0.21879702866977593,-0.1652285137554007
12,gpboost_vecchia,211,-0.24310097574196027,-0.2653563447327804,-0.5140514424818612,0.22047286796236193,-0.2709504667399009
12,gpboost_vecchia,212,-0.09057408774639081,0.0059009361129278015,0.019501269340764793,0.1840651333824936,0.1100753570871556
12,gpboost_vecchia,213,-0.7039044430847112,-0.7459106978870997,-0.8256782400057734,0.15858412158345903,-0.12177379692106216
12,gpboost_vecchia,214,1.3006415198464245,1.3615824430438463,1.3047322951519398,0.27686710951317756,0.004090775305515271
12,gpboost_vecchia,215,-1.0184474149913831,-1.0003421021348478,-0.5657808193346874,0.25583283909956084,0.45266659565669576
12,gpboost_vecchia,216,-0.15338919139554852,-0.1995217769906835,-0.5160459501694952,0.2161836512926518,-0.36265675877394665
12,gpboost_vecchia,217,-0.3808648524395151,-0.39581057837776135,-0.07612285751964976,0.291764303578838,0.30474199491986537
12,gpboost_vecchia,218,1.5292189530101714,1.4822076615972493,1.8704001973721764,0.28994142759673325,0.34118124436200503
12,gpboost_vecchia,219,-0.9663175846267309,-0.9466381428866858,-1.0582927413286392,0.24426195071654624,-0.09197515670190826
12,gpboost_vecchia,220,0.16549716959236727,0.06140663201295675,-0.21390806857700007,0.2396040223106464,-0.37940523816936733
12,gpboost_vecchia,221,0.1814828312349302,0.16987086788938577,0.8127378590725174,0.284367896555705,0.6312550278375872
12,gpboost_vecchia,222,-0.3431573567071614,-0.5220993584129788,-0.3476023337270284,0.22339668840112437,-0.0044449770198670135
12,gpboost_vecchia,223,0.27089898163769344,0.18050103912550874,0.7394107427523116,0.24383601910561453,0.4685117611146181
12,gpboost_vecchia,224,-1.0339647165609518,-1.0279412494485634,-0.5353767934923805,0.2721687907390176,0.49858792306857125
12,gpboost_vecchia,225,1.0242403198155654,1.0016018553322943,1.0428593971735012,0.23481816918235168,0.018619077357935776
12,gpboost_vecchia,226,-0.13936265711419035,-0.10880322218601708,0.08470853289075109,0.28660287455168676,0.22407119000494144
12,gpboost_vecchia,227,0.10422641576690025,0.13765446093377778,0.4126849750430157,0.2164812252314864,0.30845855927611543
12,gpboost_vecchia,228,0.3065143131933078,0.3092446229239257,0.1453017794021445,0.24104751498207305,-0.1612125337911633
12,gpboost_vecchia,229,-0.6060850882677286,-0.7698643867930102,-0.2572971688460193,0.2885738021317654,0.3487879194217093
12,gpboost_vecchia,230,-0.5172138510561246,-0.5710432685001777,-0.8801412238236601,0.2712193508986933,-0.3629273727675355
12,gpboost_vecchia,231,-0.09493075273308133,-0.15800449689516322,0.15333189986082374,0.29421585082339746,0.24826265259390506
12,gpboost_vecchia,232,0.2876297732535819,0.254520677226692,0.36798217155565993,0.24459773921111097,0.08035239830207802
12,gpboost_vecchia,233,0.6518552776939628,0.6843641569718285,1.3245799632543562,0.2752321731825665,0.6727246855603934
12,gpboost_vecchia,234,0.004851694556664926,0.030083702042692725,0.3050540063406828,0.2866025898866432,0.3002023117840179
12,gpboost_vecchia,235,0.22680541531059578,0.3150280740585389,0.036171858212309616,0.26968286781966644,-0.19063355709828617
12,gpboost_vecchia,236,-0.8291476964310784,-0.7492409245564338,-0.6242239175578419,0.2850004247954898,0.20492377887323654
12,gpboost_vecchia,237,0.41677519082785547,0.32330736292450835,0.34948909022841157,0.2666071801433402,-0.0672861005994439
12,gpboost_vecchia,238,0.8280024997918507,0.8354508046130196,0.990772828020356,0.2736153885784762,0.16277032822850535
12,gpboost_vecchia,239,-1.1128462877946255,-0.9663748342252425,-0.8967199259199425,0.27726588801853774,0.21612636187468293
12,gpboost_vecchia,240,-0.32591081100575725,-0.37849306468065386,-0.05460088725497858,0.26953998854381755,0.27130992375077867
12,gpboost_vecchia,241,0.2624308520409354,0.24023679964585853,0.6391420932771581,0.24485140944410466,0.3767112412362227
12,gpboost_vecchia,242,-0.7021193769671799,-0.7461758467341849,-0.9348023263394953,0.25081482250666504,-0.23268294937231548
12,gpboost_vecchia,243,0.0618098446527644,0.08405446091769952,-0.1211802402604647,0.3109178296051136,-0.1829900849132291
12,gpboost_vecchia,244,-0.22387834717476535,-0.34694330141694163,0.06871838414031473,0.26628586735142257,0.29259673131508007
12,gpboost_vecchia,245,0.07783785933736681,0.1029100398615327,0.5704010990962001,0.28743007176970653,0.49256323975883326
12,gpboost_vecchia,246,0.13918705975367102,0.3163361695257204,0.022914534158027244,0.25752149542258307,-0.11627252559564377
12,gpboost_vecchia,247,1.3368759005757929,1.3460775555089675,1.786066374222889,0.2494007517992664,0.4491904736470962
12,gpboost_vecchia,248,-0.2882623160913688,-0.1847793873136961,-0.49021882611943823,0.27430000917105285,-0.2019565100280694
12,gpboost_vecchia,249,0.33663261015288565,0.3158808239187905,0.2819012902789826,0.22192176661328777,-0.05473131987390306
12,gpboost_vecchia,250,0.156627897738562,0.053112432752308605,0.03340378100774899,0.2747345480394119,-0.12322411673081302
12,gpboost_vecchia,251,0.28824668004201315,0.10581052483322376,-0.06331930798607566,0.2848493942627119,-0.3515659880280888
12,gpboost_vecchia,252,0.508871811199091,0.5650004453497817,0.5511000929729377,0.31660875412592476,0.04222828177384674
12,gpboost_vecchia,253,0.1798216239529949,0.35006736486864165,0.13153603698603966,0.24601803177134476,-0.04828558696695523
12,gpboost_vecchia,254,0.3064863337380391,0.34573375938800704,-0.007679711847507598,0.25071002848634527,-0.31416604558554667
12,gpboost_vecchia,255,0.2677761345448746,0.18341478226669602,-0.03130274983255976,0.28528451598926136,-0.29907888437743435
12,gpboost_vecchia,256,-0.9554995965256559,-0.9361342513671682,-1.0402782312018548,0.28165081401977027,-0.08477863467619895
12,gpboost_vecchia,257,-0.7113952006727291,-0.6503855602209598,-0.623489990582196,0.25981887859052705,0.08790521009053309
12,gpboost_vecchia,258,0.03803053177374599,0.028912441249842116,-0.3894904370420669,0.19957578267496584,-0.42752096881581286
12,gpboost_vecchia,259,0.4615167594435544,0.5657405369913304,0.6182373140371586,0.31114020268765874,0.15672055459360423
12,gpboost_vecchia,260,1.0357232854996046,1.024573855135444,1.2457999473791022,0.26951496280088716,0.21007666187949758
12,gpboost_vecchia,261,-0.06447155180134193,-0.09118103185166758,0.16023212067148052,0.3323911165904272,0.22470367247282244
12,gpboost_vecchia,262,-0.39365739866942573,-0.37356363843845763,-0.2982495104540659,0.28146278170740824,0.09540788821535984
12,gpboost_vecchia,263,1.2453708499565344,1.2694522941112951,0.8814412289930065,0.25642367559366896,-0.3639296209635279
12,gpboost_vecchia,264,0.3916406898256349,0.507201389339048,0.8020553421193561,0.2758051407999139,0.41041465229372126
12,gpboost_vecchia,265,0.5147113025534763,0.46468164974411075,0.6808296960698268,0.24864487394620532,0.1661183935163505
12,gpboost_vecchia,266,0.33852327895815965,0.26214339126418745,0.7072540481271012,0.2716300484666545,0.3687307691689416
12,gpboost_vecchia,267,-1.4445243455820491,-1.3272016897819856,-0.7354659459952719,0.2591131215833202,0.7090583995867772
12,gpboost_vecchia,268,-0.20375638239190408,-0.0825079913447249,-0.21473864088747874,0.27731536521194317,-0.01098225849557466
12,gpboost_vecchia,269,-1.0423853092378144,-1.083793016805935,-0.6619022709675377,0.29054264314334993,0.38048303827027663
12,gpboost_vecchia,270,0.45138806129768605,0.5988889613110995,0.8559314903854389,0.2704952458376011,0.40454342908775287
12,gpboost_vecchia,271,-0.8942791869430653,-0.858730685223082,-0.7840261949453744,0.32264908743524057,0.1102529919976909
12,gpboost_vecchia,272,0.3600613128197395,0.33571602354174984,1.0135096419149985,0.2835385932936778,0.653448329095259
12,gpboost_vecchia,273,-0.047508886890425844,0.1098567741129707,-0.2169044786987353,0.26749732361179035,-0.16939559180830946
12,gpboost_vecchia,274,0.8435870347073104,0.9070165889264155,0.7374570526491286,0.2818946037246616,-0.1061299820581818
12,gpboost_vecchia,275,0.0676486583342539,0.14598365947549033,0.22194760557747628,0.24489734086492876,0.15429894724322238
12,gpboost_vecchia,276,0.21728362678287988,0.1954097472270518,0.7037031721076445,0.28412647308098626,0.48641954532476467
12,gpboost_vecchia,277,1.9081914889294271,1.976030825592019,1.5368724906520193,0.24844408025902096,-0.3713189982774079
12,gpboost_vecchia,278,-0.19562221258507376,-0.16370369342120084,-0.23380779987081368,0.29845615477722126,-0.038185587285739925
12,gpboost_vecchia,279,0.29543347735149944,0.3451271192178034,0.41168781963379075,0.3003809617419656,0.11625434228229131
12,gpboost_vecchia,280,1.4210744061616465,1.5338680087388759,1.7252407336753208,0.21262751000245467,0.30416632751367434
12,gpboost_vecchia,281,0.7474789623487601,0.8353380734924315,0.3519023541043982,0.3100595059524131,-0.3955766082443619
12,gpboost_vecchia,282,0.07394712331740533,0.07079231111136355,0.04292773486703272,0.22558090904963407,-0.03101938845037261
12,gpboost_vecchia,283,1.6252021993165495,1.6969893989038973,1.7667858462829606,0.1818708805443825,0.14158364696641113
12,gpboost_vecchia,284,-0.23046568606855708,-0.23772885427440876,-0.11944468521584106,0.2864199354987514,0.11102100085271602
12,gpboost_vecchia,285,1.5460527756902782,1.5000453987134619,1.1512320051775564,0.23022492714821763,-0.3948207705127218
12,gpboost_vecchia,286,0.2396571374559826,0.3128319366722768,0.33704715560513776,0.29656236802178076,0.09739001814915516
12,gpboost_vecchia,287,1.6393216129100587,1.7212480536869021,1.4540645797133376,0.21592806024617534,-0.18525703319672115
12,gpboost_vecchia,288,-1.2036461386625679,-1.319507699988815,-0.5144126985867388,0.25564936203556127,0.6892334400758291
12,gpboost_vecchia,289,0.22467488625188525,0.0796937176071141,0.28406360810977027,0.2584664153115202,0.05938872185788502
12,gpboost_vecchia,290,-0.3623225260736455,-0.4138580047866066,0.032600171463890604,0.22513015391083546,0.3949226975375361
12,gpboost_vecchia,291,-0.15035939210939156,-0.08131107288696222,0.06339508381777037,0.2747978241064409,0.21375447592716193
12,gpboost_vecchia,292,-0.7351097308277722,-0.6577509238107752,-0.6138070635442645,0.3244058708091843,0.12130266728350769
12,gpboost_vecchia,293,0.4030433294438578,0.4158809073281816,0.6680146109982665,0.2608839768015243,0.26497128155440874
12,gpboost_vecchia,294,2.130335385631391,2.0373546805844795,1.8255808167663652,0.20050943664829868,-0.3047545688650257
12,gpboost_vecchia,295,0.267853448258336,0.29832772015609305,0.8426932008534136,0.27946449071484547,0.5748397525950776
12,gpboost_vecchia,296,1.1970328037395501,1.3055701647616842,0.9476646629225254,0.2508456686374894,-0.24936814081702474
12,gpboost_vecchia,297,1.4484918205953057,1.4783975826635576,1.134555336174481,0.2665308416701341,-0.3139364844208248
12,gpboost_vecchia,298,-0.796271391651012,-0.6924876137040182,-0.8079956953240455,0.1856447593012765,-0.011724303673033454
12,gpboost_vecchia,299,1.267611621080737,1.1933082334544207,1.7071022828839535,0.26133360002555744,0.4394906618032164
13,gpboost_vecchia,0,-0.5432817514842578,-0.6820710007912565,-0.1427351041278393,0.40913241765772923,0.40054664735641854
13,gpboost_vecchia,1,0.4155898960949956,0.4197664035886213,0.2796869502601371,0.28014633151821766,-0.13590294583485846
13,gpboost_vecchia,2,0.1529542613318839,0.17564974287683022,-0.24688997446266825,0.37613489593055144,-0.39984423579455214
13,gpboost_vecchia,3,-0.27845904045158754,-0.1256071522330183,-0.684664475979738,0.4257035796145067,-0.40620543552815047
13,gpboost_vecchia,4,1.130494549296714,1.167791287960537,0.7700158788090938,0.3202110007080952,-0.36047867048762017
13,gpboost_vecchia,5,1.0556640831063224,1.1495001726765526,0.5400659911436128,0.30940403033174474,-0.5155980919627097
13,gpboost_vecchia,6,0.40040830268632305,0.6774221179253395,0.03927866015176473,0.26468225397964973,-0.3611296425345583
13,gpboost_vecchia,7,0.6469050474029093,0.4985290393961017,0.6871156594647401,0.28891275431734764,0.04021061206183074
13,gpboost_vecchia,8,1.028992381056989,1.2046636891392142,1.0597045181235227,0.18871475909320815,0.03071213706653375
13,gpboost_vecchia,9,0.5091987286675222,0.5657732674613061,0.25500683712869776,0.257686024084382,-0.2541918915388245
13,gpboost_vecchia,10,1.805982243740776,1.8350527871082425,1.2572307902670126,0.26827004541530153,-0.5487514534737634
13,gpboost_vecchia,11,0.009608323598139179,-0.07046545515317064,-0.29178926759399015,0.25225986349468804,-0.30139759119212933
13,gpboost_vecchia,12,0.7175112033982789,0.6938121322683306,0.7932642418994718,0.3199430192066677,0.07575303850119286
13,gpboost_vecchia,13,0.37224180442151333,0.4658745891948645,-0.12852226652495524,0.3177950630185251,-0.5007640709464686
13,gpboost_vecchia,14,0.23919885424802656,0.13776774352457766,0.25928167955322046,0.3150120381296702,0.020082825305193897
13,gpboost_vecchia,15,-0.333732899375236,-0.4500703130888668,-0.3318816273254841,0.2188963297014988,0.0018512720497518842
13,gpboost_vecchia,16,-0.024980468793748378,0.09746019342587389,-0.0022507585137301334,0.2907925851077307,0.022729710280018245
13,gpboost_vecchia,17,-0.7021940354871287,-0.7179118356104521,-0.5950895105864831,0.23848498755252684,0.10710452490064559
13,gpboost_vecchia,18,1.156612398669657,1.1310828604247698,0.6144594533795962,0.46136487784801256,-0.5421529452900609
13,gpboost_vecchia,19,-1.061166613658358,-1.1952896971874232,-0.8831535337440268,0.3983467356036699,0.17801307991433113
13,gpboost_vecchia,20,-1.7122423320191555,-1.7282990796696984,-1.3397567048469448,0.3035814060392247,0.3724856271722108
13,gpboost_vecchia,21,-0.40649423298658194,-0.42146058719371815,-0.3555425813197539,0.3327013255964001,0.050951651666828024
13,gpboost_vecchia,22,-0.34429595203307006,-0.3623838701606308,-0.33062386494480656,0.21310462228953714,0.013672087088263507
13,gpboost_vecchia,23,0.3097173642744027,0.2869657754660529,0.14042983837703904,0.3041959280450554,-0.16928752589736368
13,gpboost_vecchia,24,1.236784634116749,1.2503187155250826,1.0502277730698992,0.2303748222775065,-0.18655686104684976
13,gpboost_vecchia,25,0.4377800132945314,0.516699954728995,0.759585947529061,0.33867543443144427,0.3218059342345295
13,gpboost_vecchia,26,0.529402353955774,0.41246073682828255,0.8142481688128358,0.2764480570541966,0.28484581485706184
13,gpboost_vecchia,27,-0.6074518296852871,-0.610198584655463,-0.1615166232205052,0.3010024684938001,0.4459352064647819
13,gpboost_vecchia,28,0.4290738711236718,0.450285732967647,0.3317008812238642,0.2991463307301364,-0.09737298989980758
13,gpboost_vecchia,29,0.6911154428747878,0.6383004940038424,0.6123515571304257,0.3493053025168904,-0.0787638857443621
13,gpboost_vecchia,30,0.5746828791396297,0.5379430442103831,0.3817523131825471,0.3361154812001259,-0.19293056595708258
13,gpboost_vecchia,31,-1.5191788201030925,-1.666684484402145,-1.282071748779062,0.25436874027233186,0.23710707132403042
13,gpboost_vecchia,32,-0.694075467929966,-0.8521421644101768,-0.34755660462216387,0.2896376666683525,0.3465188633078021
13,gpboost_vecchia,33,-1.1786302098316601,-1.242129517820203,-0.9201745745016661,0.32857244495231985,0.25845563532999405
13,gpboost_vecchia,34,2.1234177599958297,2.1142467645543985,1.2576116259877352,0.35448401655411854,-0.8658061340080945
13,gpboost_vecchia,35,-0.5775402346925351,-0.5219355947268137,-0.24116527788697084,0.3001214924162883,0.3363749568055643
13,gpboost_vecchia,36,1.345575647678155,1.525863627513897,1.0672606686110022,0.40140831699368046,-0.27831497906715286
13,gpboost_vecchia,37,1.6745396238379233,1.7224593956570364,1.1184029021462378,0.3663837529501698,-0.5561367216916855
13,gpboost_vecchia,38,0.015685026734021612,0.13204920495663458,0.0697974817636613,0.2831447557765978,0.05411245502963968
13,gpboost_vecchia,39,0.32990239362126694,0.2677889957125708,0.5072856519912712,0.24662744356928037,0.17738325837000424
13,gpboost_vecchia,40,1.7702849273207404,1.746533391408555,1.3272480345443958,0.2748219193811387,-0.4430368927763446
13,gpboost_vecchia,41,0.1460988877135435,0.09479614541724979,0.14323568270171894,0.32888004940065624,-0.0028632050118245767
13,gpboost_vecchia,42,-0.5093579233782412,-0.5971996665996289,-0.3931283397104748,0.26297599274753686,0.11622958366776637
13,gpboost_vecchia,43,1.7367823063428192,1.8764443957517274,1.104691352894136,0.40167375316643705,-0.6320909534486832
13,gpboost_vecchia,44,0.023442017693743933,-0.03371052199193811,-0.22529762511969853,0.2950730460874152,-0.24873964281344246
13,gpboost_vecchia,45,-1.165644786392169,-1.1849286553357241,-1.1060018274407195,0.30034522340364994,0.059642958951449554
13,gpboost_vecchia,46,-0.14485502350470708,-0.03182479925247948,0.1675572956811191,0.34447762219409495,0.3124123191858262
13,gpboost_vecchia,47,-0.4823299258985178,-0.5199902072240923,-0.7406063667395149,0.3471101028023433,-0.25827644084099705
13,gpboost_vecchia,48,-0.7627610343275065,-0.7263604152010769,-0.8169157869976269,0.33769630934412065,-0.054154752670120376
13,gpboost_vecchia,49,-1.0984908471532255,-1.0144503902411044,-0.5913380508874599,0.35349381849018163,0.5071527962657656
13,gpboost_vecchia,50,0.9599492012469262,1.0778184151941075,0.9723644434309833,0.2867765012974991,0.012415242184057096
13,gpboost_vecchia,51,-0.5541126429477194,-0.5138980168972028,-0.6690873816329228,0.4016583967630039,-0.11497473868520336
13,gpboost_vecchia,52,-0.16616126712075285,-0.24651166714480932,-0.08569974566527705,0.2112247457134991,0.0804615214554758
13,gpboost_vecchia,53,0.8857001831182684,0.8490174774682471,0.8948885254750696,0.4324632636486507,0.009188342356801216
13,gpboost_vecchia,54,1.0911624353619178,1.1008119149307896,0.949351740813535,0.3781876225443624,-0.1418106945483828
13,gpboost_vecchia,55,-0.7898268655978504,-0.8508989326326619,-0.986981390169154,0.22869549988729287,-0.19715452457130356
13,gpboost_vecchia,56,-0.4907452614929354,-0.5957596474985749,-0.09763024292562328,0.32096989793225605,0.3931150185673121
13,gpboost_vecchia,57,0.2761647967513016,0.3641754587784486,0.26221749055297394,0.3298361721877676,-0.01394730619832768
13,gpboost_vecchia,58,1.4432600167001914,1.6181118722021182,1.0589851938061274,0.3978945384231166,-0.384274822894064
13,gpboost_vecchia,59,-0.47046073402534805,-0.4642256846915008,-0.38721661387936823,0.3135744793387911,0.08324412014597982
13,gpboost_vecchia,60,1.7585733335561886,1.5696551370756229,1.164593266168458,0.36617591266895955,-0.5939800673877307
13,gpboost_vecchia,61,-1.3117857197078038,-1.0675234474635475,-1.0687175013451338,0.30783939064857824,0.24306821836267
13,gpboost_vecchia,62,-1.3912761525046693,-1.4189648309873315,-0.8555635973502529,0.3174649518367824,0.5357125551544164
13,gpboost_vecchia,63,-0.5350902614315279,-0.5359837215369154,0.2328031270019899,0.4235240440660271,0.7678933884335178
13,gpboost_vecchia,64,-0.7978536690258106,-0.7651985483630439,-0.5757472146084384,0.25390207721935565,0.2221064544173722
13,gpboost_vecchia,65,1.658634177926698,1.6044864254157543,1.1412041485633226,0.4005925109751441,-0.5174300293633753
13,gpboost_vecchia,66,0.36834934631132465,0.4917151225784222,0.7062812931190567,0.3181249367649833,0.3379319468077321
13,gpboost_vecchia,67,0.15074174641369414,0.21960390446242284,0.24533484004427564,0.328166206833699,0.09459309363058149
13,gpboost_vecchia,68,1.084711805950667,1.17870456358022,0.904367627617507,0.2596211546232661,-0.18034417833316008
13,gpboost_vecchia,69,-0.4283555232839812,-0.39651988555537815,-0.5651202319772555,0.27255700494350277,-0.13676470869327428
13,gpboost_vecchia,70,0.33288312688618815,0.31699510046913504,0.0344537755129668,0.2949443722997312,-0.29842935137322135
13,gpboost_vecchia,71,0.9055444900374823,1.0098789402470714,0.9938040409865048,0.22213696609031588,0.08825955094902249
13,gpboost_vecchia,72,1.3001655692693903,1.1931531906984838,0.9971925759640552,0.42024740222274065,-0.3029729933053351
13,gpboost_vecchia,73,-0.7950258358925019,-0.8900786740363797,-0.010630933912564089,0.362185779853772,0.7843949019799378
13,gpboost_vecchia,74,-0.8803085569762772,-0.8596860976256203,-0.7027408990804958,0.28253751598278387,0.17756765789578144
13,gpboost_vecchia,75,1.0658704011685476,1.0725485951848481,0.876999819132072,0.3036736956782405,-0.18887058203647555
13,gpboost_vecchia,76,0.25641635908586957,0.12644400240559062,-0.008799879657920506,0.3838966088656336,-0.2652162387437901
13,gpboost_vecchia,77,1.041541638954227,0.9326663158901519,0.7984385762703106,0.233465310956787,-0.24310306268391635
13,gpboost_vecchia,78,0.4868451976071249,0.3829142361890138,0.09873873664428245,0.3604107333096013,-0.38810646096284246
13,gpboost_vecchia,79,-0.7433821954117725,-0.6359296760548719,-0.7281864668376681,0.20105282665412919,0.01519572857410445
13,gpboost_vecchia,80,-0.7466457443504447,-0.8365931422883318,-0.5675933676137337,0.23892893810169746,0.17905237673671104
13,gpboost_vecchia,81,-0.22612960415759847,-0.3592908444250057,0.06688199603564637,0.31635913660115694,0.29301160019324485
13,gpboost_vecchia,82,-0.8130961027737464,-0.9721827459252205,-0.6195778568393022,0.4401472671312569,0.19351824593444422
13,gpboost_vecchia,83,-0.03653259426930269,-0.03437737489129193,0.07500997390461084,0.29448808243407676,0.11154256817391353
13,gpboost_vecchia,84,-1.0139393009585351,-1.1258075607935716,-0.6697168779501723,0.30573911027329226,0.3442224230083628
13,gpboost_vecchia,85,-0.006957531913185096,-0.05084292208223684,0.06708361875425783,0.2255717197364478,0.07404115066744293
13,gpboost_vecchia,86,-0.7165464070780141,-0.5676055069630567,-0.7332783546971147,0.19645248353153016,-0.016731947619100573
13,gpboost_vecchia,87,1.1297519185459872,1.143777342433721,0.5396259846743083,0.23504978175545624,-0.5901259338716789
13,gpboost_vecchia,88,-0.6228857397596783,-0.8347681877723842,-0.840872829894181,0.2718669393544874,-0.21798709013450268
13,gpboost_vecchia,89,-0.5947814096197888,-0.5362094776019459,-0.05632151045777256,0.2659411112827277,0.5384598991620162
13,gpboost_vecchia,90,-0.6018200883858699,-0.7686951274379638,-0.7105989679660407,0.3018767773309657,-0.10877887958017085
13,gpboost_vecchia,91,0.11305392278116255,0.037691558404426506,0.23201191544414357,0.26026761981613156,0.11895799266298102
13,gpboost_vecchia,92,0.0025625715690775763,0.0496307063122726,0.5929359318546759,0.34961937674916355,0.5903733602855983
13,gpboost_vecchia,93,-0.9733892417710113,-1.0839008206491973,-0.7398126004545826,0.36076258161976205,0.23357664131642863
13,gpboost_vecchia,94,1.0364154836971915,0.8598935328358154,0.9881869627020716,0.36079415921050284,-0.04822852099511987
13,gpboost_vecchia,95,-0.9533674170937325,-0.9164381331368537,-0.6958454350355985,0.2884369309452458,0.25752198205813404
13,gpboost_vecchia,96,-0.3077861916169549,-0.6284470286100974,0.29558859824672634,0.3844493138703887,0.6033747898636812
13,gpboost_vecchia,97,0.6406376430452311,0.5245241336610307,0.47584371488077704,0.3376909441361969,-0.16479392816445404
13,gpboost_vecchia,98,-0.279491279976498,-0.2922015430223198,-0.04516924558627622,0.3594787340652513,0.23432203439022176
13,gpboost_vecchia,99,-0.3976665419190588,-0.4379407373772613,0.0768919314315486,0.3260447896026959,0.4745584733506074
13,gpboost_vecchia,100,-0.7240427014370951,-0.9645179549758567,-0.5416491911264778,0.4322034656669905,0.18239351031061735
13,gpboost_vecchia,101,0.5399779351270226,0.5032729934294398,0.33243804836188495,0.32542159495515116,-0.20753988676513768
13,gpboost_vecchia,102,-0.03035330446763662,0.025995413181190634,0.06094117946341182,0.32592897927584996,0.09129448393104844
13,gpboost_vecchia,103,0.6156553401606298,0.3714706737561072,0.7207555902565987,0.29227792799687885,0.1051002500959689
13,gpboost_vecchia,104,0.8363170334470917,0.8014794048556185,0.8066520907269839,0.3039439195608057,-0.02966494272010789
13,gpboost_vecchia,105,0.22986712056317427,0.21198095618297674,-0.14000466436875492,0.3136762046182534,-0.3698717849319292
13,gpboost_vecchia,106,0.14856974576066234,0.24814141147782126,0.14618550569219657,0.3497336579952709,-0.0023842400684657705
13,gpboost_vecchia,107,-0.36153856595960465,-0.3052810526476808,-0.05379121964188105,0.34437342473264954,0.3077473463177236
13,gpboost_vecchia,108,0.6604488811082447,0.5647234403485494,0.3799934845521271,0.2567466602459384,-0.2804553965561176
13,gpboost_vecchia,109,-0.5010603592548979,-0.6050588061856608,0.1103885039325272,0.31882738807681676,0.6114488631874251
13,gpboost_vecchia,110,-1.383872358515564,-1.374061728518154,-1.083666580200978,0.2558319119371244,0.30020577831458595
13,gpboost_vecchia,111,-0.17475402402252382,-0.3893299336876861,0.0006048659902031517,0.3350418719116611,0.17535889001272698
13,gpboost_vecchia,112,-0.4139325004729887,-0.335527129253273,0.12458207276171951,0.35522016891974023,0.5385145732347082
13,gpboost_vecchia,113,0.04316024649134376,0.14206430583139765,0.05484927280717766,0.2879518259843397,0.011689026315833906
13,gpboost_vecchia,114,-1.2368325707550718,-1.165997293244517,-0.53758891162542,0.4086665712117575,0.6992436591296518
13,gpboost_vecchia,115,-0.3820988445211151,-0.4337426183876303,0.03292832984069349,0.345974076887929,0.4150271743618086
13,gpboost_vecchia,116,0.1627910544502682,0.07896282170314863,0.04585505028727521,0.3349018976008865,-0.11693600416299299
13,gpboost_vecchia,117,0.39898373318614644,0.26659772666444165,0.41932616088456864,0.2898820731866109,0.020342427698422205
13,gpboost_vecchia,118,-0.3303245964043352,-0.37386702578176517,0.11858185566296964,0.34397577407802105,0.44890645206730484
13,gpboost_vecchia,119,-0.4869855787342938,-0.4116095253938848,0.23998407327822946,0.3974281985641493,0.7269696520125233
13,gpboost_vecchia,120,0.43182584855575895,0.39502674852285996,0.44379264421767495,0.36364708994853223,0.011966795661915997
13,gpboost_vecchia,121,0.5427011847178548,0.46118433649192714,0.7153386763987157,0.3643296919665825,0.17263749168086095
13,gpboost_vecchia,122,0.46325182323812264,0.5252690129445943,0.08990355931417504,0.3710193054892962,-0.3733482639239476
13,gpboost_vecchia,123,-0.6447354853283317,-0.6808932353470808,-0.5798145628391485,0.28408671526638124,0.06492092248918324
13,gpboost_vecchia,124,0.19527753181196816,0.20642855316755188,0.29425523213745297,0.32836153483734587,0.09897770032548481
13,gpboost_vecchia,125,0.6388706367416224,0.5579511593531399,0.5381798971826628,0.3269222836878272,-0.10069073955895957
13,gpboost_vecchia,126,0.22224274158071192,0.3071434315138536,0.30124175715768153,0.3005564661785854,0.07899901557696962
13,gpboost_vecchia,127,-0.658181862177661,-0.6227166284486154,-0.6471061799332753,0.3063262727217964,0.011075682244385598
13,gpboost_vecchia,128,-0.8705093453784927,-0.9979370724262042,-0.8407924104089091,0.29640425356805417,0.029716934969583608
13,gpboost_vecchia,129,-0.14047850149193009,-0.040525286342479594,-0.10044791673212039,0.23890834059888225,0.040030584759809695
13,gpboost_vecchia,130,0.8223943915554998,0.7885718591767761,0.6077141622474205,0.3201835324864704,-0.21468022930807928
13,gpboost_vecchia,131,-1.001817495632247,-0.9455602707416213,-0.8890554056046849,0.3429919495597228,0.1127620900275621
13,gpboost_vecchia,132,-0.07426465378127306,-0.05632179651071008,-0.03740954151000642,0.2872291096824814,0.03685511227126664
13,gpboost_vecchia,133,0.3710338239380485,0.17210203393135542,0.3796949553829112,0.390651597686407,0.00866113144486269
13,gpboost_vecchia,134,0.5322788952870324,0.4560094039031876,0.39503243914037967,0.3073806320109516,-0.13724645614665276
13,gpboost_vecchia,135,-0.8427267251424242,-0.6311587071302932,-0.8868611023450166,0.3084428788504269,-0.04413437720259239
13,gpboost_vecchia,136,-0.18618185592122893,-0.20303186484843905,-0.16494829029203295,0.1949798523507251,0.021233565629195983
13,gpboost_vecchia,137,-0.6211958781987629,-0.6780519841149923,-0.5630166720289527,0.2408196650904064,0.058179206169810205
13,gpboost_vecchia,138,0.8380080823787679,0.7813010047015171,0.5830719022418203,0.3246626772200756,-0.25493618013694763
13,gpboost_vecchia,139,0.5935365758455542,0.5075432944078758,0.8031434088545577,0.2711574414895724,0.2096068330090035
13,gpboost_vecchia,140,-0.3815256492937895,-0.3862817635592149,0.009849166189455083,0.34466200819667453,0.3913748154832446
13,gpboost_vecchia,141,0.13944191000038686,0.293270425586165,0.34764794656438447,0.32518962382247707,0.2082060365639976
13,gpboost_vecchia,142,-0.4797837373012044,-0.5452729641375947,0.039593486640995046,0.29707525736392104,0.5193772239421994
13,gpboost_vecchia,143,0.25478271594822105,0.11787374750895621,0.5346545313783988,0.255035298270277,0.27987181543017775
13,gpboost_vecchia,144,0.47530496093982605,0.4796409106696613,0.7364791365802006,0.3180093383252245,0.26117417564037454
13,gpboost_vecchia,145,-1.4570644298384228,-1.5918489765829902,-1.0668352770777716,0.2895496164603678,0.3902291527606512
13,gpboost_vecchia,146,0.5496176013954543,0.5271413242263795,0.7944624428572657,0.35362025006983633,0.2448448414618114
13,gpboost_vecchia,147,-0.6401741488331815,-0.4605508028927722,-0.11977552292879867,0.3346368655783448,0.5203986259043828
13,gpboost_vecchia,148,0.3211141333333346,0.41099979321170255,0.24851742482963424,0.3417029372653225,-0.07259670850370037
13,gpboost_vecchia,149,-0.9171429066225296,-0.9856034597418417,-0.5213071868606978,0.3125265398903651,0.39583571976183185
13,gpboost_vecchia,150,-0.23610912268625722,0.015759799554549758,0.07590328650248157,0.34150514569235424,0.3120124091887388
13,gpboost_vecchia,151,-0.26202138926180085,-0.2906187370373204,-0.23261983866145464,0.3041623537647498,0.029401550600346216
13,gpboost_vecchia,152,1.316335910349638,1.4560236247978802,1.092740225604219,0.3983196391031345,-0.22359568474541902
13,gpboost_vecchia,153,0.6490484719789116,0.6272898830094461,0.5800120187336937,0.3444374524041507,-0.0690364532452179
13,gpboost_vecchia,154,-0.698127987353379,-0.7876148382865418,-0.07086472284018441,0.27335362549176806,0.6272632645131946
13,gpboost_vecchia,155,-0.39001334917079356,-0.4458804354405501,-0.2653929280481506,0.2603018729681505,0.12462042112264293
13,gpboost_vecchia,156,1.4706619016953166,1.44217170059554,1.0198795777977385,0.3992242016662655,-0.4507823238975781
13,gpboost_vecchia,157,-0.45886355564299974,-0.3724611576228479,-0.4602029303409241,0.3159344957128462,-0.0013393746979243337
13,gpboost_vecchia,158,0.2974463143692295,0.30866946466312284,0.21443722840867174,0.3403027442942336,-0.08300908596055778
13,gpboost_vecchia,159,-0.08497753850202183,0.009719964125726094,0.05140227837218081,0.3037095470463419,0.13637981687420264
13,gpboost_vecchia,160,-0.6216859203578157,-0.6703261201476972,-0.5173642903902174,0.2579730270206641,0.1043216299675983
13,gpboost_vecchia,161,0.22575850733178204,0.4328960020987923,-0.14654434762926538,0.3050579291285309,-0.3723028549610474
13,gpboost_vecchia,162,0.6044918051584227,0.785474601452402,-0.019133822002577183,0.30801044166588215,-0.6236256271609999
13,gpboost_vecchia,163,-1.5616420594880092,-1.5851223157619752,-1.0675195411656997,0.30458772086655805,0.49412251832230947
13,gpboost_vecchia,164,-0.541172198869317,-0.5562783054621143,-0.1101431103623618,0.3521053733029875,0.4310290885069552
13,gpboost_vecchia,165,0.5959842916901049,0.5677212141845182,0.2637908028467013,0.2872836516253973,-0.3321934888434036
13,gpboost_vecchia,166,0.8404495265489011,0.6659743418340796,0.965429615972961,0.3984825680715294,0.1249800894240598
13,gpboost_vecchia,167,1.0392777359783196,0.7619498992982299,0.44228620194011903,0.3050274594640761,-0.5969915340382006
13,gpboost_vecchia,168,-0.6915353158466894,-0.7185833532276259,-0.7912683182208395,0.293777339799616,-0.09973300237415017
13,gpboost_vecchia,169,-0.7236586782427058,-0.7823986558799962,-0.8422411525875386,0.20834702015449996,-0.11858247434483282
13,gpboost_vecchia,170,-0.08007025985747779,0.055892594893644426,-0.025156957966659732,0.381551186089732,0.054913301890818056
13,gpboost_vecchia,171,-0.39863883379208487,-0.40675461326730455,-0.6603536171420306,0.26480320708247707,-0.2617147833499457
13,gpboost_vecchia,172,-1.1686733922101773,-1.0292727646743616,-0.6301338458407391,0.39477452111492306,0.5385395463694382
13,gpboost_vecchia,173,0.05918345786113455,0.11662349436326022,0.06927615502187034,0.26591690152679476,0.010092697160735797
13,gpboost_vecchia,174,1.197238950715183,1.0991993258553179,0.9224973966382204,0.4583746352720922,-0.27474155407696266
13,gpboost_vecchia,175,0.19366423829481968,0.39868342641826826,0.044144310735807046,0.2981597257322898,-0.14951992755901264
13,gpboost_vecchia,176,0.2240750492459515,0.3257200978432221,-0.12873397899084082,0.3131847234402848,-0.35280902823679233
13,gpboost_vecchia,177,0.5247596811978515,0.5476313022666944,0.32056471655190943,0.33429610036361834,-0.2041949646459421
13,gpboost_vecchia,178,0.4981180420376131,0.7202345591598773,0.5443326995642463,0.2631306826234536,0.04621465752663323
13,gpboost_vecchia,179,0.23465973852321914,0.12816868630112427,0.3951325665565628,0.3147083333762186,0.16047282803334367
13,gpboost_vecchia,180,0.2259759698101832,0.3396773720429911,0.44046451068763304,0.289225831466062,0.21448854087744984
13,gpboost_vecchia,181,-0.3521241440721472,-0.19615449549616676,-0.1705913647266195,0.33395686493008353,0.1815327793455277
13,gpboost_vecchia,182,0.7481232444274275,0.8244448246180736,0.8563958631622111,0.3370297506237575,0.10827261873478355
13,gpboost_vecchia,183,-0.6100458793448024,-0.4623136453585135,-0.20511968021611082,0.3214858254980729,0.40492619912869154
13,gpboost_vecchia,184,2.1389612001169906,2.0549827232317663,1.2967773542114687,0.33816117336226986,-0.842183845905522
13,gpboost_vecchia,185,0.2765336464685658,0.2891951220726212,0.2510629231017676,0.37094776620468817,-0.02547072336679823
13,gpboost_vecchia,186,1.3502752878928805,1.3932351673641457,1.1584696633011715,0.24667600621969887,-0.19180562459170902
13,gpboost_vecchia,187,0.7060816762022275,0.6936868513430675,0.6944259294870152,0.21916865401475882,-0.0116557467152123
13,gpboost_vecchia,188,0.7883548975865691,0.9828603621282819,0.7311103342481458,0.30562329276213407,-0.057244563338423315
13,gpboost_vecchia,189,-0.6130666315815249,-0.6961554990437152,-0.2599364017261001,0.2861582483463375,0.35313022985542475
13,gpboost_vecchia,190,1.0229999064656399,1.1389214094079039,0.7132547524501236,0.3980206147765314,-0.3097451540155163
13,gpboost_vecchia,191,-0.09786433902083258,-0.09658799947852467,0.5741533764588853,0.31942885351952055,0.6720177154797179
13,gpboost_vecchia,192,0.4312926588055036,0.49167763863778935,0.4828867660316378,0.31286741009344715,0.05159410722613422
13,gpboost_vecchia,193,-0.3852232700810915,-0.3672886685449733,-0.3103869713749621,0.2510860424076505,0.0748362987061294
13,gpboost_vecchia,194,1.0033354769674037,0.9518684203157208,0.7997295608985899,0.31259703556003887,-0.20360591606881373
13,gpboost_vecchia,195,-0.4167981485978278,-0.3035687693247575,-0.3057725039109602,0.29224547960769265,0.1110256446868676
13,gpboost_vecchia,196,-1.1936875666982607,-1.340095271121895,-0.5746122180288893,0.4264769277898424,0.6190753486693714
13,gpboost_vecchia,197,0.29854957057081033,0.3034013738948769,0.28742541830995716,0.272393821025135,-0.01112415226085317
13,gpboost_vecchia,198,0.6607964125879897,0.7575995094596758,0.1703156504766774,0.29090060850714305,-0.4904807621113123
13,gpboost_vecchia,199,-1.1222937154907275,-1.1937816064211177,-1.1703328717531374,0.2540479028697248,-0.04803915626240984
13,gpboost_vecchia,200,1.259929215205149,1.2981686409634774,1.0995538126698303,0.3072976552033079,-0.16037540253531857
13,gpboost_vecchia,201,-1.3142145439571697,-1.3258579043637138,-1.0683776201337238,0.2493846589537925,0.2458369238234459
13,gpboost_vecchia,202,0.7494062412404402,0.5734408042668298,0.8082498820374884,0.2514195691867201,0.05884364079704818
13,gpboost_vecchia,203,0.312086293131254,0.3247630800548122,0.34532610084318005,0.3614170179819812,0.03323980771192603
13,gpboost_vecchia,204,-1.9573687168850944,-1.8675309032175555,-1.8175770934025364,0.3341516330793665,0.13979162348255803
13,gpboost_vecchia,205,0.443224977957149,0.42480568628336673,0.5389560483654936,0.24349300008136335,0.09573107040834461
13,gpboost_vecchia,206,1.2069148746754794,1.347804496792081,1.121150182423622,0.33783104576888173,-0.08576469225185734
13,gpboost_vecchia,207,0.6278136374501171,0.4846930621888531,0.8519716814613227,0.29644848274329827,0.22415804401120565
13,gpboost_vecchia,208,0.9011039778166137,0.8980420032068093,0.6173049213712805,0.28010157185380097,-0.2837990564453332
13,gpboost_vecchia,209,-0.6448303032105014,-0.5637787011570964,-0.6962721327013934,0.2675965550517466,-0.051441829490892044
13,gpboost_vecchia,210,-0.3896893603436127,-0.4210938229486942,-0.41163386895933307,0.2323851580220631,-0.021944508615720393
13,gpboost_vecchia,211,-0.15016847575609732,-0.14549950179654117,0.34345753762471,0.27752893592010824,0.4936260133808073
13,gpboost_vecchia,212,-0.635971754391571,-0.6970145978838526,-0.14622163380188358,0.25845180534508977,0.4897501205896875
13,gpboost_vecchia,213,0.6417736030564118,0.5461684680180093,0.7307167348924244,0.37499389502815034,0.08894313183601255
13,gpboost_vecchia,214,0.16593361607247403,0.2329131718090119,0.17283104316707387,0.30025828598196197,0.0068974270945998395
13,gpboost_vecchia,215,1.3806689988600358,1.675121653837353,0.9177628483216118,0.31461437944552756,-0.462906150538424
13,gpboost_vecchia,216,0.9597865891154093,0.932536066113396,0.9878017188227401,0.29652603439019826,0.028015129707330888
13,gpboost_vecchia,217,0.1908528135280949,0.2193910557395295,0.06344747754477797,0.29635872646191463,-0.12740533598331694
13,gpboost_vecchia,218,-0.5370560631978649,-0.4506421455422852,0.10273690202228769,0.38484984146981405,0.6397929652201526
13,gpboost_vecchia,219,0.9765628223152841,0.9311933131190158,0.6881251398728709,0.30165904194601967,-0.2884376824424132
13,gpboost_vecchia,220,0.7975826941307829,0.9305685930271077,0.8609404109727663,0.19040990078196574,0.06335771684198344
13,gpboost_vecchia,221,0.9196758695291037,0.926319194760591,0.517814976729067,0.31320993981467343,-0.4018608928000368
13,gpboost_vecchia,222,-0.19363938836296202,-0.019077628907244404,0.04677927875325949,0.29060115498375794,0.2404186671162215
13,gpboost_vecchia,223,-0.1955051487827873,-0.17432163855548702,0.2931306466956318,0.33286741393451413,0.4886357954784191
13,gpboost_vecchia,224,-0.5649417749044481,-0.6642399100098028,-0.6836397956001878,0.20889773382499102,-0.11869802069573976
13,gpboost_vecchia,225,-0.030901396289084754,0.0552449890822906,-0.1825781633131367,0.30871397491899055,-0.15167676702405194
13,gpboost_vecchia,226,-0.23522239527504019,-0.38946551824069187,-0.09099024290711988,0.28233655114342493,0.1442321523679203
13,gpboost_vecchia,227,0.738369332493969,0.8472367792816131,1.047400534620472,0.34076590796248063,0.30903120212650304
13,gpboost_vecchia,228,0.7011696512433416,0.5925691722834592,0.3554077810540086,0.37460249394622847,-0.345761870189333
13,gpboost_vecchia,229,-0.48134949138500027,-0.5855156611768663,0.06779504155667126,0.3076535874635611,0.5491445329416715
13,gpboost_vecchia,230,0.18696114395039642,0.09959225255873794,0.5651581554021154,0.29513222604410827,0.378197011451719
13,gpboost_vecchia,231,2.1298275191046043,2.231576026072824,1.2401714854606478,0.3500993177130479,-0.8896560336439565
13,gpboost_vecchia,232,0.5537200019829228,0.5156957907612236,0.5111725464298447,0.33037545642033367,-0.04254745555307815
13,gpboost_vecchia,233,0.7163687041544176,0.8654092264916988,0.35137380238834126,0.28941346706544174,-0.3649949017660763
13,gpboost_vecchia,234,-0.04813824202247852,0.03504199956297205,-0.057896088056685,0.23595513036255866,-0.009757846034206485
13,gpboost_vecchia,235,0.11730236323390342,0.14288172626472148,0.10401950314147435,0.3197211102672847,-0.013282860092429072
13,gpboost_vecchia,236,0.7664434468631889,0.8124665569104879,0.6476718868392197,0.19181031475771365,-0.11877156002396916
13,gpboost_vecchia,237,-0.5381491670272672,-0.5729132449751676,-0.5047598270939728,0.36842142110601267,0.033389339933294404
13,gpboost_vecchia,238,-0.4828630732984814,-0.48282772796345125,-0.45084077084793783,0.31639547590193867,0.03202230245054355
13,gpboost_vecchia,239,-0.6498083199099225,-0.7396864988258878,-0.8451652556467639,0.26977274831086545,-0.19535693573684143
13,gpboost_vecchia,240,-0.09176666186076943,-0.08972783932896924,0.04146092345321151,0.31558794975862503,0.13322758531398093
13,gpboost_vecchia,241,-0.40246866277441484,-0.48929462324847794,0.018661376504296,0.35020216847905605,0.42113003927871084
13,gpboost_vecchia,242,-0.8458351081486825,-0.7776999949460279,-0.8086051193773223,0.2452618992515995,0.03722998877136019
13,gpboost_vecchia,243,1.1590303213034392,1.1794431268540193,0.5109946754186216,0.26025694408231353,-0.6480356458848175
13,gpboost_vecchia,244,0.5501595741114802,0.5495126132621808,0.6939551470576468,0.31646914054424763,0.14379557294616663
13,gpboost_vecchia,245,0.610875769739509,0.7056531020580408,0.6532958386165841,0.4490089565336902,0.04242006887707517
13,gpboost_vecchia,246,-0.08409248492284987,-0.1705361210551143,-0.08980776657193701,0.2713605257382255,-0.005715281649087134
13,gpboost_vecchia,247,-0.6370838023593943,-0.5398337108019795,-0.05197395874012667,0.3167288963374683,0.5851098436192677
13,gpboost_vecchia,248,0.6564879488084823,0.7061192273599172,0.5348595586912923,0.2299149572103822,-0.12162839011718996
13,gpboost_vecchia,249,0.16581627313883665,-0.04945352939153644,0.21967688969836097,0.3295533298232756,0.053860616559524316
13,gpboost_vecchia,250,0.021818505793358645,0.017465483577911424,-0.02929589433466795,0.2854296831787567,-0.051114400128026594
13,gpboost_vecchia,251,0.16166116967889438,0.1934626879025204,0.1653627089294334,0.34943817410612255,0.00370153925053901
13,gpboost_vecchia,252,0.15125677868833565,0.08005410620691837,-0.046638544354539846,0.29926502338575844,-0.1978953230428755
13,gpboost_vecchia,253,0.9947000707221758,1.0920954425715395,0.7175543502033666,0.29271714171800417,-0.27714572051880926
13,gpboost_vecchia,254,-0.3674383651475148,-0.5358249926855982,-0.10029940333112597,0.3540697240711855,0.26713896181638885
13,gpboost_vecchia,255,0.3178801624665403,0.24210781961956046,-0.03978198068562655,0.2860242702492941,-0.3576621431521668
13,gpboost_vecchia,256,-0.7418448028276373,-0.8337336281894266,-0.1111843280307232,0.3006871721062455,0.6306604747969141
13,gpboost_vecchia,257,-0.3062227678445026,-0.15497737976338358,-0.3051711479580721,0.2648752038911847,0.0010516198864304882
13,gpboost_vecchia,258,0.7847111520009243,0.8336148058738897,0.7036692405943104,0.3286426926464223,-0.08104191140661399
13,gpboost_vecchia,259,-0.10149043510608857,-0.2354954436955707,-0.12949603758764372,0.27877806707294406,-0.028005602481555147
13,gpboost_vecchia,260,-0.8663665163317424,-0.6958690383625039,-0.8700012394627024,0.23514245391813765,-0.003634723130959916
13,gpboost_vecchia,261,-1.1209981041377388,-0.9281241509049447,-0.6947005248947868,0.4172726587518401,0.426297579242952
13,gpboost_vecchia,262,-0.8165935759274007,-0.6735845710005917,-0.9600986445182045,0.3507899405075982,-0.1435050685908038
13,gpboost_vecchia,263,-0.6567655439065558,-0.8200839179285815,-0.7527095381814721,0.26389222778399674,-0.09594399427491629
13,gpboost_vecchia,264,-0.864028633372872,-0.9247650013016854,-0.6739945155972875,0.38113158442425554,0.19003411777558443
13,gpboost_vecchia,265,0.9453081363066864,0.9414604915707899,0.787786463073525,0.2777102533090983,-0.15752167323316146
13,gpboost_vecchia,266,2.0601084113310346,2.0878605277913453,1.1896115046460833,0.4520459457071546,-0.8704969066849513
13,gpboost_vecchia,267,0.9989298555408449,1.0658033860289406,0.8320510457662103,0.2879653086405908,-0.16687880977463465
13,gpboost_vecchia,268,-0.44499672918949695,-0.44115933528563417,-0.02046187306422187,0.3255495668773026,0.4245348561252751
13,gpboost_vecchia,269,-0.26217221688081815,-0.17238640497181987,-0.0026061632630707265,0.23220669709946462,0.2595660536177474
13,gpboost_vecchia,270,0.3054119695428914,0.3180710377074938,0.5846503161875152,0.23142292303768452,0.27923834664462377
13,gpboost_vecchia,271,-0.39949350498186875,-0.5213835693556428,-0.5559044312864971,0.3087340397423641,-0.15641092630462838
13,gpboost_vecchia,272,1.1640824965900114,1.1436877730136197,1.0038032631599858,0.3412372526214166,-0.1602792334300256
13,gpboost_vecchia,273,-0.8414218740979645,-0.9564714031693239,-0.11118085797309174,0.3539866982998077,0.7302410161248728
13,gpboost_vecchia,274,1.1069025051517123,1.0519169523629512,0.5596769693836041,0.3095738273417606,-0.5472255357681082
13,gpboost_vecchia,275,0.04982482734475821,0.1347412578726374,0.2298634206104122,0.29605117911255185,0.180038593265654
13,gpboost_vecchia,276,-0.25533415495322787,-0.12992127279641832,0.1427941933829473,0.29604339696725823,0.39812834833617516
13,gpboost_vecchia,277,1.0675340607102655,1.1474848762907297,0.8098241502635259,0.24218285570301337,-0.2577099104467395
13,gpboost_vecchia,278,-0.7286940059361242,-0.8610163326479616,-0.18001151547559946,0.43578773824384165,0.5486824904605248
13,gpboost_vecchia,279,-0.37841053096541105,-0.4669825426463627,-0.5448335706654426,0.23274062404746537,-0.16642303970003153
13,gpboost_vecchia,280,0.31710535035505194,0.37686152746463925,0.16708350016079176,0.28738457236661324,-0.15002185019426018
13,gpboost_vecchia,281,0.7698462246197852,0.871485281010369,0.7091631019314608,0.31030463742302794,-0.06068312268832443
13,gpboost_vecchia,282,0.8050123889840455,0.638253766977635,0.6558557777394025,0.334311842524158,-0.14915661124464297
13,gpboost_vecchia,283,0.35850786607592133,0.20461413857922753,0.7913680346943339,0.2753421216598547,0.4328601686184126
13,gpboost_vecchia,284,1.7564004396554305,1.7253643414457243,1.1269793536277084,0.3846416242320616,-0.6294210860277221
13,gpboost_vecchia,285,-0.563499873574592,-0.5463193948605586,0.02886954267685038,0.280001656763418,0.5923694162514423
13,gpboost_vecchia,286,0.25719465140853937,0.293835264831387,-0.11882878244924022,0.37064560073722636,-0.3760234338577796
13,gpboost_vecchia,287,-0.031002515777142803,-0.10538158827127068,0.06479793978442139,0.24687556261707935,0.09580045556156419
13,gpboost_vecchia,288,0.865253045990908,1.0062656749843637,0.3660747811111591,0.35236232251902466,-0.4991782648797489
13,gpboost_vecchia,289,0.5024008199880782,0.31980291705804664,0.035211221648633995,0.3046100340770907,-0.4671895983394442
13,gpboost_vecchia,290,1.0972255992892628,1.1085724241956796,1.0694375866970542,0.22031917334176201,-0.027788012592208533
13,gpboost_vecchia,291,-0.039085879722468575,0.003080972930671333,0.4485107370531338,0.27167266812395663,0.4875966167756024
13,gpboost_vecchia,292,0.47392634532658495,0.54724400437699,0.3007628924685246,0.2946085309911736,-0.17316345285806034
13,gpboost_vecchia,293,2.1583513494297537,2.159381596886839,1.2484633532862865,0.3854498866506305,-0.9098879961434672
13,gpboost_vecchia,294,1.0547826978164585,1.1604332146249938,1.071343947845877,0.3279764166700349,0.01656125002941855
13,gpboost_vecchia,295,1.1553444362166516,1.1624096744570123,1.0303619661419674,0.32240841226875044,-0.12498247007468422
13,gpboost_vecchia,296,0.0654718748935974,-0.10224399394517966,0.14250992290253262,0.30221936587084985,0.07703804800893521
13,gpboost_vecchia,297,0.9642750319889442,0.9279251202078967,0.1898926972630557,0.29417571647472246,-0.7743823347258885
13,gpboost_vecchia,298,-0.8688442341953728,-0.8548063921487749,-0.7215734203171689,0.35028537811789817,0.14727081387820395
13,gpboost_vecchia,299,-0.3701020456074087,-0.5115813248487494,-0.6487259681586028,0.4125368599079648,-0.2786239225511941
14,gpboost_vecchia,0,1.273168926328951,1.3789164881473108,1.1562252115832123,0.3190364384636739,-0.11694371474573861
14,gpboost_vecchia,1,0.9326755741442221,0.9960738862776509,0.9786589636370904,0.2766467756045467,0.04598338949286829
14,gpboost_vecchia,2,0.8994774604828922,0.7950082517110174,1.0297775461706973,0.20512069576090086,0.13030008568780505
14,gpboost_vecchia,3,1.6663414856753818,1.7995336101981787,1.66764187667536,0.20047622671967877,0.0013003909999782515
14,gpboost_vecchia,4,0.7554075349535804,0.6647062994249884,0.9410713792994851,0.3152953613567316,0.18566384434590477
14,gpboost_vecchia,5,1.8427086754767539,1.9052660911454087,1.765394240352153,0.29017756263868677,-0.0773144351246009
14,gpboost_vecchia,6,0.5334787249704931,0.47930533868442626,0.9381740967215055,0.3442408236059028,0.40469537175101244
14,gpboost_vecchia,7,1.1919559953646228,1.0860107970526833,0.9619735831512486,0.2874914067799383,-0.22998241221337423
14,gpboost_vecchia,8,2.172327879208028,2.027732250115716,1.7725718380346067,0.28683618657957616,-0.3997560411734211
14,gpboost_vecchia,9,2.0452281965193597,2.2260183678265397,1.4369513663893319,0.293408662281088,-0.6082768301300279
14,gpboost_vecchia,10,-0.20481100144199216,-0.055881923262557975,0.004364900139798067,0.25539252176888977,0.20917590158179022
14,gpboost_vecchia,11,1.0233704043061276,1.003054488480002,0.7944809909153805,0.4646345146164581,-0.2288894133907471
14,gpboost_vecchia,12,0.9459728188789701,0.906198511891267,0.7918550139624685,0.36029308615168526,-0.15411780491650162
14,gpboost_vecchia,13,1.8791352332323665,1.768327159051059,1.7863956326923738,0.2224240002532487,-0.09273960053999275
14,gpboost_vecchia,14,0.2882326750405835,0.12175393363229275,0.11825520779257825,0.3832098433927062,-0.16997746724800522
14,gpboost_vecchia,15,0.16612007950336138,0.0996503427519528,0.46837051027750753,0.3450450457089109,0.30225043077414615
14,gpboost_vecchia,16,0.49975371650029066,0.5212928850477457,0.6479230112729297,0.24686560784396408,0.14816929477263907
14,gpboost_vecchia,17,1.1370627995485565,1.1302703456273813,0.9372339595856993,0.37614283638680046,-0.19982883996285716
14,gpboost_vecchia,18,2.027760223770112,2.028997209656927,1.5434002556817545,0.25572909472537064,-0.48435996808835746
14,gpboost_vecchia,19,1.00201829424885,0.9294641646094024,0.9339527765997477,0.18983362033728032,-0.06806551764910229
14,gpboost_vecchia,20,0.6999331549772312,0.6878486405539014,0.8694638001098376,0.2229334782072513,0.1695306451326064
14,gpboost_vecchia,21,-0.15103999176297392,-0.0993343770411842,-0.1192210913951337,0.2569478291864634,0.031818900367840214
14,gpboost_vecchia,22,-0.048636204891978424,-0.06458127441957848,0.125472406923679,0.27876388775881256,0.17410861181565743
14,gpboost_vecchia,23,0.7538170393358216,0.7786900223193163,0.8720272958386821,0.3811046800047947,0.11821025650286054
14,gpboost_vecchia,24,1.1812614441499087,1.1721087514769972,0.9287156028730648,0.19269561591792506,-0.252545841276844
14,gpboost_vecchia,25,-0.11606348406049483,-0.08374358660462505,0.39423537612721127,0.4079113847091337,0.5102988601877061
14,gpboost_vecchia,26,2.054404555060782,2.00946663580115,1.8816163760625075,0.29882127920730595,-0.1727881789982746
14,gpboost_vecchia,27,-0.307503986163537,-0.2436059004943536,-0.08081130406616754,0.2505151865877268,0.22669268209736948
14,gpboost_vecchia,28,0.7724161269179994,0.761486821050204,0.7625093622841845,0.40894982915959804,-0.009906764633814902
14,gpboost_vecchia,29,-0.46479245613198505,-0.4912173709168605,-0.04920096829844445,0.4059279328450913,0.4155914878335406
14,gpboost_vecchia,30,0.12606508755618331,0.02569971756334781,0.036340236528261016,0.27101773161147114,-0.0897248510279223
14,gpboost_vecchia,31,1.53835071220401,1.5148725359532798,1.540388272588002,0.2522915248864397,0.002037560383991943
14,gpboost_vecchia,32,0.8158814782814785,0.7607770544712902,0.8084428689400238,0.4379792254544171,-0.007438609341454683
14,gpboost_vecchia,33,0.6808768142182209,0.7622308951576007,0.6069189777135175,0.3162348444535508,-0.07395783650470333
14,gpboost_vecchia,34,0.7223415360746466,0.7946799767485648,1.0118091421500903,0.24153081608716237,0.28946760607544375
14,gpboost_vecchia,35,1.2752148934272565,1.1197837564657473,1.233102838862635,0.3695744319155456,-0.042112054564621415
14,gpboost_vecchia,36,0.9647004764310401,1.0224522176573676,0.9387833463059048,0.19096884918440762,-0.0259171301251353
14,gpboost_vecchia,37,-0.20267799779166057,-0.2849866583065392,-0.1849200246010776,0.2063766533951821,0.017757973190582976
14,gpboost_vecchia,38,0.6362845969418924,0.6346233764783444,0.6337970659276451,0.22554383232403274,-0.0024875310142473683
14,gpboost_vecchia,39,1.4193261038793274,1.3736429435493167,1.2309151337516235,0.2527865613276575,-0.18841097012770391
14,gpboost_vecchia,40,0.4568481742416327,0.4029671653082203,0.563429393745424,0.22423395084196338,0.10658121950379129
14,gpboost_vecchia,41,2.123639999335662,2.19994089317916,1.7964524585143726,0.24587740123757962,-0.3271875408212894
14,gpboost_vecchia,42,0.8048064742290074,0.6825858573661708,0.8525214398646668,0.27000779112211,0.04771496563565936
14,gpboost_vecchia,43,0.8296777454120514,0.7861775504941714,0.48195570304299284,0.3406700039992349,-0.34772204236905857
14,gpboost_vecchia,44,1.93740105617876,1.8383332259076437,1.7638069505681564,0.29216445084589576,-0.17359410561060362
14,gpboost_vecchia,45,1.2246026896865025,1.2424437685360974,1.1991870603845687,0.40793964141875266,-0.025415629301933862
14,gpboost_vecchia,46,1.2717383911675129,1.2156107360558293,1.2966723991221851,0.29593698577785743,0.024934007954672266
14,gpboost_vecchia,47,1.078368251938,1.1990717312147972,1.0502083133926652,0.22345738226664327,-0.02815993854533483
14,gpboost_vecchia,48,1.6534696692319304,1.6388847403182183,1.0887146962860266,0.3255628381554833,-0.5647549729459038
14,gpboost_vecchia,49,1.6600855766325446,1.5821188740055492,1.5257597028092906,0.30178726181789156,-0.134325873823254
14,gpboost_vecchia,50,1.1629280475890227,1.0630784037457603,0.9075423567486789,0.26480139180536133,-0.2553856908403438
14,gpboost_vecchia,51,0.6965661087649424,0.7053928235346996,0.5245501139983539,0.3693726140762929,-0.17201599476658846
14,gpboost_vecchia,52,0.5752075984035842,0.5084822893545593,0.6838706315056822,0.37207877731422573,0.10866303310209802
14,gpboost_vecchia,53,-0.2575432170108456,-0.30355719283396754,-0.3060150456577295,0.2989458627063427,-0.04847182864688393
14,gpboost_vecchia,54,1.2903149729070744,1.4437705442885986,1.2747512322534789,0.2692868542079785,-0.01556374065359556
14,gpboost_vecchia,55,1.0252817573658453,1.0948105845602703,1.2881233590562937,0.23346372350175912,0.26284160169044846
14,gpboost_vecchia,56,0.7759789163006655,0.7213608898639527,0.9681258101061769,0.29366843907914575,0.19214689380551142
14,gpboost_vecchia,57,0.08522321905565847,0.1769836208903704,0.12446074327628232,0.1881756874585718,0.03923752422062385
14,gpboost_vecchia,58,1.5366767345113088,1.5171405755896852,1.3255869384678536,0.22910546034040377,-0.21108979604345524
14,gpboost_vecchia,59,1.5067053267284451,1.7441619706746678,1.074698501477807,0.4196653009766906,-0.43200682525063816
14,gpboost_vecchia,60,0.6353837188037986,0.5000914828725916,0.596563073592586,0.22191918687098186,-0.038820645211212645
14,gpboost_vecchia,61,0.558207203393774,0.6980880299414445,0.5471241364655106,0.2114639473362893,-0.01108306692826344
14,gpboost_vecchia,62,0.037889316574567566,-0.07364212475647858,0.06065763741679575,0.24500865413655623,0.022768320842228185
14,gpboost_vecchia,63,1.5466017165145143,1.455833931763502,1.1010855105715245,0.36833547205280665,-0.4455162059429898
14,gpboost_vecchia,64,1.947140724150773,2.1251242178323317,1.2801666342867648,0.26474366957481604,-0.6669740898640082
14,gpboost_vecchia,65,1.1634304792860244,1.2261677462488607,0.9111277198124612,0.1996950556875056,-0.2523027594735632
14,gpboost_vecchia,66,0.8962885020147521,1.0606304611435589,1.1582166145325887,0.25109568428199264,0.26192811251783665
14,gpboost_vecchia,67,0.1462180583155473,0.20848341181859972,0.3053192779001117,0.24229621659893966,0.1591012195845644
14,gpboost_vecchia,68,-0.2811216345653509,-0.3717405323356005,-0.14570003323927994,0.3073733398169022,0.13542160132607095
14,gpboost_vecchia,69,1.871179322268531,1.8273917808357014,1.3764668758436525,0.4483903061635156,-0.49471244642487844
14,gpboost_vecchia,70,-0.0426494945906557,-0.08866135921858012,0.02357869094992804,0.2887884989404342,0.06622818554058374
14,gpboost_vecchia,71,1.1076971517499072,1.2193262105497475,1.3671576012101614,0.2650663268177053,0.25946044946025415
14,gpboost_vecchia,72,0.9750192953079668,1.029550888098607,1.2726204358360969,0.49448581318488877,0.29760114052813
14,gpboost_vecchia,73,0.9840908516998332,1.0363822688749684,1.1660467758144994,0.3638821295034007,0.1819559241146662
14,gpboost_vecchia,74,0.3617868709586335,0.36505998857985733,0.6746555751074022,0.25314192345284997,0.31286870414876866
14,gpboost_vecchia,75,0.7482552172543611,0.5948859838599506,1.2020303030419424,0.28827468076527646,0.4537750857875813
14,gpboost_vecchia,76,1.828159061318645,1.7762228681048506,1.390727642749599,0.3710574040937436,-0.437431418569046
14,gpboost_vecchia,77,1.3977895495007806,1.6190120423822627,1.2888806599842582,0.327596480821553,-0.10890888951652244
14,gpboost_vecchia,78,0.7019872083746991,0.8518173335585463,0.18928891905804157,0.43164689167973797,-0.5126982893166575
14,gpboost_vecchia,79,0.10824304980665023,0.15840851379916415,0.21352456567831002,0.3740392702038073,0.10528151587165979
14,gpboost_vecchia,80,0.8658250670548255,1.0024927969671436,1.0026543917214603,0.4857549838276147,0.13682932466663478
14,gpboost_vecchia,81,2.0502404450126077,2.04388570979266,1.8631708455040097,0.23908681546501337,-0.18706959950859803
14,gpboost_vecchia,82,1.532439667058917,1.5712669074656556,1.123867053696245,0.32565150127735365,-0.40857261336267214
14,gpboost_vecchia,83,0.6975958367275111,0.6368971599660237,0.7639131404938446,0.28780549024606017,0.06631730376633349
14,gpboost_vecchia,84,1.387992012167401,1.4529288080663345,1.3487616482231202,0.2848909563733104,-0.03923036394428081
14,gpboost_vecchia,85,1.384772042592506,1.267524719796167,1.1920182099597234,0.2963660860187922,-0.19275383263278267
14,gpboost_vecchia,86,-0.1145157222437273,-0.052804042525132995,-0.08861449778684971,0.1577855216681191,0.025901224456877592
14,gpboost_vecchia,87,1.270360529614953,1.1392154635019365,0.8216896555244748,0.38619788592442644,-0.4486708740904781
14,gpboost_vecchia,88,0.60183879570333,0.6757376592119418,0.7162664978095847,0.22530506195012306,0.11442770210625475
14,gpboost_vecchia,89,1.2473630137353264,1.2554802882125518,1.149042086492349,0.2625379419401858,-0.09832092724297747
14,gpboost_vecchia,90,1.2058609437825576,1.2870698012951234,1.1645245556975965,0.25320044540775893,-0.041336388084961095
14,gpboost_vecchia,91,1.0276986294799069,0.9752854050279647,1.0050757413094837,0.1838547835650748,-0.022622888170423128
14,gpboost_vecchia,92,0.8230890590345901,0.8331098373083181,0.7155707506879008,0.2064803747697984,-0.1075183083466893
14,gpboost_vecchia,93,0.6594896069360314,0.6240780683947463,0.8788984427434556,0.24671077509127318,0.2194088358074242
14,gpboost_vecchia,94,0.10371755259549231,0.17272067731766286,0.2561755109972368,0.18740984672952504,0.15245795840174448
14,gpboost_vecchia,95,0.8835192136865432,0.82618683439756,1.0498206315335885,0.22197994999458975,0.16630141784704533
14,gpboost_vecchia,96,1.0678426430823096,0.939202329451656,0.957416458532105,0.2147848007282906,-0.11042618455020459
14,gpboost_vecchia,97,1.1841248291614956,1.2379307625385678,1.3031738233682837,0.3740571570471152,0.11904899420678805
14,gpboost_vecchia,98,2.1561127059086753,2.1338448787856024,1.3716015353336592,0.38656490414662276,-0.7845111705750161
14,gpboost_vecchia,99,1.3111138432923455,1.3286082952159182,1.026134224582231,0.2760938919588179,-0.28497961871011457
14,gpboost_vecchia,100,0.8621334768075519,0.8825221084257866,0.6496587947548758,0.29189578375805486,-0.21247468205267617
14,gpboost_vecchia,101,-0.24958837033278602,-0.3158826593213738,-0.016144316232709954,0.29276061387071617,0.23344405410007607
14,gpboost_vecchia,102,1.5960243336176978,1.7590695152118392,1.511685991958796,0.22679894933153466,-0.08433834165890186
14,gpboost_vecchia,103,0.998166093770665,1.0727328317234044,1.0406128148600762,0.34337330876338584,0.042446721089411166
14,gpboost_vecchia,104,0.4674859875439708,0.5143448513851361,0.3985393851847885,0.2003237635103118,-0.06894660235918232
14,gpboost_vecchia,105,0.5101471925252657,0.6200710437784468,0.3264606312413809,0.26315514324606176,-0.18368656128388483
14,gpboost_vecchia,106,0.04025471852571255,-0.008720783666389204,0.08846570368821682,0.27086507583572306,0.04821098516250427
14,gpboost_vecchia,107,1.1219713910801643,1.1731170787936476,1.2192565900301515,0.5434853721791928,0.09728519894998722
14,gpboost_vecchia,108,0.6075882706507689,0.623659143890015,0.8317358379327038,0.5017336970481086,0.22414756728193486
14,gpboost_vecchia,109,0.3384433322696052,0.2801288883852936,0.12798878320355467,0.21869726047492818,-0.21045454906605054
14,gpboost_vecchia,110,0.9037596109154117,0.9888678536950091,1.3148286034691177,0.39621572017319434,0.411068992553706
14,gpboost_vecchia,111,-0.5765473148294326,-0.5074991071487291,-0.2421736374179977,0.4324935708696694,0.33437367741143487
14,gpboost_vecchia,112,-0.23302577737234934,-0.4915975396355472,0.14581040938206336,0.31040588620227033,0.37883618675441266
14,gpboost_vecchia,113,-0.24957022372388715,-0.3781958983483439,0.050251440674729864,0.2396270005143145,0.299821664398617
14,gpboost_vecchia,114,0.8740909041072159,0.9740578480274327,0.8176595291050148,0.26131435664166186,-0.05643137500220108
14,gpboost_vecchia,115,1.5523205640519586,1.5612024278186074,1.4973958773978744,0.267457730418915,-0.05492468665408423
14,gpboost_vecchia,116,-0.24046523122943295,-0.3272493011534665,-0.18366171991330837,0.18397128033913132,0.05680351131612457
14,gpboost_vecchia,117,0.178543460430944,0.1664821306462452,0.26985316309987617,0.24932395429085902,0.09130970266893218
14,gpboost_vecchia,118,0.02510498630373076,-0.033125587906031276,0.023514359697976772,0.2130253967694464,-0.0015906266057539864
14,gpboost_vecchia,119,1.57322644911401,1.410703033713046,1.1873578552120607,0.30828442463587363,-0.3858685939019493
14,gpboost_vecchia,120,0.10334307074138671,-0.0930367439997748,0.21988376603323445,0.3453067576980814,0.11654069529184774
14,gpboost_vecchia,121,0.6982464194800875,0.70698607606827,0.7257793025638213,0.3117363477655385,0.027532883083733806
14,gpboost_vecchia,122,0.7273734504754948,0.8678771890768116,0.5720040640286506,0.20990108865976662,-0.15536938644684428
14,gpboost_vecchia,123,0.03716177547082422,0.23711366620532692,0.15853664936972178,0.23272061199208163,0.12137487389889756
14,gpboost_vecchia,124,0.2336655219012762,0.11789758132737588,0.20849758223589276,0.2880947094809324,-0.025167939665383443
14,gpboost_vecchia,125,1.9428871415073832,1.942597404722709,1.5257250297247902,0.20721803446658568,-0.417162111782593
14,gpboost_vecchia,126,0.5232982681495462,0.4389642113412923,0.42665109941398827,0.3743854883180907,-0.0966471687355579
14,gpboost_vecchia,127,0.5909986269125052,0.5760412619760888,0.8094778378677141,0.21800228815697603,0.21847921095520895
14,gpboost_vecchia,128,0.8868953502483984,0.9990614817508072,0.6487176192258826,0.26580846682761616,-0.23817773102251583
14,gpboost_vecchia,129,0.6009798800030361,0.6367575170357891,0.5266797013794102,0.23323049520472028,-0.07430017862362592
14,gpboost_vecchia,130,1.750273096285961,1.6944346583873415,1.6392890605312562,0.3393193755010082,-0.11098403575470472
14,gpboost_vecchia,131,1.6338954007148643,1.6917680189173816,1.482464927774095,0.23666347170175756,-0.15143047294076917
14,gpboost_vecchia,132,0.7893429485079608,0.9011412294624032,0.8102348656193228,0.23217080434101098,0.020891917111361957
14,gpboost_vecchia,133,-0.0927330905255059,-0.05781184017849738,0.16566390908680528,0.2988635621040916,0.2583969996123112
14,gpboost_vecchia,134,-0.15272794676574236,-0.07601023738848828,-0.11524508791196197,0.3431737621734219,0.03748285885378039
14,gpboost_vecchia,135,0.08575789512755895,-0.010847647914130357,0.08989851180492803,0.2929412662496967,0.004140616677369077
14,gpboost_vecchia,136,1.3508480736484514,1.4617948580601436,1.3364773149554612,0.40628109643971966,-0.014370758692990204
14,gpboost_vecchia,137,1.768941223628638,1.8623751783609988,1.6707665412595292,0.28197635964757223,-0.09817468236910876
14,gpboost_vecchia,138,0.7868430102809718,0.8831464798471292,1.38231981952495,0.39954646124677684,0.5954768092439782
14,gpboost_vecchia,139,0.6795007945807554,0.7927822914665037,0.8391109455737453,0.3165529681813849,0.15961015099298992
14,gpboost_vecchia,140,1.2277943240947065,1.3680652772475785,0.9381039396381534,0.21167998247057263,-0.28969038445655304
14,gpboost_vecchia,141,1.7801632474063669,2.007083776320459,1.6690597166268568,0.3546229604919735,-0.11110353077951007
14,gpboost_vecchia,142,0.7163050420365766,0.8640918478078217,1.0113356671724834,0.22532056778866022,0.2950306251359067
14,gpboost_vecchia,143,1.1519061329931108,1.184473325681872,0.9728715860111552,0.325723598503323,-0.17903454698195564
14,gpboost_vecchia,144,1.4134448210778103,1.3852011243591578,1.2003530748404696,0.37586120726586253,-0.21309174623734073
14,gpboost_vecchia,145,1.5417376380464736,1.4019739827846212,1.1520123229182042,0.3086674827211313,-0.38972531512826936
14,gpboost_vecchia,146,1.4195907594123303,1.3372828062345465,1.3653513268306119,0.40043922210542293,-0.05423943258171837
14,gpboost_vecchia,147,2.0899177766817827,2.0072280572263197,1.6805947704390567,0.2605223554294705,-0.409323006242726
14,gpboost_vecchia,148,0.4070289425366415,0.5282264402856638,0.17582429213651452,0.32669929582786206,-0.231204650400127
14,gpboost_vecchia,149,0.656167577638823,0.6779026471666019,1.0475683268058908,0.4313082265588265,0.3914007491670678
14,gpboost_vecchia,150,0.8387408742482376,0.8136307716971515,0.9560535604131202,0.18696857409340653,0.11731268616488255
14,gpboost_vecchia,151,1.0242879450843936,1.1645826871355627,0.6870224220614225,0.2018554539810693,-0.3372655230229711
14,gpboost_vecchia,152,0.5402147359640583,0.5472191979123594,0.8191328995528657,0.25539681255219104,0.2789181635888074
14,gpboost_vecchia,153,0.36202501335191833,0.36662600846818705,0.3538524332495747,0.22696427665180463,-0.008172580102343618
14,gpboost_vecchia,154,0.7456631050179081,0.8872968695873567,0.49755493819092633,0.31096047291120754,-0.24810816682698178
14,gpboost_vecchia,155,-0.32582514174278876,-0.3505489952136567,-0.21193142214263094,0.44214885737895465,0.11389371960015782
14,gpboost_vecchia,156,0.9230079669346529,0.9647874938844432,0.6124548854737561,0.5112621409569335,-0.3105530814608968
14,gpboost_vecchia,157,0.5941905957579388,0.3183254257060792,0.6217261304188035,0.23702837574922983,0.02753553466086478
14,gpboost_vecchia,158,0.9386428639234521,1.1424132043021542,0.7425452689432941,0.30641408429387035,-0.196097594980158
14,gpboost_vecchia,159,1.0568655845782537,1.0310269082829369,1.1349704904521576,0.21200909181552535,0.07810490587390384
14,gpboost_vecchia,160,1.1595272522727134,1.13375898051279,1.4174511007037767,0.31174978181809776,0.2579238484310633
14,gpboost_vecchia,161,0.08474027247859187,0.14160411535890663,0.881752055773406,0.38634356851841,0.7970117832948141
14,gpboost_vecchia,162,0.22633220345780225,0.18496856778053394,0.011377811448960884,0.28201100661662387,-0.21495439200884137
14,gpboost_vecchia,163,0.7525441430926791,0.7408088376670102,0.6998302202073585,0.33881336774450443,-0.05271392288532062
14,gpboost_vecchia,164,0.01628541367727948,-0.07630821672620122,-0.04863839358194877,0.31345791050726335,-0.06492380725922825
14,gpboost_vecchia,165,1.6388408112947976,1.4081395756897868,1.5029947481495785,0.2658107885068353,-0.1358460631452192
14,gpboost_vecchia,166,1.2419062181230942,1.3183274422379347,1.1474805057144897,0.26439878808233597,-0.09442571240860453
14,gpboost_vecchia,167,0.4551187190455619,0.4953243234290794,0.6032474307464835,0.4138194150460911,0.14812871170092157
14,gpboost_vecchia,168,0.108547538407678,0.24391783543409273,0.07069688291740661,0.20504049294326615,-0.03785065549027139
14,gpboost_vecchia,169,0.24477079955100128,0.17389585445832276,0.23775820063789155,0.20204618374062125,-0.0070125989131097355
14,gpboost_vecchia,170,0.8186350920601876,0.9058323783372964,0.8509399899598611,0.32583530955043355,0.0323048978996735
14,gpboost_vecchia,171,1.7595701234139522,1.888383830554802,1.7077484245359105,0.259342103963592,-0.05182169887804178
14,gpboost_vecchia,172,0.668376410169431,0.8089963302539509,0.8872305793455606,0.20210184016311253,0.21885416917612965
14,gpboost_vecchia,173,0.6977203717585068,0.6516468561344515,0.5865550313534866,0.3157507933150185,-0.11116534040502013
14,gpboost_vecchia,174,0.13606749560280273,0.2473728187949964,0.1092189180266594,0.28643261386127133,-0.02684857757614334
14,gpboost_vecchia,175,-0.23932701673314616,-0.13569157872692922,-0.11900734644277744,0.29831401639631083,0.12031967029036872
14,gpboost_vecchia,176,-0.3899379646860879,-0.39012522788640475,0.2763066230957225,0.48570939514611605,0.6662445877818104
14,gpboost_vecchia,177,0.8134307562840072,1.0446455280360087,0.6354148682889083,0.21505554870190574,-0.17801588799509893
14,gpboost_vecchia,178,0.9653244586125092,0.9447650850344902,1.0108847953517284,0.31514562222305686,0.04556033673921922
14,gpboost_vecchia,179,0.11879358760522668,0.09547189220495243,0.032059408016007485,0.16912331417634763,-0.0867341795892192
14,gpboost_vecchia,180,0.44621254493217355,0.4849033959118818,0.339655539995543,0.24344719257403014,-0.10655700493663056
14,gpboost_vecchia,181,0.7872256452888007,0.8608916575142966,1.2220494838738913,0.25356974237095076,0.43482383858509066
14,gpboost_vecchia,182,-0.2160763501485195,-0.1688310275275503,-0.09557144235618953,0.28178573375281807,0.12050490779232997
14,gpboost_vecchia,183,1.394028747725404,1.236188831997862,1.5669766781131793,0.2707446783217533,0.17294793038777523
14,gpboost_vecchia,184,0.9937056706531411,0.9888137902422567,0.9644542947994657,0.3278866948284432,-0.029251375853675432
14,gpboost_vecchia,185,0.5294902006014289,0.5043518827791461,0.4715291251700582,0.2604244371446544,-0.057961075431370745
14,gpboost_vecchia,186,1.7688481308079305,1.6848711552974556,1.8668244623280748,0.2608739015094261,0.09797633152014429
14,gpboost_vecchia,187,2.162080486184327,2.1837797825231773,1.4322118596895779,0.28968011462005416,-0.7298686264947492
14,gpboost_vecchia,188,0.7337287046485461,0.744758098060449,1.0264485250674547,0.46352617358534687,0.29271982041890854
14,gpboost_vecchia,189,0.9939544459452616,0.9688091456181989,0.8873845637246198,0.2628837488091316,-0.10656988222064179
14,gpboost_vecchia,190,0.781610707268185,0.6394098168082106,1.0553617604390677,0.3074842932275643,0.27375105317088266
14,gpboost_vecchia,191,0.22015234965883612,0.3505397252245275,0.26290175132721494,0.17608040066433933,0.04274940166837882
14,gpboost_vecchia,192,1.3319837502923215,1.5081165199633753,1.4288468507583474,0.2761745509698793,0.09686310046602586
14,gpboost_vecchia,193,0.9749663190616102,1.1621784660949446,0.8390871113824705,0.21412605180768973,-0.13587920767913975
14,gpboost_vecchia,194,1.6162316730414288,1.6639378495015147,1.325756337078679,0.2532248332306431,-0.2904753359627499
14,gpboost_vecchia,195,0.9488078645366672,0.9709335679799408,0.9236673210133715,0.30602942339804645,-0.025140543523295755
14,gpboost_vecchia,196,0.2676785590035704,0.3091516923252609,0.03958918477596107,0.1779028636634744,-0.22808937422760933
14,gpboost_vecchia,197,0.19565492412256807,0.19690635763151187,0.03434894919901854,0.2997407794623351,-0.16130597492354953
14,gpboost_vecchia,198,-0.11682106070997156,-0.1854690321250255,-0.001672644545094748,0.17147653529640328,0.11514841616487681
14,gpboost_vecchia,199,0.9295339864872246,0.9707882533720977,0.6361532927411533,0.4952248816421594,-0.29338069374607134
14,gpboost_vecchia,200,0.6304862407056645,0.7409679565088915,0.9661004771387431,0.40495960991212626,0.33561423643307864
14,gpboost_vecchia,201,1.2623062563333296,1.2319691698095463,1.0686070553694411,0.21769348951949188,-0.19369920096388848
14,gpboost_vecchia,202,0.11396211521281442,0.2575723060574746,0.010326518242916194,0.30120516111521106,-0.10363559696989823
14,gpboost_vecchia,203,0.5761955796115739,0.581656174206101,0.16988226595407152,0.18868909687364907,-0.40631331365750234
14,gpboost_vecchia,204,0.9488974677975222,0.9279278649472453,0.9779235032324363,0.4921267144377196,0.02902603543491411
14,gpboost_vecchia,205,0.9671608358366933,0.8332706115578152,0.5919491802111327,0.24492039434062207,-0.3752116556255606
14,gpboost_vecchia,206,0.9444165602137815,1.0157937629840128,0.9322697076786879,0.25182804997031716,-0.012146852535093622
14,gpboost_vecchia,207,0.0007602159987029622,-0.011877360158291581,0.32271595482868065,0.3452586134829498,0.3219557388299777
14,gpboost_vecchia,208,0.6896710622624136,0.7013471326367596,0.9446479832122323,0.32193046072275877,0.2549769209498187
14,gpboost_vecchia,209,-0.1416480146780674,-0.11011648592211615,0.7824541726845977,0.3873471106586836,0.9241021873626651
14,gpboost_vecchia,210,1.104364065137997,1.1724853811533988,0.7605783846827521,0.28964011329687533,-0.3437856804552448
14,gpboost_vecchia,211,1.2648310644121012,1.362510314129182,1.186875759536517,0.23282882008797692,-0.07795530487558433
14,gpboost_vecchia,212,1.7011299106032534,1.975358938778896,1.3727983307006983,0.2512921811921619,-0.328331579902555
14,gpboost_vecchia,213,0.9636842700399764,1.1422671696655144,0.4595120592954878,0.26780676771785855,-0.5041722107444886
14,gpboost_vecchia,214,0.7375141628671883,0.5823321039486296,0.7578205179714281,0.19792601875889906,0.020306355104239837
14,gpboost_vecchia,215,1.2316472503127307,1.2248254165269166,1.347443583255262,0.2250860583132601,0.11579633294253133
14,gpboost_vecchia,216,0.5085018967926171,0.5795266251774583,0.4862322680579769,0.2909869158266605,-0.022269628734640223
14,gpboost_vecchia,217,0.48645909749192473,0.5345014178949326,0.7223542613414695,0.23211541130900018,0.2358951638495448
14,gpboost_vecchia,218,0.9415530827921387,0.8838819208814055,1.1705355552160892,0.23323991110412592,0.22898247242395053
14,gpboost_vecchia,219,1.6764275838655889,1.7740014836698899,1.248155358390525,0.3417463022186638,-0.42827222547506394
14,gpboost_vecchia,220,1.864780409027711,1.7815336745315933,1.33282853684429,0.42933645429958345,-0.5319518721834209
14,gpboost_vecchia,221,0.39954663433429005,0.5145634735448086,0.14507585337091022,0.29044382336308844,-0.25447078096337983
14,gpboost_vecchia,222,0.7807408235860898,0.7479075369528724,0.7049189887404452,0.24909512609464735,-0.07582183484564453
14,gpboost_vecchia,223,0.6723967336779861,0.7187270123371811,0.9013415416123989,0.3315867190464902,0.22894480793441274
14,gpboost_vecchia,224,0.4133911251863921,0.3305010114393597,0.2959284883166813,0.3153256787156969,-0.11746263686971081
14,gpboost_vecchia,225,1.1061366238224029,1.1553412277641957,0.9816951224028241,0.23917241029247546,-0.12444150141957877
14,gpboost_vecchia,226,0.07628343351304637,0.13420534478570026,0.2849038940247506,0.31117726954420527,0.20862046051170421
14,gpboost_vecchia,227,1.418298263093828,1.4687255428496855,1.5972871364570587,0.2506086577350976,0.17898887336323077
14,gpboost_vecchia,228,0.989898796504414,0.8575208606415883,0.8462713141331193,0.284767348215575,-0.14362748237129475
14,gpboost_vecchia,229,0.9026874333180788,0.9764634452231565,0.7135083539750937,0.255415790399976,-0.18917907934298506
14,gpboost_vecchia,230,1.238681283103024,1.3868833514063892,0.8682700261027403,0.44937529358668216,-0.37041125700028377
14,gpboost_vecchia,231,0.6728285935624992,0.7754706107633405,0.3219776581068281,0.2060887434072446,-0.35085093545567114
14,gpboost_vecchia,232,1.8575504595077934,1.8066006914195674,1.728052938352639,0.324421898679176,-0.12949752115515434
14,gpboost_vecchia,233,0.6852396567317448,0.6265428986345754,0.8890664448619976,0.2749721992294156,0.2038267881302528
14,gpboost_vecchia,234,0.7939913541167256,0.8548498508728194,0.8620139068721122,0.35050926490027584,0.0680225527553866
14,gpboost_vecchia,235,0.6038978233573031,0.6611452834931335,0.5022048056226445,0.3695444032887188,-0.10169301773465866
14,gpboost_vecchia,236,1.0068862549232869,0.933301854870298,0.6640060273778072,0.22023277626286494,-0.34288022754547964
14,gpboost_vecchia,237,0.7169773477197788,0.7070296155992156,0.5684586209973701,0.2891765484149262,-0.14851872672240873
14,gpboost_vecchia,238,0.8943022978964675,0.7373003551727513,0.985157748476746,0.4035577041092445,0.09085545058027844
14,gpboost_vecchia,239,1.4768675686970407,1.5025870780064132,1.4769819854923516,0.2550741104495613,0.00011441679531087878
14,gpboost_vecchia,240,0.13807485747033732,0.0167787648998185,-0.038658061947501654,0.3204101416311333,-0.17673291941783897
14,gpboost_vecchia,241,1.1843955062229425,1.0424322390173442,1.2304381619551932,0.24603056265196674,0.04604265573225064
14,gpboost_vecchia,242,0.8441661114893018,0.8499124971870057,0.5609021551572315,0.24104638604751916,-0.28326395633207024
14,gpboost_vecchia,243,0.46772834719317125,0.35424990855021626,0.319852261735484,0.26135968239329493,-0.14787608545768727
14,gpboost_vecchia,244,1.6943445184438,1.6065140887761566,1.580481646190155,0.31937893141116463,-0.113862872253645
14,gpboost_vecchia,245,0.9906225847051381,1.0252447317632638,0.9579611827617898,0.19890157142893533,-0.03266140194334832
14,gpboost_vecchia,246,1.3635199272624348,1.2302067867564064,1.332451945585813,0.3199197615729767,-0.031067981676621725
14,gpboost_vecchia,247,0.5439824398653369,0.5770712566292131,0.7545954563942212,0.20255282742530956,0.2106130165288843
14,gpboost_vecchia,248,0.7294169109511335,0.6788738422922693,0.7897002934619404,0.23028879033712274,0.06028338251080689
14,gpboost_vecchia,249,0.5995132876628919,0.6235386996862613,0.7885410348052586,0.28049108181455473,0.1890277471423667
14,gpboost_vecchia,250,-0.011972620943260015,-0.10530784501691116,0.1726896039437289,0.387715473289952,0.1846622248869889
14,gpboost_vecchia,251,0.011765235308530131,0.03397964213060595,0.036980078564539554,0.3536410775581314,0.025214843256009423
14,gpboost_vecchia,252,1.1969138077425727,1.408128710160377,0.6565506902836655,0.350842446443754,-0.5403631174589072
14,gpboost_vecchia,253,-0.0936649615814904,-0.11674475630411753,-0.0015754857594099114,0.33405041461536455,0.09208947582208049
14,gpboost_vecchia,254,1.3233579149462837,1.2599995766765897,1.1886795630998033,0.3398191936229277,-0.13467835184648047
14,gpboost_vecchia,255,1.6236709755599334,1.3543204818485606,1.3193973554981593,0.41772808620720514,-0.30427362006177416
14,gpboost_vecchia,256,-0.14298696539939132,0.010483744357070474,-0.09678410078683974,0.25198096885392657,0.046202864612551575
14,gpboost_vecchia,257,0.15669153158015836,0.2768892534879654,0.6345948027056414,0.41136164146639553,0.47790327112548303
14,gpboost_vecchia,258,0.8138868613855046,0.907302035480891,0.9577557997541462,0.252708210009333,0.14386893836864156
14,gpboost_vecchia,259,2.1423558263786386,2.1654610403273464,1.922193990213784,0.2701101017627577,-0.22016183616485474
14,gpboost_vecchia,260,0.4108679368838436,0.2939814946118514,0.3998700245953297,0.20241879092610596,-0.010997912288513878
14,gpboost_vecchia,261,1.0061793764524212,0.8885926143878576,0.9826748160156624,0.3607239709616677,-0.023504560436758748
14,gpboost_vecchia,262,1.466033109558717,1.4892512783100447,1.270448001506208,0.24481170781937417,-0.19558510805250884
14,gpboost_vecchia,263,1.0226664448380989,1.1271112043966403,0.9525845747261599,0.20525027260009612,-0.070081870111939
14,gpboost_vecchia,264,-0.17741235591069854,-0.07363651529751664,0.7676933020789578,0.4172660975352499,0.9451056579896564
14,gpboost_vecchia,265,0.7699468781864585,0.781165340656603,1.1584827980847914,0.3400975944781771,0.3885359198983329
14,gpboost_vecchia,266,0.7876188699006118,0.8709922880945363,0.6383983979695147,0.19648445259559066,-0.1492204719310971
14,gpboost_vecchia,267,1.9453790051650488,2.2460817350903186,1.5007678209432065,0.38473988191527075,-0.4446111842218423
14,gpboost_vecchia,268,1.2043091904404346,1.2368383735652795,1.0073326394501727,0.28659919865534517,-0.1969765509902619
14,gpboost_vecchia,269,1.9970894342606083,1.9647796735608651,1.716272614767135,0.3019800047396952,-0.28081681949347326
14,gpboost_vecchia,270,-0.21695705164970025,-0.1461522636820483,-0.15166899559875735,0.32491533857626675,0.0652880560509429
14,gpboost_vecchia,271,0.10369362871824961,0.1422733069426377,0.016447241214600616,0.3119479970500917,-0.08724638750364899
14,gpboost_vecchia,272,0.5228708689314933,0.5148528309363226,0.6072700572246477,0.3837653711407957,0.0843991882931544
14,gpboost_vecchia,273,1.9300926334704755,1.876276374575676,1.4221535885505858,0.32419763314524325,-0.5079390449198897
14,gpboost_vecchia,274,1.350024977078184,1.5024075486377009,1.328422669237264,0.2263603827152633,-0.021602307840919988
14,gpboost_vecchia,275,1.2578478831183206,1.3150063792231008,1.0527583480331453,0.37006951813175004,-0.20508953508517536
14,gpboost_vecchia,276,0.7244979756861814,0.911333801697504,0.5140720357946176,0.2498627889155606,-0.21042593989156377
14,gpboost_vecchia,277,0.7708398574001765,0.8164391732471588,1.0051755872550214,0.23384355808757123,0.23433572985484497
14,gpboost_vecchia,278,0.5435701901789018,0.5409824792256411,0.8267663044481885,0.5088320934449787,0.2831961142692867
14,gpboost_vecchia,279,0.362230341520697,0.31388349536885807,0.18476604689403686,0.2728880282798282,-0.17746429462666014
14,gpboost_vecchia,280,0.556831372713535,0.5344148093630695,0.6314627739594743,0.20602406748164126,0.07463140124593926
14,gpboost_vecchia,281,0.9024597015365485,0.8433140019500545,0.8719439065955417,0.32092710846262357,-0.03051579494100687
14,gpboost_vecchia,282,0.618329388020943,0.529724925197836,1.0708421152870056,0.44312948967733007,0.4525127272660626
14,gpboost_vecchia,283,1.5240306107766102,1.7612038075471834,1.3962982312733723,0.20774319968917687,-0.1277323795032379
14,gpboost_vecchia,284,2.07386404783763,2.0020900946102396,1.7575372325955123,0.2585393800614191,-0.3163268152421175
14,gpboost_vecchia,285,0.6887410344559873,0.720042271955322,0.9071522112350472,0.2536156089130349,0.21841117677905986
14,gpboost_vecchia,286,1.7952552122374226,1.7880394866415195,1.6482033256804591,0.28887130022768426,-0.14705188655696344
14,gpboost_vecchia,287,1.1600182276701312,1.08262692481505,1.0152179326894997,0.3576960332930767,-0.14480029498063152
14,gpboost_vecchia,288,0.5755713456811489,0.6292730843247082,0.5421980485090558,0.2955664566592311,-0.03337329717209303
14,gpboost_vecchia,289,1.1268333684447636,1.0607538999903712,0.9730567378283594,0.18237699465916385,-0.15377663061640412
14,gpboost_vecchia,290,1.2676649682566454,1.2661127763563815,0.9671329913144162,0.4384656860792211,-0.3005319769422292
14,gpboost_vecchia,291,0.2790713668193583,0.2105726108198041,0.3086582093881223,0.30000380663901943,0.029586842568763982
14,gpboost_vecchia,292,0.19335405271725836,0.16976720850683552,0.15490019353763174,0.19088464201286892,-0.038453859179626626
14,gpboost_vecchia,293,1.0994037082548251,1.170146862839677,1.0656692711745475,0.2549492630447988,-0.03373443708027768
14,gpboost_vecchia,294,0.901713149347139,0.9203605774666163,1.2702051110110197,0.2905513583027729,0.36849196166388076
14,gpboost_vecchia,295,0.45176522303933364,0.44331242035645085,0.8104355212290071,0.2858993263307647,0.35867029818967344
14,gpboost_vecchia,296,0.5803125130323502,0.4078357571486654,0.7115528255518386,0.2432486732494322,0.13124031251948842
14,gpboost_vecchia,297,-0.07756891192507875,-0.09978510410556113,0.1585674707110103,0.3503938810820777,0.23613638263608905
14,gpboost_vecchia,298,2.022292416985413,2.054178787334862,1.6664315974137045,0.19253534382550938,-0.35586081957170856
14,gpboost_vecchia,299,-0.3842027585673278,-0.37960000523164295,-0.045023955263882254,0.42525559398879487,0.3391788033034455
15,gpboost_vecchia,0,-0.1722010882078675,-0.05271700158855905,-0.17968753310456265,0.27856189938735615,-0.007486444896695144
15,gpboost_vecchia,1,2.2226590817357748,2.3144663899694518,1.7393286586718553,0.36689425409562354,-0.4833304230639195
15,gpboost_vecchia,2,1.8997364880557592,1.8796232370302965,2.0954270891726345,0.3678042925310791,0.1956906011168753
15,gpboost_vecchia,3,-0.217903478618717,-0.2211206895796962,0.027479391260317954,0.2520778235825866,0.24538286987903496
15,gpboost_vecchia,4,1.658088656333119,1.6782485665610527,1.4818596855823163,0.27964203528045867,-0.17622897075080268
15,gpboost_vecchia,5,2.0056605768848774,1.9545201430186951,1.4518044331412838,0.45533940965622405,-0.5538561437435936
15,gpboost_vecchia,6,0.31186512832425467,0.2418800951285227,0.6016387251371977,0.25076834876890597,0.28977359681294307
15,gpboost_vecchia,7,1.1547842802918695,1.1801966606491219,1.4098193639984995,0.2612327137013083,0.25503508370663
15,gpboost_vecchia,8,2.6951101677253124,2.661416474026521,2.4852381367962586,0.3452754554481978,-0.20987203092905382
15,gpboost_vecchia,9,-0.21775135862732647,-0.4631355576788602,-0.244678121019394,0.21729292072085551,-0.026926762392067538
15,gpboost_vecchia,10,-0.6112855337312838,-0.6165095052797842,-0.6672619890495639,0.16253250854913742,-0.055976455318280105
15,gpboost_vecchia,11,0.5161535635113346,0.6186758015295619,0.5473177430604288,0.15306948133245918,0.03116417954909423
15,gpboost_vecchia,12,1.172992211770301,1.0777242488993029,1.3288124208836658,0.2134804927634939,0.1558202091133647
15,gpboost_vecchia,13,2.3855518995856997,2.471648906029877,1.979402493960123,0.3685782966278865,-0.4061494056255768
15,gpboost_vecchia,14,2.0009120054555085,1.961335090562758,1.4755412297704957,0.3361456874010014,-0.5253707756850128
15,gpboost_vecchia,15,2.1812795245020076,2.0781673601803385,2.088121132958544,0.2932645691369519,-0.09315839154346373
15,gpboost_vecchia,16,0.8563293747357257,0.9582300288643356,0.7096669158680307,0.22427485404820227,-0.14666245886769502
15,gpboost_vecchia,17,-0.8616754926250804,-0.7747878474626165,-0.9128121231752075,0.1981895190257499,-0.05113663055012718
15,gpboost_vecchia,18,0.7976416768182722,0.7977188628535458,0.3496361807051116,0.396744715240881,-0.44800549611316065
15,gpboost_vecchia,19,1.0594003433450698,1.084740534966825,1.020922092930861,0.33100356629078054,-0.03847825041420894
15,gpboost_vecchia,20,0.11619029540918432,0.17835603438041464,0.27502080370216575,0.24803978646266497,0.15883050829298143
15,gpboost_vecchia,21,0.32777898794390864,0.2895686386718663,0.2816259378121675,0.1927641553013717,-0.04615305013174115
15,gpboost_vecchia,22,1.253660993169834,1.3547576649707718,0.983742459457936,0.18339650277130987,-0.2699185337118979
15,gpboost_vecchia,23,0.1330380012080385,0.16510028946444003,-0.14848388025461645,0.3446276369559257,-0.28152188146265494
15,gpboost_vecchia,24,1.1542427081599813,1.1891846734594105,1.1024416632019527,0.2192703633723203,-0.05180104495802862
15,gpboost_vecchia,25,-0.6263301517422868,-0.7186024915770124,-0.7064135689918416,0.20094159943290507,-0.08008341724955481
15,gpboost_vecchia,26,0.7474176597975227,0.7221153454943233,0.7341846307894073,0.20880320301098118,-0.013233029008115405
15,gpboost_vecchia,27,1.7434329116303855,1.810090704798557,1.8386800512640367,0.29093121240273107,0.09524713963365117
15,gpboost_vecchia,28,2.251223635030768,2.111286660361383,2.0754721280833976,0.4536595286032189,-0.1757515069473703
15,gpboost_vecchia,29,-0.5936048157886005,-0.6825541205347004,-1.082470949587929,0.2184600466810013,-0.48886613379932853
15,gpboost_vecchia,30,1.2509454201704342,1.2428907241457614,1.1029613244333767,0.2511087157831335,-0.1479840957370575
15,gpboost_vecchia,31,1.0651346853563386,0.9117297435668633,1.3102124844917569,0.27565369808189055,0.24507779913541827
15,gpboost_vecchia,32,1.7393584090258727,1.6992334283527013,1.8046546241231773,0.31391309156445657,0.06529621509730466
15,gpboost_vecchia,33,0.42674401962157804,0.3587472818869442,0.5719166150385568,0.20358018870415825,0.1451725954169788
15,gpboost_vecchia,34,2.718099264606919,2.72329318071136,2.5117041602507246,0.3455612998987634,-0.20639510435619446
15,gpboost_vecchia,35,0.02225864514291176,-0.02854589394484798,0.040750849760215146,0.309457541073263,0.018492204617303387
15,gpboost_vecchia,36,1.7485243554445735,1.6966471663919656,1.9034478957984966,0.3835335553083235,0.15492354035392308
15,gpboost_vecchia,37,0.5396263693501304,0.6649128846525246,0.7310932784540611,0.25690102085541805,0.19146690910393072
15,gpboost_vecchia,38,1.6414873750507049,1.4980469549682942,1.1897813796580792,0.20745421451345353,-0.4517059953926257
15,gpboost_vecchia,39,1.6063738015481936,1.516058680223461,1.99713081490221,0.5199414609855896,0.39075701335401636
15,gpboost_vecchia,40,1.6321741642809366,1.5554055568037517,1.579115014740557,0.4063819309112061,-0.0530591495403796
15,gpboost_vecchia,41,-0.8618417039615109,-0.8901890701268012,-0.84373769734378,0.23824016732856398,0.018104006617730928
15,gpboost_vecchia,42,1.7469180662793216,1.732732307016336,1.5772715688324048,0.2724663541877316,-0.16964649744691673
15,gpboost_vecchia,43,1.243778708613403,1.334443920245984,1.395995539626055,0.26003685472724836,0.15221683101265215
15,gpboost_vecchia,44,0.6305086667301361,0.5617681098551904,0.6198685439159597,0.26320079348719394,-0.010640122814176367
15,gpboost_vecchia,45,1.580944951743916,1.6045263747617315,1.8313257885912293,0.3462962525282731,0.25038083684731327
15,gpboost_vecchia,46,1.4698959731763173,1.3244837233622038,1.4790421038046873,0.32654879408426485,0.009146130628369997
15,gpboost_vecchia,47,-0.2019737872229453,-0.17615924414345588,-0.3226995317377064,0.21242650576014865,-0.12072574451476109
15,gpboost_vecchia,48,1.5066703996573885,1.5805120833804376,1.413818994140982,0.35824517147148954,-0.09285140551640647
15,gpboost_vecchia,49,0.06035938650710637,0.029581784361022948,0.01249433502650632,0.22383206172001596,-0.04786505148060005
15,gpboost_vecchia,50,1.9132157142016886,1.9383902918671587,2.076719458154642,0.34446686091975015,0.16350374395295342
15,gpboost_vecchia,51,1.1184492915609185,1.0829520835848347,1.3373775909921903,0.32745242047156536,0.2189282994312718
15,gpboost_vecchia,52,1.6150199943909038,1.6199972594673095,1.769393394652404,0.3647197173063808,0.15437340026150026
15,gpboost_vecchia,53,1.8553690478390936,1.8704431790248532,1.6529379536342388,0.5741818803881086,-0.20243109420485483
15,gpboost_vecchia,54,1.651473058857567,1.6383732100733037,1.5243617618371896,0.1758475924076369,-0.12711129702037738
15,gpboost_vecchia,55,1.7185873827570957,1.647354221204271,1.8180206935277212,0.3279674072252789,0.09943331077062556
15,gpboost_vecchia,56,0.9966730905645311,1.0149534339267934,0.9730624074959415,0.22806942660027446,-0.0236106830685896
15,gpboost_vecchia,57,2.2864352192658206,2.3245318327163518,2.464656119207018,0.24642900661008074,0.1782208999411976
15,gpboost_vecchia,58,0.9821626360665964,0.9854562672850616,1.037591927691338,0.17497379320886158,0.05542929162474153
15,gpboost_vecchia,59,1.2915356949035184,1.250565642162328,1.3427153552083766,0.24239221686790235,0.05117966030485821
15,gpboost_vecchia,60,0.9861323279925527,1.1136217779840618,1.1340279581684456,0.20579808448930997,0.1478956301758929
15,gpboost_vecchia,61,2.2461696423592,2.065933821410055,1.9446631515306887,0.358186792550797,-0.30150649082851144
15,gpboost_vecchia,62,0.7055465486607778,0.6694301856066736,0.7888687629952749,0.3876913261464897,0.08332221433449705
15,gpboost_vecchia,63,0.3436382944402993,0.3962006267674889,0.27303691785910544,0.2621549006847959,-0.07060137658119386
15,gpboost_vecchia,64,1.6926882857043317,1.7333147008913192,1.3613013140813237,0.3621289027974491,-0.331386971623008
15,gpboost_vecchia,65,2.0503688598965066,1.9278189299257946,1.7248897871796292,0.38061821650621186,-0.3254790727168775
15,gpboost_vecchia,66,-0.529839561633406,-0.4198374815637404,-1.323666803772273,0.4375561128288158,-0.793827242138867
15,gpboost_vecchia,67,1.9339951219133509,1.9676135395916035,1.6199153047596972,0.4230168608757884,-0.31407981715365363
15,gpboost_vecchia,68,1.7462582142996776,1.7055767991053035,1.320882033614577,0.34844054859307555,-0.42537618068510064
15,gpboost_vecchia,69,1.4849486323631127,1.4720782809076898,1.7208988484932686,0.2580250142932097,0.23595021613015588
15,gpboost_vecchia,70,0.5163186823828656,0.647431878213472,0.5504881307743545,0.3470870346787554,0.034169448391488944
15,gpboost_vecchia,71,1.4416939312006254,1.5886892187669934,1.2034859804266116,0.36358334446008483,-0.2382079507740138
15,gpboost_vecchia,72,1.366838233296122,1.2521028579202516,1.0832393193236047,0.5013794758524286,-0.28359891397251724
15,gpboost_vecchia,73,-0.6936400599024227,-0.5317676487274566,-0.7720693059746289,0.16872025792327844,-0.07842924607220614
15,gpboost_vecchia,74,2.0290893860924277,1.9161522054735933,1.7890198521456337,0.23474484314364708,-0.24006953394679398
15,gpboost_vecchia,75,2.124046436477439,2.3047340975774837,1.7802114508165054,0.4114064223720118,-0.3438349856609335
15,gpboost_vecchia,76,1.0852982031682896,1.1558253367949198,0.6553955346006148,0.24766013978043427,-0.4299026685676748
15,gpboost_vecchia,77,-1.130591476386718,-1.1268128916308293,-1.6658566101888326,0.28620253287375513,-0.5352651338021146
15,gpboost_vecchia,78,1.5723567313521305,1.6254057432371793,1.3180670119287754,0.29706628767556204,-0.2542897194233551
15,gpboost_vecchia,79,1.1359670697289075,1.0774571345735884,0.9810850691861788,0.28467115806025906,-0.15488200054272871
15,gpboost_vecchia,80,1.935563303007625,2.0087153499190635,1.7892483025670618,0.3570782528419896,-0.14631500044056311
15,gpboost_vecchia,81,2.4212812651235476,2.316781943761221,1.9579098546470615,0.5804283452238428,-0.4633714104764861
15,gpboost_vecchia,82,1.6269246066305716,1.664936197435971,1.4835530008410043,0.2514858399468497,-0.1433716057895673
15,gpboost_vecchia,83,0.7734176485859474,0.8626816657223285,0.4589269814776742,0.32422685497998116,-0.3144906671082732
15,gpboost_vecchia,84,0.35768257937942505,0.16163624489624068,0.7094206390024969,0.31745446346468476,0.3517380596230718
15,gpboost_vecchia,85,-1.3013610346365185,-1.2780676010365914,-1.4157856877068582,0.28497567855054495,-0.11442465307033967
15,gpboost_vecchia,86,1.2648299295575143,1.2528274187731645,1.4350746249754884,0.25627062137205237,0.17024469541797416
15,gpboost_vecchia,87,1.6709589025914624,1.6264384519121566,1.2723112317030125,0.2985890466952113,-0.3986476708884499
15,gpboost_vecchia,88,2.1925616206552734,2.1464513992815,1.879585574513328,0.38597648568808834,-0.3129760461419453
15,gpboost_vecchia,89,-1.234703853903719,-1.262206474409979,-1.588715792449083,0.32519274414132343,-0.35401193854536395
15,gpboost_vecchia,90,1.340909224986462,1.322978420032801,1.4630593646944234,0.26461040618370407,0.1221501397079614
15,gpboost_vecchia,91,2.0619723974643844,2.305935818637685,1.5666949592916488,0.24090460107317305,-0.4952774381727356
15,gpboost_vecchia,92,2.0351079713450075,2.0901202947918502,1.9110213901918183,0.2649603540061941,-0.12408658115318927
15,gpboost_vecchia,93,2.0836457943779267,2.1360458917035667,1.9212734648344405,0.26969326590381576,-0.16237232954348624
15,gpboost_vecchia,94,-0.03893326085957442,-0.12330769427072606,0.039047072269703165,0.17926607159884905,0.07798033312927759
15,gpboost_vecchia,95,2.2579447214878883,2.161038040032978,1.892455015091958,0.36640788688290366,-0.36548970639593037
15,gpboost_vecchia,96,-0.5259277085811296,-0.717877847331338,-0.5448276870786586,0.1810659506663419,-0.018899978497529002
15,gpboost_vecchia,97,0.5503643607117619,0.5491962764599041,0.7991575325930285,0.2597084311535016,0.2487931718812666
15,gpboost_vecchia,98,-0.03917267482936038,-0.15409301835535252,0.12062640433028804,0.22281198601205265,0.15979907915964842
15,gpboost_vecchia,99,1.5788230649459902,1.7013388644813583,1.6218810032876565,0.31593452345559014,0.04305793834166627
15,gpboost_vecchia,100,1.4128654059629333,1.4450125034521448,1.5523660341380747,0.2729839043357375,0.13950062817514142
15,gpboost_vecchia,101,1.6138162839191363,1.6188573764053953,1.321706770090021,0.2679606076351159,-0.29210951382911543
15,gpboost_vecchia,102,1.1544607729769383,1.0903632711636633,0.9574146243688801,0.2941884174854779,-0.19704614860805814
15,gpboost_vecchia,103,-0.7283465577198054,-0.6601509893792112,-1.3347703811223113,0.31645882318961593,-0.6064238234025059
15,gpboost_vecchia,104,-0.30247487764342196,-0.23704924236113362,-0.2084225063645313,0.19531162689384024,0.09405237127889066
15,gpboost_vecchia,105,1.4891328394379144,1.441367114921759,1.3401241452704813,0.289034842114755,-0.14900869416743312
15,gpboost_vecchia,106,-0.5499183072641103,-0.6000220286768324,-0.2823664312957064,0.2215492494913897,0.2675518759684039
15,gpboost_vecchia,107,1.1920001342588467,1.280956689870158,1.6347667263723835,0.30139375044314365,0.44276659211353686
15,gpboost_vecchia,108,1.5658493833246223,1.3986928755423464,1.6975760422836226,0.23906558822434582,0.13172665895900026
15,gpboost_vecchia,109,-0.5116097066936849,-0.44665029739505646,-0.7978934105956448,0.46050048350180034,-0.2862837039019599
15,gpboost_vecchia,110,1.3806561411551161,1.1693449225589203,1.5595510882134924,0.23575858356535737,0.17889494705837627
15,gpboost_vecchia,111,1.7632684352336256,1.7902038325177005,1.8465539351345441,0.399240407343496,0.08328549990091849
15,gpboost_vecchia,112,0.1223822501607983,0.11223483510600095,0.06566194743233567,0.25549338667041105,-0.05672030272846264
15,gpboost_vecchia,113,1.8945294543683067,1.955482817419167,1.5052911184456033,0.30841015282663226,-0.3892383359227034
15,gpboost_vecchia,114,1.4895185355825622,1.539985173129908,1.517561431384666,0.3365238076243576,0.02804289580210373
15,gpboost_vecchia,115,2.2784946700758413,2.146513218038476,2.2334571997260477,0.2431081518952276,-0.04503747034979355
15,gpboost_vecchia,116,-0.029882968256711606,-0.04478857211843857,0.1326500904108876,0.23411233284535382,0.1625330586675992
15,gpboost_vecchia,117,1.3144957319624173,1.42145606513199,1.7680632933247384,0.23912174494267308,0.4535675613623211
15,gpboost_vecchia,118,0.873520194651721,0.73401170086883,0.8260048588504123,0.32804771540608846,-0.04751533580130873
15,gpboost_vecchia,119,-0.5673546113336463,-0.42005847780956795,-0.2247843743194693,0.22118638695763496,0.342570237014177
15,gpboost_vecchia,120,0.11476826951766292,0.020941376859676022,0.49713390243673317,0.294830687373921,0.3823656329190702
15,gpboost_vecchia,121,0.7707817683970494,0.5954166836087045,0.3737941261390212,0.25350465256793026,-0.3969876422580282
15,gpboost_vecchia,122,-0.2630534898186542,-0.3480853480786835,-0.6856880172098414,0.2759598692596741,-0.42263452739118723
15,gpboost_vecchia,123,1.67276419957979,1.5504402684038237,1.5302661746385127,0.27760133309649226,-0.14249802494127728
15,gpboost_vecchia,124,-0.715997600568939,-0.5782974676381214,-0.6526337126856987,0.17226754488628962,0.06336388788324032
15,gpboost_vecchia,125,2.5808773273739645,2.431255582218117,2.1934876299473736,0.32433045968522434,-0.3873896974265909
15,gpboost_vecchia,126,2.291086777015211,2.2841545112099366,2.094375317078478,0.3766333418498645,-0.19671145993673278
15,gpboost_vecchia,127,0.49584454441415693,0.6868925567068926,0.7141148793139038,0.18072039111310165,0.2182703348997469
15,gpboost_vecchia,128,1.042018513029142,1.0882095222318617,0.8125517289635038,0.3423495403015363,-0.22946678406563814
15,gpboost_vecchia,129,-1.2698105065776293,-1.2501770043523863,-1.7001362272034903,0.27439848028004055,-0.43032572062586105
15,gpboost_vecchia,130,2.5490829363857213,2.448880499006434,1.4944763442346503,0.4665827111332155,-1.054606592151071
15,gpboost_vecchia,131,-0.2501263661942471,-0.4085225642649961,-0.5070089715783581,0.4298149993222766,-0.256882605384111
15,gpboost_vecchia,132,-1.0379197221319525,-1.0019100519596043,-1.4791450646143147,0.2424996690656034,-0.4412253424823622
15,gpboost_vecchia,133,1.7035902117203325,1.5001609529670297,1.7281558751731287,0.2201791270874272,0.024565663452796205
15,gpboost_vecchia,134,1.6715751734771556,1.5651259328227511,1.530313913874446,0.32748201188160836,-0.14126125960270963
15,gpboost_vecchia,135,1.3738209887633124,1.3939668021943332,1.4797594164280632,0.24947135025517764,0.10593842766475081
15,gpboost_vecchia,136,1.5744849273281667,1.5593791067455895,1.4202395960216823,0.24537973399248983,-0.15424533130648443
15,gpboost_vecchia,137,0.32256681735176407,0.436578936537023,0.3728381739958433,0.2450629359905942,0.050271356644079224
15,gpboost_vecchia,138,2.271251114296419,2.264134142670063,2.1044282866102155,0.2351700808835529,-0.16682282768620338
15,gpboost_vecchia,139,1.7997324071885548,1.518528509969891,1.6115766085046026,0.21035318873818337,-0.18815579868395216
15,gpboost_vecchia,140,1.2018826831282035,1.250719246270098,1.2097805994289157,0.17397935291481795,0.007897916300712238
15,gpboost_vecchia,141,1.7360881737285978,1.8563625511581703,1.789632526743528,0.3310152203706878,0.05354435301493021
15,gpboost_vecchia,142,1.9644140166043418,1.8181211886551298,1.6609050457394599,0.36086141362458235,-0.30350897086488193
15,gpboost_vecchia,143,-1.218610138678906,-1.3457144500385196,-1.4251099941704908,0.2787709521480191,-0.20649985549158467
15,gpboost_vecchia,144,0.23763940174209458,0.33284728386967044,0.14860188151218878,0.21268695919649583,-0.0890375202299058
15,gpboost_vecchia,145,0.9035403602769483,0.9911544873499526,0.6449152857501055,0.21322273011546478,-0.2586250745268428
15,gpboost_vecchia,146,1.6557702110194366,1.6797116046771083,1.6445574828697325,0.2905098372514334,-0.011212728149704088
15,gpboost_vecchia,147,-0.6995688882134922,-0.8200040660355571,-0.7095434330838657,0.21082454334907885,-0.009974544870373525
15,gpboost_vecchia,148,-1.0190884705249972,-1.1656230174347655,-1.2839976679399037,0.32973139095992965,-0.2649091974149065
15,gpboost_vecchia,149,0.49456395144192394,0.4282638099259374,0.24392616340531958,0.19989770055947179,-0.25063778803660436
15,gpboost_vecchia,150,-0.08870619527504359,-0.23485529106195016,-0.44857538716474465,0.37059834362667826,-0.35986919188970107
15,gpboost_vecchia,151,-0.08137821328377426,-0.10918570101569443,-0.18345367855074102,0.20789329279751217,-0.10207546526696676
15,gpboost_vecchia,152,2.5367405879505958,2.6843839042711766,2.154643018898314,0.4451335239214718,-0.38209756905228165
15,gpboost_vecchia,153,1.7658507717487468,1.846983277718636,1.6252833587673408,0.1703334075571384,-0.14056741298140607
15,gpboost_vecchia,154,-0.4327096136848562,-0.3608105584870125,-0.2305912812712112,0.33279771312001305,0.20211833241364502
15,gpboost_vecchia,155,0.21927780708815076,0.23822051500760516,0.23129807116048262,0.19942615020647092,0.012020264072331865
15,gpboost_vecchia,156,0.2642931927840704,0.1972362983445941,0.23147782203079892,0.20915563129722253,-0.032815370753271456
15,gpboost_vecchia,157,1.0168851500633629,0.8714098299452318,0.9556593815094843,0.2962461894174488,-0.06122576855387862
15,gpboost_vecchia,158,2.20307965692361,2.157043009623919,1.985773339024945,0.3383341690395844,-0.21730631789866495
15,gpboost_vecchia,159,1.6451144272695322,1.7178214342986347,1.734338757582834,0.3359717856482029,0.08922433031330179
15,gpboost_vecchia,160,1.732834641221985,1.835334474622159,1.7653775571861354,0.23618393530574805,0.032542915964150376
15,gpboost_vecchia,161,0.01406382190623573,0.037366740400569046,-0.04538443110504886,0.2213904170643996,-0.05944825301128459
15,gpboost_vecchia,162,1.6896949374537076,1.8215998772804172,1.6614307239005175,0.28620942404242367,-0.028264213553190087
15,gpboost_vecchia,163,-0.1912999736930694,-0.2670172032173968,0.07018797331302551,0.3471047655281685,0.2614879470060949
15,gpboost_vecchia,164,1.4431148473672264,1.338920574138482,1.2369532254065199,0.24488765880030877,-0.20616162196070653
15,gpboost_vecchia,165,2.2730994766337314,2.3602961792891826,2.1613893528019545,0.28328540426283016,-0.11171012383177681
15,gpboost_vecchia,166,1.596923863379703,1.506875418434815,1.480502576302559,0.17958896098022728,-0.11642128707714394
15,gpboost_vecchia,167,1.1040107145372067,1.058161692896491,1.2581580911843844,0.34041874267891176,0.1541473766471777
15,gpboost_vecchia,168,1.7254797551238161,1.5945909526497315,1.9220577873682911,0.24614949681329898,0.196578032244475
15,gpboost_vecchia,169,2.0502682716994944,2.100717362104999,2.0727074577268425,0.5388729479018263,0.022439186027348068
15,gpboost_vecchia,170,2.2241147851420617,2.237925926362722,2.1695582272081797,0.2249961565987543,-0.05455655793388203
15,gpboost_vecchia,171,1.2069584758473624,1.2055776473252613,0.9260845889665106,0.322305895041791,-0.2808738868808518
15,gpboost_vecchia,172,-0.909288801271426,-1.069224659196593,-0.7986490356557283,0.34429695228819124,0.11063976561569766
15,gpboost_vecchia,173,2.2204941771619446,2.154545837275971,1.859643215763045,0.4137541632842436,-0.3608509613988997
15,gpboost_vecchia,174,-0.615454634431476,-0.49349801172000807,-0.6016718530036904,0.18855895989107097,0.013782781427785551
15,gpboost_vecchia,175,-0.356954278886333,-0.1745046984715037,-0.45672216674475585,0.16038743300619548,-0.09976788785842283
15,gpboost_vecchia,176,0.022302357805406237,-0.001984090304115921,0.19336930517366824,0.1886521597536183,0.171066947368262
15,gpboost_vecchia,177,0.030548536229561996,-0.007245577175962241,-0.4352776653845609,0.37003360145484565,-0.4658262016141229
15,gpboost_vecchia,178,1.9530366981656162,1.9265186266545213,1.365853965280433,0.3430911411047968,-0.5871827328851833
15,gpboost_vecchia,179,1.8863241680124123,1.9893932780455061,2.011614768655294,0.4763896755467617,0.12529060064288156
15,gpboost_vecchia,180,1.4018833899338756,1.376541416509904,1.477667439949947,0.23339357510738215,0.07578405001607136
15,gpboost_vecchia,181,2.640869850796502,2.6117938411942396,1.7629429507307668,0.4885663985644695,-0.8779269000657353
15,gpboost_vecchia,182,-0.07557584539810619,-0.06351531619980184,0.3185973751165001,0.26213676878040726,0.3941732205146063
15,gpboost_vecchia,183,1.3590303243714692,1.3114098121914888,1.391563529488682,0.3994013757919889,0.032533205117212693
15,gpboost_vecchia,184,0.9524561286418979,0.8297967262802388,0.9448244753776258,0.2178181221554531,-0.007631653264272065
15,gpboost_vecchia,185,1.5935794544879105,1.315999902819595,1.2930009989284965,0.34590815286551,-0.300578455559414
15,gpboost_vecchia,186,0.6138124081132951,0.6398237910186344,0.16988228091949154,0.25343413184544983,-0.44393012719380354
15,gpboost_vecchia,187,1.590935083531464,1.4806253582997944,1.5228772069832068,0.31058430690408545,-0.06805787654825712
15,gpboost_vecchia,188,1.8127929977075339,1.9782878860381135,1.5365922153491542,0.2667666555539848,-0.27620078235837964
15,gpboost_vecchia,189,1.5232344807491027,1.7240008113791754,1.369838785946813,0.1524108808552369,-0.15339569480228965
15,gpboost_vecchia,190,0.8366015211808144,0.825978635244996,0.9012818563053617,0.19195566242300577,0.0646803351245473
15,gpboost_vecchia,191,-0.43225821972499573,-0.4889230781861783,-0.4285361164756978,0.16712783302119777,0.0037221032492979478
15,gpboost_vecchia,192,1.083108811576853,1.1104488545376474,1.7901136882766302,0.3875076013074604,0.7070048766997772
15,gpboost_vecchia,193,-1.2451690828404347,-1.243146211418197,-2.087487437931877,0.310720882709794,-0.8423183550914422
15,gpboost_vecchia,194,2.1979587179217828,2.098859314604041,2.3423006403259183,0.27483989620843785,0.14434192240413557
15,gpboost_vecchia,195,-1.7614423352402464,-1.832439255736749,-1.3900404751808537,0.2628270672094869,0.3714018600593927
15,gpboost_vecchia,196,0.9302193460991497,0.936522438306243,1.2300886881834892,0.23167410771188895,0.29986934208433946
15,gpboost_vecchia,197,1.6309621272061114,1.816822387116377,1.2710020641271456,0.35752453135574747,-0.3599600630789659
15,gpboost_vecchia,198,1.847629167135291,1.9582777269697753,2.0077371304958582,0.3717829888840842,0.16010796336056732
15,gpboost_vecchia,199,-0.8537051772950461,-0.8277277482644788,-1.3651469775988545,0.2499310146609047,-0.5114418003038084
15,gpboost_vecchia,200,-0.4729311643371246,-0.4401796277243649,-0.49178060201438534,0.2139908084574697,-0.018849437677260716
15,gpboost_vecchia,201,-0.15757959391372242,-0.18514584359438396,-0.4928583428154738,0.27706703198613747,-0.33527874890175136
15,gpboost_vecchia,202,1.3540582895068618,1.3447626679699445,1.3811959077229634,0.2391435979892039,0.02713761821610161
15,gpboost_vecchia,203,-0.8175621370629446,-0.9053894809635223,-1.186701268695785,0.2568169018387521,-0.3691391316328404
15,gpboost_vecchia,204,-0.12440582578645468,-0.3045347272562516,-0.16874991337083145,0.23815272245847174,-0.04434408758437677
15,gpboost_vecchia,205,0.9680938039281404,0.8119496646636747,0.8074429177843898,0.294104704923059,-0.16065088614375056
15,gpboost_vecchia,206,0.045457031492694866,0.15255164209492736,0.1476368817487952,0.21447880293220353,0.10217985025610032
15,gpboost_vecchia,207,2.0153417391740507,1.944734642490607,1.897099264173825,0.21962060214873716,-0.11824247500022578
15,gpboost_vecchia,208,1.4041906314855468,1.6365067038503316,1.2783036924156796,0.3026292405751229,-0.12588693906986714
15,gpboost_vecchia,209,0.4982886118445862,0.5131715446770172,0.8397861253370493,0.21145154003809202,0.3414975134924631
15,gpboost_vecchia,210,1.4940242884789108,1.5735201843520883,1.4423387145315107,0.3050634000781795,-0.05168557394740003
15,gpboost_vecchia,211,-1.6173346900200083,-1.6731532157181257,-1.7453490303973567,0.2589630904473971,-0.12801434037734838
15,gpboost_vecchia,212,1.304548698136253,1.201179068388421,1.4728003187414762,0.3319673112997658,0.16825162060522314
15,gpboost_vecchia,213,1.4127162656052028,1.3414778734511161,1.238278491839278,0.23371337587339788,-0.17443777376592484
15,gpboost_vecchia,214,1.1264625742685157,1.088699450562043,0.816077225331135,0.22960671280117242,-0.3103853489373807
15,gpboost_vecchia,215,0.5311960385964947,0.49343493273028355,0.5515134448491743,0.2861236003435329,0.020317406252679637
15,gpboost_vecchia,216,0.21856905469366755,0.30021950713958356,-0.18412490406375248,0.348535936358503,-0.40269395875742003
15,gpboost_vecchia,217,2.146704853632517,1.971252874313518,1.6311542843220472,0.35465249207982674,-0.5155505693104696
15,gpboost_vecchia,218,0.582617035847748,0.5603970264082091,0.8653161429712277,0.33875366542371943,0.2826991071234797
15,gpboost_vecchia,219,1.8803146395168868,1.9163511811887288,1.832640249680939,0.34492409021988535,-0.04767438983594774
15,gpboost_vecchia,220,0.20036187256471183,0.334677843546241,0.6921649275417447,0.27361667788560456,0.4918030549770329
15,gpboost_vecchia,221,2.11269860633044,2.2397762078238785,2.052869591319407,0.25105670091255,-0.05982901501103299
15,gpboost_vecchia,222,-0.8401784050559897,-0.8585378593667181,-1.1735387085177607,0.28788820469809184,-0.3333603034617709
15,gpboost_vecchia,223,-0.02134649957362339,-0.16124614516922126,0.09322779361464129,0.2453237403904466,0.11457429318826468
15,gpboost_vecchia,224,-1.0330518509955968,-1.0056119626353655,-1.0631997501141726,0.18444079365368543,-0.03014789911857574
15,gpboost_vecchia,225,0.577017774191606,0.5212131975966712,0.8283629508910195,0.25141533907810737,0.2513451766994135
15,gpboost_vecchia,226,2.0460754651419766,2.135376001308496,2.354196422651915,0.3008088957538519,0.3081209575099386
15,gpboost_vecchia,227,-1.9617890663693713,-2.005668391917923,-2.108915873151332,0.2714922686217504,-0.14712680678196088
15,gpboost_vecchia,228,2.202450874756622,2.387101184474977,2.177436735812014,0.39968917836060225,-0.02501413894460791
15,gpboost_vecchia,229,2.162953715567628,2.256726366847698,2.1779861408520205,0.33809498143944994,0.015032425284392303
15,gpboost_vecchia,230,1.8143051943118902,1.8442757760209445,1.6162411043356641,0.40147600249786214,-0.19806408997622604
15,gpboost_vecchia,231,0.9069200352474271,0.7094345289569415,1.0186245745892037,0.24796245731077377,0.1117045393417766
15,gpboost_vecchia,232,0.43737951276492504,0.38317286237772097,0.47015603894792335,0.2305705598078232,0.03277652618299831
15,gpboost_vecchia,233,1.6787402384923704,1.6261420740751855,1.979055921860791,0.28652628942978225,0.3003156833684206
15,gpboost_vecchia,234,1.9601008855441338,1.9869080613537284,1.9067567701090624,0.32698752627756633,-0.05334411543507134
15,gpboost_vecchia,235,1.084734793160498,1.2047262572675717,1.0162827065371376,0.22681117283791666,-0.06845208662336044
15,gpboost_vecchia,236,0.05154920525438045,0.05358048638445653,0.08352010778030916,0.22136571606244757,0.03197090252592871
15,gpboost_vecchia,237,1.8541390748250017,1.6833454710419793,1.877085462633639,0.4195887214754772,0.022946387808637336
15,gpboost_vecchia,238,0.001547710425818083,0.0019399723268521797,-0.057402240522339554,0.20787585697415129,-0.05894995094815764
15,gpboost_vecchia,239,1.7356460414325046,1.7540710252498393,1.961369644780536,0.2989184094612878,0.22572360334803143
15,gpboost_vecchia,240,1.0492450511541167,1.1167429599064578,0.638345565823025,0.27894000730264135,-0.41089948533109166
15,gpboost_vecchia,241,1.8416320700936877,1.9360180298198837,1.7215750407462505,0.35428506959323586,-0.12005702934743723
15,gpboost_vecchia,242,1.2576135960225021,1.265416444869287,1.3128092160295068,0.19680053614555928,0.05519562000700473
15,gpboost_vecchia,243,1.300918666430543,1.4370328853216057,1.2546204355295316,0.28172448444954434,-0.04629823090101137
15,gpboost_vecchia,244,1.476899589073988,1.3816188404338736,1.5584358943555365,0.3863449086951509,0.08153630528154854
15,gpboost_vecchia,245,0.3183173945966942,0.2732382651026585,0.2026132199012558,0.22791255253365372,-0.11570417469543842
15,gpboost_vecchia,246,2.138339392247614,2.126222403813287,1.6598158438080173,0.2668165008762962,-0.4785235484395969
15,gpboost_vecchia,247,2.2110448821411097,2.2595968035723546,2.4219674032644996,0.25755422629296737,0.21092252112338983
15,gpboost_vecchia,248,-0.45692160930064213,-0.4294421972160768,-0.48485886980473936,0.29125601178432475,-0.027937260504097228
15,gpboost_vecchia,249,1.3214550228738133,1.3820403452456993,1.8682877133012177,0.41150783553695536,0.5468326904274043
15,gpboost_vecchia,250,-0.24809167695099194,-0.3060306559649823,0.0828652606190019,0.20175678537305522,0.33095693756999384
15,gpboost_vecchia,251,-0.3307373809965959,-0.31721774005163933,0.03544105879232262,0.21925292833728177,0.3661784397889185
15,gpboost_vecchia,252,-0.3705951221198537,-0.33046922925804817,-0.7648981092297618,0.32653924191950134,-0.3943029871099081
15,gpboost_vecchia,253,-0.19620623979092708,-0.07286154017491107,-0.21790356287996637,0.21863083487597623,-0.021697323089039294
15,gpboost_vecchia,254,2.2345192743831297,2.1297375072839713,2.1366663176548526,0.20146349473331582,-0.0978529567282771
15,gpboost_vecchia,255,0.4121038233904288,0.5382542228382264,0.3776345353047912,0.2608402088170879,-0.034469288085637595
15,gpboost_vecchia,256,-0.2061719265762211,-0.3157353097354012,-0.15714568946306073,0.2086581512694419,0.04902623711316037
15,gpboost_vecchia,257,1.997654736473439,2.137691746437934,1.6676686338890683,0.4695642824868867,-0.32998610258437067
15,gpboost_vecchia,258,0.5717124330549298,0.6566099340924076,0.5072539511074527,0.24228001406179606,-0.06445848194747705
15,gpboost_vecchia,259,1.8837869874329471,1.7799483006565715,1.9682125693106762,0.32641219021447815,0.08442558187772908
15,gpboost_vecchia,260,1.0925106259468684,1.0715262510533192,1.2457130103565603,0.29048349934390577,0.15320238440969192
15,gpboost_vecchia,261,2.341980753641634,2.23898797108395,2.263120748942605,0.24926471049478235,-0.07886000469902887
15,gpboost_vecchia,262,2.040091043814825,2.022932451586693,1.5968838341320843,0.34717978004677225,-0.44320720968274063
15,gpboost_vecchia,263,-0.9343678982656586,-1.0843774190114162,-0.6164855045960458,0.3830421081044231,0.3178823936696128
15,gpboost_vecchia,264,-0.24940148328448553,-0.21539446234418744,-0.03444417939462596,0.47557168582188575,0.21495730388985956
15,gpboost_vecchia,265,2.3125940062001336,2.323180185311584,1.5601373190825605,0.2846098346995936,-0.7524566871175731
15,gpboost_vecchia,266,2.0470018705610977,2.1089887094899877,1.816971820532185,0.34489578476925364,-0.23003005002891275
15,gpboost_vecchia,267,1.6810650690853677,1.6463634307067736,1.7527264412043237,0.3087283335438067,0.07166137211895607
15,gpboost_vecchia,268,-0.3515794603191038,-0.18061718099196278,-0.7366909174902183,0.307207436900008,-0.3851114571711145
15,gpboost_vecchia,269,1.8503024292968242,1.8168580109998167,1.57872573290404,0.2714468539747043,-0.27157669639278414
15,gpboost_vecchia,270,0.9454386643340202,0.9746738750756223,1.0884431174672553,0.32202639126219473,0.14300445313323507
15,gpboost_vecchia,271,-0.16704820249463426,-0.14242311987368275,-0.07275493261075816,0.315595892950294,0.0942932698838761
15,gpboost_vecchia,272,1.6946401571625327,1.7354807538411574,1.3769904354196516,0.3226448761842724,-0.3176497217428811
15,gpboost_vecchia,273,1.9118850302673214,1.9394364421110049,1.9748181475952142,0.3891430577973831,0.06293311732789286
15,gpboost_vecchia,274,-0.6773923074530723,-0.705641862013162,-1.655332444650206,0.3932342300652212,-0.9779401371971337
15,gpboost_vecchia,275,0.6198737228993478,0.46213235054475954,0.303756463176418,0.26600371558874625,-0.3161172597229298
15,gpboost_vecchia,276,0.7856283148949863,0.7955698830841007,1.0244325424921232,0.38168949212655606,0.23880422759713693
15,gpboost_vecchia,277,-0.05173776351453757,0.07104231538089362,0.2878594129117502,0.289299454504184,0.3395971764262878
15,gpboost_vecchia,278,1.0519400670453876,0.9639644743959455,1.0205648883134444,0.28784677634334865,-0.031375178731943176
15,gpboost_vecchia,279,2.0583120328193534,1.9046294640439039,1.9449143942281246,0.38320099873100805,-0.11339763859122876
15,gpboost_vecchia,280,2.3781852463660207,2.370322401085442,1.3686783539038885,0.4244140128004592,-1.0095068924621322
15,gpboost_vecchia,281,0.8283550519966095,0.9311274849815185,1.2266180209105109,0.2552274063824491,0.39826296891390134
15,gpboost_vecchia,282,0.6860040293684178,0.6772050637606859,0.4355360726191595,0.20308226197658913,-0.25046795674925826
15,gpboost_vecchia,283,-0.2513267424524763,-0.2548302599641801,-0.10457649336532171,0.36874713490763456,0.14675024908715462
15,gpboost_vecchia,284,1.133003931255256,1.1149134353932222,1.1146103701652201,0.36530827588164916,-0.01839356109003587
15,gpboost_vecchia,285,2.1995573082555246,2.1385065488244686,2.0466677566099225,0.4378673992461632,-0.15288955164560214
15,gpboost_vecchia,286,-1.408378981833503,-1.5458185739792463,-1.6452880750974685,0.24027012152833832,-0.23690909326396548
15,gpboost_vecchia,287,1.6382379374628182,1.547714939853582,1.408041965647806,0.2900537728239352,-0.23019597181501217
15,gpboost_vecchia,288,-0.679789584332818,-0.6314182790709327,-0.8954615711374103,0.16448166634755323,-0.21567198680459232
15,gpboost_vecchia,289,1.974257239636128,2.026000878687793,1.7949024839691283,0.2259087618489874,-0.17935475566699965
15,gpboost_vecchia,290,2.400818221110142,2.2528233867315928,2.3755608925435627,0.22850717308711313,-0.02525732856657914
15,gpboost_vecchia,291,0.38502840739528404,0.2884622644540351,0.3972755032857016,0.20015900688406846,0.012247095890417559
15,gpboost_vecchia,292,1.1545802961666443,1.2739497918616616,1.399391000617058,0.362697842725666,0.24481070445041375
15,gpboost_vecchia,293,0.7807666204864143,0.6982355324278161,1.1222058185406425,0.2508025537206345,0.3414391980542282
15,gpboost_vecchia,294,1.911081721082277,1.971994955839301,1.8192763672120122,0.2964626355231336,-0.09180535387026478
15,gpboost_vecchia,295,2.145858954644824,2.2132306060288234,2.019034479248992,0.3866746609905405,-0.12682447539583208
15,gpboost_vecchia,296,1.460879853731325,1.4394728241433192,1.450892970150992,0.34099589372940675,-0.00998688358033295
15,gpboost_vecchia,297,1.7365519063599473,1.670264056029845,1.933719086112756,0.4100935837917031,0.19716717975280873
15,gpboost_vecchia,298,0.8599854274400329,0.8873920459806235,0.9809852697265455,0.33872095438846545,0.12099984228651262
15,gpboost_vecchia,299,1.99752675766588,1.895369463287757,1.902167767853049,0.18810114446681336,-0.09535898981283086
16,gpboost_vecchia,0,1.3160016365482923,1.457200262202179,1.0764472874829938,0.36185586043836465,-0.2395543490652985
16,gpboost_vecchia,1,-0.3072232207161974,-0.38553226635630167,0.15141780154654327,0.2452004576114612,0.45864102226274067
16,gpboost_vecchia,2,0.004775412320967787,0.1889891237245498,-0.29969363182224207,0.409622079338207,-0.30446904414320985
16,gpboost_vecchia,3,0.27621647522826154,0.3294560955281655,0.009066604151133362,0.26494931539238814,-0.2671498710771282
16,gpboost_vecchia,4,1.1142904451152518,1.2187088519492397,0.8986780456031616,0.20511877622396574,-0.2156123995120902
16,gpboost_vecchia,5,-0.08876466318776224,-0.145710568650311,0.2153535929069612,0.26559611443281267,0.3041182560947234
16,gpboost_vecchia,6,-0.0773538288546333,-0.08427701737472612,0.2930646259549725,0.31767946459772006,0.3704184548096058
16,gpboost_vecchia,7,1.4822353512373252,1.5717738655267628,1.8533681083135853,0.31019543617798834,0.37113275707626014
16,gpboost_vecchia,8,1.475173524001333,1.6171544351480092,1.0906185873009235,0.3209089189427259,-0.3845549367004095
16,gpboost_vecchia,9,-0.19290677915760834,-0.30426119271262425,-0.34755983444843963,0.5143219035465054,-0.1546530552908313
16,gpboost_vecchia,10,1.1313123862623187,1.1227291507182153,1.0588024401772955,0.17857585350301033,-0.07250994608502315
16,gpboost_vecchia,11,0.7404863529822789,0.7386717702391739,0.8524812295890793,0.3469755785586731,0.11199487660680041
16,gpboost_vecchia,12,0.4965505828389407,0.4862047587074252,0.10904851568181329,0.2857964964118735,-0.38750206715712743
16,gpboost_vecchia,13,0.6895436430573751,0.6595704873896232,0.901326652216186,0.4393700310797606,0.21178300915881088
16,gpboost_vecchia,14,0.27915216357398587,0.2516053180222434,0.6160534010814676,0.3353910152926641,0.3369012375074817
16,gpboost_vecchia,15,-0.043155379616653444,-0.019166338255355717,-0.2811711603474709,0.27287294750026997,-0.23801578073081747
16,gpboost_vecchia,16,0.49662406984944146,0.30043003321229256,0.3537322226145765,0.2663191132325455,-0.14289184723486498
16,gpboost_vecchia,17,1.0659435238826787,1.0547430816750398,1.102466557298774,0.34886469364997236,0.03652303341609531
16,gpboost_vecchia,18,0.12206512042825796,0.09782180527076922,-0.21016094975012045,0.3093698988364856,-0.3322260701783784
16,gpboost_vecchia,19,0.6903621675149398,0.6728621712998737,0.7289802770734966,0.34818838134531604,0.03861810955855671
16,gpboost_vecchia,20,2.42844345951652,2.57547348465683,2.272560255529406,0.44224502497197193,-0.15588320398711408
16,gpboost_vecchia,21,0.8631226490667013,0.8766879713119526,1.184003680957976,0.5194041945823453,0.3208810318912746
16,gpboost_vecchia,22,1.1275914274418182,1.1874086057248792,1.0003337008436013,0.2805282710223971,-0.12725772659821688
16,gpboost_vecchia,23,0.11199354030315528,-0.005912717825535277,0.26694894890643894,0.326738417969697,0.15495540860328366
16,gpboost_vecchia,24,0.6726003359345413,0.7928434822919659,1.0059689427642189,0.4248409012001367,0.3333686068296776
16,gpboost_vecchia,25,0.1986100841680083,0.2323282071025902,0.41708370718638577,0.2504301694531523,0.21847362301837747
16,gpboost_vecchia,26,1.274557905703896,1.4491836780401919,1.5782546425231665,0.2518602379348594,0.30369673681927045
16,gpboost_vecchia,27,0.5844017765100877,0.6029284261816542,0.8498016386294429,0.44513065377749633,0.2653998621193552
16,gpboost_vecchia,28,0.37536462535932436,0.3741628811980257,0.3230892404804422,0.33567458067776074,-0.05227538487888217
16,gpboost_vecchia,29,-0.028926739225350398,0.07807589865532229,0.4161179207833676,0.37944170595151416,0.445044660008718
16,gpboost_vecchia,30,0.08497854122515683,0.03855033821231083,-0.2124368151288092,0.3258366993491653,-0.297415356353966
16,gpboost_vecchia,31,0.17128771585628103,0.1950738681234308,0.502957505201433,0.30819456357432795,0.331669789345152
16,gpboost_vecchia,32,1.774084076085927,1.8725910764989195,1.795029228447019,0.43744516786212867,0.020945152361091957
16,gpboost_vecchia,33,2.533370331926343,2.552287128757328,2.352731825461351,0.24730941242638121,-0.1806385064649918
16,gpboost_vecchia,34,-0.6769570163595214,-0.7029999000435811,-0.5676632731728084,0.312200617514777,0.10929374318671303
16,gpboost_vecchia,35,2.3698210734031147,2.4935397649780824,2.531484538758221,0.2621364818980343,0.16166346535510634
16,gpboost_vecchia,36,1.2983277093872245,1.32421976622356,1.3841636585457078,0.3475396352928843,0.08583594915848325
16,gpboost_vecchia,37,1.6939197036956568,1.655672138666653,1.473801427056813,0.4203927286775278,-0.22011827663884387
16,gpboost_vecchia,38,0.49956845469122124,0.5265925650962248,0.6686860333972646,0.2871982606582346,0.16911757870604338
16,gpboost_vecchia,39,1.119656816691907,1.212935114088425,0.7790027658225078,0.41626672468014014,-0.34065405086939915
16,gpboost_vecchia,40,0.025137346395011168,0.12466468494720653,-0.04735500517531044,0.2748509640401986,-0.0724923515703216
16,gpboost_vecchia,41,0.7335381003569078,0.7668654461223847,0.5770290720320936,0.33972273613226905,-0.15650902832481417
16,gpboost_vecchia,42,-0.5638500919408654,-0.618041099726419,-0.5449526476650384,0.5585234626109458,0.01889744427582707
16,gpboost_vecchia,43,-0.3894555771279018,-0.4990907127367613,-0.05676548359113376,0.28150124178565306,0.33269009353676804
16,gpboost_vecchia,44,0.24728742987187485,0.31872942443058194,0.7029531041861361,0.3245445382195415,0.45566567431426125
16,gpboost_vecchia,45,2.7507833040283716,2.7711797804260123,2.4334037687042684,0.36332514181038716,-0.3173795353241031
16,gpboost_vecchia,46,0.2584197678347962,0.0952668449300687,0.80721065813011,0.3275604046997823,0.5487908902953138
16,gpboost_vecchia,47,1.2083389701941547,1.4131031613297327,0.940762072712463,0.42263090502334383,-0.26757689748169167
16,gpboost_vecchia,48,2.203209662046597,2.0060327485637637,2.3292659738692727,0.32874605484973657,0.12605631182267585
16,gpboost_vecchia,49,1.769234283830934,1.727935623755936,1.692959374208713,0.47363319625268596,-0.07627490962222105
16,gpboost_vecchia,50,0.39708892880735563,0.4542219884556416,0.8613226284244497,0.3170598043145023,0.4642336996170941
16,gpboost_vecchia,51,1.0556659878932362,1.0206983220467796,1.2162301355101341,0.24951647289890433,0.16056414761689797
16,gpboost_vecchia,52,1.967619614361655,2.0639229019594874,1.7977876302455655,0.4167842315789849,-0.16983198411608935
16,gpboost_vecchia,53,0.7026795607153649,0.643308841806399,0.4542525077170314,0.33144762431232977,-0.24842705299833345
16,gpboost_vecchia,54,1.2192277253061823,1.2541280738002905,1.3538192607437463,0.26460232932037636,0.13459153543756397
16,gpboost_vecchia,55,1.5036011352788856,1.3373822537736506,1.0805080139290073,0.32524043800596053,-0.4230931213498783
16,gpboost_vecchia,56,0.8191689313525367,0.8111054010089074,0.995232654034691,0.26410370806595584,0.1760637226821543
16,gpboost_vecchia,57,0.9319623372697947,1.0555660361782508,0.9019047222328158,0.3196499061761276,-0.030057615036978902
16,gpboost_vecchia,58,0.7379357777390401,0.8078095573397246,0.5825142328194133,0.2271753966785219,-0.1554215449196268
16,gpboost_vecchia,59,-0.093988504012183,-0.1315419330625501,0.21015430955571368,0.2403548143955986,0.3041428135678967
16,gpboost_vecchia,60,0.8058098576836379,0.9136057022132603,1.183304083566913,0.28137928982514054,0.3774942258832752
16,gpboost_vecchia,61,0.4388056689381976,0.48397634114765953,0.0028322706686463306,0.29830286207007894,-0.4359733982695513
16,gpboost_vecchia,62,0.053539012754520054,0.025235313521487845,0.04143598439310914,0.270478651011956,-0.012103028361410917
16,gpboost_vecchia,63,0.4728447049551573,0.5046161765757908,0.8759720174973911,0.29274601147021895,0.4031273125422338
16,gpboost_vecchia,64,0.14840674407198495,0.047882628952684636,-0.24128486934819726,0.31524048653851344,-0.3896916134201822
16,gpboost_vecchia,65,0.0890313043142748,0.08573199095972511,-0.2938547074118265,0.3351493907309049,-0.3828860117261013
16,gpboost_vecchia,66,1.5376229997782231,1.4004603132106932,1.6513545534755263,0.24740310950462374,0.11373155369730314
16,gpboost_vecchia,67,-0.1076211996374468,-0.13618471369735569,0.34273635132233515,0.4247008961004751,0.45035755095978197
16,gpboost_vecchia,68,0.5032052427086533,0.5052189988843099,0.720715974634837,0.35244402226618055,0.21751073192618375
16,gpboost_vecchia,69,0.5263144743073305,0.5652516037117989,0.8152335275908094,0.3665357201062476,0.2889190532834789
16,gpboost_vecchia,70,0.32822472744303693,0.2827592673148861,0.47934336368003017,0.34533735646041247,0.15111863623699323
16,gpboost_vecchia,71,0.6440243241869449,0.5141481194099135,0.6329016683405069,0.4616048963239467,-0.011122655846438012
16,gpboost_vecchia,72,0.6868185424274935,0.6029112452025182,0.27785330945763675,0.34966957266255555,-0.40896523296985676
16,gpboost_vecchia,73,1.7722357208830122,1.7168280938354408,1.8056147826055007,0.31181271867913973,0.0333790617224885
16,gpboost_vecchia,74,0.8317147069171111,0.91216255322894,1.0798783549199324,0.23105581807853653,0.2481636480028213
16,gpboost_vecchia,75,0.47483164569394626,0.48396632309390214,0.8594825313140628,0.3755682328089097,0.38465088562011657
16,gpboost_vecchia,76,0.8263322187791106,0.6386180844429556,1.1689328201358702,0.4400156616066601,0.3426006013567596
16,gpboost_vecchia,77,2.892057127603624,2.9902225864130005,2.5209873547794786,0.3328214605903915,-0.37106977282414544
16,gpboost_vecchia,78,1.6782979914308649,1.6816789375970362,1.9433497200675731,0.37043625544582454,0.26505172863670823
16,gpboost_vecchia,79,0.8293001578129785,0.7963429667503525,1.1650066870968674,0.2618517514608439,0.3357065292838889
16,gpboost_vecchia,80,0.10293267134150166,0.08903328544803175,-0.29890031162785213,0.33344111418150574,-0.40183298296935377
16,gpboost_vecchia,81,0.1747629785781259,0.21313836359536478,0.014242002833144696,0.27538655842359533,-0.1605209757449812
16,gpboost_vecchia,82,-1.0702950047009339,-0.8851052555326798,-1.0298585691296136,0.26316107162582814,0.04043643557132026
16,gpboost_vecchia,83,0.2548448899479483,0.16219473314060173,0.4814803083542998,0.2888922406124398,0.22663541840635149
16,gpboost_vecchia,84,1.0022029450890384,1.056402470739462,0.9868877593752394,0.38503258252070915,-0.015315185713798973
16,gpboost_vecchia,85,0.7716712075917694,0.717317957771506,0.31989857506705555,0.29111589798620596,-0.4517726325247139
16,gpboost_vecchia,86,-0.5346152278061964,-0.5866508589908672,-0.16321893941702825,0.37000901214262194,0.37139628838916816
16,gpboost_vecchia,87,-0.14671077416802975,-0.061737952304306856,0.40009451434173293,0.3209546226869646,0.5468052885097627
16,gpboost_vecchia,88,1.2096536400079925,1.1283505748739202,0.5620570378780165,0.3073991083087067,-0.6475966021299759
16,gpboost_vecchia,89,0.06889844965977887,0.09469478798691881,0.36331620966396017,0.3319716466699771,0.2944177600041813
16,gpboost_vecchia,90,1.835315011181814,1.7190137770463865,1.7723203675065644,0.2130622137730115,-0.06299464367524954
16,gpboost_vecchia,91,0.7656188771250254,0.8273522812500036,0.4677194971582814,0.3346246128886808,-0.297899379966744
16,gpboost_vecchia,92,1.6023898866822444,1.707183800508308,1.888981704986243,0.32711419164145145,0.2865918183039986
16,gpboost_vecchia,93,-0.6814866542604431,-0.7028327292771701,-0.39805677052482125,0.3285778695520016,0.28342988373562183
16,gpboost_vecchia,94,0.8572081108447552,0.7423115519017359,1.1143190747576366,0.4135602339646034,0.25711096391288135
16,gpboost_vecchia,95,0.4694342402198124,0.574225028360468,1.0038344539518977,0.2972840828608965,0.5344002137320853
16,gpboost_vecchia,96,0.3971990039512487,0.48470000236891525,0.44462363660061577,0.527804115010359,0.04742463264936708
16,gpboost_vecchia,97,-0.17125354060218945,-0.3220457383561235,0.06617215588386571,0.4428407546298286,0.23742569648605516
16,gpboost_vecchia,98,0.3695911922518198,0.3116748491191788,0.3126317502729883,0.31013206530976234,-0.056959441978831515
16,gpboost_vecchia,99,0.9388945823722057,0.950255850044255,0.9417670811519372,0.1746179186403381,0.0028724987797315027
16,gpboost_vecchia,100,0.4608457957345075,0.4871228599782946,0.45401549723017,0.506324432789245,-0.006830298504337529
16,gpboost_vecchia,101,2.1399614639118982,2.064034460841734,1.8606921186049625,0.35212871733455553,-0.2792693453069357
16,gpboost_vecchia,102,0.43719909579860405,0.5232425474664535,0.7054634452873945,0.30883636038139606,0.2682643494887904
16,gpboost_vecchia,103,-0.21061484877267245,-0.2899041024957735,0.40055287177924015,0.28303334331615526,0.6111677205519126
16,gpboost_vecchia,104,-0.28779790208313194,-0.1881051813293496,-0.19745455150098223,0.2947204632402542,0.0903433505821497
16,gpboost_vecchia,105,0.7972675457948246,0.6897340355133694,1.0262821983684098,0.23920448584754167,0.22901465257358522
16,gpboost_vecchia,106,1.0962243131267995,1.0968281628194319,1.1664235201920272,0.34494369427908006,0.07019920706522775
16,gpboost_vecchia,107,1.284201475033645,1.1758172897821553,1.6619362129327602,0.2582313768785773,0.37773473789911516
16,gpboost_vecchia,108,-0.19946783511885335,-0.2180235129706424,-0.2458880645531032,0.1718394390811693,-0.04642022943424984
16,gpboost_vecchia,109,0.6012821258928918,0.4844750825007573,0.6814577129044235,0.38133609406307023,0.08017558701153171
16,gpboost_vecchia,110,0.8379686221628647,1.0048366717306665,1.215049426414307,0.34679337503004987,0.3770808042514423
16,gpboost_vecchia,111,1.1001166661231498,1.1157534795316137,0.9678029279752209,0.4669755917323972,-0.1323137381479289
16,gpboost_vecchia,112,1.4128715813019157,1.4632880660275105,1.3617153818810692,0.4572180559172975,-0.05115619942084648
16,gpboost_vecchia,113,0.31118728036837817,0.37267219711574895,0.00020332113141208197,0.4646014184889444,-0.3109839592369661
16,gpboost_vecchia,114,0.08561008866255854,0.13062780670276058,0.15788785776151748,0.3233070638127885,0.07227776909895894
16,gpboost_vecchia,115,0.7734259494967315,0.6575404541735901,0.894848442252874,0.2419997062165257,0.12142249275614247
16,gpboost_vecchia,116,0.724651853804327,0.7784034941399379,0.8218915295624996,0.35954471384101405,0.0972396757581726
16,gpboost_vecchia,117,0.5950306250934059,0.46472522431541385,0.9499061829181272,0.2900757758956788,0.35487555782472135
16,gpboost_vecchia,118,1.3877460019154408,1.4220919402394996,1.5324901411572736,0.31810368273811623,0.14474413924183271
16,gpboost_vecchia,119,1.1909007888348468,1.2119566603407887,1.1035818722120663,0.25605672808496044,-0.08731891662278057
16,gpboost_vecchia,120,0.14378595683822057,0.2022088726156241,0.4685719676917959,0.25790580750436926,0.3247860108535753
16,gpboost_vecchia,121,1.0307512980586693,1.1654501451392179,0.7054465791578499,0.42722213464323444,-0.32530471890081936
16,gpboost_vecchia,122,-0.09732928791819406,-0.10046163607799584,-0.2377145322996963,0.23356015902638216,-0.14038524438150224
16,gpboost_vecchia,123,-1.2489569065225128,-1.2801544094652164,-0.7650599243830136,0.24932807940278534,0.48389698213949917
16,gpboost_vecchia,124,0.6407496868651013,0.7138045542325664,0.6650299861347531,0.3505737185405518,0.024280299269651806
16,gpboost_vecchia,125,0.5715602192205446,0.7495331657543409,0.5430575639470625,0.2173899417663849,-0.028502655273482058
16,gpboost_vecchia,126,2.1839705831793803,2.132759507371674,2.374872273730375,0.314773825486345,0.19090169055099482
16,gpboost_vecchia,127,-0.5360770733337079,-0.7534186026522388,-0.34400003830409,0.29028494031626445,0.19207703502961793
16,gpboost_vecchia,128,-1.0334214859999857,-1.0147881534512115,-0.7735929386860327,0.4370052946214794,0.259828547313953
16,gpboost_vecchia,129,1.4906698324061989,1.4738259332980796,1.0533216746304266,0.26131195196770346,-0.4373481577757723
16,gpboost_vecchia,130,2.3113981468450358,2.06279696239396,2.2516506529063953,0.4291003439750331,-0.05974749393864043
16,gpboost_vecchia,131,1.0657731269897623,0.9707775631596225,0.6207238238008053,0.28790917176306363,-0.4450493031889571
16,gpboost_vecchia,132,0.3785389221315079,0.4521954025756825,0.5839365881610306,0.31036462419058614,0.20539766602952264
16,gpboost_vecchia,133,0.8358889494192208,0.8991086440214872,0.9829980084150343,0.2659514987494699,0.1471090589958135
16,gpboost_vecchia,134,-0.20041878393092222,-0.10419736419846862,0.42785056614490635,0.42467751593775216,0.6282693500758285
16,gpboost_vecchia,135,0.42985096309899606,0.38445405963139334,0.537906414986896,0.3176101015539402,0.10805545188789989
16,gpboost_vecchia,136,0.17243847169699134,0.08001281194755686,0.19906340172708425,0.5458099227363102,0.02662493003009292
16,gpboost_vecchia,137,-0.016656797105374987,-0.2031729371643548,-0.19497273561764494,0.4063935037409512,-0.17831593851226996
16,gpboost_vecchia,138,-0.11332439146471568,-0.0781508371381902,-0.25205983995951975,0.5076876696453739,-0.13873544849480407
16,gpboost_vecchia,139,0.31195026458110653,0.2952866529650248,0.04307579129336503,0.30050383412562603,-0.2688744732877415
16,gpboost_vecchia,140,-0.7736810733682788,-0.827584531387426,-0.6409093877849603,0.40394840904338297,0.13277168558331853
16,gpboost_vecchia,141,-0.23846718874224862,-0.2974182706858997,-0.7440788161695773,0.24709646959921533,-0.5056116274273287
16,gpboost_vecchia,142,2.072560077893656,2.052302832088178,2.158071047443464,0.3770758698220476,0.08551096954980775
16,gpboost_vecchia,143,-0.08158994504442735,-0.03153325296597262,0.009006019413288158,0.29090491097712223,0.0905959644577155
16,gpboost_vecchia,144,0.3878788420289825,0.4407460550699484,0.6016483007516387,0.365082170011135,0.21376945872265618
16,gpboost_vecchia,145,-0.2887889219447047,-0.11532489491725248,0.025562909389396538,0.27401672025449897,0.3143518313341012
16,gpboost_vecchia,146,-0.47266928185378476,-0.5302631519517894,0.05699138728238928,0.46422887581078137,0.529660669136174
16,gpboost_vecchia,147,0.003995149388450581,-0.1546489016563849,0.28781149752587254,0.36437454440490846,0.28381634813742196
16,gpboost_vecchia,148,1.2130670256973717,1.1300956741468493,1.67021322468554,0.27035286442076883,0.4571461989881682
16,gpboost_vecchia,149,-0.2591454511496482,-0.3422512712761236,0.07774509558555387,0.2626115279204888,0.3368905467352021
16,gpboost_vecchia,150,-0.48655313375899756,-0.3864424185625855,-0.4188777838387914,0.23336595486602227,0.06767534992020618
16,gpboost_vecchia,151,0.5665699555560909,0.5295714558382686,0.6199502814268438,0.35065745734907344,0.05338032587075292
16,gpboost_vecchia,152,-0.25745824452067023,-0.39272043063789897,0.0024862341107017016,0.24930902688177017,0.25994447863137193
16,gpboost_vecchia,153,1.2054994103243466,1.2462949636714422,1.240391930898019,0.2770460769258953,0.034892520573672314
16,gpboost_vecchia,154,0.010810224036811145,0.06691553773248045,0.13438769092200253,0.37017242680781554,0.12357746688519139
16,gpboost_vecchia,155,0.7160376771191168,0.7210009490304291,0.6518701547934374,0.2890868533298622,-0.06416752232567946
16,gpboost_vecchia,156,-0.3812461680032745,-0.22336079029835337,-0.07611001540560203,0.2288808148369001,0.30513615259767246
16,gpboost_vecchia,157,0.7129972356566321,0.6590551807314993,0.3680104220500269,0.2939565331880173,-0.3449868136066052
16,gpboost_vecchia,158,1.5394409572868841,1.7591482499762545,1.4813819399673118,0.29282644192706153,-0.058059017319572304
16,gpboost_vecchia,159,0.02118602943658021,0.04789634626550096,-0.08353436752010168,0.3531158362299256,-0.1047203969566819
16,gpboost_vecchia,160,-0.38924362593715195,-0.1882526452822817,-0.3112859911618173,0.2929629771453463,0.07795763477533463
16,gpboost_vecchia,161,1.4740915404819026,1.3396259985231342,1.0509276025938252,0.3113878841630964,-0.4231639378880774
16,gpboost_vecchia,162,0.3924608420156243,0.3968782667432762,0.1921197438344926,0.255395021705661,-0.20034109818113172
16,gpboost_vecchia,163,0.3048621760433051,0.14222605197928345,0.3530855535012636,0.3056626634672605,0.04822337745795846
16,gpboost_vecchia,164,0.9970613492306021,1.0388374910746407,0.7272121443018857,0.38227346882578245,-0.26984920492871634
16,gpboost_vecchia,165,0.6349787772126719,0.8257972477671986,0.42332413091681964,0.3207230242205173,-0.2116546462958523
16,gpboost_vecchia,166,-0.11378127789901327,-0.184979205479272,0.0351906932469106,0.5204943526800072,0.14897197114592386
16,gpboost_vecchia,167,1.355537125788047,1.3112202582899244,1.7741876774220309,0.3760815764043957,0.4186505516339838
16,gpboost_vecchia,168,1.512662488766925,1.4777033483298827,1.1674077491197643,0.3307993666029003,-0.3452547396471608
16,gpboost_vecchia,169,1.6040911102015927,1.6926821736614162,1.2196086849977323,0.2647514108711384,-0.38448242520386033
16,gpboost_vecchia,170,1.5060309398539151,1.4246120947069656,1.4004245082781974,0.25451845930678585,-0.1056064315757177
16,gpboost_vecchia,171,-0.17641441881109143,-0.1645847371266884,-0.21016035947117118,0.32158577185176235,-0.03374594066007974
16,gpboost_vecchia,172,-0.32647594053205853,-0.5517340409782824,-0.40842680883087823,0.2602801282538235,-0.0819508682988197
16,gpboost_vecchia,173,0.3036960270022639,0.33721146538042035,0.690697752200446,0.2904728515253916,0.38700172519818216
16,gpboost_vecchia,174,1.0821189581373827,1.2324622485648264,1.121117834141554,0.2868296826737477,0.03899887600417129
16,gpboost_vecchia,175,1.6013280889128754,1.7404783810478064,1.0794352767394297,0.33013149305911604,-0.5218928121734456
16,gpboost_vecchia,176,-1.0102865229196283,-1.1082358915283408,-0.5729726381104339,0.4403417834470108,0.4373138848091944
16,gpboost_vecchia,177,0.48443488798630696,0.5192171300528394,0.863159710450546,0.36774562226966906,0.378724822464239
16,gpboost_vecchia,178,0.4998058451287305,0.5445208151508916,0.328078105755627,0.31596206018655226,-0.17172773937310348
16,gpboost_vecchia,179,1.0994873679920705,0.9854207968401005,1.1182530917524645,0.20860333127556815,0.018765723760393982
16,gpboost_vecchia,180,2.4568171101989797,2.5151366919799982,2.183383482151914,0.36529888213507333,-0.2734336280470657
16,gpboost_vecchia,181,1.4713941052891357,1.4545677413138272,1.3102868017975702,0.25604594445142265,-0.16110730349156555
16,gpboost_vecchia,182,1.0154620776258605,0.9440927230662871,0.8742933236415595,0.24489432943942,-0.14116875398430095
16,gpboost_vecchia,183,1.464375517013068,1.647345854283262,1.4369228615455434,0.23256167343954576,-0.02745265546752451
16,gpboost_vecchia,184,0.872696280736248,0.6940410027176906,0.40198233221081026,0.3903051600520878,-0.4707139485254378
16,gpboost_vecchia,185,-0.15713256210487533,-0.25834149424094766,0.2914028249445426,0.5965686182099682,0.448535387049418
16,gpboost_vecchia,186,1.1390436462569649,1.0843228228930584,1.0670374704654364,0.31528153135785136,-0.07200617579152846
16,gpboost_vecchia,187,0.7728121084870092,0.7676689786748155,0.846990624945823,0.46631581664231986,0.07417851645881379
16,gpboost_vecchia,188,0.9438818112400813,1.0423488258224824,1.5001502001650042,0.31366828516547274,0.5562683889249229
16,gpboost_vecchia,189,0.6897227704753377,0.9281888649587531,0.9704355189577081,0.5668181628119658,0.2807127484823704
16,gpboost_vecchia,190,-0.7353038394234742,-0.4625150116367962,-0.3748178623429439,0.3237424918661472,0.3604859770805303
16,gpboost_vecchia,191,-0.8416325987078614,-0.8141227614011346,-0.7824566788234097,0.34822507837767,0.0591759198844517
16,gpboost_vecchia,192,-0.33250326654104334,-0.24906256971140323,-0.05545439645091754,0.5464687399682757,0.2770488700901258
16,gpboost_vecchia,193,-0.20452931244805012,-0.009892859258479436,-0.1209373664858635,0.20655012484348426,0.08359194596218661
16,gpboost_vecchia,194,1.2888843799119265,1.2400333207752077,1.0253965675241776,0.3172046261942249,-0.2634878123877489
16,gpboost_vecchia,195,-0.2838401385755229,-0.3122662757444854,-0.1599785167029797,0.365175192205524,0.12386162187254324
16,gpboost_vecchia,196,-0.10946837242340052,-0.23925872045342877,-0.48756203826598643,0.4930877286484574,-0.3780936658425859
16,gpboost_vecchia,197,0.7441577839261556,0.7030931958661979,0.2022330634267373,0.3973486608914371,-0.5419247204994183
16,gpboost_vecchia,198,0.9635568747161178,0.8151137964102813,1.146698693472012,0.3907283171989874,0.1831418187558942
16,gpboost_vecchia,199,0.757411052304812,0.748845128111767,0.8274044874526965,0.3850849450634216,0.06999343514788448
16,gpboost_vecchia,200,-0.8853577382646065,-0.9192686181339944,-0.6362970457974111,0.3982289221650607,0.24906069246719542
16,gpboost_vecchia,201,-0.17419526092838863,-0.2276658308705189,0.4016710983905565,0.33622124587184354,0.5758663593189451
16,gpboost_vecchia,202,0.10544374112055613,0.0636416809544685,0.08659252565416153,0.3145421949217422,-0.018851215466394594
16,gpboost_vecchia,203,0.8430721160656214,0.9346141810742007,1.1026708277110941,0.2532446062663374,0.25959871164547277
16,gpboost_vecchia,204,-0.5606282451724636,-0.4742702434800573,-0.2599923343090822,0.35448690955208123,0.3006359108633814
16,gpboost_vecchia,205,0.6033439538696148,0.6095142982304084,0.8827668452872608,0.36998097485229486,0.279422891417646
16,gpboost_vecchia,206,1.0462361635576616,1.036154182394997,1.540599926161672,0.28138021793084156,0.4943637626040105
16,gpboost_vecchia,207,0.6651449532731275,0.6360301361667658,0.9366052222080858,0.38266422105695974,0.27146026893495834
16,gpboost_vecchia,208,0.09799413355016186,0.06573104788450859,0.7743207645629795,0.3345822539894508,0.6763266310128176
16,gpboost_vecchia,209,-0.11523845779202734,-0.09833954590899009,0.045808460192915845,0.2563399619009338,0.1610469179849432
16,gpboost_vecchia,210,1.0420137136648984,0.9628055645142716,1.0386120259559668,0.4683452627065434,-0.0034016877089315667
16,gpboost_vecchia,211,-0.0473388904419747,-0.05296372555951139,0.13761368671743313,0.29722060607719225,0.18495257715940783
16,gpboost_vecchia,212,1.2691303055611278,1.124427685685383,1.1111593748137532,0.4187203768873998,-0.15797093074737467
16,gpboost_vecchia,213,-0.8888618228507352,-0.9300404754666577,-0.5735564921039948,0.43757432299244875,0.3153053307467404
16,gpboost_vecchia,214,0.22508290383975688,0.23628250887676738,0.3454735266325972,0.33717299453161964,0.12039062279284035
16,gpboost_vecchia,215,1.2056561739935965,1.1707310756579266,1.1275810657702916,0.36488021223917616,-0.07807510822330488
16,gpboost_vecchia,216,-1.2413066530902348,-1.4512201753590384,-1.0346285135813478,0.3187084068284804,0.20667813950888703
16,gpboost_vecchia,217,-0.7409978844848374,-0.5671577659886425,-0.6420025092756649,0.2389856377948014,0.09899537520917245
16,gpboost_vecchia,218,-0.07577990768074358,-0.09421558473613889,0.14427040578984496,0.5230865712698762,0.22005031347058854
16,gpboost_vecchia,219,1.6581250775244718,1.5716945970738838,1.5787387456363913,0.4484441181700026,-0.07938633188808053
16,gpboost_vecchia,220,0.45433139427455255,0.3509394104930874,0.9586096658969225,0.2887234895975549,0.5042782716223699
16,gpboost_vecchia,221,0.6770672313809212,0.8729817352520326,0.6262735527589527,0.34388677361089776,-0.050793678621968485
16,gpboost_vecchia,222,0.04979437830684283,0.08805803655260708,0.19417730303823433,0.2709155854187648,0.1443829247313915
16,gpboost_vecchia,223,0.5084675929343702,0.4203134172275928,0.29140440188411887,0.27507498073040443,-0.2170631910502513
16,gpboost_vecchia,224,0.4267831760552283,0.5246782127028328,0.688972149793484,0.376056313086056,0.26218897373825567
16,gpboost_vecchia,225,-1.551081915362649,-1.5833168902987933,-1.020996516872474,0.26923957285217054,0.530085398490175
16,gpboost_vecchia,226,0.6014251920493441,0.5849009191068296,0.7869137551304579,0.39526985840682816,0.18548856308111383
16,gpboost_vecchia,227,-0.12397732402552883,0.07518799848240212,-0.0019163723957547063,0.5241163507263732,0.12206095162977412
16,gpboost_vecchia,228,0.7196363145929607,0.9461119022776152,0.6402673090277986,0.4466797770055452,-0.07936900556516213
16,gpboost_vecchia,229,-0.5732086824725495,-0.3809846350703013,-0.6733844023861941,0.19022553787366986,-0.1001757199136446
16,gpboost_vecchia,230,-0.8927806643158736,-0.9354339158923753,-0.20022222530405465,0.27639253009128106,0.6925584390118189
16,gpboost_vecchia,231,2.0768729460585975,2.0484608064726455,2.0042887179958226,0.3065567316512812,-0.07258422806277487
16,gpboost_vecchia,232,-0.062144707894287624,-0.0039002856935583807,0.07142901847325511,0.23520447394713942,0.13357372636754272
16,gpboost_vecchia,233,0.9962977835568084,1.026778928070495,0.9281637496731312,0.19166644792869542,-0.06813403388367723
16,gpboost_vecchia,234,-0.7620219732411948,-0.5945698740806595,-0.6138467161465933,0.31478276890801193,0.14817525709460155
16,gpboost_vecchia,235,1.5573460836609267,1.6161712617931405,1.1863991357754902,0.44548257934071306,-0.3709469478854366
16,gpboost_vecchia,236,1.0052166863900585,0.9218590455689042,1.3224330349428755,0.26795545330447573,0.317216348552817
16,gpboost_vecchia,237,2.6685890232477303,2.7430858174428527,2.239615216929403,0.3397779942851884,-0.42897380631832727
16,gpboost_vecchia,238,0.44349415114831503,0.4289541266168485,0.4244900286588287,0.331712122331753,-0.019004122489486353
16,gpboost_vecchia,239,1.1971390784625047,1.1041708004534632,1.4137951348753308,0.26198263669844873,0.21665605641282615
16,gpboost_vecchia,240,0.7950817809718805,0.6245230528180264,0.38289545923143375,0.3639505551273923,-0.4121863217404468
16,gpboost_vecchia,241,0.4442370051101642,0.45889712809978783,0.7203262680713278,0.38772967236266487,0.27608926296116365
16,gpboost_vecchia,242,1.2050366544096496,1.1067271976969744,0.9874451569221119,0.3920878985141241,-0.2175914974875377
16,gpboost_vecchia,243,-1.1924675421098632,-1.1835763498317828,-0.9284009097952595,0.3432133687649223,0.2640666323146037
16,gpboost_vecchia,244,1.086867178856773,0.8994304164970797,0.8714486314083132,0.41479483507000553,-0.21541854744845979
16,gpboost_vecchia,245,1.3556520793633804,1.6084641032321132,1.4141116835625418,0.2928433269816054,0.05845960419916141
16,gpboost_vecchia,246,0.5145464271401323,0.3388284696778571,0.626499875615389,0.22425931455616924,0.11195344847525668
16,gpboost_vecchia,247,0.5712860886909201,0.6442736863773547,0.467274705110869,0.2868814573502167,-0.10401138358005113
16,gpboost_vecchia,248,0.05179794072296445,0.34123211937474596,-0.042498521636499476,0.43620370988395846,-0.09429646235946393
16,gpboost_vecchia,249,-0.2229439898478482,-0.2725291428348736,-0.0629758442630255,0.4459725243357647,0.1599681455848227
16,gpboost_vecchia,250,-0.13747737553513614,-0.17300677635145556,0.2864104072652438,0.33149232029890985,0.42388778280038
16,gpboost_vecchia,251,-0.21833529773896032,-0.22368138677204383,0.065654500575409,0.32042489586508044,0.2839897983143693
16,gpboost_vecchia,252,1.379295161168143,1.4348831745136752,1.4808612342940517,0.17625658848917686,0.1015660731259087
16,gpboost_vecchia,253,1.091086456525268,1.2146020252656031,1.029311162423447,0.2166343731720119,-0.06177529410182103
16,gpboost_vecchia,254,-0.5368645342074465,-0.5304236633282295,-0.1886953429786118,0.300141489471441,0.3481691912288347
16,gpboost_vecchia,255,-0.09257568013133746,-0.3800672014924561,0.003177825006812185,0.28696472943376383,0.09575350513814965
16,gpboost_vecchia,256,-0.6653954812548372,-0.487198447675536,-0.7078449105304134,0.28676298742345413,-0.04244942927557627
16,gpboost_vecchia,257,1.4969453195477849,1.5258254662860116,1.6093129771550112,0.3151960888410728,0.11236765760722633
16,gpboost_vecchia,258,2.3799112732474823,2.3376758078012307,2.3247610240522647,0.24829937998452442,-0.055150249195217604
16,gpboost_vecchia,259,-0.27752943549006104,-0.24291968405672193,-0.009618309610328168,0.28329238400878376,0.26791112587973287
16,gpboost_vecchia,260,0.3723349789838705,0.38352727279718984,0.560770630667645,0.3323764447036642,0.18843565168377446
16,gpboost_vecchia,261,0.36564132307755537,0.35739137430179835,0.695244342222372,0.44810452520605826,0.3296030191448166
16,gpboost_vecchia,262,0.19558573404777854,0.091604135126969,0.5167582949621075,0.2522704515740773,0.3211725609143289
16,gpboost_vecchia,263,0.1781267427440308,0.14488639218802588,-0.07883367942466535,0.34103848231609823,-0.2569604221686962
16,gpboost_vecchia,264,0.6812324783300326,0.722296458862685,0.8716887854068993,0.2821761115131239,0.19045630707686667
16,gpboost_vecchia,265,0.9250298429062785,1.002615688238014,0.9335458322103047,0.2611895465342068,0.008515989304026195
16,gpboost_vecchia,266,1.541019291509736,1.3784078227691159,1.510632692418687,0.3668608952827379,-0.030386599091049016
16,gpboost_vecchia,267,1.946118456805412,1.9067541599939002,1.749736599062608,0.40995801657094655,-0.19638185774280403
16,gpboost_vecchia,268,2.4326301347199295,2.434950392442821,2.462170765873701,0.22115736768221664,0.02954063115377137
16,gpboost_vecchia,269,0.2508909247740344,0.17293730453989858,-0.002548817718519558,0.422278403326451,-0.25343974249255397
16,gpboost_vecchia,270,-0.24056900781062263,-0.35697224231367114,-0.09861259780057274,0.30718688251291376,0.14195641001004988
16,gpboost_vecchia,271,-1.2435992763132688,-1.1382412765644672,-1.0597994040677605,0.332773078574062,0.1837998722455083
16,gpboost_vecchia,272,1.613353187382319,1.4400721215724603,0.9328887224703273,0.4496236602746527,-0.6804644649119918
16,gpboost_vecchia,273,0.30758987296004703,0.3251090445055077,0.16029288800715769,0.4485249276957949,-0.14729698495288934
16,gpboost_vecchia,274,0.4492500045912806,0.4584602182528585,0.8429862104123576,0.38159780556082545,0.39373620582107693
16,gpboost_vecchia,275,1.4962763217020563,1.585741935996534,1.279308960506441,0.3488431504484855,-0.21696736119561533
16,gpboost_vecchia,276,1.4849937779221836,1.4563879105544633,1.448934913232991,0.21432435738794195,-0.036058864689192616
16,gpboost_vecchia,277,-0.32199296383303166,-0.26029451701630135,-0.450051937383142,0.3071655554443486,-0.1280589735501103
16,gpboost_vecchia,278,0.6324426889200743,0.7618405118613247,0.8576099312088861,0.29616421701926826,0.2251672422888118
16,gpboost_vecchia,279,-0.898637138785318,-1.029108604889718,-0.7456163155534377,0.3227834086041598,0.15302082323188038
16,gpboost_vecchia,280,0.6991400230230065,0.6145509314003915,0.9508444791401471,0.41430827357824696,0.25170445611714065
16,gpboost_vecchia,281,-0.31344884856282057,-0.37074414392772875,0.010886255283878654,0.3054321592811258,0.3243351038466992
16,gpboost_vecchia,282,1.477492698786146,1.5892425295653778,1.477149090729295,0.3505392199871247,-0.00034360805685107465
16,gpboost_vecchia,283,-1.0302751688090324,-1.0880726034983976,-0.8316889801003811,0.4176369911060328,0.1985861887086513
16,gpboost_vecchia,284,-1.2530001903821586,-1.1713373342804276,-1.0254153406829918,0.33742583387229197,0.2275848496991668
16,gpboost_vecchia,285,2.143000201642174,2.0389710887035686,1.9367959768051524,0.44114709970345845,-0.2062042248370215
16,gpboost_vecchia,286,-0.4005331041430573,-0.5587137177922833,-0.26407580165191824,0.38402827833902026,0.13645730249113908
16,gpboost_vecchia,287,1.145393232219842,1.0286566512431012,1.157155181289447,0.24053795153642912,0.011761949069605038
16,gpboost_vecchia,288,0.1596962822482369,0.3118445196335327,-0.03867258692526576,0.3298757545773081,-0.19836886917350266
16,gpboost_vecchia,289,0.6078524331523728,0.42794198983634224,0.8941471241338643,0.3695070149301956,0.2862946909814915
16,gpboost_vecchia,290,-0.6918912545977051,-0.49699056858162016,-0.31900742866809395,0.30038665071418663,0.3728838259296111
16,gpboost_vecchia,291,-0.9615840285128758,-1.0676567995586974,-0.6981007257264906,0.4481733021078858,0.2634833027863852
16,gpboost_vecchia,292,1.2147238707934043,1.130249566410625,0.9736782211595774,0.2718860828385285,-0.2410456496338269
16,gpboost_vecchia,293,0.7314850952672417,0.6712028898810493,0.4589208954572275,0.27574645640412637,-0.27256419981001423
16,gpboost_vecchia,294,-0.6900440278492933,-0.8057646818379897,-0.47013780045375775,0.4022288980198313,0.21990622739553556
16,gpboost_vecchia,295,-0.15743048035587348,-0.277657270618497,0.10347406895443356,0.25632023514679203,0.26090454931030704
16,gpboost_vecchia,296,1.2691662393738006,1.3150673119782643,0.8253736272706886,0.44388795579590373,-0.44379261210311194
16,gpboost_vecchia,297,-0.28985955758806026,-0.23329655967829252,-0.00991866060344293,0.42822438673720176,0.2799408969846173
16,gpboost_vecchia,298,1.5385741984376065,1.4471310290966841,1.3334110328885593,0.39294339763321207,-0.20516316554904712
16,gpboost_vecchia,299,-0.7801118071597538,-0.6424167045912459,-0.6100495792774776,0.30717957778573995,0.1700622278822762
17,gpboost_vecchia,0,-0.871345150397083,-0.8993650616758712,-1.0479776784540218,0.3506458736769954,-0.17663252805693874
17,gpboost_vecchia,1,-0.6871743292750817,-0.8935598168809344,-0.6825368905851699,0.3606029196962873,0.004637438689911844
17,gpboost_vecchia,2,-0.10077785283927432,-0.20987194853171637,-0.33355125548318765,0.31975870199031176,-0.23277340264391333
17,gpboost_vecchia,3,-0.9012437411229979,-0.9140137640189503,-0.9211072295768261,0.2039925905379876,-0.019863488453828237
17,gpboost_vecchia,4,1.4908640250287502,1.5489616601957177,1.308792447435541,0.3867135885610897,-0.18207157759320913
17,gpboost_vecchia,5,-0.3851667800798888,-0.2834255933945891,-0.6847556931274958,0.2747226107332613,-0.29958891304760704
17,gpboost_vecchia,6,-0.9279693242038213,-1.0659872860039732,-0.6476799719613675,0.3329346940544456,0.28028935224245377
17,gpboost_vecchia,7,-0.30500711606595265,-0.22117455538471995,-0.6479795103374295,0.22257207511595298,-0.34297239427147685
17,gpboost_vecchia,8,-0.4488100106414148,-0.6111908593942521,-0.10076742960610297,0.2647486511924138,0.3480425810353118
17,gpboost_vecchia,9,0.5562994901192009,0.6134311171573121,0.5272893890978274,0.504730511215304,-0.02901010102137347
17,gpboost_vecchia,10,-0.648428393186118,-0.6050416153262961,-0.4411895065562863,0.2927874361880194,0.2072388866298317
17,gpboost_vecchia,11,0.2038330350830435,0.19504094819904957,0.016625347779556154,0.37884995583050796,-0.18720768730348736
17,gpboost_vecchia,12,-0.8665512984868575,-0.9742715132339395,-0.5718709026635018,0.225104082938766,0.2946803958233557
17,gpboost_vecchia,13,-1.567387288410063,-1.8234923833670773,-1.315951234174575,0.28259143533623515,0.2514360542354881
17,gpboost_vecchia,14,-0.9228281859378772,-0.8907521603124466,-0.7391570744623346,0.29303521255873666,0.1836711114755426
17,gpboost_vecchia,15,-1.1318758506788973,-1.1799373251161622,-0.9988968419600468,0.22744495207131066,0.1329790087188505
17,gpboost_vecchia,16,-1.3016951016840907,-1.4203244615547392,-1.2652870625351902,0.28286515216195307,0.03640803914890056
17,gpboost_vecchia,17,-0.6574244688841117,-0.5878142487081746,-0.46766189213253995,0.24628864304971868,0.1897625767515717
17,gpboost_vecchia,18,-0.7175055138964264,-0.7315338992082553,-0.7056348924367128,0.198816170053285,0.011870621459713515
17,gpboost_vecchia,19,-1.063057401208905,-1.0228791109141842,-0.7210222043838641,0.33216402315798005,0.3420351968250408
17,gpboost_vecchia,20,-0.9782573346284755,-0.8909846797655819,-1.0944185789173133,0.22869138347238907,-0.11616124428883778
17,gpboost_vecchia,21,-1.51895657018915,-1.5142508676136468,-1.5001931729836695,0.3438663576116412,0.018763397205480592
17,gpboost_vecchia,22,-0.6505944757073232,-0.5832007513358995,-0.9015293160771112,0.3106610282260647,-0.25093484036978797
17,gpboost_vecchia,23,-0.6048543667602702,-0.5158860794619723,-0.9218959104294449,0.2748353537686992,-0.3170415436691747
17,gpboost_vecchia,24,0.9288559331082349,0.9157362634223739,0.619646562634478,0.4083184924605144,-0.30920937047375685
17,gpboost_vecchia,25,-0.4193522934890176,-0.500158351039033,-0.42420709894219266,0.36344197747492707,-0.004854805453175071
17,gpboost_vecchia,26,-0.7977792786414153,-0.8719320929598905,-0.6483084998309288,0.25065836912240713,0.14947077881048654
17,gpboost_vecchia,27,0.36222491618191227,0.2528700608321848,0.048575358059259166,0.23194951859457183,-0.3136495581226531
17,gpboost_vecchia,28,-0.9840674982254854,-0.9840299068144149,-0.8444923235345989,0.2832070228608461,0.13957517469088654
17,gpboost_vecchia,29,1.2675304491864978,1.363147940798755,1.143719015784721,0.35194076992290907,-0.1238114334017768
17,gpboost_vecchia,30,0.08546285203848991,0.06251073432223703,-0.41335432748129053,0.365114326161972,-0.49881717951978044
17,gpboost_vecchia,31,-1.3492695282387959,-1.2852434110611064,-1.3670941166750108,0.2719342276567427,-0.017824588436214928
17,gpboost_vecchia,32,0.15207992692564332,0.2518444964344637,-0.23728965373968114,0.3607432106384729,-0.38936958066532446
17,gpboost_vecchia,33,-1.0750996687805414,-1.1258070830565643,-0.77958466095021,0.3737084381047614,0.29551500783033147
17,gpboost_vecchia,34,0.8683177643339578,0.9407328079626519,0.6014846843000181,0.34133659327172283,-0.2668330800339397
17,gpboost_vecchia,35,-1.4726689589462705,-1.5081039225593225,-1.115626949841654,0.2436635979743573,0.3570420091046165
17,gpboost_vecchia,36,-1.6631335791275035,-1.6251211414934434,-1.4964172961675253,0.32737057637989364,0.1667162829599782
17,gpboost_vecchia,37,0.7021653280617923,0.8186125639198713,0.4217750086359182,0.3235723657637661,-0.2803903194258741
17,gpboost_vecchia,38,-0.9330195731809441,-0.9577634012234055,-0.7863640871478101,0.34957575391251283,0.14665548603313394
17,gpboost_vecchia,39,-0.390517398176904,-0.44352399721523594,-0.48526052193395186,0.32862578725604563,-0.09474312375704785
17,gpboost_vecchia,40,0.06135101876128693,0.039126944907146265,-0.047294115549116,0.27438467331181104,-0.10864513431040293
17,gpboost_vecchia,41,-0.07255011630433894,-0.23905670565371925,-0.5657339059312831,0.3993572519288867,-0.4931837896269442
17,gpboost_vecchia,42,-0.5996030221868455,-0.5332228858943866,-0.7343817573691305,0.343722139571094,-0.134778735182285
17,gpboost_vecchia,43,-0.8114341632559392,-0.623526240446905,-1.2634504161466023,0.40891516732953737,-0.45201625289066305
17,gpboost_vecchia,44,-1.031769978460975,-1.045790419373064,-0.7585646578696998,0.2631654022121348,0.2732053205912752
17,gpboost_vecchia,45,-0.17596746029673288,-0.08884940810542596,-0.3019508452109445,0.23558836131420982,-0.12598338491421163
17,gpboost_vecchia,46,-0.7999676427681397,-0.7591502156184171,-0.6180205062305895,0.1945456695532975,0.18194713653755024
17,gpboost_vecchia,47,-1.7692866095061848,-1.9233119403695986,-1.3954920034480613,0.28988006142509853,0.3737946060581234
17,gpboost_vecchia,48,-2.249851281784822,-2.4470520933904254,-2.0886547384936023,0.32445186041598834,0.1611965432912199
17,gpboost_vecchia,49,0.785616573362321,0.8817441581274474,0.5487565742479017,0.2621410307643669,-0.23685999911441935
17,gpboost_vecchia,50,0.8604168506670581,1.0069911689225326,0.6380047894117471,0.22361730530113047,-0.222412061255311
17,gpboost_vecchia,51,-0.7609417127087,-0.7701730824643125,-0.7789706807389205,0.1997314911492298,-0.01802896803022047
17,gpboost_vecchia,52,0.684520887711053,0.7087753329427599,0.34012805647329536,0.32254771865013426,-0.34439283123775766
17,gpboost_vecchia,53,-0.9373824138584737,-0.8655974484367119,-1.1803444741282814,0.24423266154808898,-0.2429620602698077
17,gpboost_vecchia,54,-0.5354284726856946,-0.3286058072024229,-0.7689733918096451,0.2276019730366349,-0.23354491912395048
17,gpboost_vecchia,55,-1.485282146028923,-1.5786276851180516,-1.2107511858904427,0.27489235822971114,0.2745309601384802
17,gpboost_vecchia,56,-0.24368295126238526,-0.2667763329574796,-0.2779519054961339,0.2224201272885627,-0.03426895423374865
17,gpboost_vecchia,57,0.3785269992359027,0.3816397587227194,0.009990215778024059,0.26385339435692357,-0.36853678345787866
17,gpboost_vecchia,58,-1.1968668129636733,-1.050090804824971,-1.357750083018527,0.3188208524469964,-0.1608832700548537
17,gpboost_vecchia,59,-1.7483089108615961,-1.8812307364184166,-1.4379511678257444,0.26166450178530276,0.31035774303585173
17,gpboost_vecchia,60,-0.8632962757914449,-0.8028535983378868,-1.037984514654572,0.31846046907523606,-0.17468823886312723
17,gpboost_vecchia,61,1.4784996509557324,1.6382494131082064,1.3557901756555664,0.396678888763836,-0.12270947530016607
17,gpboost_vecchia,62,-1.1684686574965215,-1.2592842260928727,-1.1381400562088917,0.20980382878056875,0.03032860128762982
17,gpboost_vecchia,63,-0.9325356055384616,-0.9171859615001687,-0.520688936781502,0.20773388540536197,0.41184666875695963
17,gpboost_vecchia,64,-1.0691996393426753,-1.1108370980201956,-1.0143529808050196,0.40934428383263594,0.05484665853765569
17,gpboost_vecchia,65,-1.4317616958257757,-1.5684562865821927,-1.3226236790700163,0.20260486304347347,0.1091380167557594
17,gpboost_vecchia,66,-0.7794601709501338,-0.9339971840748954,-0.8723816438243315,0.2133061810384472,-0.09292147287419772
17,gpboost_vecchia,67,-1.3150251696352404,-1.3654890873961378,-0.9871518255716172,0.2637938903644151,0.32787334406362323
17,gpboost_vecchia,68,0.9050113992315186,0.9811273863700076,0.6141639389411697,0.20164234713250265,-0.2908474602903489
17,gpboost_vecchia,69,-0.9553219884428358,-0.9703184588832643,-1.0044646186814674,0.31061620413650654,-0.049142630238631635
17,gpboost_vecchia,70,0.8689097797761935,0.8914927429224079,0.794867525572613,0.36637236388441663,-0.07404225420358057
17,gpboost_vecchia,71,-0.09328626764894588,-0.13486961799829641,-0.327446034197437,0.17396664870981715,-0.23415976654849113
17,gpboost_vecchia,72,-1.5270769229889034,-1.4563968392694298,-1.3586281651298155,0.2977130267746815,0.16844875785908786
17,gpboost_vecchia,73,-0.8673928472550401,-0.8074712536563298,-1.0224284828580714,0.32372426813878447,-0.15503563560303135
17,gpboost_vecchia,74,-1.1467235128316193,-0.9866812654945001,-0.8266784259584021,0.24718927777848626,0.3200450868732172
17,gpboost_vecchia,75,0.012540936462433844,-0.1363562918264772,-0.29376091298815377,0.3689054013567061,-0.3063018494505876
17,gpboost_vecchia,76,-0.10521083086456717,0.024775117235843164,-0.0519750752458874,0.31385271485492594,0.05323575561867977
17,gpboost_vecchia,77,-1.127521153664993,-1.070192162082488,-1.090069483161674,0.24692506965095232,0.03745167050331899
17,gpboost_vecchia,78,-1.0150146927444779,-1.2021240911171738,-0.9859337724989348,0.29432896481209425,0.029080920245543096
17,gpboost_vecchia,79,0.8087868114834567,0.7689993958042418,0.9054727717896718,0.39536319419506233,0.09668596030621512
17,gpboost_vecchia,80,-1.0660021044799965,-1.1310963478130924,-0.9868801094715476,0.20311835726434377,0.07912199500844896
17,gpboost_vecchia,81,-1.241385856989312,-1.1347119899751341,-1.0695735216599616,0.24001690275803497,0.17181233532935036
17,gpboost_vecchia,82,-0.5661627175975671,-0.5667730882410309,-0.5191925809309677,0.2661242687321232,0.04697013666659944
17,gpboost_vecchia,83,-0.29262429709418947,-0.2777650409202955,-0.4049925139299049,0.2755300428420071,-0.1123682168357154
17,gpboost_vecchia,84,-0.5742049387347177,-0.5512868766162202,-0.2948064317724839,0.5663649254556667,0.2793985069622338
17,gpboost_vecchia,85,0.03022525820437913,-0.004901182769700717,-0.34930412630173713,0.2677139867845517,-0.3795293845061163
17,gpboost_vecchia,86,-0.5998409130418361,-0.537031714111686,-0.6909362167871045,0.37526537788530395,-0.09109530374526842
17,gpboost_vecchia,87,-1.399518172880922,-1.4167016623756445,-1.2763121015977692,0.25149383858736657,0.12320607128315286
17,gpboost_vecchia,88,0.11651676958332144,-0.15447535379928176,0.07254466638443624,0.4339473395454466,-0.0439721031988852
17,gpboost_vecchia,89,0.1634405914328222,0.2563718322951214,0.15626956064734276,0.3168294925958185,-0.007171030785479426
17,gpboost_vecchia,90,-0.5576478097282503,-0.5148573268111697,-0.7241991401257906,0.4119966023734106,-0.16655133039754022
17,gpboost_vecchia,91,-0.4807386569436368,-0.3697940178295136,-0.7007371261995008,0.22578120687507797,-0.21999846925586397
17,gpboost_vecchia,92,0.3301657695544896,0.23566003825667364,-0.4406492309256347,0.33341566693611885,-0.7708150004801243
17,gpboost_vecchia,93,-1.051316220986081,-1.0483173906255476,-0.952351047078464,0.2282110847587744,0.09896517390761694
17,gpboost_vecchia,94,-0.5543101435322987,-0.512765917013042,-0.5551641705969832,0.29843942482170266,-0.000854027064684515
17,gpboost_vecchia,95,-0.8080271240453987,-0.688908158782359,-0.5021352270833148,0.21384838884289897,0.30589189696208385
17,gpboost_vecchia,96,-0.39566248338510823,-0.3250671933708792,-0.6491770025819155,0.33330964071563113,-0.25351451919680723
17,gpboost_vecchia,97,-0.1944608048430585,-0.08722928379553119,-0.3414093279341124,0.23073535955262794,-0.14694852309105388
17,gpboost_vecchia,98,-0.4901617557394081,-0.5281520354488204,-0.6824976012961201,0.25044212942395044,-0.19233584555671202
17,gpboost_vecchia,99,-0.32230454486984705,-0.21922175127857652,-0.5149142441234087,0.2720258874257292,-0.19260969925356164
17,gpboost_vecchia,100,-0.4946397872576458,-0.3066491049927144,-0.23339082515293086,0.22167375351801505,0.26124896210471493
17,gpboost_vecchia,101,-0.9078770234630394,-0.8481196465492851,-1.255551518450444,0.3501610974045113,-0.34767449498740455
17,gpboost_vecchia,102,-0.456237457657624,-0.4539121490323937,-0.71360354011704,0.21500420487268032,-0.25736608245941595
17,gpboost_vecchia,103,-0.7197409103517175,-0.5990314603678998,-0.7661455254045801,0.3356942278039487,-0.04640461505286264
17,gpboost_vecchia,104,-0.5822363816742768,-0.6250878741381406,-0.6548899976896045,0.35671546227259543,-0.07265361601532772
17,gpboost_vecchia,105,-0.7200540834412833,-0.7018746442380798,-0.359987193375396,0.28753451570292027,0.3600668900658873
17,gpboost_vecchia,106,0.07538221605738099,0.05992328105050622,0.0020479597467657484,0.36308014542199424,-0.07333425631061524
17,gpboost_vecchia,107,0.7526603989045941,0.7541859600891558,0.6367526012411577,0.5937565227963858,-0.1159077976634364
17,gpboost_vecchia,108,-0.8566592280716196,-0.7514666173797466,-1.1155785124578026,0.3555906460923994,-0.25891928438618295
17,gpboost_vecchia,109,0.11451451077547972,0.21877258137716044,-0.22473254493483408,0.3731581936455878,-0.33924705571031377
17,gpboost_vecchia,110,-0.641938908899041,-0.7089061835407975,-0.740589139807005,0.3614670843808104,-0.09865023090796399
17,gpboost_vecchia,111,0.38555145019718573,0.29287239154200484,0.15540984818087544,0.4097802441740487,-0.2301416020163103
17,gpboost_vecchia,112,-0.20187205776193395,-0.08538795004724788,-0.26804288916276064,0.2875494930610175,-0.06617083140082669
17,gpboost_vecchia,113,-0.408092532184805,-0.3663938431010415,-0.4212701880330716,0.3202344610940561,-0.013177655848266578
17,gpboost_vecchia,114,-0.45621002086213913,-0.3403566747961003,-0.41785557341028357,0.3614878806841672,0.03835444745185557
17,gpboost_vecchia,115,-0.5648051840432657,-0.6265184652406462,-0.7880412664574816,0.26398096803020243,-0.2232360824142159
17,gpboost_vecchia,116,0.9343449563637065,1.1782103033583042,0.6526679057414135,0.2725296563688467,-0.281677050622293
17,gpboost_vecchia,117,0.5566255635874044,0.6614177558465075,0.6163305550935299,0.34264658374490853,0.059704991506125404
17,gpboost_vecchia,118,-1.5343772024413411,-1.479263515291551,-1.398026396159938,0.2557795247050433,0.13635080628140317
17,gpboost_vecchia,119,0.20632481989291515,0.18552548973551475,0.20399411221907116,0.2564956911982343,-0.002330707673843996
17,gpboost_vecchia,120,-0.7999741875804817,-0.7355205260918237,-0.8537638509462111,0.387508040525517,-0.053789663365729434
17,gpboost_vecchia,121,0.033046414756899845,-0.1445859991512941,0.014928451089253336,0.3214880443396713,-0.01811796366764651
17,gpboost_vecchia,122,-0.8514000300826288,-0.8673173038438672,-0.5631338520430518,0.29829788101066623,0.288266178039577
17,gpboost_vecchia,123,-0.2093484821819881,-0.34672719757142234,-0.5472910849193191,0.2062117677523316,-0.337942602737331
17,gpboost_vecchia,124,-0.7753105855882375,-0.6783249425349046,-1.2238253989962686,0.32099245037620316,-0.4485148134080311
17,gpboost_vecchia,125,-1.1162553865087081,-0.9642371872677714,-1.2132589051029656,0.3081026307471802,-0.09700351859425749
17,gpboost_vecchia,126,-0.5558679720733378,-0.5862389054317388,-0.734404421486583,0.3020385957543687,-0.1785364494132452
17,gpboost_vecchia,127,0.3116328564389636,0.2557992392279793,0.28621370726304907,0.34526373223767054,-0.025419149175914535
17,gpboost_vecchia,128,-1.396190114113465,-1.4208531358895335,-0.9663515185856362,0.36051744010097264,0.42983859552782877
17,gpboost_vecchia,129,-1.260529702746849,-1.201162853503589,-1.227987221403657,0.2691057167041304,0.03254248134319204
17,gpboost_vecchia,130,-0.9271261955544565,-0.9196095982335377,-0.6783374953280603,0.15907014965870994,0.2487887002263962
17,gpboost_vecchia,131,0.5712975136802266,0.6724575682129428,0.5013627597824986,0.2784668513682849,-0.06993475389772807
17,gpboost_vecchia,132,-1.0881108959002814,-1.0788747980249807,-0.9783587740791342,0.23465486151899495,0.10975212182114724
17,gpboost_vecchia,133,-1.0751514689981614,-1.2387544622794258,-1.0282627074536181,0.23806372630081554,0.046888761544543245
17,gpboost_vecchia,134,1.1593996142123824,1.2916317117435554,1.1100547429554344,0.4144346898368743,-0.049344871256947975
17,gpboost_vecchia,135,-0.8527324550779651,-0.9764931591012918,-0.8675177656887536,0.36588103790103543,-0.014785310610788471
17,gpboost_vecchia,136,-0.372008405985247,-0.6228928649948671,-0.3963051537166269,0.28377915938582365,-0.02429674773137991
17,gpboost_vecchia,137,-1.037173775728834,-0.8500535288608422,-0.8708702899928333,0.18010259629031117,0.16630348573600062
17,gpboost_vecchia,138,-0.39906217559892826,-0.36566357447878106,-0.524326991693794,0.15782742166936686,-0.12526481609486578
17,gpboost_vecchia,139,-0.4403098169424886,-0.524396770490088,-0.32493795227025224,0.3815245874162164,0.11537186467223637
17,gpboost_vecchia,140,-0.5863965971868508,-0.45456330231758146,-0.8346150655551767,0.2309799818093294,-0.24821846836832595
17,gpboost_vecchia,141,0.6973460034363915,0.67003175711169,0.5541371954976189,0.4142796589142916,-0.14320880793877266
17,gpboost_vecchia,142,-0.541506820707403,-0.3453100478190113,-0.5591873385860637,0.23502887533682368,-0.017680517878660762
17,gpboost_vecchia,143,-0.2870008150987596,-0.19466247005830742,-0.506896939998045,0.2724296090903219,-0.2198961248992854
17,gpboost_vecchia,144,-1.045305325268301,-1.1294060076524657,-1.1504967364950716,0.12394870155567936,-0.10519141122677045
17,gpboost_vecchia,145,0.2724752690415841,0.24744437976523842,0.29338730274611224,0.35168186542846314,0.020912033704528155
17,gpboost_vecchia,146,0.6307885184934962,0.5094401257661961,0.7495257213315369,0.4418788743297542,0.11873720283804079
17,gpboost_vecchia,147,-0.4251670857451378,-0.34010380863257733,-0.44002175201730154,0.3128776104641415,-0.014854666272163752
17,gpboost_vecchia,148,-0.4071734672832689,-0.5754871893047673,-0.7724772737822843,0.1892990863173002,-0.36530380649901534
17,gpboost_vecchia,149,-0.5350036151933472,-0.6665790863121352,-0.6056135709279875,0.21216106261289863,-0.07060995573464035
17,gpboost_vecchia,150,-0.8246838166229119,-0.812234815194163,-0.8494116170525121,0.24091372449407342,-0.02472780042960021
17,gpboost_vecchia,151,-0.1639705789904015,-0.08138561147298098,0.020862672456209097,0.30650126320698234,0.18483325144661059
17,gpboost_vecchia,152,0.853885813935308,0.7553689504913128,1.11962833350929,0.4268529169252547,0.265742519573982
17,gpboost_vecchia,153,-1.6472932738839652,-1.6316915930307534,-1.4304323283813627,0.2735349493112519,0.2168609455026025
17,gpboost_vecchia,154,0.09068787686553405,0.14891087333297176,0.04326403930220124,0.36582108979204614,-0.04742383756333281
17,gpboost_vecchia,155,0.16015802260052625,0.23518453237013465,0.13393066472079163,0.3377811914705142,-0.026227357879734625
17,gpboost_vecchia,156,-0.9670503845348294,-0.9238643630444534,-1.2031567154670633,0.29106592943636417,-0.23610633093223388
17,gpboost_vecchia,157,-0.65777861700631,-0.7280004362602617,-0.6159503484696476,0.19925512501123555,0.04182826853666244
17,gpboost_vecchia,158,-0.3997341679178386,-0.3580643329884459,-0.5492530058920888,0.23881711535463213,-0.1495188379742502
17,gpboost_vecchia,159,-0.6487142220233558,-0.5710874204282962,-0.7241473802050493,0.4229158814345928,-0.0754331581816935
17,gpboost_vecchia,160,0.5177607589234359,0.513408884743024,0.510417839691713,0.4737382731794986,-0.007342919231722922
17,gpboost_vecchia,161,0.27070046281303695,0.1926071132847983,0.24533797138598246,0.3295625375504434,-0.02536249142705449
17,gpboost_vecchia,162,-0.5428213725789366,-0.5717861892695135,-0.6555619066438929,0.20003202701993308,-0.11274053406495632
17,gpboost_vecchia,163,-1.116523984883256,-1.2045026377257662,-1.0601441292020155,0.28046406303226684,0.05637985568124049
17,gpboost_vecchia,164,-1.106567605934213,-1.1135230074141231,-0.9074519982337748,0.22253995864871762,0.19911560770043835
17,gpboost_vecchia,165,-0.38398063936647886,-0.5436947478122042,-0.4408044143136163,0.35135127704210134,-0.05682377494713742
17,gpboost_vecchia,166,0.5757491653937902,0.6379635561951433,0.5935631335198241,0.31731867047465157,0.017813968126033974
17,gpboost_vecchia,167,-0.8243681902436997,-0.7830543736892425,-0.8385581323040512,0.25696872522085995,-0.014189942060351513
17,gpboost_vecchia,168,-0.46857530517741913,-0.47217765662983435,-0.613080613161765,0.17012697608788913,-0.14450530798434585
17,gpboost_vecchia,169,0.329754539393203,0.22719456789780523,0.12011842020514152,0.42655030395608,-0.20963611918806146
17,gpboost_vecchia,170,-0.6056295480862376,-0.6483644703616056,-0.7777054699747978,0.1705628801579868,-0.17207592188856025
17,gpboost_vecchia,171,-0.3271529765944858,-0.37575612971999794,0.12415040484540008,0.25143368701861935,0.45130338143988585
17,gpboost_vecchia,172,-0.7176879970708099,-0.466218317808697,-0.9473086762144334,0.3230278661037345,-0.2296206791436235
17,gpboost_vecchia,173,-0.6015382268785193,-0.7629772450005494,-0.7550959362741061,0.1675007946073349,-0.15355770939558677
17,gpboost_vecchia,174,-0.4425205549445546,-0.3160675113910318,-1.0287242391197489,0.34987126808169405,-0.5862036841751943
17,gpboost_vecchia,175,-1.0352681440432108,-0.9099145572720677,-0.8993265691670427,0.23670683973948237,0.1359415748761681
17,gpboost_vecchia,176,-0.275605722793948,-0.2383122662371322,-0.28252467455531427,0.3485322619784747,-0.006918951761366254
17,gpboost_vecchia,177,1.4641503319761042,1.4866017001866951,1.4142143731499752,0.37118146485394504,-0.049935958826129
17,gpboost_vecchia,178,-1.124710360387248,-1.0884081534741028,-0.8806859958050754,0.21824248097735735,0.24402436458217247
17,gpboost_vecchia,179,-1.9280057124252656,-1.8849296740706198,-1.7618189409140426,0.28598652766839866,0.16618677151122307
17,gpboost_vecchia,180,-1.1785269609180595,-1.238619080853025,-1.2338255201326005,0.2309114720512962,-0.055298559214540965
17,gpboost_vecchia,181,-1.3663202072707243,-1.447292888646056,-1.223549218014145,0.269517788697013,0.14277098925657938
17,gpboost_vecchia,182,0.8131038148910408,0.8549032888645439,0.9134931093806418,0.4382756988304706,0.10038929448960099
17,gpboost_vecchia,183,-0.8425578195675223,-0.9515250886746062,-0.5977024385001681,0.40565110333365095,0.24485538106735416
17,gpboost_vecchia,184,-0.8360491054468357,-0.750365713567317,-0.9276248399449809,0.2685501973034164,-0.09157573449814516
17,gpboost_vecchia,185,-1.1800582936725992,-1.1692380369744682,-0.971082066037658,0.19384027367921125,0.20897622763494117
17,gpboost_vecchia,186,0.059452452686191426,-0.01951149319392037,-0.26888241354313624,0.24939852911496074,-0.32833486622932767
17,gpboost_vecchia,187,-0.31835594285737295,-0.21545183379171184,-0.34738631732843395,0.1706377655070458,-0.029030374471060993
17,gpboost_vecchia,188,-0.5592125959089826,-0.5464305849354077,-0.7784425129284589,0.26752194026629955,-0.21922991701947625
17,gpboost_vecchia,189,-1.3485472721586855,-1.4375137887083222,-1.2121581146920644,0.21901966585812221,0.13638915746662117
17,gpboost_vecchia,190,0.6092307809879784,0.617569846995983,0.5702583965423225,0.4651600532134345,-0.03897238444565598
17,gpboost_vecchia,191,0.8669162989780769,0.8539494913756451,0.6651811164975072,0.28306469001301626,-0.20173518248056965
17,gpboost_vecchia,192,-1.2795193825601114,-1.264262138681479,-1.1921402470125289,0.3782085980258341,0.08737913554758259
17,gpboost_vecchia,193,1.3294025351670198,1.3662034658766784,1.4167251488518326,0.4259583940946187,0.08732261368481287
17,gpboost_vecchia,194,-0.28207138022294054,-0.4564870775541915,-0.23353253037439003,0.16893980958087937,0.0485388498485505
17,gpboost_vecchia,195,0.09885726476429418,0.07168526990381432,0.31178868804984816,0.368564366052181,0.21293142328555398
17,gpboost_vecchia,196,-0.6493950091304052,-0.8526135694986475,-0.19573006621300237,0.3110670002063311,0.4536649429174028
17,gpboost_vecchia,197,0.49690045121606746,0.44922472628383014,0.3604050867155948,0.22747337018591346,-0.13649536450047267
17,gpboost_vecchia,198,-0.5642949729869833,-0.718681399863968,-0.6180674891467319,0.28915005375140873,-0.05377251615974865
17,gpboost_vecchia,199,-0.8141667705565858,-0.8295264617258955,-0.9171061688452689,0.20412999123547226,-0.10293939828868304
17,gpboost_vecchia,200,-0.20451315578321477,-0.2157166716319571,-0.579751387160691,0.34352256124966846,-0.3752382313774762
17,gpboost_vecchia,201,-0.0620974533195604,-0.12601045035266234,-0.6940431575005412,0.4068237692347565,-0.6319457041809808
17,gpboost_vecchia,202,-0.9613225485076041,-0.8260559997929022,-1.0259614010212808,0.2114549655536206,-0.06463885251367663
17,gpboost_vecchia,203,0.45966459820224337,0.4259118410823423,0.5101145726563545,0.4088729567292723,0.050449974454111146
17,gpboost_vecchia,204,-0.5665326458303305,-0.4276187952822332,-0.5974780848360473,0.3025603611714233,-0.03094543900571678
17,gpboost_vecchia,205,0.0724091231903296,0.12484593434673802,-0.3641929401096462,0.3600936986053363,-0.4366020632999758
17,gpboost_vecchia,206,0.03202780905657905,0.05714660927339832,0.3514897126074903,0.28393129696140323,0.31946190355091125
17,gpboost_vecchia,207,0.6252647697776768,0.5247000406558849,0.6334116107659566,0.3078858509644621,0.008146840988279891
17,gpboost_vecchia,208,-0.6320303106226525,-0.48939018881128005,-0.6407620171596431,0.26009164536990453,-0.008731706536990624
17,gpboost_vecchia,209,-0.0475631993215144,-0.19459155746879267,-0.004593019846867108,0.25017175596752605,0.04297017947464729
17,gpboost_vecchia,210,-0.8673178227285842,-0.9586993946872557,-1.2721102768653156,0.30517153719240075,-0.4047924541367315
17,gpboost_vecchia,211,-0.013884209431200834,-0.10130439508129252,-0.18359440608024258,0.262774339987485,-0.16971019664904174
17,gpboost_vecchia,212,-0.0853935709802783,-0.13663908235547845,0.16238836567024073,0.2380175834670661,0.24778193665051904
17,gpboost_vecchia,213,-1.2534658443078162,-1.1178919327890724,-1.1082523167186318,0.3839727906111856,0.14521352758918438
17,gpboost_vecchia,214,-0.7967970507702695,-0.7814703416089189,-0.6270407484360199,0.19658104969412604,0.16975630233424965
17,gpboost_vecchia,215,-0.6900725184182117,-0.8496568683352842,-0.6981147891615791,0.2780666541558349,-0.008042270743367386
17,gpboost_vecchia,216,-0.4385165874755487,-0.45163165565284646,-0.48095705222355,0.1520398442571016,-0.04244046474800128
17,gpboost_vecchia,217,-0.4787534422977127,-0.43239548674948985,-0.5841166309871415,0.18503825799080745,-0.10536318868942879
17,gpboost_vecchia,218,-1.5252266707542694,-1.4415196568774267,-1.128594083488336,0.33037349161746815,0.39663258726593353
17,gpboost_vecchia,219,-0.36444340817389687,-0.2078316131842358,-0.4919299491995013,0.30363655663335143,-0.12748654102560442
17,gpboost_vecchia,220,-1.0839464988600154,-1.0986522465422532,-1.0240553319311037,0.18746729254772834,0.05989116692891172
17,gpboost_vecchia,221,-0.46123148023898836,-0.25480770620573645,-0.532960654825672,0.3581025010748596,-0.07172917458668365
17,gpboost_vecchia,222,-1.4352664369422423,-1.4572530044467222,-1.0871569484880652,0.335373874214167,0.3481094884541771
17,gpboost_vecchia,223,-0.34864985647195196,-0.3552248678939974,-0.15890617943084262,0.35323961204482335,0.18974367704110934
17,gpboost_vecchia,224,-0.5729022372909734,-0.5724786607351203,-0.6374741938204807,0.2491253575536619,-0.0645719565295072
17,gpboost_vecchia,225,-0.4765010159639559,-0.4769653248787567,-0.6637151976714559,0.3443975128521801,-0.18721418170750004
17,gpboost_vecchia,226,-0.9598313908519506,-0.8509171928137454,-0.8332953559461949,0.2487289885692416,0.1265360349057557
17,gpboost_vecchia,227,0.3809247342583646,0.42298370534987606,0.1128244682769346,0.30509085143456155,-0.26810026598143
17,gpboost_vecchia,228,-0.44940799569161427,-0.38602631169736223,-0.2421212326708435,0.2265723317691497,0.20728676302077076
17,gpboost_vecchia,229,-0.48319808423288285,-0.6515629011876729,-0.4577801444163736,0.21996625356726116,0.02541793981650925
17,gpboost_vecchia,230,-1.8952066554914508,-1.8835865567997756,-1.73615901667611,0.2725617597772507,0.15904763881534079
17,gpboost_vecchia,231,-0.7993503395296728,-0.7813120661084157,-0.369691643107231,0.2629369859607576,0.4296586964224418
17,gpboost_vecchia,232,0.7130726011709515,0.818573587819394,0.6554758276018191,0.3163871255772959,-0.0575967735691324
17,gpboost_vecchia,233,-0.8402642799631675,-0.8565693847944819,-0.9844859042815308,0.19426055021932498,-0.14422162431836327
17,gpboost_vecchia,234,-0.9996054766512691,-0.982746611286719,-1.1033325778926713,0.34881933591176323,-0.10372710124140216
17,gpboost_vecchia,235,-0.7761703846391703,-0.7394291088156579,-0.9285158224424617,0.3448860945494213,-0.15234543780329135
17,gpboost_vecchia,236,-1.0908465474156832,-1.088636941775476,-0.8799795443331462,0.24442774156273,0.21086700308253703
17,gpboost_vecchia,237,0.06505620203794925,0.12525506070529013,0.24496255635290254,0.30302575380641633,0.17990635431495328
17,gpboost_vecchia,238,-1.414842116800963,-1.3618005597422822,-1.3928414625662926,0.24837077783310693,0.022000654234670458
17,gpboost_vecchia,239,-0.42652925109844075,-0.4251323413882284,-0.620199803300693,0.4589970897307535,-0.19367055220225227
17,gpboost_vecchia,240,0.17414142604706007,0.23218677129578383,-0.3610802257470036,0.34245253349968796,-0.5352216517940637
17,gpboost_vecchia,241,0.32812726077289256,0.4867337069064459,-0.045941294850614156,0.37763746356038347,-0.3740685556235067
17,gpboost_vecchia,242,-0.5073137700594633,-0.6311180353598715,-0.5890761351555671,0.18677617415908257,-0.0817623650961038
17,gpboost_vecchia,243,-1.7924864139391086,-1.9983073019941673,-1.5644433649880698,0.24469765400034615,0.22804304895103877
17,gpboost_vecchia,244,-1.4397303589798172,-1.5461607599173013,-1.2645383388328373,0.22302798321226497,0.17519202014697988
17,gpboost_vecchia,245,-0.5618004745642686,-0.6302477956803391,-0.7893852371381058,0.30374788077579407,-0.2275847625738372
17,gpboost_vecchia,246,-0.8621724277503945,-0.7729279427708797,-0.8726103803697081,0.27967183650317906,-0.010437952619313573
17,gpboost_vecchia,247,0.24581580649131524,0.18705135690321414,0.3465102017037811,0.39206219334380926,0.10069439521246587
17,gpboost_vecchia,248,0.8916199643995608,0.9580318280282357,0.6876755115391591,0.3218928817051943,-0.20394445286040175
17,gpboost_vecchia,249,0.9021855171163509,1.0719395952153017,0.7373853681208429,0.36811266720387437,-0.164800148995508
17,gpboost_vecchia,250,0.07816473302483884,0.10456225902735469,-0.032028217656661084,0.33769799129058736,-0.11019295068149992
17,gpboost_vecchia,251,0.4185527611981904,0.41859361718428195,0.199261537073685,0.3824144862100683,-0.2192912241245054
17,gpboost_vecchia,252,-0.6029240231226766,-0.255331552000493,-0.6693597395948014,0.2947148007264349,-0.06643571647212487
17,gpboost_vecchia,253,-1.2113537401929881,-1.322725621890232,-1.208207353496956,0.308996708675823,0.0031463866960321774
17,gpboost_vecchia,254,0.8262099415335321,0.8347217576935555,0.5060650460266878,0.19810190401726122,-0.32014489550684433
17,gpboost_vecchia,255,-0.9393128547869866,-0.9725612868641699,-0.7779404771466076,0.21030536891269563,0.16137237764037893
17,gpboost_vecchia,256,-0.9643759634289099,-1.1722290743155166,-1.0422602526673348,0.21573780947018334,-0.07788428923842494
17,gpboost_vecchia,257,-1.155457510522239,-1.0366947388938241,-0.9708130202699845,0.21497747542309437,0.1846444902522546
17,gpboost_vecchia,258,-0.2512235393373278,-0.2259512542888135,-0.5375412566255244,0.37193479473749613,-0.28631771728819666
17,gpboost_vecchia,259,0.15064466762505174,0.0912472625382591,-0.43150215040217965,0.29469646417952156,-0.5821468180272313
17,gpboost_vecchia,260,-1.3706753003060261,-1.4787620294428834,-1.3564885394077368,0.23443433270015618,0.014186760898289297
17,gpboost_vecchia,261,0.4928914984439895,0.49214628692513973,0.47031862996604,0.47404407518418146,-0.02257286847794948
17,gpboost_vecchia,262,-1.631029922833242,-1.712087164297033,-1.519513857339975,0.31296081680626386,0.1115160654932672
17,gpboost_vecchia,263,-0.2566036659685905,-0.12076977071408737,-0.52875206308339,0.2069575718942213,-0.27214839711479943
17,gpboost_vecchia,264,-1.2008047875846448,-1.352367272778337,-1.0126737076336294,0.17840180510494844,0.1881310799510154
17,gpboost_vecchia,265,-0.825994326853255,-0.9324010876792495,-1.0342923140843716,0.34703815912086855,-0.2082979872311166
17,gpboost_vecchia,266,-0.9129954398353962,-0.955703166894724,-1.0321887356275754,0.2529023045728918,-0.11919329579217919
17,gpboost_vecchia,267,-0.6413874965445678,-0.6085864515453083,-0.6224652501185837,0.25068685126738405,0.01892224642598417
17,gpboost_vecchia,268,-0.6999323966960451,-0.7636009352511727,-0.28828517515431606,0.28176362139403116,0.41164722154172906
17,gpboost_vecchia,269,0.7398814994388603,0.9292586534999259,0.6664698780171889,0.34185164745403523,-0.07341162142167135
17,gpboost_vecchia,270,0.6017269346753382,0.6629241751001917,0.547200243031094,0.28759754812569865,-0.054526691644244174
17,gpboost_vecchia,271,0.23258416965184614,0.182985724326414,-0.13339107544942586,0.314549911169455,-0.365975245101272
17,gpboost_vecchia,272,-0.6370566934971899,-0.7301253138683039,-0.7050316285405138,0.22297088396191733,-0.06797493504332397
17,gpboost_vecchia,273,-0.08793514554810367,-0.21391260920620964,-0.23962781895523833,0.36733076069946863,-0.15169267340713466
17,gpboost_vecchia,274,-0.12472852058108386,-0.2723382885895498,-0.3936606458537373,0.3168005731535206,-0.2689321252726534
17,gpboost_vecchia,275,-0.18020755453044435,-0.11961035483097657,-0.24206215846954127,0.26046894822493016,-0.06185460393909692
17,gpboost_vecchia,276,-1.2694597718211782,-1.2743429815042273,-1.4905565181399245,0.2891810149441564,-0.22109674631874632
17,gpboost_vecchia,277,-0.5158203920707325,-0.3036485334133021,-0.7336884740193859,0.29526547294784466,-0.21786808194865337
17,gpboost_vecchia,278,-0.7763319184780347,-0.8402921203121446,-0.5559927844297938,0.35383934874855155,0.2203391340482409
17,gpboost_vecchia,279,1.2453427272333226,1.1223129631928306,1.5429446048616646,0.41190393857357394,0.297601877628342
17,gpboost_vecchia,280,0.5503514598477315,0.4526785882072146,0.5946385003767052,0.4728799626323005,0.0442870405289737
17,gpboost_vecchia,281,-0.64311192263854,-0.6998473655834431,-0.5992356404045633,0.33187107802877464,0.04387628223397666
17,gpboost_vecchia,282,-0.8423513943775548,-0.7993169058717194,-0.8367169546039377,0.28604339853204325,0.005634439773617106
17,gpboost_vecchia,283,-1.0895025967903442,-1.2167215166402203,-1.1799005118869825,0.24764167207163018,-0.0903979150966383
17,gpboost_vecchia,284,0.13196448510562286,0.21343547433129637,-0.16394130062361478,0.38031810875576444,-0.29590578572923765
17,gpboost_vecchia,285,0.4392659018961867,0.3724295620189685,0.3049527370901277,0.396936784184803,-0.13431316480605898
17,gpboost_vecchia,286,-0.4594828638293109,-0.48871504345911054,-0.5951385589305591,0.19669429303727193,-0.1356556951012482
17,gpboost_vecchia,287,-0.3223844484990641,-0.2185654620288009,-0.30892098392155587,0.14902274249297467,0.013463464577508244
17,gpboost_vecchia,288,0.28876410333533276,0.19646649502936506,0.5008232736091429,0.4186796539220092,0.21205917027381016
17,gpboost_vecchia,289,-0.4912968315024864,-0.6192799327227302,-0.7347464417245817,0.22340489813356637,-0.24344961022209533
17,gpboost_vecchia,290,0.49007038469420494,0.6103603908445699,0.6017431806368148,0.37042019985336566,0.11167279594260981
17,gpboost_vecchia,291,-0.8856429490713209,-0.8533460355127206,-0.6955246895046532,0.35615116140025893,0.19011825956666772
17,gpboost_vecchia,292,0.7800661881985888,0.8725663074622153,0.5902510256723703,0.2949453053701178,-0.18981516252621844
17,gpboost_vecchia,293,-0.5512887983694948,-0.5067064479244472,-0.7073775729797571,0.2585971830595262,-0.15608877461026227
17,gpboost_vecchia,294,-1.394288210881769,-1.306987506754902,-1.3613477453850518,0.23749530781308525,0.03294046549671714
17,gpboost_vecchia,295,1.0464141629012853,1.2022836029537514,0.9896522519272251,0.35274661059587326,-0.05676191097406025
17,gpboost_vecchia,296,-0.3307988341783455,-0.40131196302398076,-0.18300336475291878,0.16601023719057367,0.1477954694254267
17,gpboost_vecchia,297,-0.7338235285283526,-0.8680236725367174,-0.8330084855988567,0.16763372762671022,-0.09918495707050401
17,gpboost_vecchia,298,-1.0913353726672748,-1.094294244432775,-0.966581115300384,0.1835815539601472,0.12475425736689072
17,gpboost_vecchia,299,-0.530445013980661,-0.49268411754113134,-0.7012463349288662,0.26364500146576386,-0.17080132094820522
18,gpboost_vecchia,0,0.8047740307613365,0.8628067853549829,0.8290450401551048,0.19734671736052425,0.02427100939376836
18,gpboost_vecchia,1,0.07353737625271467,0.054053731024418586,0.25986957284434453,0.2331734504766365,0.18633219659162986
18,gpboost_vecchia,2,0.5674442377728508,0.724698482251229,0.7030517540881043,0.2553023950286195,0.13560751631525347
18,gpboost_vecchia,3,0.6017401549708574,0.5153347983088168,0.11535199076060465,0.29612021000398847,-0.48638816421025277
18,gpboost_vecchia,4,1.9532922383353497,1.9078121089094684,1.7941790085854326,0.28054495979663,-0.15911322974991715
18,gpboost_vecchia,5,1.190553376078369,1.1815239884092437,0.8184807997645311,0.22820342392536672,-0.37207257631383794
18,gpboost_vecchia,6,1.0180539741187462,1.1913804659790883,0.992793193909776,0.18136378080472362,-0.025260780208970157
18,gpboost_vecchia,7,0.40621299498080304,0.52857656433314,0.23605238014038932,0.12617526554601904,-0.17016061484041373
18,gpboost_vecchia,8,0.4792420057871826,0.528120557390531,0.38370347423155504,0.1562139184895096,-0.09553853155562758
18,gpboost_vecchia,9,1.4941204549398275,1.5134029498223929,1.3022169466554896,0.27162243605072967,-0.1919035082843379
18,gpboost_vecchia,10,0.43416306929703435,0.38558224166008065,0.5787928789241192,0.23497387739865785,0.14462980962708488
18,gpboost_vecchia,11,1.3692182753007698,1.2685812430522436,1.4886767321416219,0.2916378066930029,0.1194584568408521
18,gpboost_vecchia,12,1.9615902280648385,1.9451928709029944,1.713963708786844,0.2800756861752617,-0.2476265192779945
18,gpboost_vecchia,13,-0.356975527498265,-0.25949654625865737,-0.235959613600647,0.18442703289273682,0.12101591389761801
18,gpboost_vecchia,14,2.0754727250642357,2.212320056063323,1.7374873387798022,0.238655026209891,-0.33798538628443353
18,gpboost_vecchia,15,0.17833490950640046,0.2388625949086734,0.11393628854567339,0.1991515927452537,-0.06439862096072707
18,gpboost_vecchia,16,0.05621384465224774,0.04310636732409058,0.14711994749456636,0.21872690637727674,0.09090610284231862
18,gpboost_vecchia,17,0.6454882256060492,0.7536052108025213,0.7451910150053305,0.2316740794462959,0.09970278939928123
18,gpboost_vecchia,18,1.584600022112985,1.7157522074868492,1.20979878504395,0.28715773792483507,-0.374801237069035
18,gpboost_vecchia,19,0.5097669956156285,0.5072593278525188,0.4153606232139513,0.2908507622460571,-0.09440637240167726
18,gpboost_vecchia,20,1.0995925122793524,1.17553935340634,0.8775626827374694,0.24902258608267602,-0.222029829541883
18,gpboost_vecchia,21,0.6419257741824583,0.5424108191767559,0.8907555664934321,0.2881962364977214,0.2488297923109738
18,gpboost_vecchia,22,0.5349297916242856,0.3994394220782581,0.9871788065760807,0.2744373158313268,0.45224901495179515
18,gpboost_vecchia,23,0.5311489499107185,0.4530451014076996,-0.013897530445007078,0.30439003397027825,-0.5450464803557256
18,gpboost_vecchia,24,0.7106520966719503,0.7121493568935264,0.535150490053919,0.28410957440815776,-0.17550160661803127
18,gpboost_vecchia,25,0.5307902863408885,0.6383189525445887,0.7715724822590087,0.17294908021596758,0.2407821959181201
18,gpboost_vecchia,26,0.832669349296587,0.7877475778805493,1.211644182513825,0.2281146739896993,0.3789748332172381
18,gpboost_vecchia,27,2.2396202430191536,2.1671706821416414,1.746805852850347,0.31269450039730035,-0.4928143901688067
18,gpboost_vecchia,28,1.8179829649022892,1.8693311659440228,1.619547413697017,0.2240430953798634,-0.19843555120527223
18,gpboost_vecchia,29,2.1557626550275453,2.115563519151778,1.7791470407751646,0.2913483538821711,-0.37661561425238066
18,gpboost_vecchia,30,1.0910883622377237,1.1353637708722792,0.9468944425340133,0.20873289752049853,-0.14419391970371032
18,gpboost_vecchia,31,2.106562575204116,2.166911418273552,2.0078773012625284,0.3263360037808483,-0.09868527394158777
18,gpboost_vecchia,32,1.2422923815431994,1.3882301930947336,0.9325374505499031,0.2494395142166983,-0.3097549309932963
18,gpboost_vecchia,33,0.29398670875254024,0.18458645439222646,-0.05594475105144525,0.25507116137089014,-0.3499314598039855
18,gpboost_vecchia,34,1.8251590081823483,1.9688888696111069,1.583578241406598,0.27238355771091816,-0.24158076677575036
18,gpboost_vecchia,35,1.5761354564291392,1.607088076179315,1.1886228893928656,0.3225502429915374,-0.38751256703627357
18,gpboost_vecchia,36,0.12095279271441792,-0.03955713587017545,0.2675115630383891,0.24281872673626653,0.14655877032397116
18,gpboost_vecchia,37,0.6184927641083693,0.7735221555317873,1.003184071107258,0.3416645851454443,0.38469130699888865
18,gpboost_vecchia,38,0.5422712765054228,0.6069912920468727,0.43274734908348744,0.28701785996786333,-0.1095239274219354
18,gpboost_vecchia,39,0.5092419676649975,0.575273522567505,0.14791488247083784,0.3236376089972455,-0.3613270851941597
18,gpboost_vecchia,40,1.0928482439924552,1.0774349044502611,1.5864539927162493,0.27837775415785326,0.49360574872379415
18,gpboost_vecchia,41,0.21009734628560187,0.17452935328075087,0.46477501136099875,0.2654487667570154,0.2546776650753969
18,gpboost_vecchia,42,-0.33483073014866743,-0.21428606862946514,0.020227441006461788,0.2603405852771659,0.3550581711551292
18,gpboost_vecchia,43,0.7056251082565792,0.7655981290653171,-0.014227253148067831,0.3374571510532913,-0.719852361404647
18,gpboost_vecchia,44,1.0017799228406308,1.0352788413891272,0.9284534587738955,0.19556553291599477,-0.07332646406673526
18,gpboost_vecchia,45,-1.0415811247970068,-0.9240891076925088,-0.512661368660277,0.4041782845657475,0.5289197561367298
18,gpboost_vecchia,46,1.0315826107043917,1.0221238253913891,0.7503593793472838,0.29249157432692785,-0.2812232313571079
18,gpboost_vecchia,47,2.1971039029777244,2.2330188118206795,1.8635287808496965,0.27702802311501573,-0.33357512212802787
18,gpboost_vecchia,48,0.6938059143700583,0.85335455713896,0.6788511660944803,0.14818460682523643,-0.014954748275578078
18,gpboost_vecchia,49,2.2689588711647977,2.1664563231355527,2.0027441664351207,0.2219482043006516,-0.266214704729677
18,gpboost_vecchia,50,-0.2374490266573524,-0.21043266419969653,-0.11192481043680047,0.28117837800901646,0.12552421622055193
18,gpboost_vecchia,51,1.69436958691453,1.7895443018352344,1.264073214141522,0.2742849314762979,-0.43029637277300803
18,gpboost_vecchia,52,1.9209264325755735,2.0445980603219174,1.6085141518127433,0.25483256466482734,-0.31241228076283023
18,gpboost_vecchia,53,0.6982404663181186,0.4899910079049435,1.3002013487554098,0.2881565681160581,0.6019608824372912
18,gpboost_vecchia,54,1.0817556945876392,1.1354448495710243,1.0255221214887094,0.24047618476558533,-0.056233573098929845
18,gpboost_vecchia,55,-1.018999148208655,-1.1388716134422077,-0.6025761268207646,0.32709160001604853,0.41642302138789034
18,gpboost_vecchia,56,0.44887583073543863,0.350074361657303,0.6760521448251255,0.2710296883958668,0.22717631408968691
18,gpboost_vecchia,57,-0.15879533134261092,-0.10892150454373777,0.03954411092604282,0.19491155427734436,0.19833944226865374
18,gpboost_vecchia,58,0.8108821419301167,0.9777371717748604,1.0498703731264882,0.22660813093311605,0.23898823119637158
18,gpboost_vecchia,59,1.1172091913601958,1.2351648335213026,1.3664013429562543,0.2575191746190044,0.24919215159605845
18,gpboost_vecchia,60,0.6355920441175746,0.5674707869115581,0.6750862562197613,0.16914828231764578,0.03949421210218662
18,gpboost_vecchia,61,1.46796243515477,1.4046663539478994,1.464776714643274,0.2809922673823994,-0.003185720511496015
18,gpboost_vecchia,62,0.8762905252369934,1.0254994534283146,1.0607060524498717,0.22357610089774593,0.18441552721287835
18,gpboost_vecchia,63,1.2056322953617384,1.2773851124044384,0.9996466632481038,0.29462679976491507,-0.20598563211363463
18,gpboost_vecchia,64,1.040736712846571,1.1221187659044622,1.1235663695550624,0.21968509789775087,0.0828296567084914
18,gpboost_vecchia,65,2.0443949356923077,1.836765160774012,1.650153127576628,0.27832161073849243,-0.39424180811567977
18,gpboost_vecchia,66,2.121114470272946,2.2815503763274085,2.0070793964604654,0.2637761663924115,-0.11403507381248046
18,gpboost_vecchia,67,0.4939995302505754,0.5854233118132665,0.2611238744345492,0.1648481205442854,-0.2328756558160262
18,gpboost_vecchia,68,0.6469773051527985,0.6710488508460355,-0.025421833203903788,0.325941004132454,-0.6723991383567023
18,gpboost_vecchia,69,0.11385508387477498,0.11353787317415323,0.5704708570253576,0.22139516849940696,0.4566157731505826
18,gpboost_vecchia,70,0.2757450704840774,0.261777955224999,-0.08038225758247108,0.26662885983458257,-0.3561273280665485
18,gpboost_vecchia,71,1.0761408769934615,1.057600126756819,0.9884665594684687,0.2679189236023115,-0.08767431752499277
18,gpboost_vecchia,72,0.8296032198529906,0.788109509104705,0.7989261828181498,0.30193750763560734,-0.030677037034840815
18,gpboost_vecchia,73,2.346490404084086,2.194850220258702,2.211209329948307,0.2837696248137154,-0.13528107413577883
18,gpboost_vecchia,74,-0.34124762461217584,-0.3087472388515338,-0.14314127617873496,0.2635803751094025,0.19810634843344088
18,gpboost_vecchia,75,0.6435717963483663,0.8667044232719109,0.9980629085933046,0.25619085015800996,0.35449111224493834
18,gpboost_vecchia,76,0.5534393453319213,0.6481412179580082,0.580327474694613,0.2676983702650473,0.026888129362691693
18,gpboost_vecchia,77,-0.7514639591015384,-0.7161039663245956,-0.22326624905454295,0.28614153011876947,0.5281977100469955
18,gpboost_vecchia,78,-0.7610493344724036,-0.8316658068282928,-0.7981915339552064,0.34356847332962276,-0.03714219948280273
18,gpboost_vecchia,79,2.0924308954799495,2.029916146068229,1.8339349008519843,0.29659067826808533,-0.25849599462796524
18,gpboost_vecchia,80,0.8159613572269326,0.7952743779401837,0.9446752475293776,0.24442343598095403,0.12871389030244496
18,gpboost_vecchia,81,1.0359296632955073,1.1014585137454331,0.748091768939819,0.1927327037143313,-0.2878378943556883
18,gpboost_vecchia,82,1.4505449450090375,1.4632296068054162,1.0823017420630903,0.3090757449756899,-0.36824320294594726
18,gpboost_vecchia,83,0.5359098437732548,0.3801228905658527,-0.02954082797582913,0.31854448133413704,-0.5654506717490839
18,gpboost_vecchia,84,0.5437662970625368,0.5785281778672919,0.5874746045137353,0.2841425047674216,0.04370830745119858
18,gpboost_vecchia,85,1.9361759923629422,2.062928077215974,1.5872571758247425,0.29684284809279476,-0.3489188165381998
18,gpboost_vecchia,86,1.6266099374004421,1.717703418638167,1.2579215289575405,0.2547815208519575,-0.3686884084429016
18,gpboost_vecchia,87,2.317796383714246,2.3074821737482036,2.124692077506488,0.31012498935995836,-0.1931043062077582
18,gpboost_vecchia,88,2.147333811992644,2.3024754984077274,2.348668869059212,0.19005273249796018,0.20133505706656818
18,gpboost_vecchia,89,-0.36348153171852376,-0.3015230746723063,-0.060344978150581596,0.2529742414850151,0.30313655356794217
18,gpboost_vecchia,90,0.417500146114865,0.499567184018279,0.06930188546204441,0.22197849777082315,-0.3481982606528206
18,gpboost_vecchia,91,1.0640467329908376,1.201723793674743,1.1178548667482744,0.3020403590773445,0.05380813375743676
18,gpboost_vecchia,92,0.5237711612398478,0.6705958168203763,0.08504080303240258,0.28571400777099754,-0.4387303582074452
18,gpboost_vecchia,93,0.6478393152393689,0.6386040405512725,0.12191804838445996,0.22136321144301804,-0.5259212668549089
18,gpboost_vecchia,94,-0.2995982319981605,-0.5019094551780386,-0.18244728269756116,0.29133710030197363,0.11715094930059933
18,gpboost_vecchia,95,0.17418046492248046,0.27025545677153195,0.4395474441074949,0.271559748759271,0.26536697918501445
18,gpboost_vecchia,96,0.6771924358990836,0.6211880463002323,0.9513009174879103,0.22758794495058096,0.2741084815888267
18,gpboost_vecchia,97,2.022126583314417,1.8400079656789958,1.733640699960465,0.2963554969411689,-0.28848588335395187
18,gpboost_vecchia,98,0.04072327384628216,-0.0073522761173418286,0.2682487871028396,0.22510213829723266,0.22752551325655745
18,gpboost_vecchia,99,0.5918835432217255,0.6947461826537124,0.548146912089166,0.24884485147492968,-0.043736631132559545
18,gpboost_vecchia,100,0.3775940733564723,0.32673239686340083,0.0804902333808446,0.2518475108485893,-0.2971038399756277
18,gpboost_vecchia,101,-0.8139432260360817,-0.8001094625956686,-0.3221975885808037,0.29110187242142305,0.491745637455278
18,gpboost_vecchia,102,0.47862600993905047,0.46662873583085585,0.8524391735177836,0.27131675546622147,0.3738131635787332
18,gpboost_vecchia,103,0.2415293388166495,0.1872389790419381,0.6204317024524331,0.3290411342433753,0.37890236363578356
18,gpboost_vecchia,104,0.1057016030944864,0.05842846702217072,0.30819783008862345,0.21427361099190098,0.20249622699413705
18,gpboost_vecchia,105,1.031160985658932,0.9013816918374478,0.8987731493886066,0.2794986207503584,-0.13238783627032547
18,gpboost_vecchia,106,1.8275493980646016,1.936757850907275,1.774415104099834,0.26235265851043876,-0.053134293964767654
18,gpboost_vecchia,107,2.631503549227341,2.9476286485602214,2.1721018056762613,0.3071235216092965,-0.45940174355107954
18,gpboost_vecchia,108,0.20154082723404526,0.25778902880186777,0.5154531935630464,0.24253417923925424,0.31391236632900116
18,gpboost_vecchia,109,0.49828132717793294,0.4287542943271207,0.12150079417204296,0.2053151970035136,-0.37678053300589
18,gpboost_vecchia,110,-0.5539778340894479,-0.42290836938119475,-0.2623987084510748,0.34708070830404436,0.29157912563837307
18,gpboost_vecchia,111,0.6879099652127451,0.5597758699583668,0.6710748245774418,0.256398553440902,-0.016835140635303225
18,gpboost_vecchia,112,0.18591045351895522,0.09875719470893829,-0.12824174415668566,0.23091818166469952,-0.31415219767564084
18,gpboost_vecchia,113,0.9650855220794814,1.0455704281221982,1.0143470913861385,0.22486134220916876,0.04926156930665715
18,gpboost_vecchia,114,0.8852854140358541,0.8761712585325399,0.5096044159029596,0.26654669002162024,-0.3756809981328946
18,gpboost_vecchia,115,2.067098106473713,1.9107043633350607,1.744518924672093,0.30534149045897824,-0.32257918180162015
18,gpboost_vecchia,116,1.623540296866593,1.5908996644708135,1.4147467172639123,0.3099200471744838,-0.20879357960268075
18,gpboost_vecchia,117,1.8396825164468238,1.906679668579418,1.9820494181377395,0.26951414501744475,0.1423669016909157
18,gpboost_vecchia,118,1.7535750221553381,1.718629416197957,1.4643310940131977,0.27323177787889685,-0.2892439281421404
18,gpboost_vecchia,119,1.13224306466101,1.0138805694783772,0.6888864664114998,0.21486241762939362,-0.44335659824951024
18,gpboost_vecchia,120,1.7129787681128708,1.8397797683234494,1.5180201950554562,0.3329500358175482,-0.1949585730574146
18,gpboost_vecchia,121,1.9261455187713357,1.997095738350578,1.4154418781812907,0.2772913732698782,-0.5107036405900449
18,gpboost_vecchia,122,0.5494004026536279,0.5333312835500337,0.6888832184647082,0.13337529391473377,0.13948281581108035
18,gpboost_vecchia,123,0.3576383276782618,0.157334997848318,0.3276162158393472,0.22015997160959286,-0.030022111838914622
18,gpboost_vecchia,124,-0.20720210423328841,0.05865349139152645,0.12211442405682327,0.24645725349795058,0.3293165282901117
18,gpboost_vecchia,125,1.7125039152086532,1.6968707174482227,1.4065522717454204,0.2524876182818005,-0.3059516434632328
18,gpboost_vecchia,126,1.0921134936461818,1.0671853963786622,0.8689014957931258,0.31882161221869937,-0.223211997853056
18,gpboost_vecchia,127,-0.38396563778648535,-0.3005866446966624,-0.08603949665536881,0.28589292137000216,0.29792614113111654
18,gpboost_vecchia,128,1.2505206124147183,1.223785771808523,1.3020397216869828,0.26551054101466026,0.05151910927226444
18,gpboost_vecchia,129,1.9413763197063914,1.956854258111768,1.7502670776237501,0.2858544637262096,-0.19110924208264124
18,gpboost_vecchia,130,0.4351938063643678,0.4439113212559761,-0.1605557184927795,0.2904750504788773,-0.5957495248571473
18,gpboost_vecchia,131,0.30615122720320764,0.4255148745024944,0.7068077102814865,0.1879053553170364,0.40065648307827884
18,gpboost_vecchia,132,0.5864136779133191,0.677313880800432,0.36793138006876447,0.2769325739366414,-0.21848229784455464
18,gpboost_vecchia,133,1.4822054126037045,1.5673510259502883,1.0323307682736278,0.3015814160399222,-0.44987464433007673
18,gpboost_vecchia,134,1.3395357221285729,1.2410472471591272,1.1906800706993215,0.27041142806537843,-0.1488556514292514
18,gpboost_vecchia,135,0.38145822000065677,0.3780031651243551,0.5523889879753252,0.1984868141346978,0.17093076797466844
18,gpboost_vecchia,136,0.20573006475411176,0.1914429582593739,0.19629669145330553,0.25069349578082345,-0.009433373300806236
18,gpboost_vecchia,137,1.4957783411761394,1.616929546625288,1.1687987267894977,0.2583397350714916,-0.3269796143866417
18,gpboost_vecchia,138,0.9207825022092702,0.9740758674871425,0.8578055114008798,0.27103341997220504,-0.06297699080839037
18,gpboost_vecchia,139,2.1936821662216244,2.242750925013059,1.7290214541743207,0.30165534366664365,-0.46466071204730364
18,gpboost_vecchia,140,-0.02040118714884772,0.020499730779557628,0.1235046186984512,0.2664482664014422,0.14390580584729892
18,gpboost_vecchia,141,0.7996692657780617,0.933553741377942,0.7374927953628436,0.16443692242869679,-0.06217647041521812
18,gpboost_vecchia,142,0.5258347589479095,0.49889723033398753,0.469776586869628,0.24236560317995878,-0.056058172078281565
18,gpboost_vecchia,143,1.1079567087256612,1.1193599027125194,1.312069623898977,0.2509668119827597,0.20411291517331587
18,gpboost_vecchia,144,0.7256770985066974,0.6149978022067141,0.4812017808072637,0.21590030172485963,-0.24447531769943365
18,gpboost_vecchia,145,-0.3505411080281967,-0.5766106541763575,-0.15450120545004076,0.2543257732025801,0.19603990257815596
18,gpboost_vecchia,146,-0.7947040399793567,-0.7357985722248855,-0.40147349004969435,0.2741004843453166,0.39323054992966233
18,gpboost_vecchia,147,1.239144733653538,1.1637358812024166,1.1457630435116428,0.2262922734071312,-0.09338169014189512
18,gpboost_vecchia,148,-0.8137798160716225,-0.8286363168645423,-0.35162929421774614,0.25028951512591896,0.4621505218538764
18,gpboost_vecchia,149,0.28211364082879803,0.31379623598850226,0.05918121822960121,0.26402906102270735,-0.22293242259919682
18,gpboost_vecchia,150,1.915819018583967,1.9374203288589165,1.7866049172221619,0.2519548173597206,-0.1292141013618051
18,gpboost_vecchia,151,-0.6274861423988614,-0.6343637042607712,-0.23369555935405462,0.29724140182353403,0.39379058304480674
18,gpboost_vecchia,152,-0.0940008136104249,-0.00331603824524096,0.3277826333337579,0.29252718068897704,0.4217834469441828
18,gpboost_vecchia,153,1.166960376951673,1.001998972883918,1.364246038126102,0.2136396443265984,0.19728566117442892
18,gpboost_vecchia,154,-0.7943889869421664,-0.7475692341437219,-0.3476318826002589,0.4542405284165767,0.4467571043419075
18,gpboost_vecchia,155,1.8069951803855013,1.7319802485936198,1.8090964050549392,0.2637805849462295,0.002101224669437851
18,gpboost_vecchia,156,0.3193229537300612,0.3236259395038801,0.1868257740793826,0.22099138015298078,-0.1324971796506786
18,gpboost_vecchia,157,1.2089685781373964,1.4055004996702094,0.9116882366825791,0.25262602533340217,-0.2972803414548173
18,gpboost_vecchia,158,2.0911612148410077,2.0761893875237813,1.7346963461979144,0.3174096139774611,-0.35646486864309335
18,gpboost_vecchia,159,0.5530076289134508,0.45767720921244737,0.5615896127375866,0.24884410222456405,0.008581983824135775
18,gpboost_vecchia,160,1.2271459787635641,1.3429763665286667,0.9054557969490968,0.3040257319020408,-0.3216901818144673
18,gpboost_vecchia,161,1.0279175201021435,1.0096383337647117,1.4932646547921706,0.255546823359942,0.4653471346900271
18,gpboost_vecchia,162,1.4425941800848312,1.3700101226862123,1.6040400682300513,0.3178698635616736,0.1614458881452201
18,gpboost_vecchia,163,0.1134825924290917,0.08243551520458318,0.010597489750237443,0.19306562743911074,-0.10288510267885426
18,gpboost_vecchia,164,-0.6580345982688507,-0.876069815483432,-0.2344513418360652,0.2841894427259218,0.4235832564327855
18,gpboost_vecchia,165,0.5992809105549559,0.4504725547860612,0.8176472532558527,0.26216572178642583,0.21836634270089683
18,gpboost_vecchia,166,1.0707417477314092,1.1665975144845966,0.9282430088525953,0.18754439605890685,-0.14249873887881392
18,gpboost_vecchia,167,1.7464861460635832,1.702321889993487,1.424931621209538,0.2645997596659813,-0.32155452485404523
18,gpboost_vecchia,168,0.7856792084671801,0.5727135562583847,0.7304993528762171,0.24741664448957532,-0.055179855590962945
18,gpboost_vecchia,169,-0.13259245332763026,-0.06690554142878523,-0.11302912721971659,0.2871814858505279,0.01956332610791367
18,gpboost_vecchia,170,0.6861022040443949,0.6466075946542886,0.48481680182386455,0.2847047043372329,-0.20128540222053037
18,gpboost_vecchia,171,0.3833222380124628,0.4311810924353617,0.390746361355399,0.26703974702408007,0.007424123342936184
18,gpboost_vecchia,172,-0.35173333003055807,-0.2836810487595643,-0.07283800913909388,0.17700640520376343,0.2788953208914642
18,gpboost_vecchia,173,0.9460907077701755,1.057243419036974,1.1012882676371039,0.29241166966022236,0.1551975598669284
18,gpboost_vecchia,174,0.42801256871664345,0.42215219140188615,0.9987800993871918,0.29940367773869214,0.5707675306705484
18,gpboost_vecchia,175,1.1742133927928162,1.0699684485124112,1.208686171144537,0.2488527083336981,0.03447277835172069
18,gpboost_vecchia,176,1.1123822780405144,1.2079785050060385,0.9774190918987156,0.21367528083270712,-0.1349631861417988
18,gpboost_vecchia,177,1.2837354641382532,1.2216345819198466,1.04364102299518,0.22615780257145637,-0.2400944411430732
18,gpboost_vecchia,178,1.7890256594452225,1.8509717410108975,1.5732405551631654,0.2918035475688144,-0.2157851042820571
18,gpboost_vecchia,179,1.9229741392804947,1.8968698743432362,1.961018896486351,0.28817553639087695,0.03804475720585643
18,gpboost_vecchia,180,2.2803605862199197,2.3705025859027704,1.7967298025966034,0.3045050352908735,-0.48363078362331624
18,gpboost_vecchia,181,0.6310944607920654,0.6737798559325163,-0.052190793310385786,0.34116883773666073,-0.6832852541024512
18,gpboost_vecchia,182,1.3407837818001793,1.3876535612951437,1.1799408111101766,0.26209562159861255,-0.16084297069000275
18,gpboost_vecchia,183,-0.35339515820999146,-0.3501851221674009,0.009298853391575435,0.28014250311466105,0.3626940116015669
18,gpboost_vecchia,184,1.5920849222980622,1.773120836544411,1.187703159784185,0.31519644513111644,-0.40438176251387725
18,gpboost_vecchia,185,0.9066462375002963,1.0151023813224662,0.884635581052434,0.21177851379695642,-0.022010656447862265
18,gpboost_vecchia,186,-0.015537342289151268,-0.04029151536978447,0.32437008229954856,0.2511057460662624,0.3399074245886998
18,gpboost_vecchia,187,0.238392524696583,0.2884024797635392,0.3458586195593565,0.1703069664092483,0.10746609486277348
18,gpboost_vecchia,188,1.2150940268194834,1.3188382965335044,1.2620238927565275,0.3211125474914056,0.04692986593704407
18,gpboost_vecchia,189,1.8622814692644425,1.7232467935808973,1.4799860902624635,0.324875901866508,-0.38229537900197896
18,gpboost_vecchia,190,0.414179960010849,0.3068104185753005,0.33753967441505495,0.2606828121577868,-0.07664028559579406
18,gpboost_vecchia,191,0.6771760201418473,0.6787040749541483,0.7010160181900336,0.2430435847819031,0.02383999804818626
18,gpboost_vecchia,192,1.8824380880187073,2.028432418285265,1.4434255409274535,0.2723490703593435,-0.4390125470912538
18,gpboost_vecchia,193,0.40914558607659274,0.33864283290400643,0.963261598376846,0.2815939956342222,0.5541160123002533
18,gpboost_vecchia,194,1.3957890054085091,1.1413216002893116,1.0556324473827088,0.23472912378763455,-0.34015655802580036
18,gpboost_vecchia,195,1.6348702128040675,1.7156812824845853,1.125974592260346,0.28778998308547105,-0.5088956205437216
18,gpboost_vecchia,196,1.2036305670953666,1.0937614584211381,1.0462016436362678,0.3079511317210854,-0.15742892345909887
18,gpboost_vecchia,197,0.3663972815569836,0.42482649790653376,0.22719547963835218,0.11273043159985746,-0.1392018019186314
18,gpboost_vecchia,198,0.2625648423726059,0.21641234220563277,0.4854086868145444,0.2539964321722304,0.2228438444419385
18,gpboost_vecchia,199,0.12534235320167375,0.10930374824408016,0.20962547172897672,0.19315131463979363,0.08428311852730297
18,gpboost_vecchia,200,0.5432342680698589,0.5422307047660181,0.3322864036540505,0.3035034365199151,-0.21094786441580837
18,gpboost_vecchia,201,0.6363262025497168,0.6796663824759598,0.43919228505027874,0.20560426813476596,-0.1971339174994381
18,gpboost_vecchia,202,-0.27999621743554814,-0.30600408163316817,0.00854404915575202,0.2579983088695858,0.28854026659130017
18,gpboost_vecchia,203,1.1347289809213263,1.121241448724829,0.9631494474963507,0.1538684894027657,-0.17157953342497567
18,gpboost_vecchia,204,0.20195191543808422,0.2944343162026533,0.19953047848337135,0.25640052401569446,-0.0024214369547128634
18,gpboost_vecchia,205,1.846114588758326,2.0348472766935246,1.3936224356510651,0.25639318839938163,-0.45249215310726076
18,gpboost_vecchia,206,-0.07391795376924526,-0.10869653074943578,-0.08270696593104354,0.28502661668406576,-0.008789012161798282
18,gpboost_vecchia,207,0.46478993473346514,0.3123233269736126,-0.046318969563289514,0.28474293261003375,-0.5111089042967547
18,gpboost_vecchia,208,0.25175511459547467,0.3703898176020509,-0.06549288157533262,0.1515888449576172,-0.3172479961708073
18,gpboost_vecchia,209,0.39123784528821526,0.5338196747811531,0.2838195816979372,0.22428264666448305,-0.10741826359027806
18,gpboost_vecchia,210,1.6537958605256833,1.6768114896824386,1.5327816531679987,0.29131395552238215,-0.12101420735768453
18,gpboost_vecchia,211,1.3949800453900574,1.420695579451371,1.2515032254380394,0.23424764798610484,-0.143476819952018
18,gpboost_vecchia,212,0.03950125157751125,-0.021512767530453225,0.4689804104147406,0.2930616741167001,0.4294791588372293
18,gpboost_vecchia,213,0.7954887420395437,0.7743865547464495,0.5198708969359522,0.2794540140764029,-0.27561784510359144
18,gpboost_vecchia,214,2.0570765401270257,2.0353086119006782,2.034977157422711,0.19558452884075792,-0.022099382704314774
18,gpboost_vecchia,215,0.3954860712219284,0.36060893283360534,0.9682447678953876,0.2832380274001434,0.5727586966734592
18,gpboost_vecchia,216,2.353379213950317,2.2051690248182254,2.220979710412095,0.28938663256305963,-0.13239950353822172
18,gpboost_vecchia,217,-0.8131365354648598,-0.7851471734388473,-0.694033390814015,0.42161970485543104,0.1191031446508447
18,gpboost_vecchia,218,0.20550265232817724,0.20419868144117295,0.3665451167684388,0.2292060899892083,0.16104246444026157
18,gpboost_vecchia,219,0.3980586465318715,0.36350347188456666,0.7663473030101429,0.23350973932279717,0.36828865647827136
18,gpboost_vecchia,220,1.0575369939547021,1.02368669888983,1.2501045546386766,0.23344573141753389,0.19256756068397451
18,gpboost_vecchia,221,0.6906546534161222,0.6506070775073256,0.36023989213490815,0.3049600486260216,-0.33041476128121405
18,gpboost_vecchia,222,-0.22200205262196848,-0.2737206708829682,0.15587480523695163,0.2769974307543298,0.3778768578589201
18,gpboost_vecchia,223,1.7932217243989217,2.015971851377436,1.9630299450420186,0.29371074007099174,0.16980822064309686
18,gpboost_vecchia,224,0.09135892101669985,0.12829136925630802,0.2150373880860066,0.24581406662016686,0.12367846706930674
18,gpboost_vecchia,225,2.3987323604507185,2.5901406191825473,2.163465852144931,0.24960123549312138,-0.23526650830578744
18,gpboost_vecchia,226,1.6205953412189902,1.5083374867689612,1.6031072347359334,0.26293499924750396,-0.017488106483056765
18,gpboost_vecchia,227,0.18757119250094328,0.3158284472870485,0.053583443311225665,0.25801815700798525,-0.13398774918971762
18,gpboost_vecchia,228,0.35827017880478507,0.2728505256974717,-0.08694611102416516,0.2817231223175992,-0.44521628982895023
18,gpboost_vecchia,229,1.2306718607437173,1.4394304164850062,1.1020841921391167,0.20075365111044047,-0.12858766860460058
18,gpboost_vecchia,230,0.2447701739308879,0.1483963737345651,0.3319964514270328,0.26048763190598206,0.08722627749614492
18,gpboost_vecchia,231,0.8350974780170171,0.8629281055976623,0.4374915436403395,0.1802099686458962,-0.39760593437667757
18,gpboost_vecchia,232,1.6779277044623249,1.6231545189484076,1.5245428907584015,0.27016552895950136,-0.15338481370392332
18,gpboost_vecchia,233,-0.4876187231278312,-0.45915129073588584,-0.13874920986972938,0.28805087388627904,0.34886951325810184
18,gpboost_vecchia,234,2.2989456735609455,2.173532127800244,2.3020302801563783,0.26617129261007244,0.0030846065954328594
18,gpboost_vecchia,235,0.3026552162641719,0.14203919126708042,0.5324328871390627,0.25420631251240355,0.22977767087489076
18,gpboost_vecchia,236,0.3392463193951974,0.44842041546773365,0.4775016113954633,0.21394582321946765,0.13825529200026593
18,gpboost_vecchia,237,1.9914789918801867,2.0262566153948227,1.641131530167467,0.2985246188819755,-0.3503474617127198
18,gpboost_vecchia,238,1.3571192756735555,1.2356601197723092,1.09690341470714,0.30033200690087136,-0.2602158609664156
18,gpboost_vecchia,239,0.28459971384519445,0.2553724492635149,0.6537343276131713,0.25069621528481956,0.36913461376797685
18,gpboost_vecchia,240,0.048639611110730785,-0.01836196551787464,0.21512558230136847,0.2511025052726217,0.16648597119063768
18,gpboost_vecchia,241,0.134649199663394,-0.05649888989342258,0.204322214903236,0.1829986427764605,0.06967301523984198
18,gpboost_vecchia,242,-0.5649691802995374,-0.6521587705873286,-0.306497534952614,0.3673802618075364,0.25847164534692335
18,gpboost_vecchia,243,0.845590989133068,0.7583754364042077,0.6813462974812907,0.3092676522218292,-0.16424469165177724
18,gpboost_vecchia,244,1.0500786537941058,0.8664996093166937,1.0925767192524134,0.22703427199754717,0.04249806545830759
18,gpboost_vecchia,245,0.5228502092963814,0.2952092222834539,0.6081224657360336,0.21545270012635725,0.0852722564396522
18,gpboost_vecchia,246,0.8341466565143496,0.7801003994583987,0.4104946287410485,0.2422217469097772,-0.42365202777330113
18,gpboost_vecchia,247,0.3265818656258021,0.37561299376310914,0.12104282975158842,0.27713388580403714,-0.20553903587421368
18,gpboost_vecchia,248,1.3346638613047397,1.2045525537012993,1.0395928657565205,0.3127542862337616,-0.29507099554821914
18,gpboost_vecchia,249,2.031195880965847,1.9635156242204732,1.7350251657020124,0.276989409357097,-0.2961707152638344
18,gpboost_vecchia,250,1.8466631321411766,2.01955215602273,1.5539689053283157,0.25900337379780103,-0.29269422681286095
18,gpboost_vecchia,251,0.36043525755552064,0.47708213107638264,0.5668936631443131,0.18915765385159652,0.20645840558879247
18,gpboost_vecchia,252,1.3799184648450167,1.4655100464228574,1.2162139168647164,0.2937752989997005,-0.16370454798030032
18,gpboost_vecchia,253,2.476987755165045,2.691840734735056,2.30866570611638,0.2649515765544742,-0.168322049048665
18,gpboost_vecchia,254,1.7371075792673802,1.79152014118605,2.065324197958228,0.19506549177662924,0.32821661869084773
18,gpboost_vecchia,255,0.2858973018329699,0.32741080262952543,0.6485240826268868,0.24141595259222132,0.36262678079391686
18,gpboost_vecchia,256,1.0244301717268707,1.0211421998217842,0.9508078866065697,0.21213109773336855,-0.073622285120301
18,gpboost_vecchia,257,0.39246857136734226,0.45256570651432526,0.21730194446431916,0.30264540766998377,-0.1751666269030231
18,gpboost_vecchia,258,0.570134414922679,0.3693393612466859,0.5394542966834086,0.27079434117075146,-0.030680118239270415
18,gpboost_vecchia,259,0.14079508671926821,-0.10813924018600513,0.06341571020113079,0.24046809065558908,-0.07737937651813742
18,gpboost_vecchia,260,0.06935661111256072,0.14050787268821213,0.15601488302823974,0.16126648234341173,0.08665827191567901
18,gpboost_vecchia,261,-0.11220226293138974,-0.04352024196089073,0.1187561781735571,0.2435637777993707,0.23095844110494684
18,gpboost_vecchia,262,0.5790624100348014,0.6378006533310063,0.44381901180875083,0.28926782915565014,-0.13524339822605058
18,gpboost_vecchia,263,1.260821705876981,1.3678276725061045,1.0920711433410517,0.15796619428661543,-0.16875056253592935
18,gpboost_vecchia,264,-0.4730063082055114,-0.37322276138018184,-0.07412740705263943,0.3157578879183768,0.398878901152872
18,gpboost_vecchia,265,0.9382440918668327,1.0403948969569279,1.0447456208596373,0.21450400951615836,0.10650152899280463
18,gpboost_vecchia,266,1.1774989070418034,1.182611921288235,1.1978971776015461,0.29320261305614603,0.02039827055974275
18,gpboost_vecchia,267,0.18508265390531897,0.32080672970958196,0.22524136689449037,0.20995646553855504,0.0401587129891714
18,gpboost_vecchia,268,1.6063591974849245,1.5690866394818603,1.1880860454488023,0.2666806467642788,-0.41827315203612225
18,gpboost_vecchia,269,1.0606025803129602,1.0277962235801361,0.659207782257953,0.20963700823795983,-0.4013947980550072
18,gpboost_vecchia,270,0.10429903706169702,-0.052648163713032436,-0.03166532047164061,0.2854290788724095,-0.13596435753333763
18,gpboost_vecchia,271,1.177700664717479,1.230632281368145,0.9659221927618411,0.2673387187135759,-0.21177847195563793
18,gpboost_vecchia,272,0.5192855410616445,0.5984397612697354,0.5924771737772696,0.27640801852259617,0.07319163271562512
18,gpboost_vecchia,273,2.1069030577610146,2.113794524532784,1.7817625990076635,0.2363096298276068,-0.32514045875335107
18,gpboost_vecchia,274,0.3449066429265161,0.32141792937087293,0.3776904936636214,0.2737221734027847,0.03278385073710527
18,gpboost_vecchia,275,0.3373888141601173,0.34232923650489633,0.5326852174831718,0.16048452419623796,0.19529640332305448
18,gpboost_vecchia,276,0.3090323055687483,0.23853327090012727,-0.052940692439159776,0.20994773744784567,-0.36197299800790805
18,gpboost_vecchia,277,0.9130045723253098,1.0853184656595456,0.7272632432050985,0.21038194874565613,-0.18574132912021135
18,gpboost_vecchia,278,0.468664877461186,0.5066975936489106,0.6587238783869065,0.22401172931253316,0.19005900092572048
18,gpboost_vecchia,279,-0.2563188733634595,-0.3314586310599258,-0.13178504031964433,0.3200052015419783,0.12453383304381516
18,gpboost_vecchia,280,1.2197059321614356,1.28244558180453,0.8586583355345789,0.2509142297393844,-0.3610475966268567
18,gpboost_vecchia,281,1.9757484388493738,2.024513579690818,1.5959582170683397,0.2713019423644241,-0.37979022178103405
18,gpboost_vecchia,282,0.3620861534387823,0.24874907688777528,0.9774045484922018,0.2963808628569434,0.6153183950534196
18,gpboost_vecchia,283,1.5571555821216259,1.4656844106119704,1.4488475373483478,0.2799084660391859,-0.10830804477327804
18,gpboost_vecchia,284,0.8603564259325397,0.9499393905541614,0.7929801799647755,0.19234703721029006,-0.06737624596776415
18,gpboost_vecchia,285,1.7299672232098788,1.6943775329536923,1.5519250641949283,0.2682782841221735,-0.17804215901495057
18,gpboost_vecchia,286,0.6088844834703852,0.6406003956403136,0.6305832853116149,0.15109094146806515,0.021698801841229742
18,gpboost_vecchia,287,0.25575332359136776,0.10789568786912682,0.4160237179079944,0.22792300323835785,0.16027039431662665
18,gpboost_vecchia,288,1.6598695231476168,1.6686076691616485,1.3691674236291256,0.2793074131795212,-0.29070209951849124
18,gpboost_vecchia,289,1.352507133373956,1.4047011751513225,1.0531972353006616,0.3176913997798143,-0.29930989807329444
18,gpboost_vecchia,290,0.9155756667863032,0.8529571883183826,0.996761791950787,0.25111088037262763,0.08118612516448376
18,gpboost_vecchia,291,1.7400871909583073,1.7368176824202233,1.4960899970016293,0.26018507516189393,-0.24399719395667807
18,gpboost_vecchia,292,0.27703575543975933,0.49350239966308296,0.005926947334462085,0.14498948364247533,-0.27110880810529725
18,gpboost_vecchia,293,0.3206083845522838,0.09060740844458848,0.5538160373783949,0.2714911880330789,0.2332076528261111
18,gpboost_vecchia,294,0.5150680398495715,0.6523400918967585,0.5892397439590438,0.2960524083533996,0.07417170410947227
18,gpboost_vecchia,295,1.58310874906427,1.3070297879036579,1.2328653217605545,0.2457741915548882,-0.3502434273037154
18,gpboost_vecchia,296,-0.035911606584669964,-0.13761254291204894,0.07469838952929564,0.18438719889840924,0.1106099961139656
18,gpboost_vecchia,297,-0.22501545734698297,-0.03558187610718869,0.05464374194833965,0.23965310816769572,0.2796591992953226
18,gpboost_vecchia,298,0.46924188522923926,0.5028682777982567,0.5902059582298094,0.3165932517521857,0.1209640730005701
18,gpboost_vecchia,299,1.8202001923067974,1.7899974832541223,1.5897433385622826,0.27853081363280763,-0.23045685374451486
19,gpboost_vecchia,0,0.8355921503023942,0.7422156548866772,1.283108251061643,0.30224730436009184,0.44751610075924875
19,gpboost_vecchia,1,0.35380724205016595,0.24749200468924532,0.02720985868324277,0.26569826072596453,-0.3265973833669232
19,gpboost_vecchia,2,0.46508031892637214,0.426217212749253,0.6603226001970812,0.256990965842823,0.19524228127070908
19,gpboost_vecchia,3,-0.7926713463069761,-0.8304561934432427,-1.0471150314482234,0.27148387376935423,-0.25444368514124727
19,gpboost_vecchia,4,-0.39677210036714705,-0.2186909230565902,-0.6191026293355577,0.28917075509971507,-0.22233052896841066
19,gpboost_vecchia,5,0.8255208729639123,0.95826780715762,0.7476037384246492,0.2811862730220693,-0.07791713453926308
19,gpboost_vecchia,6,1.1850281464041306,1.0063725102959988,0.7661651958423246,0.2988086498526175,-0.418862950561806
19,gpboost_vecchia,7,0.48483106774985346,0.516541158931191,0.833328909785708,0.28806596339689416,0.3484978420358545
19,gpboost_vecchia,8,0.8215663902885041,0.9583468107494285,0.7072330779094678,0.2920697902306856,-0.11433331237903632
19,gpboost_vecchia,9,1.1876498813000458,1.2586033156312066,1.2156232542924528,0.2737400000209398,0.027973372992406986
19,gpboost_vecchia,10,1.4154193595478715,1.4400517185145834,1.3485189720862554,0.2651241815981689,-0.06690038746161608
19,gpboost_vecchia,11,1.2829692591383874,1.3455814821962822,1.4390734751566798,0.28327952009839635,0.15610421601829239
19,gpboost_vecchia,12,0.6870662593136678,0.8074790180990146,0.727832867574266,0.28454888690069974,0.04076660826059819
19,gpboost_vecchia,13,0.7502514088300063,0.7553731105177552,0.48751875569770675,0.27060421662813533,-0.26273265313229954
19,gpboost_vecchia,14,-0.23759158251023418,-0.19769401454857327,0.10037426382819348,0.2994626202692469,0.33796584633842763
19,gpboost_vecchia,15,-0.21049793296023644,-0.22538822770429098,-0.09324107956799921,0.295362320922702,0.11725685339223724
19,gpboost_vecchia,16,0.4180977253592191,0.18364838208517031,0.21029768902248946,0.2576183027017483,-0.2078000363367296
19,gpboost_vecchia,17,1.682883099814216,1.623564732385375,1.3988258222801786,0.28847575916473434,-0.2840572775340373
19,gpboost_vecchia,18,0.07586046773652907,0.1747296499086804,-0.36662404383001146,0.2820051611650315,-0.44248451156654056
19,gpboost_vecchia,19,0.49990591898737713,0.48230941443082737,0.8089982959873225,0.27232125545023134,0.3090923769999454
19,gpboost_vecchia,20,1.6338002809299266,1.5904435446479406,1.3513374189795844,0.3179000520644118,-0.2824628619503422
19,gpboost_vecchia,21,0.13629011542557393,0.08937094592413744,0.34584368957477274,0.3432541957991809,0.2095535741491988
19,gpboost_vecchia,22,-0.82083075978255,-0.7969770387081061,-1.1480143280714632,0.28815788059790043,-0.32718356828891315
19,gpboost_vecchia,23,-0.6417254449192396,-0.5437228991505738,-0.7060092225707502,0.28043613588688426,-0.06428377765151061
19,gpboost_vecchia,24,0.03962790826865739,-0.029320020365318097,0.2510910513949227,0.2866408933682385,0.21146314312626532
19,gpboost_vecchia,25,0.8571115743100197,0.7189229398663461,0.6930612128778524,0.27279611893388434,-0.16405036143216734
19,gpboost_vecchia,26,0.03529096159825781,-0.014003343819125394,-0.1143283773236039,0.25200998464874047,-0.14961933892186172
19,gpboost_vecchia,27,1.374101609480532,1.351079484673295,1.5324208824433097,0.29970802418584735,0.1583192729627776
19,gpboost_vecchia,28,1.200194270361686,1.3140443647418987,0.8417548613950387,0.346174228769655,-0.35843940896664717
19,gpboost_vecchia,29,0.43118275755157787,0.38075805260137,0.7651541722458841,0.294310660424356,0.33397141469430625
19,gpboost_vecchia,30,0.9898722960520658,0.8757430232285901,0.4318333668391201,0.30658426772866,-0.5580389292129457
19,gpboost_vecchia,31,0.6896770653720665,0.662141046835822,0.5199750685000879,0.28708045971515983,-0.16970199687197862
19,gpboost_vecchia,32,0.3247484685299442,0.39461315512467027,-0.44533797705427247,0.3205485071214797,-0.7700864455842167
19,gpboost_vecchia,33,1.8589072468893024,1.8672823394392735,1.91054655190149,0.2737577639021994,0.0516393050121875
19,gpboost_vecchia,34,1.3633764168240654,1.3626695743929305,1.0145476012071661,0.29211321920045064,-0.34882881561689927
19,gpboost_vecchia,35,-0.4769104948819959,-0.6756775716491902,-0.40648542840980717,0.3009766347703884,0.07042506647218871
19,gpboost_vecchia,36,-0.13785820965134882,-0.25771935459917483,-1.0143195247955603,0.32020336454376175,-0.8764613151442116
19,gpboost_vecchia,37,0.15282683043969914,-0.01307358652278734,-0.2363440083461743,0.27115963559469286,-0.38917083878587344
19,gpboost_vecchia,38,-0.5226132929484292,-0.4718977256767666,-0.5006679804198217,0.2712336724132299,0.02194531252860743
19,gpboost_vecchia,39,2.1988244269030193,2.202812436185006,1.6914062290902887,0.283950814199696,-0.5074181978127306
19,gpboost_vecchia,40,0.2898193422755301,0.40494160366417087,-0.3743062059684288,0.2940562470830536,-0.6641255482439589
19,gpboost_vecchia,41,-0.022395021821564193,-0.057239822387169376,-0.2208445302047526,0.31617006245330853,-0.1984495083831884
19,gpboost_vecchia,42,0.3103078525583715,0.4146488959592996,0.27018345314233017,0.2765157541413109,-0.040124399416041345
19,gpboost_vecchia,43,0.6401270019769277,0.6705021347130711,0.40696674647355735,0.2737858588301107,-0.23316025550337038
19,gpboost_vecchia,44,1.1089856700706937,0.9497732862949704,1.4091970820861217,0.2937617199463963,0.300211412015428
19,gpboost_vecchia,45,0.5309793327439225,0.43129830812701403,0.4182364897476303,0.3108503940764631,-0.11274284299629223
19,gpboost_vecchia,46,0.4994770954401716,0.8773872228374114,-0.7133718177489801,0.3051527002489495,-1.2128489131891516
19,gpboost_vecchia,47,0.09347841348942051,0.0803216274039337,0.036359799615969024,0.25375686865074204,-0.05711861387345149
19,gpboost_vecchia,48,0.22208676447123976,0.31263351222584423,0.449003990302522,0.2869506456595924,0.22691722583128227
19,gpboost_vecchia,49,0.44563113873534976,0.3731247467239045,0.569268477934223,0.2873288425036898,0.12363733919887321
19,gpboost_vecchia,50,0.23349833349189894,0.21084571886478193,0.16058933708719358,0.28781349968821374,-0.07290899640470536
19,gpboost_vecchia,51,-0.2246676670715419,-0.2748839752238321,-0.31136079381985304,0.29870857299347375,-0.08669312674831114
19,gpboost_vecchia,52,0.3165144750823937,0.30448057629923814,0.7788175479238024,0.2818279360237252,0.4623030728414087
19,gpboost_vecchia,53,1.101835257487352,1.3572648212453682,1.2926231175753822,0.27880242296102853,0.19078786008803017
19,gpboost_vecchia,54,0.21529587399554267,0.32563737862082787,0.5821523084023834,0.282922539134209,0.36685643440684074
19,gpboost_vecchia,55,0.5491114898484001,0.4996493034493488,0.13815262868571665,0.2939266074364459,-0.41095886116268343
19,gpboost_vecchia,56,-0.20331926733657593,-0.3575468009935333,0.2559694418180971,0.29729549037469155,0.459288709154673
19,gpboost_vecchia,57,0.4808149321020301,0.47776484194351193,0.62567174895314,0.28071592943993295,0.14485681685110996
19,gpboost_vecchia,58,-0.6258220952723519,-0.7050834859270012,-0.81306855617321,0.2636562938281954,-0.18724646090085817
19,gpboost_vecchia,59,0.552297996709325,0.4633950699460387,0.3221472111752366,0.3238438693289812,-0.2301507855340884
19,gpboost_vecchia,60,0.41673487111659135,0.46989275980927814,0.6666543737215846,0.43230481270727583,0.2499195026049933
19,gpboost_vecchia,61,0.06767895914212943,0.0547155385934843,0.2565917848645025,0.2876989514398073,0.18891282572237308
19,gpboost_vecchia,62,0.24465276911236958,0.18596833985379083,-0.13806682896884936,0.27852259044739924,-0.3827195980812189
19,gpboost_vecchia,63,-0.8445221143314043,-0.8266717045738387,-0.6562005261533059,0.2672356397926767,0.1883215881780984
19,gpboost_vecchia,64,-0.5579019402768252,-0.5190760141822757,-0.13030083088756683,0.3119246440484816,0.4276011093892583
19,gpboost_vecchia,65,0.750242783485943,0.6464511748751829,0.613638393418988,0.2643647078371036,-0.13660439006695502
19,gpboost_vecchia,66,-0.7203376566410213,-0.6917788206111022,-0.7315161491954258,0.22403661296487737,-0.011178492554404507
19,gpboost_vecchia,67,-1.2439818219920669,-1.4182567625101712,-1.1378458142132786,0.25350519787197934,0.10613600777878829
19,gpboost_vecchia,68,-0.22184928272363885,-0.09846016546889302,-0.8317728610571322,0.3159116051323205,-0.6099235783334933
19,gpboost_vecchia,69,-0.44293940834654355,-0.5794051824750346,-0.755053246943806,0.31173551813951633,-0.3121138385972625
19,gpboost_vecchia,70,-1.5484210233709734,-1.5075600522887451,-1.2944793953220675,0.2906336456434931,0.25394162804890597
19,gpboost_vecchia,71,1.2269304152962157,1.172293285951072,0.683373422919896,0.29261709537128666,-0.5435569923763197
19,gpboost_vecchia,72,-0.5079864170393713,-0.48359291962022666,-0.6468786605566814,0.283644084915939,-0.1388922435173101
19,gpboost_vecchia,73,0.10271674963875474,0.3131330005519162,0.5673576267827478,0.284213049411024,0.46464087714399305
19,gpboost_vecchia,74,0.9327342108022808,0.9693819087593892,1.2207512193131835,0.31709272944142697,0.28801700851090273
19,gpboost_vecchia,75,0.22274581120971845,0.08398704257809539,0.6540071649486183,0.28408762196303466,0.43126135373889984
19,gpboost_vecchia,76,-0.05967846171553151,-0.190534994757781,0.2853841116821627,0.2808901555554511,0.3450625733976942
19,gpboost_vecchia,77,0.5512436247587496,0.5351217163293137,0.7836006315017672,0.3631746852921001,0.23235700674301762
19,gpboost_vecchia,78,-0.052372557156606964,0.08453034469230888,-0.23490494060884792,0.2661538563306944,-0.18253238345224096
19,gpboost_vecchia,79,0.7700111410821286,0.6528099257158677,0.7526298640885445,0.262654793945222,-0.01738127699358416
19,gpboost_vecchia,80,0.08307441632765467,-0.0549407459837149,-0.05981344309421921,0.263894027780415,-0.14288785942187388
19,gpboost_vecchia,81,-0.5440655755706248,-0.699871979779219,-0.5942606550846286,0.26939502894877293,-0.050195079514003704
19,gpboost_vecchia,82,-0.47606781351021865,-0.33740066377978073,-0.3949756360381276,0.28305943133284145,0.08109217747209108
19,gpboost_vecchia,83,0.8137331480772011,0.8759125541601895,1.1825351574083784,0.2741343614964851,0.36880200933117735
19,gpboost_vecchia,84,-0.025389623278374664,-0.045671593987588174,-0.1674757398814748,0.2674831023130291,-0.14208611660310014
19,gpboost_vecchia,85,1.0104635873577776,0.9660316032537639,0.996900204992599,0.2801782308056322,-0.013563382365178622
19,gpboost_vecchia,86,-0.5543430082372115,-0.4916918458250005,-0.3624568934641914,0.2956633987059978,0.1918861147730201
19,gpboost_vecchia,87,1.7802653259772714,1.8451772301218783,1.438262143748898,0.3099827198172391,-0.34200318222837334
19,gpboost_vecchia,88,1.7473644858025583,1.7353430406395385,1.8828931136241671,0.22296133250373928,0.1355286278216088
19,gpboost_vecchia,89,-0.033458344884871594,-0.013520259281017532,-0.14199015424390815,0.27761205944600226,-0.10853180935903656
19,gpboost_vecchia,90,1.6161825140558757,1.5866492581023004,1.5681280026161728,0.2641198680655001,-0.04805451143970285
19,gpboost_vecchia,91,2.2634378026274087,2.278321980682237,2.127370076162199,0.33776498387916454,-0.13606772646520948
19,gpboost_vecchia,92,1.8775493129017917,1.907144838459473,0.8326424156777197,0.41105054916302386,-1.044906897224072
19,gpboost_vecchia,93,0.7472952681702052,0.6136060816744974,0.4932024651027893,0.3147182256359782,-0.2540928030674159
19,gpboost_vecchia,94,1.3885484068227656,1.3841117027909073,1.5780782384699457,0.29559814975683657,0.18952983164718007
19,gpboost_vecchia,95,0.7508940073111876,0.7408888401446371,0.6713581177828694,0.37041533127567516,-0.07953588952831825
19,gpboost_vecchia,96,0.7187986179275412,0.8064722368724523,0.4733599997363971,0.27821379589662915,-0.2454386181911441
19,gpboost_vecchia,97,-0.5025626129253582,-0.45447763608255526,-0.10260361944286345,0.304924296038563,0.39995899348249475
19,gpboost_vecchia,98,1.9285532631942326,2.163895351623969,1.8104828073655606,0.2770851445011821,-0.11807045582867204
19,gpboost_vecchia,99,0.021831707108431686,0.0776965094947551,-0.1897398080618693,0.32680697224828476,-0.21157151517030098
19,gpboost_vecchia,100,0.7510412810914062,0.713525917014196,0.7387502353163757,0.2913214646588394,-0.012291045775030485
19,gpboost_vecchia,101,0.47750173389374756,0.4626979466830093,0.3436876363255914,0.35897948454048056,-0.13381409756815615
19,gpboost_vecchia,102,1.9241943709958576,2.021965480270216,1.8680460952083742,0.27494311670611876,-0.05614827578748338
19,gpboost_vecchia,103,0.8710319143437568,0.9542374177795141,0.7605755151651215,0.2722289917447646,-0.11045639917863537
19,gpboost_vecchia,104,-0.18249194867537455,-0.2040569971653789,0.17843051544358524,0.28162274660625786,0.3609224641189598
19,gpboost_vecchia,105,1.1501768621996775,1.158979002244805,1.0464991523067635,0.28080378127139616,-0.10367770989291403
19,gpboost_vecchia,106,-1.434603885626125,-1.3842963414669611,-1.2665694007210195,0.2655633549570425,0.16803448490510542
19,gpboost_vecchia,107,-0.17635626855757863,-0.15446057270910785,-0.6663700834575224,0.2700831051521603,-0.4900138148999437
19,gpboost_vecchia,108,0.5093712259939229,0.47952109259128,0.9104984253277504,0.275701035351416,0.40112719933382746
19,gpboost_vecchia,109,0.39764528509344826,0.34610490345935696,0.5705893822432397,0.2773383686549708,0.17294409714979148
19,gpboost_vecchia,110,-0.1647790737802839,-0.2952656928038776,-0.6355312798984123,0.33037158719217974,-0.4707522061181284
19,gpboost_vecchia,111,0.487938841145356,0.5116653584039343,0.23184986825248544,0.27473333125452365,-0.2560889728928706
19,gpboost_vecchia,112,0.40400463645710594,0.3668091160119502,0.5917503312593615,0.28820900211815736,0.18774569480225556
19,gpboost_vecchia,113,-0.8064134101308986,-0.7882893322723881,-0.67133190432408,0.2334285094877242,0.13508150580681866
19,gpboost_vecchia,114,0.36541862879282544,0.3558579448556734,0.3742417382883012,0.28050821587057345,0.008823109495475767
19,gpboost_vecchia,115,-0.014035601347248239,-0.1626630893912731,-0.1172693953896129,0.3062828942610617,-0.10323379404236466
19,gpboost_vecchia,116,-0.06179786354779865,-0.07852785143187165,-0.1527332072344212,0.2828577347630117,-0.09093534368662254
19,gpboost_vecchia,117,1.2251083093977946,1.2520625047670826,0.6524750849631422,0.34326587658163077,-0.5726332244346524
19,gpboost_vecchia,118,1.297706750281212,1.291235868247407,0.6570803774650553,0.3498052075283206,-0.6406263728161568
19,gpboost_vecchia,119,2.31572290651943,2.1730655987050342,2.1317066300739,0.3069468955037484,-0.18401627644552976
19,gpboost_vecchia,120,0.520946418800087,0.5249762519735005,0.8453807655388861,0.27360190900779613,0.3244343467387991
19,gpboost_vecchia,121,1.7438021138405873,1.754708282267257,1.5138002776039121,0.30616534861395994,-0.23000183623667514
19,gpboost_vecchia,122,-0.3594133416154598,-0.45253248336562746,-0.9214755247517914,0.26425696773125895,-0.5620621831363316
19,gpboost_vecchia,123,0.08979128981391384,0.144338197949677,-0.06345653089367786,0.25654290651024253,-0.1532478207075917
19,gpboost_vecchia,124,-0.038649236165087225,0.07323018841838058,-0.010453333439926382,0.25825624316789364,0.028195902725160843
19,gpboost_vecchia,125,-0.7246324944710287,-0.6894361556385316,-0.5222325925913784,0.3089746799015829,0.2023999018796503
19,gpboost_vecchia,126,1.2900645881002795,1.2674161196704865,1.3212879975016865,0.2568846286983273,0.031223409401407
19,gpboost_vecchia,127,1.2521140617928093,1.2657438518344633,1.336354425585439,0.2857344591484165,0.08424036379262967
19,gpboost_vecchia,128,0.10956500601974256,0.13749618477163952,0.44311512097086236,0.2963102869474987,0.3335501149511198
19,gpboost_vecchia,129,1.587173250570247,1.8665244668024616,1.2569631734376063,0.28279107477705473,-0.3302100771326406
19,gpboost_vecchia,130,-0.1399763981518566,-0.12765000413674168,-0.8310040824018845,0.2976393010918214,-0.6910276842500279
19,gpboost_vecchia,131,0.5125012237744188,0.5653680204931104,0.5042406628593916,0.2839359181730453,-0.008260560915027138
19,gpboost_vecchia,132,-0.08291327923440722,0.1053646086380722,0.2188112756890792,0.25261584858484926,0.30172455492348643
19,gpboost_vecchia,133,0.39962659782794824,0.5728039312184123,0.3879320693448953,0.3142068571792613,-0.011694528483052913
19,gpboost_vecchia,134,-0.2961581477407456,-0.3547756776143335,-0.6483390733183558,0.27195646299830506,-0.3521809255776102
19,gpboost_vecchia,135,0.651312365748167,0.822799386247738,0.45364071145517393,0.3168736249061784,-0.19767165429299305
19,gpboost_vecchia,136,1.7223989026224864,1.7294076782124228,1.7544970730066467,0.26658543718871297,0.032098170384160296
19,gpboost_vecchia,137,-0.517123633746338,-0.528837592465641,-0.4569459810215335,0.2450958162365167,0.060177652724804465
19,gpboost_vecchia,138,1.7075021355335849,1.6708244388801552,1.363298495678956,0.28590698735159653,-0.3442036398546289
19,gpboost_vecchia,139,0.0562711778964432,-0.05779234666311871,-0.9249228252991344,0.3149723684761897,-0.9811940031955776
19,gpboost_vecchia,140,0.7728668274485015,0.6882231829853989,0.8830673807851301,0.2682536150069406,0.11020055333662859
19,gpboost_vecchia,141,0.3251603639338364,0.23468486500660807,-0.07248393813147658,0.27759615752787775,-0.397644302065313
19,gpboost_vecchia,142,1.275897296525654,1.3393997907874453,1.434774591973822,0.2851161043282916,0.15887729544816787
19,gpboost_vecchia,143,0.2964509693741594,0.07586651103857328,0.2772085124625292,0.36400604514788876,-0.01924245691163018
19,gpboost_vecchia,144,0.7903952435692033,0.7741321538655187,0.653946357625756,0.27322009394789726,-0.13644888594344728
19,gpboost_vecchia,145,0.5458373899018347,0.5391070328103352,0.6748747939279411,0.4080771543827475,0.12903740402610642
19,gpboost_vecchia,146,1.3506344314850276,1.3250277546429956,1.424868324842496,0.24744184048798673,0.07423389335746844
19,gpboost_vecchia,147,-0.38108717553108906,-0.3326070883836943,-0.7638290718019141,0.3574698730328605,-0.382741896270825
19,gpboost_vecchia,148,0.8007390996451812,0.9001154621446763,-0.34444345782682184,0.30052090028403616,-1.145182557472003
19,gpboost_vecchia,149,-1.0216026315567852,-1.0626012073585747,-1.1302336206841712,0.2703189728655779,-0.108630989127386
19,gpboost_vecchia,150,-0.26364597871973494,-0.24109064965321705,-0.13525823306168583,0.29806054756668415,0.1283877456580491
19,gpboost_vecchia,151,0.8203818914011135,0.8319790465268111,1.0959357234446365,0.24582899386612778,0.275553832043523
19,gpboost_vecchia,152,0.601185256373862,0.5534284328436403,0.596446130112124,0.2894316161568178,-0.0047391262617380026
19,gpboost_vecchia,153,1.1570889043038606,1.194579367566381,1.0861223944308058,0.2722944172912093,-0.07096650987305475
19,gpboost_vecchia,154,0.9514420315941472,1.0476632022234855,-0.07789993859383237,0.32097569234749174,-1.0293419701879796
19,gpboost_vecchia,155,-0.5789316724679174,-0.5934563899502662,-0.675740439224569,0.2358890720477106,-0.09680876675665151
19,gpboost_vecchia,156,1.3501770827049553,1.334150920582106,1.3404876736416718,0.26003304515189885,-0.009689409063283527
19,gpboost_vecchia,157,0.609710683927162,0.6374212813110632,0.8301778437596443,0.2563183670994865,0.22046715983248233
19,gpboost_vecchia,158,0.6450262446797749,0.5510243392803063,0.5316279620690878,0.278444641101456,-0.11339828261068707
19,gpboost_vecchia,159,-0.622327948223878,-0.7738214895707446,-0.5054523352526781,0.26579725941558346,0.11687561297119997
19,gpboost_vecchia,160,-0.5601791585618352,-0.5544955250683776,-0.7243698907967691,0.2659234396301029,-0.16419073223493386
19,gpboost_vecchia,161,0.6046283217477766,0.5598490878852288,0.4703444514281703,0.4234523160525597,-0.1342838703196063
19,gpboost_vecchia,162,0.4662247744373204,0.5251223305981643,0.25800259029969297,0.28124162565573657,-0.20822218413762744
19,gpboost_vecchia,163,-0.7868657276167906,-0.6385098341444313,-0.4856637640114414,0.3153177325662934,0.30120196360534923
19,gpboost_vecchia,164,1.2660859370495958,1.0866823927326772,1.2546625255224022,0.25414280320438126,-0.011423411527193617
19,gpboost_vecchia,165,0.4552142388892749,0.5537735448592553,0.7222679266553182,0.2678199130106999,0.2670536877660433
19,gpboost_vecchia,166,0.08548502548904924,0.05139166022256713,0.5934378391507149,0.27290735685024614,0.5079528136616657
19,gpboost_vecchia,167,1.713611550689705,1.6109159382826825,1.6838421044978036,0.2717778423870104,-0.02976944619190136
19,gpboost_vecchia,168,1.8915975357042822,1.814887857979919,0.9859807321870484,0.34150180003700836,-0.9056168035172338
19,gpboost_vecchia,169,-0.08025877871076988,-0.03723776415687951,0.10854721459281436,0.3049638023689825,0.18880599330358422
19,gpboost_vecchia,170,0.646874884607939,0.6467296189326811,1.0813302964103375,0.27083849948774913,0.43445541180239855
19,gpboost_vecchia,171,0.26604523512981604,0.3845658405973128,0.5177725468878798,0.29252525340768976,0.25172731175806373
19,gpboost_vecchia,172,2.0807616481622944,2.1828468255534985,2.0280092501042937,0.27380458445640565,-0.052752398058000693
19,gpboost_vecchia,173,0.12587349743796636,0.18785308469662793,-0.43585120002947697,0.2874715275872066,-0.5617246974674434
19,gpboost_vecchia,174,-1.1479348020559628,-1.1830273055695246,-1.0938992480005787,0.26399922796321146,0.05403555405538407
19,gpboost_vecchia,175,2.075531952184571,2.0277017411445195,1.6197886755089455,0.25781650320016597,-0.45574327667562553
19,gpboost_vecchia,176,0.5395586069262975,0.4561307809891891,0.5690174188684303,0.28377964865549143,0.029458811942132734
19,gpboost_vecchia,177,-0.3157572021790552,-0.4691156759680719,-0.2161935222903164,0.26887283746055873,0.09956367988873877
19,gpboost_vecchia,178,-0.8764609163573689,-0.8689504924439155,-0.834261757317587,0.2783646685187315,0.042199159039781886
19,gpboost_vecchia,179,-0.30766259803364293,-0.297089506090904,-0.10197978421235554,0.34435387730285716,0.2056828138212874
19,gpboost_vecchia,180,0.8729367439482756,0.8864470116426103,0.877053314509153,0.2819579460226031,0.004116570560877442
19,gpboost_vecchia,181,0.7829777243221154,0.8020820076219379,0.0895994334652972,0.31939926399444,-0.6933782908568182
19,gpboost_vecchia,182,2.368004401363165,2.4065089871952967,2.069284470927057,0.29106817169347865,-0.2987199304361079
19,gpboost_vecchia,183,0.23314314244298964,0.3190500811736001,0.477805032181168,0.2866547929434327,0.24466188973817835
19,gpboost_vecchia,184,0.3054040248241714,0.308106155184901,-0.4548574026035457,0.3077032075186948,-0.7602614274277171
19,gpboost_vecchia,185,0.8205950216985256,0.6405084455741654,0.7004224178901399,0.27167216004780786,-0.12017260380838568
19,gpboost_vecchia,186,0.4125149813325505,0.3054924711460129,0.10046401352792955,0.2744485256526115,-0.31205096780462094
19,gpboost_vecchia,187,0.10301362042491133,0.16782423494542753,0.4959933099881706,0.26994963063508415,0.39297968956325924
19,gpboost_vecchia,188,0.6991111240322909,0.6850659649805966,0.7155132602405523,0.27279361608106506,0.016402136208261364
19,gpboost_vecchia,189,0.889022803296126,0.9538911543179772,0.69252852245803,0.2965243997976669,-0.19649428083809606
19,gpboost_vecchia,190,2.3977809761984865,2.641701726282989,1.7750164027258233,0.28468196557620523,-0.6227645734726632
19,gpboost_vecchia,191,0.2457565861154831,0.33627401448673633,0.3337021518110568,0.2815651625299281,0.08794556569557369
19,gpboost_vecchia,192,-0.013994297451371651,-0.023568072996894125,0.014151640678178978,0.2964765467930665,0.02814593812955063
19,gpboost_vecchia,193,-0.5288587644863716,-0.4494679396171543,0.03133793521719497,0.3059070928617587,0.5601966997035666
19,gpboost_vecchia,194,0.1312698893986977,0.2645751456742147,-0.26791752000181646,0.2797479332237021,-0.3991874094005141
19,gpboost_vecchia,195,-0.1479937735509523,-0.1444419874488328,0.14348172711210694,0.29340313819435665,0.2914755006630593
19,gpboost_vecchia,196,0.2158019846090907,0.1757397160899241,0.36022507807503246,0.2837160510018125,0.14442309346594176
19,gpboost_vecchia,197,0.709969477666426,0.9413718042091864,0.4751105441295529,0.2704987737346807,-0.23485893353687315
19,gpboost_vecchia,198,1.3804375813417067,1.3163156652612285,1.1333051951133442,0.28341868386945684,-0.24713238622836253
19,gpboost_vecchia,199,0.37180484142741665,0.3395620607061931,0.5538731417119154,0.2554800516148096,0.18206830028449872
19,gpboost_vecchia,200,0.3519629278185631,0.2456944220841346,0.13964796443865168,0.29330998164209215,-0.2123149633799114
19,gpboost_vecchia,201,1.2232540531611917,1.2088894446678518,0.8615602113532006,0.28032470350390215,-0.36169384180799113
19,gpboost_vecchia,202,0.03206948739327674,-0.008519552797178531,0.01774709557109766,0.2549654632241774,-0.014322391822179079
19,gpboost_vecchia,203,0.8086345303464828,0.7318719228159745,0.7128035407474034,0.2638237393134125,-0.09583098959907943
19,gpboost_vecchia,204,0.9560068536361498,0.9820622420813775,1.101360343276621,0.2713862109478601,0.14535348964047123
19,gpboost_vecchia,205,0.6425169907912895,0.7161307961749861,0.4055615091171614,0.2772685604994915,-0.23695548167412817
19,gpboost_vecchia,206,0.6212867869761931,0.5891880841658137,0.31883116303274583,0.28420375982434176,-0.30245562394344727
19,gpboost_vecchia,207,1.7267380524000813,1.7830912335305877,1.4709744468611206,0.2818387078251425,-0.2557636055389607
19,gpboost_vecchia,208,0.9951177440274961,0.952837184811825,0.8108590274961216,0.2798594150134228,-0.1842587165313745
19,gpboost_vecchia,209,0.18244033895964987,0.2058026546476901,0.17885576547187831,0.2396005512426885,-0.003584573487771553
19,gpboost_vecchia,210,1.6996263330748838,1.6244440146851082,1.262394801751343,0.3030206982189162,-0.43723153132354065
19,gpboost_vecchia,211,0.2457609452959411,0.2653459636379243,0.8939629207115836,0.2916224894563921,0.6482019754156425
19,gpboost_vecchia,212,0.5721030277521715,0.5323769044697999,0.6765950311479827,0.2778009480735704,0.10449200339581122
19,gpboost_vecchia,213,0.5067874957772978,0.4780629297057579,0.9138712080141573,0.2605153798614025,0.4070837122368596
19,gpboost_vecchia,214,0.12881661547353734,0.18492226106438955,0.04791203007696865,0.29341578825227377,-0.0809045853965687
19,gpboost_vecchia,215,0.10148001414338623,0.1188532321615262,-0.63457179433661,0.31252651944282334,-0.7360518084799963
19,gpboost_vecchia,216,-1.0916759641772917,-1.1243448693558182,-1.175345987477952,0.28847293180570227,-0.0836700233006602
19,gpboost_vecchia,217,-1.0648945033101285,-1.0812848510443387,-0.9250338482970797,0.2572869231502608,0.13986065501304878
19,gpboost_vecchia,218,0.9488195858631358,0.8324665943948529,0.831665481899023,0.29982376959410334,-0.11715410396411274
19,gpboost_vecchia,219,0.316399781096793,0.4159443175978828,0.22007272368631448,0.2933902928357757,-0.09632705741047853
19,gpboost_vecchia,220,1.3658736421988467,1.505139613963695,1.517735136761173,0.2701409440200099,0.15186149456232645
19,gpboost_vecchia,221,0.6325951562154704,0.6661941308768213,0.26607896198083836,0.2713048438123115,-0.366516194234632
19,gpboost_vecchia,222,1.2638861137618376,1.1317040707810833,0.973416129452751,0.2741072213093598,-0.29046998430908655
19,gpboost_vecchia,223,1.9311743062851092,2.1626885465704184,2.0098829630401926,0.2923229362211949,0.07870865675508343
19,gpboost_vecchia,224,2.000051344070062,1.9535241320330963,0.8891776066693478,0.3850291859274141,-1.110873737400714
19,gpboost_vecchia,225,0.8453891163030492,0.9285307504056161,0.7581364217075137,0.2576285992634732,-0.08725269459553553
19,gpboost_vecchia,226,0.7707877984012848,0.7583561723106615,0.5637244326764534,0.2770806154268267,-0.2070633657248313
19,gpboost_vecchia,227,0.8190272398154652,0.7995703619471908,0.6715553339729992,0.28892659431245404,-0.14747190584246606
19,gpboost_vecchia,228,1.3156632703364137,1.2572840592102068,1.0993405422211175,0.32599651529901535,-0.21632272811529618
19,gpboost_vecchia,229,1.58647557327274,1.4547282046661179,1.6726365172255058,0.2698140592574808,0.08616094395276575
19,gpboost_vecchia,230,-0.30926414181159806,-0.46656441759640727,-0.756159978568939,0.2613427423376202,-0.44689583675734096
19,gpboost_vecchia,231,-0.053110833043136935,-0.11706194556341887,-0.1522416118243104,0.2845700371312305,-0.09913077878117346
19,gpboost_vecchia,232,-0.005135714121718163,-0.07026666870969428,0.3822031069733338,0.2711814715108746,0.38733882109505197
19,gpboost_vecchia,233,0.3952856027372655,0.37155602111011626,0.34056081059514476,0.27963122953439523,-0.054724792142120726
19,gpboost_vecchia,234,0.7066393926212244,0.6336274296444293,0.4863066344745768,0.42788116259387543,-0.22033275814664766
19,gpboost_vecchia,235,0.3213514963139955,0.2311101390111443,0.7453683725917966,0.31482269972625454,0.42401687627780105
19,gpboost_vecchia,236,1.5644589003721565,1.4724541713680368,1.5362683944879816,0.28698377245487255,-0.028190505884174932
19,gpboost_vecchia,237,1.0051530830964484,1.0239525165838097,0.6823750609602914,0.2837549905576123,-0.3227780221361569
19,gpboost_vecchia,238,-0.32508623442930734,-0.29175376087684984,-0.4644145379745961,0.2409423127223,-0.13932830354528875
19,gpboost_vecchia,239,-1.4311446608025842,-1.4968058543938865,-1.2676500902072263,0.25699849528455326,0.16349457059535788
19,gpboost_vecchia,240,-0.7643544024725067,-0.8067361459499436,-0.8367616019653958,0.2684271204516335,-0.0724071994928891
19,gpboost_vecchia,241,1.6142895408498938,1.6480932978712688,1.3839684887637134,0.3055348367679718,-0.23032105208618048
19,gpboost_vecchia,242,-0.03701955841769655,-0.034675005645737514,-0.3961178496704214,0.2888983871917838,-0.35909829125272485
19,gpboost_vecchia,243,1.8184606397053154,1.7402948504091675,1.9775554500067436,0.2595733472138841,0.15909481030142825
19,gpboost_vecchia,244,-0.8555009847261239,-0.7753837508126805,-0.7147800921986551,0.26385105973269346,0.14072089252746878
19,gpboost_vecchia,245,0.32078211911053833,0.3507819534851631,0.2980827935343573,0.30600342415779114,-0.02269932557618104
19,gpboost_vecchia,246,1.6645197642258325,1.793019627287231,1.506196335920281,0.3032506350717192,-0.15832342830555146
19,gpboost_vecchia,247,-0.17299993084756857,-0.22242282886918785,-0.7961989993357399,0.3138122638698293,-0.6231990684881713
19,gpboost_vecchia,248,0.44197786405699185,0.4877848521381197,0.480614996432978,0.2775049742743956,0.03863713237598615
19,gpboost_vecchia,249,0.4392372734742227,0.4630922734363292,0.6529735154335139,0.3812191079557499,0.2137362419592912
19,gpboost_vecchia,250,0.8680849527837954,0.9362560727574237,0.5902395062554309,0.2864907536018352,-0.2778454465283645
19,gpboost_vecchia,251,0.21096529193200042,0.24932396100779985,0.18442130185838934,0.30718884316444717,-0.02654399007361108
19,gpboost_vecchia,252,-0.22595531960155318,-0.15303854842556747,-0.5984235824317956,0.2798761151616812,-0.3724682628302424
19,gpboost_vecchia,253,1.143832346753451,1.2013435802298085,1.1941476611181647,0.2879033278399984,0.050315314364713704
19,gpboost_vecchia,254,-0.11899797196389234,-0.24860970305346566,0.08863241884879258,0.272121024426145,0.20763039081268492
19,gpboost_vecchia,255,0.41352709604554955,0.4682213325730537,0.7772049077365484,0.25616085197192345,0.36367781169099883
19,gpboost_vecchia,256,1.4141599204507498,1.426109073972304,1.3607487412697514,0.31329328108162113,-0.05341117918099836
19,gpboost_vecchia,257,0.7391132538359437,0.7393571931540684,0.7153532179868556,0.29679134766408094,-0.023760035849088146
19,gpboost_vecchia,258,1.092671758946406,1.0949229471175181,0.9200035877506245,0.27649662684420045,-0.17266817119578137
19,gpboost_vecchia,259,1.531904715570294,1.6366858904989683,1.0066713306193993,0.3125397285336078,-0.5252333849508948
19,gpboost_vecchia,260,-0.4286695969889687,-0.5142157201724451,-0.637797328873063,0.25692197512491255,-0.20912773188409423
19,gpboost_vecchia,261,0.5060114350493303,0.5973096962202851,0.23196933512340934,0.2567735233349558,-0.274042099925921
19,gpboost_vecchia,262,1.0711702503770866,1.1049068029648257,0.34245805744719604,0.2770040913767881,-0.7287121929298905
19,gpboost_vecchia,263,-0.6590213250074161,-0.7184236230721073,-0.4076912501379937,0.2754424629610479,0.2513300748694224
19,gpboost_vecchia,264,0.8741767783270573,0.7797417478587183,0.4731512866175347,0.2747938965335994,-0.4010254917095226
19,gpboost_vecchia,265,1.009926052544616,1.004426626644542,1.0489480400355458,0.2591171789972469,0.039021987490929666
19,gpboost_vecchia,266,0.43064031212282194,0.19903338326499037,0.46905671978375985,0.2768643094240179,0.0384164076609379
19,gpboost_vecchia,267,0.44346464828712034,0.4923281872290996,0.3281825306581414,0.30391821208762854,-0.11528211762897894
19,gpboost_vecchia,268,0.5768310934579438,0.4268120406234128,0.13851712442564157,0.32079675092867355,-0.43831396903230224
19,gpboost_vecchia,269,0.5516288278550286,0.5344990827560886,1.0339545098669234,0.2637483702359653,0.48232568201189474
19,gpboost_vecchia,270,0.7190950784354633,0.6022372339953233,0.40790333775555787,0.2937099373306972,-0.3111917406799054
19,gpboost_vecchia,271,-0.0010342464169979249,0.0786218490049388,-0.030479092245023764,0.2850925602333074,-0.02944484582802584
19,gpboost_vecchia,272,1.5689101683098254,1.4735401511560589,0.9705135285805664,0.30961226382778745,-0.598396639729259
19,gpboost_vecchia,273,1.0401987797045926,1.1246750383392285,1.010926793848995,0.24082729411775836,-0.02927198585559765
19,gpboost_vecchia,274,1.392217216166144,1.3926855700061245,1.389305813382311,0.2718969292745983,-0.0029114027838328393
19,gpboost_vecchia,275,-0.72288115445523,-0.6551531461655744,-0.700104241926482,0.25503166725767906,0.022776912528748028
19,gpboost_vecchia,276,0.829345774316984,0.8179307064124607,0.6854279738897837,0.2948485307292385,-0.14391780042720026
19,gpboost_vecchia,277,-0.9588054147971101,-0.8714262782430641,-1.1619697721087707,0.2790847933727168,-0.2031643573116606
19,gpboost_vecchia,278,1.150028449957313,1.1967155874081632,0.8905985957854536,0.2897896968934192,-0.2594298541718594
19,gpboost_vecchia,279,-0.4120117066042907,-0.44957181870466495,-0.44453671821420926,0.3000362302928973,-0.03252501160991855
19,gpboost_vecchia,280,-0.8609935711599856,-0.8624110689657775,-0.5031605139836559,0.31585434327723166,0.35783305717632974
19,gpboost_vecchia,281,0.7529795841742634,0.6858179810573236,1.0041426290021427,0.2757791521462726,0.2511630448278793
19,gpboost_vecchia,282,1.19567162126248,1.081306178802468,1.3058926645128714,0.270739085620591,0.11022104325039139
19,gpboost_vecchia,283,1.509727191705259,1.613526977573499,1.1352326806162374,0.2948064293119597,-0.37449451108902165
19,gpboost_vecchia,284,-0.29108453014210467,-0.41655288056106754,-0.8258460330595607,0.3328361444800928,-0.534761502917456
19,gpboost_vecchia,285,-0.033806421035472004,0.039653355511215835,0.29980848268885474,0.24151895880987342,0.33361490372432673
19,gpboost_vecchia,286,1.4254514692031828,1.4775827357714773,1.6490902101252516,0.25320795717219147,0.2236387409220688
19,gpboost_vecchia,287,-0.08497633214683917,-0.1216728026935863,-0.18005078080962456,0.24954243242517612,-0.09507444866278539
19,gpboost_vecchia,288,0.2625331342183572,0.2617133893952738,-0.10097164038394091,0.2936403165564474,-0.36350477460229813
19,gpboost_vecchia,289,1.7673905167883373,1.745137176932272,1.455424341492054,0.2741238269462095,-0.31196617529628323
19,gpboost_vecchia,290,1.2192473058906996,1.156369020924078,1.3780906828865138,0.27233539944405155,0.1588433769958142
19,gpboost_vecchia,291,-0.025811117794524052,0.032896001017770765,0.047793438673064514,0.32443042388114485,0.07360455646758857
19,gpboost_vecchia,292,0.02022552895480656,0.04352212061544024,-0.2101406030324089,0.2854077524353978,-0.23036613198721545
19,gpboost_vecchia,293,0.10240588251685825,0.08578611595903109,0.30763055383981097,0.28945843370937846,0.20522467132295272
19,gpboost_vecchia,294,0.6934546863523542,0.6840036153527325,0.740893399351962,0.27668163340345586,0.04743871299960778
19,gpboost_vecchia,295,0.776205633903027,0.8589836977535945,0.6426326259846356,0.27390825537546387,-0.13357300791839144
19,gpboost_vecchia,296,1.1716990635672508,1.2504244081464446,1.2206752063418165,0.27332050478111775,0.048976142774565634
19,gpboost_vecchia,297,0.25291771274110586,0.4112273005881537,0.3735930187948586,0.2784726960745833,0.12067530605375276
19,gpboost_vecchia,298,1.3499733741081854,1.4747077723565385,1.4038994927997308,0.27305739078875524,0.0539261186915454
19,gpboost_vecchia,299,0.5046529206065224,0.689250295963788,0.4448152440017079,0.26893625744230754,-0.05983767660481454
20,gpboost_vecchia,0,-0.4245204664227644,-0.3813500863784184,-0.21128583471140638,0.5021341312160911,0.21323463171135804
20,gpboost_vecchia,1,-0.6647601597186266,-0.5515381561629373,-0.15307521968098703,0.36619589882546827,0.5116849400376395
20,gpboost_vecchia,2,0.5619622008643077,0.5353013760643363,0.06073229255332535,0.3525383365407186,-0.5012299083109824
20,gpboost_vecchia,3,0.6396466328788867,0.5764503150778602,0.4029471712174768,0.39435836507961936,-0.23669946166140987
20,gpboost_vecchia,4,-0.3473530855666408,-0.41237856927210337,-0.39478750578847865,0.33817636596029543,-0.04743442022183786
20,gpboost_vecchia,5,-0.6708105536482948,-0.6805440214606865,-0.924456902791527,0.32674812883264426,-0.25364634914323225
20,gpboost_vecchia,6,-0.18636128403043994,-0.25309833098998724,0.22949638454205967,0.43604148003751475,0.4158576685724996
20,gpboost_vecchia,7,0.015458470233455868,0.17094985781963132,-0.04005668773007809,0.34910596467876864,-0.055515157963533956
20,gpboost_vecchia,8,0.495886564129536,0.5521161065630741,0.5851171444216776,0.3063031421268229,0.08923058029214159
20,gpboost_vecchia,9,-0.0847856587301502,-0.06289977237480146,-0.40615313559879773,0.31330879167124265,-0.32136747686864753
20,gpboost_vecchia,10,0.20740467088279713,0.2934380975075931,0.29376140958943164,0.29924581080173235,0.08635673870663452
20,gpboost_vecchia,11,0.09438892966242873,0.12516818736662944,-0.13787118525504338,0.2796256449575925,-0.23226011491747212
20,gpboost_vecchia,12,1.3332707375210529,1.3482904629791155,0.7653526314233234,0.4401535555626486,-0.5679181060977294
20,gpboost_vecchia,13,-0.09811676941109065,-0.260839800051485,0.018714756764728335,0.3607486371607587,0.11683152617581899
20,gpboost_vecchia,14,-0.6206434120183904,-0.753994481620573,-0.7515683923285139,0.2704797038035458,-0.13092498031012356
20,gpboost_vecchia,15,0.38326574541983777,0.41978242706675445,0.5106188048920304,0.16465032295453486,0.1273530594721926
20,gpboost_vecchia,16,0.4381350520711833,0.5979443081149503,0.022661275736822972,0.3735069778492158,-0.41547377633436033
20,gpboost_vecchia,17,0.5784131247684212,0.544805908152335,-0.0857453706550686,0.3841308929530342,-0.6641584954234898
20,gpboost_vecchia,18,0.06274211784286206,-0.016065091022435918,-0.11797339821915731,0.3127315461751289,-0.18071551606201935
20,gpboost_vecchia,19,0.16528737712241098,0.2991557686503213,0.04547328006100759,0.23274008322779935,-0.11981409706140339
20,gpboost_vecchia,20,0.27393039919910944,0.21460740082202387,0.6997394491695488,0.3417617126327173,0.42580904997043934
20,gpboost_vecchia,21,-0.04302189488844632,0.07305958942310264,-0.3093227008574235,0.3303480894710524,-0.2663008059689772
20,gpboost_vecchia,22,-1.223497267540512,-1.3463900737784442,-0.13550555867622327,0.4437947187927227,1.0879917088642888
20,gpboost_vecchia,23,-0.7879422216395928,-0.6998243707646439,0.05523820314403638,0.43551740090201907,0.8431804247836292
20,gpboost_vecchia,24,0.3849098152265412,0.36977721065860303,0.2529906251521261,0.3531849732300841,-0.1319191900744151
20,gpboost_vecchia,25,-0.619709144456468,-0.7253267488622543,-0.6987374459453592,0.2983967446283671,-0.07902830148889128
20,gpboost_vecchia,26,0.3917519168999486,0.5572227578075704,0.5841599318859627,0.28358296438116,0.19240801498601412
20,gpboost_vecchia,27,-0.43260887692183925,-0.6702079788218146,-0.45428460391468306,0.31327590699889046,-0.021675726992843813
20,gpboost_vecchia,28,-0.09900807271123958,-0.21787460995554903,-0.3439767033578711,0.3721459527970768,-0.24496863064663155
20,gpboost_vecchia,29,-0.18124226054392176,-0.06615620075803857,-0.5855443356639167,0.31856115505833194,-0.40430207511999494
20,gpboost_vecchia,30,-0.016314169371558662,-0.13923095193363297,-0.33755095393673606,0.3690745711332937,-0.3212367845651774
20,gpboost_vecchia,31,1.2717786017863362,1.4675496048673364,1.019816780320844,0.2771727109066581,-0.2519618214654922
20,gpboost_vecchia,32,0.3801787321263783,0.4732064253687373,0.21258456897490374,0.32709036349927123,-0.16759416315147457
20,gpboost_vecchia,33,-0.17653772543646662,-0.16473857264688488,-0.04144134850039727,0.41501583633087663,0.13509637693606935
20,gpboost_vecchia,34,0.8532536394196576,0.7925677792868262,0.864107116858694,0.244902728804231,0.010853477439036419
20,gpboost_vecchia,35,-0.3347402762531563,-0.13033655477626707,-0.3726121605087238,0.32788214014988126,-0.037871884255567534
20,gpboost_vecchia,36,-0.4766188975291795,-0.4822360543990574,-0.15951183739245556,0.421888776125613,0.31710706013672396
20,gpboost_vecchia,37,-0.22232657971903363,-0.23505990739230984,0.0400689422856253,0.25901131966791346,0.26239552200465893
20,gpboost_vecchia,38,-0.12746487890644786,-0.10626327211183367,-0.22077076609492297,0.41851059880730457,-0.0933058871884751
20,gpboost_vecchia,39,0.20251802277028752,0.27176622406353296,0.37495644516180615,0.20977074471271354,0.17243842239151863
20,gpboost_vecchia,40,-0.16545095178198344,-0.09859511983052556,0.06384943776953023,0.37459708122198887,0.22930038955151366
20,gpboost_vecchia,41,-1.056750634950585,-1.1996339201766697,-0.20586966518646133,0.42807693500111393,0.8508809697641238
20,gpboost_vecchia,42,-1.1934204895795757,-1.161318776659819,-0.15268893881944434,0.38554558703185887,1.0407315507601314
20,gpboost_vecchia,43,0.8400725046945174,0.8312612082663065,0.8093849391854091,0.27331266816288813,-0.03068756550910834
20,gpboost_vecchia,44,-0.1732343231916588,-0.0014747188234078557,-0.26414734983586463,0.36957356497284766,-0.09091302664420584
20,gpboost_vecchia,45,-0.29641492121856705,-0.31802006026202856,-0.29540746501111936,0.3548262422132732,0.0010074562074476878
20,gpboost_vecchia,46,0.6479462678903972,0.5032078749011075,0.1349027971339174,0.3442756106120404,-0.5130434707564798
20,gpboost_vecchia,47,0.4100525470510018,0.2705225490853542,-0.0983103238703924,0.45891446741394,-0.5083628709213942
20,gpboost_vecchia,48,0.696544625292852,0.7492253899721264,0.26450098439783076,0.3366946008558462,-0.43204364089502123
20,gpboost_vecchia,49,0.4737783643660555,0.6180747855704793,0.31435991527631746,0.21829363463309243,-0.15941844908973807
20,gpboost_vecchia,50,0.5082756024306953,0.5364246591028079,0.3542950575502086,0.3634505812514825,-0.15398054488048663
20,gpboost_vecchia,51,1.115006329333219,1.2561183870806665,0.7068205933138847,0.3788048007975967,-0.4081857360193344
20,gpboost_vecchia,52,-0.672427824995958,-0.7590113184180582,-0.40828399699138185,0.28567439819311197,0.26414382800457614
20,gpboost_vecchia,53,0.17963023556902818,0.3055718896624551,-0.12094419330644923,0.32421136230370007,-0.3005744288754774
20,gpboost_vecchia,54,-1.4946070795602178,-1.4671442190332793,-1.1315434303159497,0.3180038523475222,0.36306364924426804
20,gpboost_vecchia,55,1.094117071747049,1.0594856191174593,0.5618813721014031,0.39381830218453856,-0.5322356996456459
20,gpboost_vecchia,56,0.1681746105981285,0.1758211348821785,0.01150970139491303,0.35760618088781126,-0.15666490920321546
20,gpboost_vecchia,57,-0.6521726002508408,-0.6337245552199429,-0.23266185469015976,0.4179419238235947,0.419510745560681
20,gpboost_vecchia,58,-0.023836626203057806,0.09670832603978323,-0.09843939057373641,0.17558208140666617,-0.0746027643706786
20,gpboost_vecchia,59,-0.484966912829407,-0.5030348494436688,-0.02393250218265841,0.32115917446348496,0.4610344106467486
20,gpboost_vecchia,60,1.1679962357684035,1.1178737415743674,0.5615418926264946,0.3968504694497023,-0.6064543431419089
20,gpboost_vecchia,61,0.2874080942101709,0.23843798738379576,-0.06212124573405209,0.28187223784371673,-0.34952933994422297
20,gpboost_vecchia,62,0.3158392845975354,0.27346617818817026,0.4240046250202303,0.3362836901702819,0.10816534042269488
20,gpboost_vecchia,63,-0.30510495368163604,-0.0955287436779893,-0.13960142187399294,0.3856161595577175,0.1655035318076431
20,gpboost_vecchia,64,-0.6281118087181647,-0.542028675075747,0.020869839917598387,0.32005594775687823,0.6489816486357631
20,gpboost_vecchia,65,0.37127064738566773,0.5126057551582472,0.08360399785960615,0.3108440769373222,-0.2876666495260616
20,gpboost_vecchia,66,-0.37727386763664106,-0.460139450124858,-0.09554429563935596,0.32523751075712626,0.2817295719972851
20,gpboost_vecchia,67,-0.9893002498807011,-0.9461426899335817,-0.7045573182567368,0.33627398551688026,0.28474293162396425
20,gpboost_vecchia,68,0.6784117254589631,0.717936415137368,0.7524857047565368,0.2579553670683961,0.07407397929757364
20,gpboost_vecchia,69,0.4207636147158168,0.34773941672080355,0.4442293097643857,0.35111741193180696,0.02346569504856888
20,gpboost_vecchia,70,-0.0696576235752559,-0.1956675573061282,0.24658472630722628,0.36818277090679913,0.3162423498824822
20,gpboost_vecchia,71,0.36467698741612875,0.25566789311678,0.6667584077157236,0.30057259629747696,0.30208142029959484
20,gpboost_vecchia,72,-0.2584974682753924,-0.1701852570780847,-0.3209808458142671,0.3687256994113953,-0.06248337753887473
20,gpboost_vecchia,73,-0.7183422266113003,-0.701074964630648,-0.3778509831697958,0.4176761868535858,0.3404912434415045
20,gpboost_vecchia,74,-1.37979599346765,-1.5433903558210011,-1.288020973163138,0.3698179007481889,0.09177502030451201
20,gpboost_vecchia,75,-0.9413147846682783,-1.1224061042999425,-0.7729827257413904,0.2163173048513943,0.16833205892688796
20,gpboost_vecchia,76,0.7065612554095986,0.6784859950109511,0.2745240359518011,0.35269525409056746,-0.4320372194577975
20,gpboost_vecchia,77,-0.4240349082630591,-0.629649707712848,-0.17328800481060425,0.3672645001540227,0.2507469034524549
20,gpboost_vecchia,78,-0.012370788999412907,0.17553237970171645,-0.10332416576482051,0.3675969409390339,-0.0909533767654076
20,gpboost_vecchia,79,0.46356336223456107,0.5610519251991175,0.09468532513150762,0.35110893390109305,-0.36887803710305345
20,gpboost_vecchia,80,0.9029656332415892,0.8805757044289519,1.0064408097438378,0.2823154514362742,0.10347517650224858
20,gpboost_vecchia,81,-0.10468431499250985,0.004515756469257018,-0.13616936172230698,0.38547107259664665,-0.03148504672979713
20,gpboost_vecchia,82,-0.49621219725839116,-0.5330879205934672,-0.23050033056415664,0.27879281070695777,0.2657118666942345
20,gpboost_vecchia,83,0.30039327818083517,0.37023274851215643,0.3198921417472942,0.3654336517099106,0.019498863566459024
20,gpboost_vecchia,84,1.3779598449277195,1.4148609394736087,0.587365845561493,0.4016330972692254,-0.7905939993662265
20,gpboost_vecchia,85,-0.21568143828288389,-0.3169105491460076,-0.18610685059844956,0.3758461268676586,0.029574587684434328
20,gpboost_vecchia,86,0.319475825549355,0.49339066916962737,0.22409101602778225,0.33709806079300314,-0.09538480952157274
20,gpboost_vecchia,87,0.7811824904936474,0.7754402371422,0.4573688338789772,0.3743900235472233,-0.3238136566146702
20,gpboost_vecchia,88,0.518483005275843,0.7158764088591772,-0.06421798321263328,0.457963506626838,-0.5827009884884763
20,gpboost_vecchia,89,-1.5319499701764436,-1.595167323967356,-1.0721213327311654,0.2997843532434349,0.45982863744527824
20,gpboost_vecchia,90,0.6565628692173945,0.7580042209045574,0.4029627862856211,0.3947268842596503,-0.2536000829317734
20,gpboost_vecchia,91,-0.3757809657095754,-0.42485103221677223,-0.26759963851618584,0.3973324509194878,0.10818132719338958
20,gpboost_vecchia,92,0.18299681692592767,0.19839864631167015,-0.05723291889333626,0.3655002087923097,-0.24022973581926393
20,gpboost_vecchia,93,-0.5523722882711495,-0.5755252186056139,-0.9210998581325893,0.291167310412539,-0.36872756986143984
20,gpboost_vecchia,94,0.30565177061224785,0.18469837895523344,0.13086621848040814,0.3521381881026759,-0.17478555213183972
20,gpboost_vecchia,95,-0.14536862260727468,-0.2122431632901915,-0.1421039871832117,0.41653069496343853,0.003264635424062967
20,gpboost_vecchia,96,-0.7555528710199745,-0.5128346450129342,-0.4522141907380979,0.28877864754169014,0.3033386802818766
20,gpboost_vecchia,97,-0.47834823444577107,-0.5960098637753523,-0.045688875203432566,0.2691497779374476,0.4326593592423385
20,gpboost_vecchia,98,0.5686294740212079,0.5442006934684253,0.7677177147392196,0.3033565819203431,0.19908824071801168
20,gpboost_vecchia,99,0.05056329667735571,0.18110503437420541,-0.1250845786002719,0.3944600862365479,-0.1756478752776276
20,gpboost_vecchia,100,-0.5735770762289154,-0.5670420888650214,-0.36592848276529866,0.2868284222981444,0.20764859346361675
20,gpboost_vecchia,101,-0.7123770194337447,-0.8296692704514683,-0.4372401991320354,0.3056355129548762,0.2751368203017093
20,gpboost_vecchia,102,-0.3450542218509554,-0.3276511482403443,-0.21717141294285103,0.3864704146015204,0.12788280890810438
20,gpboost_vecchia,103,-0.18513960950468544,-0.11776977126914213,-0.5221899061267559,0.3026146685911711,-0.3370502966220704
20,gpboost_vecchia,104,0.35209726616013126,0.420604516639505,0.20859545150004433,0.28995937594257,-0.14350181466008693
20,gpboost_vecchia,105,0.06723052760292147,0.17450430680937556,-0.25399623572877683,0.30188157139339794,-0.3212267633316983
20,gpboost_vecchia,106,-0.20069502255786853,-0.10284128518780955,-0.12619010872444902,0.3947380522244388,0.0745049138334195
20,gpboost_vecchia,107,0.12214658276620613,0.14171377658517703,0.04936845020756042,0.31493639746008134,-0.07277813255864571
20,gpboost_vecchia,108,-0.717461629619774,-0.7252058082841789,-0.5451614827188296,0.3635527795923852,0.17230014690094442
20,gpboost_vecchia,109,-0.2525846946897605,-0.3959615127246442,-0.18138607611232804,0.4897160280033723,0.07119861857743248
20,gpboost_vecchia,110,0.39876780140832646,0.5784866500690447,0.460184481944955,0.4035113751371294,0.06141668053662852
20,gpboost_vecchia,111,0.5549442645427392,0.5376346436646859,0.10806708869663684,0.38123379104017036,-0.4468771758461023
20,gpboost_vecchia,112,-0.05823176877682873,-0.24989584071612997,0.15623912998024725,0.34436408284140196,0.21447089875707598
20,gpboost_vecchia,113,-0.08891728524131992,-0.03297002962956995,-0.15291731594004698,0.47266561259781187,-0.06400003069872706
20,gpboost_vecchia,114,0.13662034915278976,0.010097840236409666,-0.1932848528790596,0.30417890929231123,-0.32990520203184936
20,gpboost_vecchia,115,-0.2115990374984651,-0.15141343612223607,-0.33041572737771974,0.33323561132797236,-0.11881668987925464
20,gpboost_vecchia,116,-0.20272486421073965,-0.1504481471521033,-0.3549271271497947,0.3525560052164701,-0.15220226293905503
20,gpboost_vecchia,117,0.38419353617261437,0.27964488952740735,0.41428916119671966,0.4068748328035221,0.030095625024105288
20,gpboost_vecchia,118,-0.5420449994411259,-0.5917445131124566,0.12206957236344662,0.4190425229272238,0.6641145718045726
20,gpboost_vecchia,119,-0.7109650232309869,-0.8696556560666812,-0.6991958663212259,0.21134755836054284,0.011769156909760992
20,gpboost_vecchia,120,1.2043462024041987,1.2378009834970032,1.1558971502546473,0.28520684950299113,-0.04844905214955131
20,gpboost_vecchia,121,-0.08165347726818406,-0.08268529494920833,-0.2051185982975383,0.23321670628752658,-0.12346512102935425
20,gpboost_vecchia,122,0.3563859309456656,0.29051010740166283,0.5003681634259163,0.31776440002755074,0.14398223248025066
20,gpboost_vecchia,123,-0.7996097314081319,-0.8202183473905563,-0.8808305477934826,0.3263223247834299,-0.08122081638535072
20,gpboost_vecchia,124,-0.20269945977676573,-0.22755632715301932,-0.17213469516197222,0.19136267751037295,0.030564764614793516
20,gpboost_vecchia,125,0.7935276896071726,0.7495499512235227,0.9133126283036113,0.26866875377386934,0.11978493869643869
20,gpboost_vecchia,126,0.6015925863137161,0.6431177533838888,0.38910860387074475,0.2724964889293731,-0.2124839824429714
20,gpboost_vecchia,127,-0.2150606348248576,-0.28305293724413305,-0.2923129983437134,0.3810278068303768,-0.07725236351885578
20,gpboost_vecchia,128,0.4945659339300672,0.43320627266883255,0.35801089722916446,0.3803428712092104,-0.13655503670090274
20,gpboost_vecchia,129,-0.7259167273732035,-0.795680434612734,-0.3852660115689086,0.4164429182520429,0.34065071580429485
20,gpboost_vecchia,130,0.6873022185677373,0.6678629918900637,0.42311372732136476,0.4053510060871445,-0.26418849124637256
20,gpboost_vecchia,131,-0.43315823469700643,-0.41978277311061774,-0.40225843308928955,0.31550125395354645,0.03089980160771688
20,gpboost_vecchia,132,0.16871104848923407,0.05612427472274667,0.13662427704805147,0.3539160454745188,-0.032086771441182604
20,gpboost_vecchia,133,0.8527849042203899,0.8686336181609495,0.8528584677719238,0.267490798576838,7.356355153387284e-05
20,gpboost_vecchia,134,0.2509442721239979,0.10261809469304797,0.6255813728510553,0.34354275806008866,0.3746371007270574
20,gpboost_vecchia,135,0.13210205407862785,0.029438508002358088,-0.17058913807515186,0.35917471275649576,-0.3026911921537797
20,gpboost_vecchia,136,0.2411739918660581,0.21440932867129947,-0.3749129841215586,0.37433733777807887,-0.6160869759876166
20,gpboost_vecchia,137,0.2409570361670194,0.1920605993602676,-0.13261036691850947,0.30460329342807296,-0.3735674030855289
20,gpboost_vecchia,138,-0.28071855223561537,-0.2917107705290533,-0.2832667883010158,0.39137045241464913,-0.0025482360654004443
20,gpboost_vecchia,139,0.5171509252018947,0.2335362628852325,0.3042905112181975,0.32004357459896776,-0.21286041398369715
20,gpboost_vecchia,140,-0.5302557514221774,-0.49677475718759184,-0.553010147877246,0.22086135813810523,-0.022754396455068604
20,gpboost_vecchia,141,-0.057886037091911646,-0.17939671073788716,-0.11457935241477646,0.3788499731272799,-0.05669331532286481
20,gpboost_vecchia,142,0.33012723557009016,0.3867949687264464,0.15827135465184838,0.33958766871357465,-0.17185588091824178
20,gpboost_vecchia,143,0.4402806202194559,0.270318184466242,0.12107299468485566,0.31562105120069506,-0.31920762553460025
20,gpboost_vecchia,144,0.03375043508992691,-0.23160796301013975,0.3406668957706529,0.41381170221932445,0.306916460680726
20,gpboost_vecchia,145,-0.5205760889641711,-0.5903236855862424,-0.3443926148766412,0.22794054735851946,0.17618347408752988
20,gpboost_vecchia,146,-1.5501631523489137,-1.668063877275338,-1.33506188972098,0.3735862370537125,0.2151012626279336
20,gpboost_vecchia,147,-0.18186897802598012,-0.08302400822248181,-0.2908049114611231,0.391103767060997,-0.10893593343514296
20,gpboost_vecchia,148,-0.4492322317061196,-0.44821883301344906,-0.5134193180019846,0.2676255272120759,-0.064187086295865
20,gpboost_vecchia,149,0.28787407462861386,0.11223510706041556,-0.22206461520400067,0.3656552092118276,-0.5099386898326146
20,gpboost_vecchia,150,0.37019957360024286,0.5341864380695578,0.06322055069999433,0.2803620373947578,-0.30697902290024853
20,gpboost_vecchia,151,-0.45863703399157096,-0.6533489993300191,-0.052707841055579685,0.3490743248236392,0.4059291929359913
20,gpboost_vecchia,152,-0.03133464522856998,0.12725713412020745,-0.05586765147225403,0.33689995275056706,-0.024533006243684055
20,gpboost_vecchia,153,-0.3687324844318619,-0.33366868180425513,-0.1990904187397966,0.38964098254724727,0.1696420656920653
20,gpboost_vecchia,154,-1.0106841395774335,-0.9850480065535041,-0.019961073660965223,0.3802366907555696,0.9907230659164683
20,gpboost_vecchia,155,0.45178745906825246,0.3821611592865522,0.20640669909006615,0.37020567435205126,-0.2453807599781863
20,gpboost_vecchia,156,-0.1983814617707208,-0.19712501980058036,-0.4426628327070148,0.35716702265463707,-0.24428137093629398
20,gpboost_vecchia,157,0.5502582991657816,0.4678186832468435,0.559076060941905,0.3624072636788374,0.008817761776123367
20,gpboost_vecchia,158,0.13218237880693806,0.17485784207791474,0.32723956225869966,0.3279963776164236,0.1950571834517616
20,gpboost_vecchia,159,-1.097472277431785,-1.0885569296577833,-1.0723860992882024,0.3659374285255182,0.025086178143582716
20,gpboost_vecchia,160,-0.3135209177830689,-0.3050061349918666,-0.3978032796183366,0.31348393053931783,-0.08428236183526772
20,gpboost_vecchia,161,0.87598551371856,0.9116498185548477,0.9106261330121121,0.23565594127107695,0.03464061929355211
20,gpboost_vecchia,162,-0.796144536562182,-0.7901773217677658,-0.7722412735169462,0.3267506145425356,0.023903263045235823
20,gpboost_vecchia,163,0.92034149940372,0.7884797012466577,0.9302397888597231,0.3036993450616124,0.009898289456003129
20,gpboost_vecchia,164,-0.45116750814253276,-0.42170010854185713,-0.24824044338804852,0.38580694167037555,0.20292706475448424
20,gpboost_vecchia,165,-0.2537522503275264,-0.21594763490373892,0.05493087699375021,0.39980775350283126,0.3086831273212766
20,gpboost_vecchia,166,0.6906017372455086,0.7657713318986157,0.44664361189287227,0.2514384817335519,-0.24395812535263628
20,gpboost_vecchia,167,-0.4534449867274703,-0.39877211986461286,-0.11055228432274511,0.3130645506422383,0.3428927024047252
20,gpboost_vecchia,168,-0.07540141838080622,-0.09573594169734688,0.14793595997797304,0.37271748428251206,0.22333737835877926
20,gpboost_vecchia,169,-0.5565219309768566,-0.5011130616708441,-0.05643616626769088,0.33997400834901353,0.5000857647091658
20,gpboost_vecchia,170,-0.23366264713616036,-0.22533649058273014,-0.40202950077066424,0.3622449593419906,-0.16836685363450388
20,gpboost_vecchia,171,-0.38434341066370037,-0.4409616724930609,-0.5472541464199052,0.3217227802981596,-0.16291073575620485
20,gpboost_vecchia,172,1.164831643196739,1.104238334258995,1.0246541070862292,0.3062247150626702,-0.14017753611050976
20,gpboost_vecchia,173,-0.531584441836313,-0.7510055965347192,-0.7012636125500746,0.30674549900238285,-0.1696791707137616
20,gpboost_vecchia,174,-0.20989622256147566,-0.13866492675500658,0.13059159115926322,0.30061855170806007,0.3404878137207389
20,gpboost_vecchia,175,0.7650288266416233,0.5487861177303,0.7362645179071925,0.3236737337140161,-0.02876430873443081
20,gpboost_vecchia,176,-0.3831898274619303,-0.15484691885443014,-0.1724731871311329,0.354576845190527,0.2107166403307974
20,gpboost_vecchia,177,-0.5751067753988596,-0.5342928588569616,-0.5138534660645764,0.4069911133329265,0.06125330933428319
20,gpboost_vecchia,178,0.09425402392015492,-0.06799234247951699,0.17997789752125826,0.2449159606833204,0.08572387360110334
20,gpboost_vecchia,179,-0.46201960778989615,-0.5026642476972651,-1.196485199619878,0.3656917616954027,-0.7344655918299818
20,gpboost_vecchia,180,0.7362513061001443,0.8344387638269991,0.2965045379121043,0.3705836925390651,-0.43974676818804004
20,gpboost_vecchia,181,-0.5938499792786323,-0.6756288150798134,-0.39626666926857723,0.2982182362600987,0.19758331001005502
20,gpboost_vecchia,182,-0.9143486877614693,-0.9892627700229973,-0.3306977364480126,0.3234246038821312,0.5836509513134567
20,gpboost_vecchia,183,-0.24363958418476805,-0.23124948841496826,-0.22691974834459838,0.32232935686341396,0.016719835840169672
20,gpboost_vecchia,184,-0.44533865050757937,-0.38451261124446356,-0.3398643942691937,0.35602792093364444,0.10547425623838569
20,gpboost_vecchia,185,-0.19413877075090813,-0.19033684364046344,0.047111719229459226,0.3582771504312882,0.24125048998036736
20,gpboost_vecchia,186,-0.49240887292586266,-0.46213794902852057,0.07922950819210772,0.27942618159693017,0.5716383811179704
20,gpboost_vecchia,187,0.208028279812783,0.20905102498552902,0.12342286860253937,0.28425467643641567,-0.08460541121024362
20,gpboost_vecchia,188,-0.2989502400320716,-0.37234524253003237,-0.06106310248353175,0.4468487995552846,0.23788713754853985
20,gpboost_vecchia,189,-0.20185832241806678,-0.1753416005282597,0.04961289951220049,0.3669771252787302,0.2514712219302673
20,gpboost_vecchia,190,0.46092798841963406,0.4064161882927517,0.38003222594344876,0.35142852419426707,-0.0808957624761853
20,gpboost_vecchia,191,-0.4205955762511896,-0.5093861931068635,-0.4565561891276486,0.36595620483868346,-0.03596061287645902
20,gpboost_vecchia,192,0.782493605943053,0.6663834320943182,0.709416473055887,0.30635994768967273,-0.073077132887166
20,gpboost_vecchia,193,-0.11342374908977387,-0.2049104133131443,-0.1620732410570893,0.27975103486435476,-0.04864949196731544
20,gpboost_vecchia,194,-0.4201753319833299,-0.6014379379110768,-0.28641626446422563,0.33697112480052416,0.13375906751910427
20,gpboost_vecchia,195,0.2705370840303727,0.24890367325531168,0.0883255839246031,0.361970102876345,-0.18221150010576959
20,gpboost_vecchia,196,0.8084310199067412,0.5767036492515014,0.37593006247632843,0.3742628408299761,-0.4325009574304127
20,gpboost_vecchia,197,0.2637925347085356,0.42155034220523924,-0.06121783190191765,0.46857814459288555,-0.32501036661045324
20,gpboost_vecchia,198,1.3745175200186757,1.2490943045594813,0.6997202041546631,0.4301133172145765,-0.6747973158640126
20,gpboost_vecchia,199,0.07296424649588207,0.0906652497572453,-0.06732337947541023,0.39159428655091616,-0.1402876259712923
20,gpboost_vecchia,200,-1.3842345724949248,-1.4537622101922378,-0.15997229092066112,0.44884183380089426,1.2242622815742636
20,gpboost_vecchia,201,0.13455788999719254,0.17301893476060248,0.433024064994588,0.2431420008393661,0.2984661749973955
20,gpboost_vecchia,202,-0.3623412279193906,-0.17858512043691274,-0.2946746147825685,0.25944689142841887,0.0676666131368221
20,gpboost_vecchia,203,-0.297992765227024,-0.24884560891318946,-0.19201339938656936,0.33452148563617096,0.10597936584045464
20,gpboost_vecchia,204,0.33840089023250836,0.4769398619345929,0.4795152243414158,0.405529449675548,0.14111433410890745
20,gpboost_vecchia,205,-0.1171947206129457,-0.06111690255371993,-0.08426658871586978,0.36927403683228843,0.03292813189707591
20,gpboost_vecchia,206,0.1818170489471519,0.07462093087986738,-0.014420576051137779,0.27565056457188275,-0.19623762499828967
20,gpboost_vecchia,207,-0.47021944797026316,-0.4911511404641736,-0.06925342398594347,0.4307104661020815,0.4009660239843197
20,gpboost_vecchia,208,-0.5795286045694005,-0.6033056403209248,-0.1403233058681499,0.3690009534924748,0.4392052987012506
20,gpboost_vecchia,209,-0.8474764168391412,-0.9762074703516974,-0.6124623693033056,0.3174896914927949,0.23501404753583566
20,gpboost_vecchia,210,-0.34157011942423077,-0.46342117102947333,-0.2655719254209279,0.3412125200129686,0.07599819400330288
20,gpboost_vecchia,211,1.1995530520174111,1.266463045392422,0.6201235610479143,0.4048014594999901,-0.5794294909694968
20,gpboost_vecchia,212,-0.07456460753429556,-0.17074435080398076,-0.17569466177758208,0.363145397089777,-0.10113005424328653
20,gpboost_vecchia,213,0.42501668914730745,0.38652852511780433,0.2651448205796587,0.34413200045113784,-0.15987186856764873
20,gpboost_vecchia,214,0.02588679382326775,0.18978707215522686,-0.2682896826913739,0.43635550610931106,-0.2941764765146416
20,gpboost_vecchia,215,0.12049665627115372,0.16921073175184512,0.39061017098727335,0.4143573090413206,0.27011351471611966
20,gpboost_vecchia,216,0.26122050140815267,0.3492527373004739,0.24571464464962034,0.3713651303661242,-0.015505856758532333
20,gpboost_vecchia,217,0.835173817194842,0.9064639290930625,0.47159048788800995,0.364908369319594,-0.363583329306832
20,gpboost_vecchia,218,-1.3647890166907377,-1.148016641023884,-0.1541700134570294,0.4427903351044123,1.2106190032337083
20,gpboost_vecchia,219,1.082346214324061,1.146597029510239,0.6434762693677065,0.3923595042887155,-0.43886994495635445
20,gpboost_vecchia,220,-0.3976329751817202,-0.2825334110626913,0.2047101221222163,0.3974485779303049,0.6023430973039365
20,gpboost_vecchia,221,-0.6632134888676531,-0.7206542012542845,-0.037660248279351105,0.3601053081283819,0.625553240588302
20,gpboost_vecchia,222,0.1284431880208493,0.11771656020464545,0.38077255001110144,0.4101202113867047,0.25232936199025213
20,gpboost_vecchia,223,-0.28992646529537236,-0.46809328706399433,-0.1092920150450416,0.33973742261643186,0.18063445025033076
20,gpboost_vecchia,224,-0.22030114412070873,-0.24737476206407563,0.11096540347916095,0.4018206704080699,0.3312665475998697
20,gpboost_vecchia,225,-0.49128099468739495,-0.5272184846042928,-0.12923593987395754,0.3976518285834712,0.3620450548134374
20,gpboost_vecchia,226,0.05257873949250236,0.2232366952942915,0.20888648603740112,0.35540138373541785,0.15630774654489876
20,gpboost_vecchia,227,-0.35644578717214265,-0.30716946858351096,-0.11801913581467627,0.4054912289503496,0.23842665135746638
20,gpboost_vecchia,228,-1.043719149128413,-1.0165712971598402,-0.21152884867453903,0.42221587009561573,0.832190300453874
20,gpboost_vecchia,229,-0.4627942926701093,-0.3649283458192003,-0.06269613931845397,0.44601225544049444,0.40009815335165533
20,gpboost_vecchia,230,0.3863140469198926,0.44571896250224324,0.3587304776813176,0.4451086203944618,-0.027583569238574968
20,gpboost_vecchia,231,0.22718402495450046,0.18715060926861798,0.034302895803626665,0.36263102619012244,-0.1928811291508738
20,gpboost_vecchia,232,0.27067209180782276,0.31562706409201646,0.03510203071138429,0.320860310524151,-0.23557006109643847
20,gpboost_vecchia,233,-0.395142805571419,-0.3026853978860716,-0.3827679924721208,0.22053660990002694,0.01237481309929822
20,gpboost_vecchia,234,-0.559131263991581,-0.5829471540360501,-0.2918348435022997,0.384193931988913,0.26729642048928126
20,gpboost_vecchia,235,0.768359028385293,0.6751799778351008,0.359400483455941,0.4194832495937476,-0.408958544929352
20,gpboost_vecchia,236,0.43881793424684,0.5690820131071364,0.16842489370328995,0.3261563842246508,-0.27039304054355007
20,gpboost_vecchia,237,0.023464025312898984,0.0015962514663973339,-0.34319784137088316,0.3560359881006389,-0.36666186668378214
20,gpboost_vecchia,238,0.5980385539680572,0.46229420663192355,0.5238505272531024,0.3898111795853491,-0.07418802671495472
20,gpboost_vecchia,239,1.3701287022318174,1.4019761606560182,0.6124332003436743,0.40417196930325805,-0.757695501888143
20,gpboost_vecchia,240,0.15883080964097784,0.12864950843786957,0.3507676614147206,0.3419247687212521,0.19193685177374276
20,gpboost_vecchia,241,0.3136592915156246,0.23813339053776128,0.09155127145999042,0.36561893180774874,-0.22210802005563418
20,gpboost_vecchia,242,-0.25933192954182827,-0.24876131670707874,0.010482992659502699,0.37216680253696416,0.26981492220133096
20,gpboost_vecchia,243,0.06596954712732189,0.18458342327696697,-0.0025469764980070586,0.308583466958184,-0.06851652362532895
20,gpboost_vecchia,244,-0.05526194831769746,0.03929084282368589,-0.1541261224517667,0.4095558324400615,-0.09886417413406925
20,gpboost_vecchia,245,0.5128333005109456,0.4839715291921016,0.7132657662476172,0.3486238912698279,0.20043246573667162
20,gpboost_vecchia,246,-0.38258763596547146,-0.3116106122601996,-0.0570519065008539,0.4258822627454726,0.32553572946461756
20,gpboost_vecchia,247,-0.26267891456790315,-0.3928554140555139,-0.0251775720453975,0.3518134857194653,0.23750134252250565
20,gpboost_vecchia,248,0.04794063063028853,0.1958896813495721,-0.1761617587707902,0.40770846526266635,-0.22410238940107874
20,gpboost_vecchia,249,-0.3448835648396642,-0.49745285072627754,-0.2040070265167162,0.4973570178474499,0.140876538322948
20,gpboost_vecchia,250,-0.12248779153131206,-0.20592889681879256,-0.15963452345659856,0.3634696641999389,-0.0371467319252865
20,gpboost_vecchia,251,0.35966513597022687,0.23705349425715694,0.183532015875282,0.3594619575288078,-0.17613312009494486
20,gpboost_vecchia,252,-0.34440463410272304,-0.3161317374584178,-0.3353972183784606,0.27519690664177,0.009007415724262446
20,gpboost_vecchia,253,-0.7308739091173537,-0.8474307520123923,-0.4083261246929313,0.3197074854382084,0.32254778442442245
20,gpboost_vecchia,254,0.526079384708036,0.4803194273208673,0.1514787443924459,0.49828352952723437,-0.37460064031559004
20,gpboost_vecchia,255,0.9633300029750356,0.8669512272857671,0.7418781673409365,0.2337609225532175,-0.2214518356340991
20,gpboost_vecchia,256,-0.14796553830232223,-0.09828388321575408,0.08974609749372497,0.3549273397582271,0.2377116357960472
20,gpboost_vecchia,257,0.5858810654156562,0.6065075416022765,0.2734150412864791,0.3379103612424538,-0.3124660241291771
20,gpboost_vecchia,258,-0.1945378240750089,-0.22315847147008722,-0.2947450703016097,0.35318075223151174,-0.10020724622660077
20,gpboost_vecchia,259,-0.964729777654472,-0.9778369286692489,-1.2510978438453986,0.3753233913961471,-0.2863680661909266
20,gpboost_vecchia,260,-0.5576277961104952,-0.42773310090262484,0.056327517816137984,0.46667258060238126,0.6139553139266332
20,gpboost_vecchia,261,1.0818426750612047,1.0376523895856702,0.780167321469712,0.434939148298453,-0.30167535359149267
20,gpboost_vecchia,262,-0.5620200399207425,-0.7503519758379446,-0.4617832595418738,0.20483395864471227,0.10023678037886863
20,gpboost_vecchia,263,-0.3124362089413505,-0.27964064321341936,-0.20212085973419303,0.3797930363480784,0.11031534920715746
20,gpboost_vecchia,264,-0.6967588449583423,-0.6353563009143006,-0.3962945276427394,0.29778870922171047,0.30046431731560286
20,gpboost_vecchia,265,0.4695932461884291,0.4739716483047606,0.5862113910961346,0.32727860031805484,0.1166181449077055
20,gpboost_vecchia,266,-0.5302150793379026,-0.2917369982052053,-0.2880867282711881,0.2996840259441543,0.2421283510667145
20,gpboost_vecchia,267,-0.3541901519446551,-0.5905429799752007,-0.10795709945886234,0.35063561944018434,0.24623305248579275
20,gpboost_vecchia,268,0.08150898122067118,-0.07390424689352779,0.3225313747852039,0.3866653915452142,0.2410223935645327
20,gpboost_vecchia,269,-0.4046759625418501,-0.45190077789677907,-0.4043374339765178,0.22918381885864234,0.0003385285653323411
20,gpboost_vecchia,270,-0.39417180936564733,-0.5597415531631187,-0.0018418547874281543,0.36414089295036217,0.3923299545782192
20,gpboost_vecchia,271,0.4466923064578966,0.49664319042544114,0.12007430654583606,0.34038499021644714,-0.32661799991206053
20,gpboost_vecchia,272,0.7007850603961383,0.5110789365061115,0.6586779116447419,0.3601499800856655,-0.04210714875139643
20,gpboost_vecchia,273,-0.10463205023991626,-0.14159217612495686,-0.07027873688553621,0.3817700186193803,0.03435331335438005
20,gpboost_vecchia,274,0.218878927814006,0.24087366716977243,0.299239195706793,0.3531563556907519,0.08036026789278702
20,gpboost_vecchia,275,0.8090685601469787,0.7408794676296171,0.8465573813051694,0.2126479923051867,0.037488821158190744
20,gpboost_vecchia,276,-0.36617187878690965,-0.3911962838776704,-0.22187085055586042,0.36523622041320275,0.14430102823104923
20,gpboost_vecchia,277,0.09145265635502475,0.17998005172732678,0.10507674834214553,0.36036384243667274,0.013624091987120779
20,gpboost_vecchia,278,0.5111677621633071,0.5263175588499232,0.18615700785862455,0.3139042249091435,-0.3250107543046825
20,gpboost_vecchia,279,0.027953402571529007,0.060062569747629725,-0.060499246345033564,0.37057648456405345,-0.08845264891656257
20,gpboost_vecchia,280,-0.036092238231201196,0.031080793688239253,0.0023386892806804838,0.35064637437111723,0.03843092751188168
20,gpboost_vecchia,281,-0.09053369118541926,0.013266141065783277,-0.15193255257849358,0.22798773067019215,-0.06139886139307432
20,gpboost_vecchia,282,0.42620764410877443,0.4378669735828165,0.33481918312201486,0.35293311924157655,-0.09138846098675957
20,gpboost_vecchia,283,0.4318763496037325,0.5577267034354382,0.11526476545706998,0.35716342117179006,-0.3166115841466625
20,gpboost_vecchia,284,-1.0275359598257818,-1.0977434941703503,-0.13920018652898047,0.3766719562428091,0.8883357732968014
20,gpboost_vecchia,285,0.3006198065147251,0.29830607493133027,-0.09726412419046415,0.46130888882891813,-0.39788393070518924
20,gpboost_vecchia,286,-0.17585755062011565,-0.0835414273303655,-0.23710022666811037,0.45222634815304336,-0.061242676047994715
20,gpboost_vecchia,287,-0.05323083821925112,0.1325034260356831,-0.13445328021179925,0.45885924968189074,-0.08122244199254813
20,gpboost_vecchia,288,0.10222934095328623,0.16958762634055652,0.00579107042934357,0.3721793481511024,-0.09643827052394266
20,gpboost_vecchia,289,-0.0010259882720063465,0.07381698289352537,-0.07930506651794911,0.3412527476648116,-0.07827907824594277
20,gpboost_vecchia,290,0.03418259582518196,0.26535813962886967,-0.2585225615121871,0.3522248048209042,-0.29270515733736907
20,gpboost_vecchia,291,-0.2581916881465196,-0.0940670599533398,-0.3360461714868377,0.34917131916633765,-0.07785448334031808
20,gpboost_vecchia,292,-0.7136777515672074,-0.7573315436812962,-0.9308196139657428,0.3491770987257856,-0.2171418623985354
20,gpboost_vecchia,293,0.4825760092050839,0.466551522598228,0.17187351298722664,0.29962326395606226,-0.3107024962178573
20,gpboost_vecchia,294,0.3357360497989076,0.1732530644111152,0.18191187198280634,0.3413213981868631,-0.15382417781610125
20,gpboost_vecchia,295,1.1736963655217956,1.2402377889930174,1.2322408578392166,0.316253049185945,0.05854449231742098
20,gpboost_vecchia,296,0.50201927698861,0.5376573770762508,0.2572978553067973,0.3479417848140293,-0.24472142168181277
20,gpboost_vecchia,297,-0.6621840871567589,-0.651834554472771,-0.787744925237674,0.3492632453409509,-0.12556083808091512
20,gpboost_vecchia,298,0.11796288640688968,0.05355072762330024,0.2364372979189735,0.4068864365997752,0.11847441151208382
20,gpboost_vecchia,299,0.1065406552277919,-0.05304899995348915,0.07327855583132425,0.2605849523797872,-0.03326209939646764
21,gpboost_vecchia,0,-0.7562131086493307,-0.7166314036433802,-0.7899220803377549,0.20849415490680434,-0.03370897168842424
21,gpboost_vecchia,1,-0.7138480151682366,-0.6014104688137896,0.03463953237912154,0.3961572443917185,0.7484875475473581
21,gpboost_vecchia,2,0.8927236785809237,0.9270777135772544,0.8917649828739398,0.29697290257306713,-0.0009586957069839253
21,gpboost_vecchia,3,-0.6061162852526547,-0.5820113812567392,0.09996776077508862,0.3584372372574025,0.7060840460277433
21,gpboost_vecchia,4,0.04197430286211154,0.08169704467507156,-0.17599760941298115,0.4346515313591725,-0.2179719122750927
21,gpboost_vecchia,5,0.06028573430968931,0.03253051091866585,-0.02409765990664292,0.1643726321180592,-0.08438339421633223
21,gpboost_vecchia,6,-0.09931560129294772,-0.18493229167993552,0.5217457437291699,0.3710970296105962,0.6210613450221176
21,gpboost_vecchia,7,1.6922833457528068,1.8951746997923353,1.7207667212431126,0.28818436413981496,0.028483375490305773
21,gpboost_vecchia,8,-0.017576880335188116,-0.025087705387396665,-0.17525031038368155,0.41554771440898924,-0.15767343004849343
21,gpboost_vecchia,9,-0.5987419417416107,-0.7037124191051233,-0.4092400946841055,0.386782846273367,0.18950184705750517
21,gpboost_vecchia,10,-0.3769428969892718,-0.17124810802249552,-0.3246497368323382,0.3933759845141876,0.05229316015693358
21,gpboost_vecchia,11,0.38992411501305957,0.38179693274977045,0.4156817467966434,0.23332889542003996,0.025757631783583812
21,gpboost_vecchia,12,0.12626489978084124,0.05053828510488617,0.08650953931307193,0.2753551491964179,-0.03975536046776931
21,gpboost_vecchia,13,-0.18408484443959128,-0.26693226473947385,0.08829581218233695,0.39805143579791735,0.27238065662192823
21,gpboost_vecchia,14,-0.7099176711534587,-0.6247831235463266,0.546586491239081,0.4192021922379568,1.2565041623925397
21,gpboost_vecchia,15,0.5685899325343087,0.533367732689205,0.5868161516034895,0.24415539298487965,0.01822621906918087
21,gpboost_vecchia,16,-0.43076173486463104,-0.4782609001499837,-0.5995385852191188,0.4091359934854484,-0.1687768503544878
21,gpboost_vecchia,17,-0.819237516072109,-0.8148260637724523,-0.8000827586774033,0.3231467152097557,0.019154757394705735
21,gpboost_vecchia,18,2.065002644466823,2.1043950340823243,1.6583075705562145,0.37865869527194906,-0.40669507391060833
21,gpboost_vecchia,19,-0.32317081757988625,-0.37665345916674386,-0.29411090032894016,0.2589043912021071,0.029059917250946088
21,gpboost_vecchia,20,0.5622654074672078,0.5960574376527488,0.5978977493199418,0.271302102132877,0.035632341852734006
21,gpboost_vecchia,21,0.07490260877220545,0.06103156458535203,0.24172812269426158,0.3492061950697417,0.16682551392205613
21,gpboost_vecchia,22,0.04352176337574787,0.13235651718549563,-0.06813758493110633,0.20067685753888148,-0.1116593483068542
21,gpboost_vecchia,23,-0.4458360717955535,-0.5005420393541425,-0.35638603617342923,0.3564122608563386,0.08945003562212428
21,gpboost_vecchia,24,0.05409381417809406,0.10099933858545823,-0.17789720143283017,0.405937275038811,-0.23199101561092422
21,gpboost_vecchia,25,0.04228649464248593,0.006220353798100972,-0.17581626285270247,0.21647152885914617,-0.2181027574951884
21,gpboost_vecchia,26,0.8088927908485317,0.8519293379307247,0.8251479831122861,0.2078423951386714,0.01625519226375438
21,gpboost_vecchia,27,-0.29320289930569493,-0.3400302403504468,0.019255495439349346,0.3233538182734954,0.3124583947450443
21,gpboost_vecchia,28,-0.4520545421886349,-0.43338644838194224,-0.4504093482393401,0.41610506391616153,0.0016451939492947987
21,gpboost_vecchia,29,0.27293183733411247,0.3823305498809956,0.7095449693475935,0.3861164620030734,0.436613132013481
21,gpboost_vecchia,30,1.3502431849358516,1.4081674279172447,1.1357439791285273,0.37527807126866614,-0.2144992058073243
21,gpboost_vecchia,31,-0.5931644510643836,-0.4323119817889778,0.18194128524995712,0.38819260385608606,0.7751057363143408
21,gpboost_vecchia,32,-0.810544828580565,-0.920500389686068,-0.545174365426071,0.32854287183302633,0.265370463154494
21,gpboost_vecchia,33,-0.3791283078290483,-0.3536211049173774,-0.34044975156803226,0.26811927894233734,0.03867855626101607
21,gpboost_vecchia,34,2.017034753651696,1.8478644054398878,1.8492701365033053,0.26853615503891326,-0.16776461714839064
21,gpboost_vecchia,35,1.1842624613849686,1.2107981609281147,1.0495005846472587,0.21722070256948278,-0.1347618767377099
21,gpboost_vecchia,36,0.023462624022793387,-0.14434542352663868,0.11255082908776082,0.509571375967439,0.08908820506496742
21,gpboost_vecchia,37,1.1438288212652887,1.0883477292361436,0.9604509710308342,0.23955727393113915,-0.18337785023445452
21,gpboost_vecchia,38,1.5679405509281223,1.482272609362112,1.140540588727057,0.49133790675538375,-0.42739996220106535
21,gpboost_vecchia,39,-0.7479058962632767,-0.935909314553579,-0.8987970235708702,0.29456539907282075,-0.15089112730759346
21,gpboost_vecchia,40,-0.3962335520220568,-0.4529959250599761,-0.3247903571071049,0.2710310721907046,0.07144319491495188
21,gpboost_vecchia,41,0.30472573018437465,0.34238615409464673,0.17520058800078253,0.25522247289975597,-0.12952514218359212
21,gpboost_vecchia,42,0.09773915476904482,0.23675858111580206,0.3398430630424869,0.19715469343401473,0.24210390827344208
21,gpboost_vecchia,43,0.7237265956967548,0.7490745219410176,0.7212520953826242,0.179834045578865,-0.0024745003141305455
21,gpboost_vecchia,44,-0.4780523048171761,-0.46806030329100623,-0.8176491789974163,0.3698743568295907,-0.3395968741802402
21,gpboost_vecchia,45,-1.1057761967172546,-1.080634414261401,-0.591554246113601,0.31010623618972166,0.5142219506036536
21,gpboost_vecchia,46,0.06327193875448986,0.017092857643449047,-0.17474944200470155,0.24490906226445144,-0.2380213807591914
21,gpboost_vecchia,47,-0.06171399186193985,-0.12349632216051541,0.16073704398481414,0.4407055275984449,0.222451035846754
21,gpboost_vecchia,48,-0.28540240082242374,-0.40646788156291846,-0.6199463371609095,0.31319662395852926,-0.3345439363384858
21,gpboost_vecchia,49,-0.4186783246970024,-0.3915645265522978,-0.47663805995879915,0.32313179414998694,-0.05795973526179676
21,gpboost_vecchia,50,0.014992843204069822,-0.07506797052668926,0.1911064886285061,0.3741484267573232,0.17611364542443628
21,gpboost_vecchia,51,1.0929935027694864,1.2470440287452744,1.1425421856554312,0.17766061658196797,0.04954868288594483
21,gpboost_vecchia,52,0.16988514691368728,0.29752538942273915,-0.08387112205853597,0.2787264232285103,-0.25375626897222325
21,gpboost_vecchia,53,-0.24838424827405595,-0.3655260512119653,-0.39611361593927796,0.35508575295875494,-0.14772936766522202
21,gpboost_vecchia,54,1.2172106476905287,1.2953847109118148,1.3341268000826556,0.2847285863781522,0.11691615239212694
21,gpboost_vecchia,55,-0.8373158189590644,-0.8216050227714617,-1.0293775505090217,0.2946953817723649,-0.19206173154995732
21,gpboost_vecchia,56,0.05820120751654412,0.08394179791736579,-0.0659853595681339,0.19639686316030885,-0.12418656708467801
21,gpboost_vecchia,57,0.023485453394976943,0.09325700864644178,-0.07006689983426773,0.187916637998126,-0.09355235322924467
21,gpboost_vecchia,58,1.0109799552970975,0.8523669900262295,0.8918635105251713,0.23314128547786045,-0.11911644477192618
21,gpboost_vecchia,59,-0.4218835542735588,-0.31804634312059676,-0.9012018420015115,0.37245905239852656,-0.47931828772795276
21,gpboost_vecchia,60,-0.8022531401258506,-0.8055029070203924,-1.060558527386168,0.3268065185865578,-0.2583053872603174
21,gpboost_vecchia,61,-0.05871220064139032,-0.2195979602305892,0.0017021160056653883,0.19948099907928799,0.06041431664705571
21,gpboost_vecchia,62,0.06821203808257878,0.04035330500881033,-0.15082566221274618,0.27072042099936283,-0.21903770029532496
21,gpboost_vecchia,63,1.1162833542752961,1.0327930368806708,1.088061772846955,0.2196599226812571,-0.02822158142834108
21,gpboost_vecchia,64,0.807141340595877,1.0199394813100429,0.5519927232027477,0.27227079236081236,-0.25514861739312933
21,gpboost_vecchia,65,-0.6969806509232253,-0.7025486611715838,-0.6392136987303547,0.3699561760234532,0.057766952192870535
21,gpboost_vecchia,66,-0.7710878318024103,-0.7954207381255594,-0.34354433272730844,0.37202497250886557,0.4275434990751018
21,gpboost_vecchia,67,-1.0448493716251703,-1.0105435606976434,-0.9116205614704818,0.39010303159056336,0.13322881015468857
21,gpboost_vecchia,68,-0.2960828048108698,-0.16521799657855846,-0.3891801711629519,0.2829457389591818,-0.0930973663520821
21,gpboost_vecchia,69,0.17193359892149285,0.056354503529170194,-0.11466066974473854,0.2812218963149727,-0.2865942686662314
21,gpboost_vecchia,70,-0.6685999751694005,-0.8179094217019515,0.29803559657037226,0.42031362539493633,0.9666355717397728
21,gpboost_vecchia,71,2.526523640683054,2.5155754733929014,1.8191029422544922,0.4779571136754114,-0.7074206984285616
21,gpboost_vecchia,72,1.1292649388108047,1.0971328887972174,0.858794982089548,0.3214098931342595,-0.27046995672125673
21,gpboost_vecchia,73,-0.45944250871071396,-0.5429217057775082,-0.45958559955787415,0.3094893880386255,-0.00014309084716018772
21,gpboost_vecchia,74,0.10607364468683665,0.10607783433701318,0.024657639277816834,0.5461415917398776,-0.08141600540901982
21,gpboost_vecchia,75,-0.3115167714094068,-0.477489856144944,0.05403628643884062,0.25843418198046486,0.36555305784824743
21,gpboost_vecchia,76,-0.1203532369368362,-0.15598919599575967,-0.13644490189908165,0.24866155014892674,-0.016091664962245456
21,gpboost_vecchia,77,1.803793797807356,1.6410514463063206,1.2800327876776443,0.5037396849618085,-0.5237610101297117
21,gpboost_vecchia,78,0.06447800272995072,0.09725787824725776,-0.020353362606398306,0.20383161492555907,-0.08483136533634902
21,gpboost_vecchia,79,-0.6583839290087663,-0.764457311959913,-1.1708699518158605,0.30318763886254435,-0.5124860228070942
21,gpboost_vecchia,80,-0.32822053652589006,-0.14302933589236178,-0.0825865341973211,0.34994961956702353,0.24563400232856897
21,gpboost_vecchia,81,-0.4015889287427338,-0.4073889111489677,-0.15968074226350915,0.213236708984758,0.24190818647922463
21,gpboost_vecchia,82,1.0500797572009386,1.0469820361037112,0.7717827080257464,0.25033146351781854,-0.27829704917519216
21,gpboost_vecchia,83,0.02720793201934324,0.06028670668861349,0.48248703887334177,0.3714603311238074,0.4552791068539985
21,gpboost_vecchia,84,1.146959309961337,1.283628366041062,1.0688286669560902,0.21975318024949386,-0.07813064300524686
21,gpboost_vecchia,85,0.2012560416423526,0.3339370831988142,0.11028898665679243,0.27790626163661536,-0.09096705498556018
21,gpboost_vecchia,86,0.8469239954708364,0.8020064462333959,0.5589730508256991,0.21821469347022937,-0.28795094464513726
21,gpboost_vecchia,87,-1.1782025365409978,-1.249498913200725,-0.8576860784560223,0.35154852541389264,0.32051645808497553
21,gpboost_vecchia,88,-1.224715831930482,-1.3597164821149752,-1.3295906732665213,0.18994143642221178,-0.10487484133603919
21,gpboost_vecchia,89,-0.3255480014433832,-0.40874427393004265,-0.2432286568742903,0.24965564594485917,0.0823193445690929
21,gpboost_vecchia,90,0.8560455609208086,0.7798771325882605,0.7846877478998682,0.21057846592004775,-0.07135781302094046
21,gpboost_vecchia,91,0.6664165438439739,0.7109181445851176,0.37676046909200345,0.2257087956183127,-0.2896560747519704
21,gpboost_vecchia,92,0.6818674196569485,0.5939106439840078,0.4919093694941452,0.21910134143914559,-0.18995805016280332
21,gpboost_vecchia,93,-0.7029264980976447,-0.6821373946116148,-0.6529354750068324,0.30690407447250856,0.04999102309081238
21,gpboost_vecchia,94,-0.5606923469342124,-0.3793713784666859,0.05961387670773277,0.3383019055137502,0.6203062236419452
21,gpboost_vecchia,95,-0.9145907242507368,-0.9451665377237389,-0.7820690768992726,0.336486132244736,0.1325216473514642
21,gpboost_vecchia,96,-0.35786649772164014,-0.2882143700780111,-0.25924462582429264,0.24894407372521804,0.0986218718973475
21,gpboost_vecchia,97,-0.27296346703215857,-0.3373697317654766,-0.21513101688703795,0.36385114871661906,0.05783245014512062
21,gpboost_vecchia,98,0.9793938793080691,1.1032728653295423,0.7715496130806585,0.33923275640434636,-0.2078442662274106
21,gpboost_vecchia,99,-0.07174957986176861,-0.13100441810579921,-0.10794172632427212,0.23965780308972173,-0.036192146462503516
21,gpboost_vecchia,100,-0.7936508929277389,-0.7263391845459348,-1.0926992040198993,0.2848059804667554,-0.29904831109216035
21,gpboost_vecchia,101,0.5557511466193971,0.4776142745616999,0.4377103952192476,0.2923794712176438,-0.11804075140014947
21,gpboost_vecchia,102,0.467767671717447,0.5068213244790118,0.39985825979685785,0.3218810631199177,-0.06790941192058914
21,gpboost_vecchia,103,-0.41921574927243954,-0.3867376889947012,-0.421439554248046,0.24959669827802014,-0.0022238049756064804
21,gpboost_vecchia,104,-0.3726688680218685,-0.3047349693343039,0.006444904119240036,0.2177027326602679,0.37911377214110853
21,gpboost_vecchia,105,1.3131304107686168,1.299646267110038,1.2202497677748632,0.2406530964748427,-0.09288064299375365
21,gpboost_vecchia,106,0.13638650005214253,0.035042383301201005,-0.043887520112973366,0.28334152076115826,-0.1802740201651159
21,gpboost_vecchia,107,-0.35941279770595097,-0.3450295618080684,-0.21191906604541622,0.35491374039476997,0.14749373166053475
21,gpboost_vecchia,108,-1.1050903240323404,-1.1238471838601014,-1.119884817959738,0.17349944867861716,-0.014794493927397623
21,gpboost_vecchia,109,-0.3372177686226162,-0.4440821277388762,-0.7596383225035561,0.32899204023909495,-0.4224205538809399
21,gpboost_vecchia,110,-0.9689140284522482,-0.907183047941865,-1.23828613000558,0.25924400697381406,-0.2693721015533319
21,gpboost_vecchia,111,2.040024495833619,2.0132361945441732,1.7711333886288614,0.31506608455468754,-0.2688911072047575
21,gpboost_vecchia,112,-0.08928046258398825,-0.10989242402226718,0.03800935630601554,0.4805283392087779,0.1272898188900038
21,gpboost_vecchia,113,-0.8846983296386475,-0.9285334957691199,-1.0236853180259473,0.28916843661792385,-0.13898698838729984
21,gpboost_vecchia,114,-0.45331717355733114,-0.5206959787772375,0.02265855082952939,0.3281550103268575,0.47597572438686053
21,gpboost_vecchia,115,-0.48558349568235526,-0.5874669416165119,0.12374778754769089,0.40152641918742116,0.6093312832300462
21,gpboost_vecchia,116,-0.2815858275343396,-0.3739403797957159,0.20688892241191548,0.36719316683631925,0.48847474994625506
21,gpboost_vecchia,117,-0.17081025451930104,-0.29822777867993167,0.11337893670140886,0.2375011986222692,0.2841891912207099
21,gpboost_vecchia,118,-0.2917276007706807,-0.2440339708577912,-0.284693937164441,0.2232861984137605,0.007033663606239693
21,gpboost_vecchia,119,0.48206039033307746,0.5564643052009599,0.564510336542341,0.20262731196554035,0.08244994620926349
21,gpboost_vecchia,120,-0.15774988623936112,-0.2708300138893973,0.03846780487998558,0.278222111611166,0.1962176911193467
21,gpboost_vecchia,121,1.7862710134334698,1.8992847688279508,1.5458256609424659,0.31166819299312964,-0.24044535249100396
21,gpboost_vecchia,122,-0.7614472751068013,-0.9488458336414162,-0.4856308074617779,0.36093276196923546,0.27581646764502343
21,gpboost_vecchia,123,-0.4324833471588292,-0.37492304764674794,-0.34249323280453403,0.1871796866101492,0.08999011435429516
21,gpboost_vecchia,124,-0.4721962108215708,-0.6135520767151441,-0.8121439109650179,0.3273578252049065,-0.3399477001434471
21,gpboost_vecchia,125,-0.12378921158543815,-0.059743582940866055,-0.027543657238624064,0.22392123802281713,0.09624555434681409
21,gpboost_vecchia,126,-0.4546982296137729,-0.5364338756818334,0.1840396101503865,0.3618902798055091,0.6387378397641594
21,gpboost_vecchia,127,0.5635877849786426,0.660897431912927,0.6326590372146423,0.22450633721006494,0.06907125223599975
21,gpboost_vecchia,128,0.4202001750934538,0.33813603350191584,0.5930120763668096,0.18622034347133265,0.17281190127335583
21,gpboost_vecchia,129,-0.9032781714916872,-1.1021570393041271,-0.7053171207524374,0.3793585959154291,0.19796105073924986
21,gpboost_vecchia,130,0.08941122450914007,0.067528680506101,-0.23787249750472128,0.47429649073402225,-0.32728372201386136
21,gpboost_vecchia,131,-1.0175619561800038,-1.0838436370791342,-0.9662690670651859,0.3000775366856435,0.051292889114817886
21,gpboost_vecchia,132,-0.3572320631388847,-0.2988924028689328,0.11148552694195502,0.3132476485853828,0.46871759008083974
21,gpboost_vecchia,133,0.11282338473371373,0.21107442791591896,0.022127118773335397,0.16713208455148149,-0.09069626596037833
21,gpboost_vecchia,134,-0.26014055797890584,-0.3169036828742878,-0.09127784113401649,0.2501720317948073,0.16886271684488935
21,gpboost_vecchia,135,0.9960797999572734,1.157190837174738,0.8782223862211165,0.18894997526871757,-0.11785741373615688
21,gpboost_vecchia,136,0.5112913622758888,0.5194373201845084,0.6144363310509426,0.22018711608390013,0.10314496877505386
21,gpboost_vecchia,137,-0.2540977663886077,-0.3476980266959237,0.2699903444301599,0.3677328116937214,0.5240881108187676
21,gpboost_vecchia,138,-0.8440305570221838,-0.8229996251928571,-0.7991792831671223,0.27245185567200675,0.04485127385506149
21,gpboost_vecchia,139,0.6746892351602224,0.5039104792926179,0.3961123417080401,0.2780106324702927,-0.2785768934521823
21,gpboost_vecchia,140,-0.12465713354726193,-0.13343783356469055,-0.983366334174743,0.37885248080682116,-0.858709200627481
21,gpboost_vecchia,141,-1.3622991337545245,-1.4036637086855333,-0.9144259765592824,0.3709040324083214,0.4478731571952421
21,gpboost_vecchia,142,-0.6114626008152855,-0.4231361748401385,0.06948895892826812,0.3997294685529287,0.6809515597435536
21,gpboost_vecchia,143,0.3939110613181942,0.46074972525049745,0.11791487745153928,0.21018117870755482,-0.2759961838666549
21,gpboost_vecchia,144,-0.8038762412535483,-0.8760164786029658,-0.9989805551071802,0.3459978410059888,-0.19510431385363192
21,gpboost_vecchia,145,1.993005371992879,2.04964628010889,1.5372818746031829,0.4823400142670301,-0.4557234973896962
21,gpboost_vecchia,146,0.22034621716867914,0.3066728694365076,0.29317791369941126,0.30001955051942225,0.07283169653073213
21,gpboost_vecchia,147,-0.3806114520338918,-0.2253706595610836,-0.020960774664551707,0.35611696235128304,0.3596506773693401
21,gpboost_vecchia,148,-0.3573448547024702,-0.3653727468000179,0.31066890297503313,0.34707457978473444,0.6680137576775034
21,gpboost_vecchia,149,-0.31333647663995734,-0.35974577260460194,0.016760285080578363,0.3402973451008808,0.3300967617205357
21,gpboost_vecchia,150,1.4148742715523541,1.3102919749013757,1.374927813260605,0.208017530521037,-0.03994645829174903
21,gpboost_vecchia,151,-1.3888163570028942,-1.534540272371573,-1.3521061326492925,0.18893416518422662,0.03671022435360172
21,gpboost_vecchia,152,-0.2444615642581652,-0.23671041897123957,-0.01962806887710311,0.3139083451883089,0.2248334953810621
21,gpboost_vecchia,153,-0.07667575300373446,-0.2449322037177108,0.5135564634346697,0.40006637229754066,0.5902322164384041
21,gpboost_vecchia,154,-0.4211999274789908,-0.3172439553206532,0.1148080809153651,0.39335068574516635,0.5360080083943559
21,gpboost_vecchia,155,-0.5060329200019651,-0.4358835489736373,-0.615951805715012,0.3901930929144858,-0.10991888571304687
21,gpboost_vecchia,156,0.08366572845989176,0.052740588187328505,-0.16901898384722003,0.2622423928202468,-0.25268471230711176
21,gpboost_vecchia,157,0.01613598595627147,-0.07815564913621664,-0.1545738535416863,0.34398294844220934,-0.17070983949795776
21,gpboost_vecchia,158,-0.21277205103363975,-0.14771240834036084,-0.2115638919343681,0.21427742264509317,0.0012081590992716607
21,gpboost_vecchia,159,-1.1465952218199402,-1.2606219325481391,-1.1395148303908114,0.34817799261160814,0.007080391429128863
21,gpboost_vecchia,160,-0.16802619510418967,-0.14510825565447394,0.0986824783603013,0.3747330361637902,0.266708673464491
21,gpboost_vecchia,161,-0.20464826961198282,-0.28397046775640045,-0.526441821484898,0.4425127405727338,-0.32179355187291525
21,gpboost_vecchia,162,-0.1394070903744581,-0.14409416259467284,-0.49095914607686364,0.4741529843419132,-0.35155205570240555
21,gpboost_vecchia,163,-0.4464249320126346,-0.4575134550332925,-0.6519463479726211,0.3771369859567337,-0.20552141595998646
21,gpboost_vecchia,164,0.6278331721416837,0.595276601776989,0.5850456602930549,0.29718732620198646,-0.04278751184862872
21,gpboost_vecchia,165,-1.385851435803702,-1.5077443644762218,-1.3021971330299582,0.19769510629384937,0.08365430277374375
21,gpboost_vecchia,166,-0.5023682450407555,-0.31625347901530687,0.21901426076966857,0.36447669727925175,0.7213825058104241
21,gpboost_vecchia,167,0.8397594453214838,0.7032825287142521,0.7220424746731684,0.22928369125049797,-0.11771697064831543
21,gpboost_vecchia,168,-0.13998358700605995,-0.05988790015971569,-0.15625999783933509,0.36313656274928907,-0.016276410833275134
21,gpboost_vecchia,169,0.9295672792292837,0.8919674625019942,1.0871810697290964,0.2056312911138421,0.15761379049981272
21,gpboost_vecchia,170,-0.7109436540551762,-0.6380356789909052,-0.4918309150260036,0.3241380543252079,0.2191127390291726
21,gpboost_vecchia,171,-0.4286113050599085,-0.3661523719710652,-0.5652689816597962,0.43936254738925246,-0.1366576765998877
21,gpboost_vecchia,172,-0.3135337518931015,-0.4833861804495149,-0.2883189898608536,0.29568865830164426,0.025214762032247928
21,gpboost_vecchia,173,-0.6693101095411252,-0.5525281383128722,0.418229810107146,0.4081459319952531,1.0875399196482713
21,gpboost_vecchia,174,0.03060014822211901,0.1317047299156433,-0.43704862706076586,0.31192501824363505,-0.46764877528288484
21,gpboost_vecchia,175,-0.5354454825039219,-0.5048818710306406,-0.4248821786311634,0.34523754499990406,0.11056330387275848
21,gpboost_vecchia,176,-0.6974151449467003,-0.7459028445644028,-0.27137672286358416,0.3827644223439167,0.42603842208311615
21,gpboost_vecchia,177,0.43908223183480527,0.46294383704004566,0.39242827423259996,0.24999192910927137,-0.04665395760220531
21,gpboost_vecchia,178,-0.2549833338410923,0.005402185810393367,0.08980196803532436,0.2809601787905624,0.34478530187641665
21,gpboost_vecchia,179,-0.25480746289198064,-0.28725388029990484,-0.41398873251161383,0.31860671815222713,-0.1591812696196332
21,gpboost_vecchia,180,0.7546232844122982,0.7541181838203059,0.6368914160647368,0.28951929331547127,-0.11773186834756144
21,gpboost_vecchia,181,0.5005208845473883,0.4726147940655633,-0.05291102055806185,0.25316885354371627,-0.5534319051054502
21,gpboost_vecchia,182,-0.5261766204787697,-0.6094606352638648,0.3701167020262286,0.3402800687513954,0.8962933225049983
21,gpboost_vecchia,183,-0.26081369837807145,-0.20461601148842265,0.040854571550815066,0.28278900722395717,0.3016682699288865
21,gpboost_vecchia,184,-0.4355460043933041,-0.4087836955072295,-0.07020306906652252,0.42549159301068457,0.3653429353267816
21,gpboost_vecchia,185,0.09796080820018094,0.11053926736377893,-0.04017665019155636,0.27115594363738726,-0.1381374583917373
21,gpboost_vecchia,186,2.399629006298112,2.4458718620002964,1.9454868742994869,0.28072796536417266,-0.45414213199862496
21,gpboost_vecchia,187,-1.2045945984853543,-1.2297641052514023,-1.0565949448373462,0.35445930881380755,0.14799965364800816
21,gpboost_vecchia,188,-0.8690529684341773,-0.934134869674458,-0.9122278372378334,0.3275763788091225,-0.043174868803656063
21,gpboost_vecchia,189,0.964896095396765,1.2548393251743364,0.9125201258094471,0.2528681504387554,-0.05237596958731794
21,gpboost_vecchia,190,0.22999046586706828,0.27072078712797804,0.4569479423878109,0.3241944285463179,0.2269574765207426
21,gpboost_vecchia,191,-0.8023083067419904,-0.6969325833246842,-0.8294868530468342,0.19252867636669113,-0.027178546304843842
21,gpboost_vecchia,192,-0.8369554777719975,-0.7117102562284391,-1.006513303455563,0.20340031718777038,-0.16955782568356537
21,gpboost_vecchia,193,0.7324612439358387,0.7045988609462083,0.4378263494993129,0.3013133089894343,-0.2946348944365258
21,gpboost_vecchia,194,-0.6464244030297208,-0.6775656625732782,-1.0888253072457488,0.2844935391222985,-0.44240090421602796
21,gpboost_vecchia,195,-0.4758672191922364,-0.41664045099741553,-0.26492913729727974,0.3895434587228664,0.21093808189495666
21,gpboost_vecchia,196,-0.29671808148907536,-0.19744330723802705,-0.07577783498055712,0.3304434855273826,0.22094024650851823
21,gpboost_vecchia,197,-0.5952546935924694,-0.4552283127655398,-0.6902999612090941,0.22833897930960304,-0.09504526761662468
21,gpboost_vecchia,198,1.6164002255189767,1.507563531768674,1.5624896206952048,0.174007698480418,-0.05391060482377186
21,gpboost_vecchia,199,-0.11410356711585457,-0.15736265605652608,-0.082356396677429,0.16162986625182515,0.031747170438425565
21,gpboost_vecchia,200,-0.2182439735736567,-0.3432370811738452,-0.3915967720688096,0.4650527514427449,-0.1733527984951529
21,gpboost_vecchia,201,-0.25233830595594253,-0.34150364751012874,-0.5396268990868602,0.3471367187996107,-0.2872885931309177
21,gpboost_vecchia,202,-0.5336905417302742,-0.4484803805544946,-0.47616334535707994,0.337580468480448,0.057527196373194256
21,gpboost_vecchia,203,-0.3963899391292247,-0.5541598049963012,0.027535031387247777,0.350267137781656,0.4239249705164725
21,gpboost_vecchia,204,-0.09006208355698575,-0.1967257083836273,-0.013622447587093411,0.2939690863969612,0.07643963596989234
21,gpboost_vecchia,205,-0.47368147987882947,-0.5203088355494884,-0.3306726163789939,0.2870378712782962,0.14300886349983555
21,gpboost_vecchia,206,0.5595032851301643,0.6191564945246544,0.5222191163204748,0.2554720184879793,-0.037284168809689544
21,gpboost_vecchia,207,0.03959617279985435,0.14879226051910605,-0.1732181285741099,0.3159847966261948,-0.21281430137396423
21,gpboost_vecchia,208,-0.015573506675365334,0.058427417106182364,-0.26106461212433807,0.33732169285634644,-0.24549110544897274
21,gpboost_vecchia,209,0.4990604198923088,0.3838765675008926,0.21442662854873618,0.281777228659005,-0.28463379134357264
21,gpboost_vecchia,210,-0.5687501736009574,-0.4391514222772187,-0.0909242885768684,0.33614804848890195,0.47782588502408896
21,gpboost_vecchia,211,-0.5962863576199986,-0.7018547822904259,-0.29965473722306335,0.21127954795076861,0.29663162039693525
21,gpboost_vecchia,212,1.37116903443009,1.4902915779814374,1.1574605409004857,0.24556495472704365,-0.2137084935296043
21,gpboost_vecchia,213,-0.7919300886922699,-0.8714271078845147,-0.8860471732568636,0.31629828755379935,-0.09411708456459367
21,gpboost_vecchia,214,-0.15465409564314667,-0.1617587766935683,0.06969525169421154,0.23398324212982682,0.2243493473373582
21,gpboost_vecchia,215,2.298300774089178,2.258254477184021,1.638293229085896,0.4862889015986703,-0.6600075450032818
21,gpboost_vecchia,216,-0.7324882593995465,-0.7344146997665225,0.21402063741176747,0.4613637356514759,0.946508896811314
21,gpboost_vecchia,217,0.24204317050389318,0.43423997868540476,0.18193198730202198,0.20728133173781327,-0.0601111832018712
21,gpboost_vecchia,218,-0.7395724697256488,-0.9161973992797051,-0.8959949514842851,0.31797501931860855,-0.15642248175863627
21,gpboost_vecchia,219,-0.3034740773168939,-0.205193630448319,-0.3182433052977185,0.24825254814217196,-0.014769227980824584
21,gpboost_vecchia,220,1.7819176853981147,1.736042836589061,1.8142163090275325,0.18188425507240003,0.03229862362941782
21,gpboost_vecchia,221,-0.8545362739266031,-0.9270957832330172,-0.37561551099322443,0.3018648862337757,0.4789207629333787
21,gpboost_vecchia,222,-0.37854408236388976,-0.4924805703296728,-0.12460258870628671,0.2959343650495207,0.25394149365760305
21,gpboost_vecchia,223,0.8050965499749657,0.8412115393027519,0.4381886461901505,0.26706785206186745,-0.3669079037848152
21,gpboost_vecchia,224,-0.19742512115519095,-0.21967921513461255,-0.3065175539356799,0.43302143536954096,-0.10909243278048897
21,gpboost_vecchia,225,-0.6687674642932468,-0.748260858371343,-0.09283475627341353,0.44221399903038033,0.5759327080198333
21,gpboost_vecchia,226,-0.8159640040645786,-0.7530798181666265,-1.0029586818758958,0.3365614334673604,-0.18699467781131718
21,gpboost_vecchia,227,-0.43528616522388636,-0.30838101156856207,0.022697672434437877,0.278884928009307,0.45798383765832423
21,gpboost_vecchia,228,0.9930869804731471,1.172661776752083,1.0797439202512766,0.2769510628683826,0.0866569397781295
21,gpboost_vecchia,229,-0.13978928420060077,-0.06685015335470515,-0.07093991810503475,0.19563496870766028,0.06884936609556602
21,gpboost_vecchia,230,-0.7441139512010994,-0.6968623269171623,0.15527154022718825,0.3271588561022102,0.8993854914282876
21,gpboost_vecchia,231,-0.6087639154046305,-0.43848723798972766,-0.49407906571936344,0.34466154352803413,0.11468484968526704
21,gpboost_vecchia,232,-0.9642786387873324,-0.988023728460697,-0.7306919064729183,0.28276663376883665,0.23358673231441418
21,gpboost_vecchia,233,1.9013871992078766,1.7463737793661582,1.8372890554297463,0.22804687038029506,-0.06409814377813028
21,gpboost_vecchia,234,0.19262664665954504,0.2686063298696071,0.1680956419568842,0.4453957926512881,-0.02453100470266084
21,gpboost_vecchia,235,-1.0936783478962688,-1.0850516572838744,-0.10296538549579548,0.4018034037893694,0.9907129624004734
21,gpboost_vecchia,236,-0.0010438239589457,-0.09787015353674304,-0.11763546511306444,0.3190295436520182,-0.11659164115411874
21,gpboost_vecchia,237,-0.1781869809859531,-0.19355210218015395,-0.36002727162479253,0.41787618556671063,-0.18184029063883944
21,gpboost_vecchia,238,-0.5720663063006428,-0.45375360807216314,-0.35864863893861276,0.28050259395381477,0.21341766736203005
21,gpboost_vecchia,239,-0.9111007639149642,-0.8617006908017129,-0.6897418311015713,0.3350129711533499,0.22135893281339292
21,gpboost_vecchia,240,-0.29068198076360663,-0.28955573398895484,-0.5879564992598016,0.34052482069154,-0.297274518496195
21,gpboost_vecchia,241,-0.6641627719112588,-0.7300399966166982,-0.5821970140910322,0.38584459344332545,0.08196575782022664
21,gpboost_vecchia,242,-0.8792974905717167,-0.9882993146040677,-0.8079335208427461,0.31090028154254995,0.07136396972897063
21,gpboost_vecchia,243,-0.7299893130681646,-0.7093400836126897,-0.19705111154541122,0.22990904004943438,0.5329382015227534
21,gpboost_vecchia,244,-0.33624591336947046,-0.28728874777982033,-0.22312136902390023,0.4207551188440553,0.11312454434557023
21,gpboost_vecchia,245,-0.5706454995926004,-0.5979792608583939,0.06715578614803697,0.36850510135656245,0.6378012857406373
21,gpboost_vecchia,246,-0.2280598827469186,-0.22966219738121674,0.11104069998925148,0.45325230829448443,0.33910058273617005
21,gpboost_vecchia,247,-0.372810367850759,-0.3219460427054021,0.02431809678581942,0.3530700027135814,0.3971284646365784
21,gpboost_vecchia,248,-0.22370673741874722,-0.28500705961693634,0.47309937223031984,0.37663664949493925,0.6968061096490671
21,gpboost_vecchia,249,-0.7356008201989936,-0.7983729194029014,-0.9406080702338304,0.22046022356547004,-0.20500725003483677
21,gpboost_vecchia,250,-0.45697337613062367,-0.4480633466555055,-0.3755985670468789,0.3076490573261861,0.08137480908374478
21,gpboost_vecchia,251,-0.34739299586854383,-0.3412715188982559,-0.14796956676619333,0.3307215303645554,0.1994234291023505
21,gpboost_vecchia,252,0.9768338132300488,0.9222595327656574,0.813731176172686,0.22217288067163654,-0.16310263705736283
21,gpboost_vecchia,253,-0.1912916339242367,-0.2009931568962577,0.10296121725063667,0.38880788627107576,0.2942528511748734
21,gpboost_vecchia,254,-0.9678749017919839,-0.8940088494489786,0.39291512021361896,0.43809125605190546,1.3607900220056028
21,gpboost_vecchia,255,-0.09466581713537758,-0.20590626821489358,-0.2339219795538181,0.2370452053016949,-0.13925616241844052
21,gpboost_vecchia,256,-0.2199093024454455,-0.2774922310278172,-0.06558019485039601,0.45421221916949955,0.15432910759504948
21,gpboost_vecchia,257,0.5998713275297425,0.3053240102722641,0.506716065905505,0.33562708954153525,-0.09315526162423748
21,gpboost_vecchia,258,-0.4938997081537654,-0.424745473007828,-0.8566699267068092,0.2072011279636829,-0.3627702185530438
21,gpboost_vecchia,259,-0.46183633593764306,-0.40597421071834117,-0.4402503427685689,0.4174559640892388,0.02158599316907417
21,gpboost_vecchia,260,-0.5290833879802043,-0.4878816861871056,-0.0674710365705149,0.25392505236153534,0.46161235140968937
21,gpboost_vecchia,261,0.08377416662429732,0.13272274706128112,0.190602590590494,0.27718663142142075,0.10682842396619668
21,gpboost_vecchia,262,-0.9551898321570393,-1.0133062073943222,-0.8695271558875834,0.20330143337130158,0.0856626762694559
21,gpboost_vecchia,263,-0.0437359706395575,0.05633346609359677,-0.02099401442819193,0.24027947195339674,0.02274195621136557
21,gpboost_vecchia,264,-0.9030005861943892,-0.8316416802063736,-1.2055370662835294,0.28976237199180116,-0.30253648008914025
21,gpboost_vecchia,265,1.6363335879504077,1.6809462471282197,1.354929850790385,0.4287423345105521,-0.28140373716002265
21,gpboost_vecchia,266,-0.40999779034056244,-0.29885026161071726,0.1286851122512811,0.34588166821816285,0.5386829025918436
21,gpboost_vecchia,267,-0.7580388283880132,-0.7346137314597089,-0.9771602593716047,0.2197348601360517,-0.2191214309835915
21,gpboost_vecchia,268,-0.3555371232134672,-0.4016697052191898,0.10152428247070588,0.3256402371606522,0.4570614056841731
21,gpboost_vecchia,269,-0.7852338207257361,-0.7415572643705047,-0.6826736652032395,0.3481260704653719,0.10256015552249664
21,gpboost_vecchia,270,-0.19563669876516443,-0.2839952070308281,-0.1360326503935001,0.42304873162311546,0.05960404837166433
21,gpboost_vecchia,271,-0.26088062084955765,-0.25668964300073366,0.06451694603577796,0.38885848839808723,0.3253975668853356
21,gpboost_vecchia,272,-0.6402113783022898,-0.706549563080556,0.11402342943318722,0.3738617860267147,0.754234807735477
21,gpboost_vecchia,273,0.3907912376281752,0.4410150355302337,-0.38743577701262666,0.5736881724360217,-0.7782270146408019
21,gpboost_vecchia,274,-1.4294869461554782,-1.215065303170882,-0.9852390262399728,0.3098010690049112,0.4442479199155054
21,gpboost_vecchia,275,0.9103083066938471,0.8934292883759306,0.7454650285640909,0.23085747547982802,-0.1648432781297562
21,gpboost_vecchia,276,0.0016820777221155936,-0.12597555095680432,-0.14597621618053314,0.2641611304588524,-0.14765829390264873
21,gpboost_vecchia,277,1.6809600352311143,1.9132441537388711,1.6400522457981932,0.2838031059186004,-0.04090778943292106
21,gpboost_vecchia,278,-0.20160675190728305,-0.33433861105922735,-0.8978742783304288,0.33997866207081134,-0.6962675264231457
21,gpboost_vecchia,279,-0.6091455595874409,-0.7144522691245287,-0.11287765099077074,0.3607465262976233,0.49626790859667014
21,gpboost_vecchia,280,-0.3487072758397447,-0.3650769051566366,-0.10399062907840495,0.34372108963981707,0.24471664676133975
21,gpboost_vecchia,281,-0.2564628194043682,-0.3638570638212238,-0.014681131235326106,0.4262667705458091,0.2417816881690421
21,gpboost_vecchia,282,0.08853491956006576,0.1544477479924634,-0.10826556363025075,0.4350751983231229,-0.1968004831903165
21,gpboost_vecchia,283,-0.5916519505909194,-0.612712367574161,-0.8271503047694972,0.3641049264474171,-0.2354983541785779
21,gpboost_vecchia,284,-0.2702759355273049,-0.23105356101101712,0.01925963170499312,0.27629768865276144,0.289535567232298
21,gpboost_vecchia,285,-0.0914848972749992,-0.2589884204800279,-0.29363325221129255,0.3526046273763175,-0.20214835493629335
21,gpboost_vecchia,286,-1.3919931537309098,-1.7289848137237838,-0.8413321584487292,0.4148272812958767,0.5506609952821806
21,gpboost_vecchia,287,-0.18975761648043432,-0.13598093501025676,-0.07001369286352865,0.17644597210594262,0.11974392361690567
21,gpboost_vecchia,288,-0.1074518631019969,-0.2811335213350216,0.4001961958267328,0.4197708862289124,0.5076480589287298
21,gpboost_vecchia,289,0.40503036274853693,0.1340006021065181,-0.05983808601619778,0.23109523977020768,-0.4648684487647347
21,gpboost_vecchia,290,0.01620829252173739,0.02615310835896716,-0.282423107328297,0.23767442731151703,-0.2986313998500344
21,gpboost_vecchia,291,-0.535396800193504,-0.5306057763288302,-0.4583131061897827,0.3130625341621746,0.07708369400372128
21,gpboost_vecchia,292,0.22997564287478306,0.24903189705971873,-0.05183060045339438,0.1953283862420515,-0.28180624332817744
21,gpboost_vecchia,293,-0.4498505189635594,-0.4061535623186167,-0.00732698788774222,0.3131290799503729,0.44252353107581716
21,gpboost_vecchia,294,0.7136556782870471,0.7686977700641203,0.47593571412681523,0.3054359349301624,-0.2377199641602319
21,gpboost_vecchia,295,0.2897096931882025,0.23837919814821917,0.08908408381704369,0.213576974492511,-0.2006256093711588
21,gpboost_vecchia,296,-0.38099205859670726,-0.45699914944665787,-0.010696304074732765,0.27301264404651915,0.3702957545219745
21,gpboost_vecchia,297,1.933577709594189,1.8852374733789157,1.8476298087525613,0.2782924685325982,-0.08594790084162773
21,gpboost_vecchia,298,1.198217518762379,1.3075202643884105,0.9720317869732114,0.23476014175820994,-0.22618573178916757
21,gpboost_vecchia,299,-0.5806737706254468,-0.5788385299478832,-0.9942501259286587,0.3152895352472537,-0.4135763553032119
22,gpboost_vecchia,0,-1.3707248285293294,-1.5196674410267312,-1.2983774145279332,0.34804133219329153,0.07234741400139622
22,gpboost_vecchia,1,-1.3381107005280857,-1.0881796920183815,-1.2594626211938493,0.35643691757022417,0.07864807933423634
22,gpboost_vecchia,2,-1.3838827760687393,-1.3465872848175282,-1.0779240980527867,0.3447097402226946,0.30595867801595267
22,gpboost_vecchia,3,-2.123407882106267,-2.2186491620843762,-1.902571258986688,0.3735567435479869,0.22083662311957886
22,gpboost_vecchia,4,-1.2599470090815097,-1.3225284871966567,-1.3512136095008103,0.3788378376880592,-0.09126660041930057
22,gpboost_vecchia,5,-0.9195259487391092,-0.7433392500847341,-1.1482368370650615,0.3466210295093606,-0.22871088832595232
22,gpboost_vecchia,6,-1.7896069165184285,-1.825376314160805,-1.764435860670618,0.42408424632294933,0.02517105584781043
22,gpboost_vecchia,7,-1.2344083822102228,-1.1669414711679376,-1.1830580572102463,0.37408891383922793,0.05135032499997649
22,gpboost_vecchia,8,-0.9592052814274357,-1.0523375118304874,-0.795715911818645,0.43533514746705676,0.16348936960879068
22,gpboost_vecchia,9,-2.231841464200303,-2.349631096962331,-2.1297989284470074,0.43623209119580975,0.10204253575329547
22,gpboost_vecchia,10,-1.4864712674905154,-1.274551845055024,-1.1436890282529504,0.37423799009691217,0.342782239237565
22,gpboost_vecchia,11,-0.5902629271925912,-0.6139692298004308,-1.025085331922071,0.34477961810680285,-0.43482240472947975
22,gpboost_vecchia,12,-1.9635962764300152,-1.9605432612598277,-1.5947525943960432,0.4393901702531876,0.368843682033972
22,gpboost_vecchia,13,-1.9763514945954483,-1.9910276031881051,-1.487987820529428,0.37736187449069597,0.48836367406602044
22,gpboost_vecchia,14,-1.9840731631934663,-2.013713963219898,-1.7120886068844108,0.3530380320777556,0.2719845563090555
22,gpboost_vecchia,15,-2.1976114154767243,-2.208874960333454,-1.6733412394443512,0.34332735330756686,0.5242701760323731
22,gpboost_vecchia,16,-0.14440093832785517,-0.07803094352343144,-0.05964676288929294,0.3577555021405599,0.08475417543856223
22,gpboost_vecchia,17,-1.8103825921811971,-1.9036801869977236,-1.4901498781918185,0.43861787503527755,0.3202327139893786
22,gpboost_vecchia,18,-1.098378517255132,-0.9585844861699314,-0.9030991488152456,0.3774567590542529,0.19527936843988636
22,gpboost_vecchia,19,-2.680315896658534,-2.6653437738613874,-2.670326921618779,0.3544236360302236,0.009988975039755044
22,gpboost_vecchia,20,-0.20305193522181794,-0.09057372376920728,-0.9384471087253221,0.3640399601586424,-0.7353951735035041
22,gpboost_vecchia,21,-0.2052778410008634,-0.24956334561208446,-0.7193713993929958,0.34603440089817944,-0.5140935583921323
22,gpboost_vecchia,22,-1.2559231555523964,-1.2523282997575564,-0.8969900905928547,0.36486397140878596,0.3589330649595417
22,gpboost_vecchia,23,-2.313300251550197,-2.240324750314085,-1.9825678714141546,0.38481246681961856,0.33073238013604245
22,gpboost_vecchia,24,-2.8081202558956506,-2.7480511938501087,-2.736234046740396,0.3683915350403465,0.07188620915525457
22,gpboost_vecchia,25,-0.3679607727607157,-0.353106275234742,-0.6770104562759833,0.4492418495966438,-0.3090496835152676
22,gpboost_vecchia,26,-2.6764063567846383,-2.5186916093495615,-1.9589944282915148,0.3650016889563674,0.7174119284931235
22,gpboost_vecchia,27,-2.801313473334838,-2.8598392197676468,-2.5446578395005783,0.3402926337750133,0.2566556338342596
22,gpboost_vecchia,28,-1.225404453515771,-1.2168357013499265,-1.2041365580285586,0.3469032762491904,0.02126789548721253
22,gpboost_vecchia,29,-0.5610517362884611,-0.6460615166847716,-0.9992921470552112,0.37242561303069444,-0.43824041076675013
22,gpboost_vecchia,30,-2.12644359230453,-2.0852016900526595,-2.0413908025358225,0.38383903083149695,0.08505278976870745
22,gpboost_vecchia,31,-2.4709806434763255,-2.484098170990196,-2.6560875987830457,0.33845422497473926,-0.18510695530672017
22,gpboost_vecchia,32,-1.6575308864597147,-1.6447869157646973,-1.7446481395762987,0.37063072140244835,-0.08711725311658403
22,gpboost_vecchia,33,-1.1554460058362055,-1.2435906784076707,-1.3250494731520632,0.3801213309418882,-0.16960346731585774
22,gpboost_vecchia,34,-1.7556238672403806,-1.9438194388675605,-1.4344499671345314,0.3465577701263503,0.3211739001058491
22,gpboost_vecchia,35,-1.2858784711804838,-1.4050475918893048,-1.4459292594215674,0.38170864912995495,-0.16005078824108354
22,gpboost_vecchia,36,-1.7264178637591199,-1.6515511747104452,-1.7562792545450385,0.33477294662542706,-0.02986139078591865
22,gpboost_vecchia,37,-1.769663596452948,-1.8158134129957648,-1.4300652689771818,0.34928449383161303,0.3395983274757661
22,gpboost_vecchia,38,-1.2970345946565485,-1.40440712484917,-1.280737935349916,0.3472994049278225,0.01629665930663249
22,gpboost_vecchia,39,-1.6418323031969226,-1.7812103308765197,-1.3491165505759142,0.3385930550262745,0.29271575262100846
22,gpboost_vecchia,40,-1.819675432066812,-1.7870532681466929,-1.8804826288511851,0.3920458593901665,-0.060807196784373074
22,gpboost_vecchia,41,-1.6312065783659373,-1.6542465648861229,-1.8601014275859171,0.35806736881344187,-0.22889484921997982
22,gpboost_vecchia,42,-1.66173635385772,-1.7338870848134673,-1.477726232339979,0.35321046041247145,0.184010121517741
22,gpboost_vecchia,43,-1.0364395468100038,-1.1701096122770958,-0.9100653519583943,0.3323085986733376,0.1263741948516095
22,gpboost_vecchia,44,-1.4738633497305402,-1.5064135059844839,-0.9910833991073043,0.3465765213834034,0.482779950623236
22,gpboost_vecchia,45,-1.45883153942813,-1.5203492688180846,-1.6241663481429214,0.3859211308208901,-0.16533480871479145
22,gpboost_vecchia,46,0.2802104983464862,0.2325801158235839,-0.16356648553155395,0.3590193174061387,-0.44377698387804015
22,gpboost_vecchia,47,-1.3049250531900805,-1.2327006730108805,-1.0495622936792302,0.39117567442050566,0.2553627595108503
22,gpboost_vecchia,48,-1.4194335301907004,-1.481492482126581,-1.224707447484633,0.5869772902766153,0.1947260827060675
22,gpboost_vecchia,49,-1.9354970828497855,-1.8204527834065805,-1.6405012159208088,0.3415134315146282,0.2949958669289767
22,gpboost_vecchia,50,-1.5976566577506572,-1.5168601338424943,-1.7414202158876613,0.35078458288553044,-0.14376355813700403
22,gpboost_vecchia,51,-1.8390042470627026,-1.8182756198826127,-2.0397723101960867,0.38518248700027224,-0.20076806313338413
22,gpboost_vecchia,52,-0.9862559947041927,-0.9535464720612671,-1.3993856169925554,0.3541600841469907,-0.4131296222883627
22,gpboost_vecchia,53,-1.48050090509436,-1.4761484628940071,-1.220461623492918,0.4361393971985851,0.2600392816014421
22,gpboost_vecchia,54,-2.044582076282716,-2.2485223661689595,-1.6662827275571495,0.35049872388681524,0.37829934872556636
22,gpboost_vecchia,55,-1.404146386633346,-1.4045017483355882,-1.173425408839325,0.3603163528710553,0.2307209777940209
22,gpboost_vecchia,56,-1.2592697379504476,-1.1538235460637127,-1.5289634750441934,0.35736549554106267,-0.2696937370937458
22,gpboost_vecchia,57,-0.35649512842689257,-0.538550664703669,-0.4701644247292478,0.35380803735378397,-0.11366929630235523
22,gpboost_vecchia,58,-0.9669359133259909,-1.0078162289509318,-1.4946581147537312,0.3482173709477324,-0.5277222014277403
22,gpboost_vecchia,59,-0.7402997692942019,-0.7743971067354669,-0.9678945290677916,0.36749992482742616,-0.22759475977358967
22,gpboost_vecchia,60,-1.1724775077358234,-1.0906042134313358,-1.1770274315837401,0.5081215735628969,-0.004549923847916748
22,gpboost_vecchia,61,-0.4602203603380979,-0.4100220058152224,-0.9505226549613681,0.34294393934879064,-0.49030229462327024
22,gpboost_vecchia,62,-0.23368573482687405,-0.21595309724291448,-0.6199262371134733,0.409391128136984,-0.38624050228659923
22,gpboost_vecchia,63,-0.4704084859563353,-0.7275107174799871,-1.0868596508972512,0.36938259250470545,-0.6164511649409159
22,gpboost_vecchia,64,-1.0567108748708334,-1.1113114750201438,-0.7729717117630717,0.3660291066399224,0.2837391631077617
22,gpboost_vecchia,65,-0.9869062822829134,-0.9580789729598946,-1.137857486366098,0.4074797252436488,-0.15095120408318452
22,gpboost_vecchia,66,-2.8055855634279627,-2.819806644745482,-2.065340419409452,0.3574570295059622,0.7402451440185107
22,gpboost_vecchia,67,-1.9402780089800191,-1.9134304101498856,-1.5947092523304036,0.3376228221156137,0.3455687566496155
22,gpboost_vecchia,68,-1.052762262524499,-1.1698655883824234,-1.17737324847484,0.5249597282409758,-0.12461098595034104
22,gpboost_vecchia,69,-1.6024860930334421,-1.7059309062936927,-1.1633243241176245,0.3581652233741552,0.4391617689158176
22,gpboost_vecchia,70,-1.1593375492968754,-1.2583767940350736,-1.2728055210264841,0.4309972003208123,-0.11346797172960876
22,gpboost_vecchia,71,-2.3614597044120957,-2.3243142083626553,-2.4757598837043506,0.37392646630323023,-0.11430017929225489
22,gpboost_vecchia,72,-1.4113456277517429,-1.2905280634267107,-1.3773473867236579,0.34995242177519664,0.03399824102808502
22,gpboost_vecchia,73,-1.3060901542401617,-1.4598870126575694,-1.5263334464037275,0.3517740618565809,-0.22024329216356575
22,gpboost_vecchia,74,-2.2539322600089156,-2.2901280238434656,-1.7580301892650505,0.5210092529264967,0.49590207074386505
22,gpboost_vecchia,75,-1.1168330750082949,-1.145172141302761,-1.2400414112556462,0.3368414680528581,-0.12320833624735128
22,gpboost_vecchia,76,-0.43606912905227635,-0.5653250567719934,-0.48611830363409503,0.35302457075860494,-0.05004917458181868
22,gpboost_vecchia,77,-2.831391287555519,-2.6653708474691493,-2.5132417375285847,0.3895982287192919,0.31814955002693424
22,gpboost_vecchia,78,-1.1605527999081824,-1.024629157575454,-1.470607579414585,0.34064816520022734,-0.3100547795064026
22,gpboost_vecchia,79,-1.3403379283632857,-1.313070045681086,-1.2097558148963579,0.34871497485437813,0.13058211346692783
22,gpboost_vecchia,80,-0.3165520464726813,-0.35018136486170276,-0.9312993899402979,0.3896860253351563,-0.6147473434676166
22,gpboost_vecchia,81,-1.0397068901872975,-1.1683858047570759,-0.9565186723595902,0.5010433694476151,0.08318821782770724
22,gpboost_vecchia,82,-1.020205557566162,-1.176623708939012,-0.9431401969252748,0.3488439258376812,0.07706536064088709
22,gpboost_vecchia,83,-1.7532370777460287,-1.816006561363175,-1.7455982147052342,0.4208199027786746,0.007638863040794419
22,gpboost_vecchia,84,-0.34742728340323126,-0.435076792439583,-0.44865206151805914,0.37863871517871867,-0.10122477811482788
22,gpboost_vecchia,85,-1.8898629712298372,-1.9195993883353957,-1.6557929586543914,0.3697745727504167,0.2340700125754458
22,gpboost_vecchia,86,-0.2687101619777279,-0.20058896746993543,-0.6808174924010988,0.3383903103349852,-0.4121073304233709
22,gpboost_vecchia,87,-1.8339647753712112,-1.8215515668586428,-1.4293849705644757,0.3378822594354963,0.4045798048067355
22,gpboost_vecchia,88,-1.7959003821836514,-1.7829768519131712,-1.6907751246596163,0.34964843533465306,0.10512525752403512
22,gpboost_vecchia,89,-0.48967263167383157,-0.3607176555325955,-0.9803175693765045,0.39192732961282767,-0.4906449377026729
22,gpboost_vecchia,90,-1.109186378177778,-1.0859554670926739,-1.4006718205085562,0.35835462041634675,-0.2914854423307782
22,gpboost_vecchia,91,-2.7822529757818426,-2.855666265819662,-2.73624479695758,0.37165971819613847,0.04600817882426256
22,gpboost_vecchia,92,-0.638553929128042,-0.8432911091247357,-1.0137262387236632,0.34148991497599146,-0.3751723095956212
22,gpboost_vecchia,93,-0.3079704700470506,-0.3955862371598998,-0.8873576526111222,0.34005203477594514,-0.5793871825640716
22,gpboost_vecchia,94,-2.084061673576212,-2.252412563440242,-1.8895128750934926,0.36888624812108456,0.19454879848271922
22,gpboost_vecchia,95,-2.3217946691529243,-2.5102627759767127,-2.3097479542120123,0.3546383950448041,0.012046714940912029
22,gpboost_vecchia,96,-1.2023825766245242,-1.2695807852131586,-1.0507229961953533,0.35038630206850047,0.15165958042917094
22,gpboost_vecchia,97,-1.3554580028495224,-1.6363436854298161,-1.2177280313375274,0.34785649505388916,0.13772997151199506
22,gpboost_vecchia,98,-1.0148542514287187,-1.1374661055354063,-1.182167786902287,0.4414676321425349,-0.16731353547356842
22,gpboost_vecchia,99,-0.6687683199047569,-0.68258466752842,-1.147960600572116,0.37355979219748126,-0.47919228066735897
22,gpboost_vecchia,100,-2.2572904993048453,-2.2113879142963397,-2.4811340289693486,0.3825075358534493,-0.22384352966450338
22,gpboost_vecchia,101,-1.9633275914486663,-1.8517577542680752,-2.3246729667930364,0.40486270872157654,-0.36134537534437006
22,gpboost_vecchia,102,-1.2194841084865111,-1.2504999154711152,-1.3346827586892243,0.47859323966990774,-0.11519865020271314
22,gpboost_vecchia,103,-1.0218204371678279,-1.0584336373086831,-1.0099467437223666,0.5105554872732811,0.011873693445461297
22,gpboost_vecchia,104,-1.4673449823068343,-1.563600011201418,-1.2624888665033485,0.33595884933529635,0.20485611580348584
22,gpboost_vecchia,105,-1.133593827339873,-1.075723310301506,-1.007308729245521,0.36903416130152195,0.12628509809435196
22,gpboost_vecchia,106,0.2308516811634374,0.22786812051900682,0.10599683368201607,0.5082341450496991,-0.12485484748142134
22,gpboost_vecchia,107,-0.7206743732807761,-0.6833981309802302,-0.9353970662048354,0.34505890769127023,-0.21472269292405932
22,gpboost_vecchia,108,-2.1189327615683307,-2.2796140166867156,-2.118203112301636,0.3352485086817622,0.0007296492666948318
22,gpboost_vecchia,109,-1.7094167928739248,-1.6850989044293243,-1.7272621791445921,0.42424193534958254,-0.01784538627066734
22,gpboost_vecchia,110,-2.7792512481621983,-2.7723352696960997,-2.1789772730532047,0.3609334941465422,0.6002739751089936
22,gpboost_vecchia,111,-1.138237099174331,-1.0016665438350283,-1.4574033169125897,0.3438412231029827,-0.3191662177382588
22,gpboost_vecchia,112,-1.6646818543411557,-1.7160551310414265,-0.9082430710620404,0.3941488827405126,0.7564387832791153
22,gpboost_vecchia,113,-1.0287403334712473,-0.8967326945047006,-1.3332497619201042,0.5106894933009309,-0.304509428448857
22,gpboost_vecchia,114,-0.39693872628628213,-0.5037819150666085,-0.6839986414435355,0.3765624432445111,-0.2870599151572534
22,gpboost_vecchia,115,-1.1912245804602482,-1.239997422258868,-1.4747094567071422,0.358453717955841,-0.283484876246894
22,gpboost_vecchia,116,-1.4417994470313726,-1.4308555607321287,-1.0515604495196955,0.344673024923438,0.3902389975116771
22,gpboost_vecchia,117,-0.6664734211483512,-0.6971885201657947,-0.6427256207505767,0.421384931001597,0.023747800397774466
22,gpboost_vecchia,118,-1.1805208592339953,-1.2050587493503626,-1.2447409379595609,0.3505745750372521,-0.06422007872556557
22,gpboost_vecchia,119,0.07398171950626053,0.2018965480140258,-0.07853569416223394,0.3554573284481271,-0.15251741366849447
22,gpboost_vecchia,120,-0.32088476367758956,-0.133890497916954,-0.49094719243357154,0.3682896450289385,-0.170062428755982
22,gpboost_vecchia,121,-0.7318380829619502,-0.7098542630496408,-0.6905221738850909,0.3749052374496115,0.041315909076859336
22,gpboost_vecchia,122,-1.3014868147034764,-1.34924258954688,-0.8541823188436624,0.3928843624043517,0.447304495859814
22,gpboost_vecchia,123,-0.5219164622689401,-0.5120659796957948,-0.6997366138505683,0.38844840129333535,-0.17782015158162823
22,gpboost_vecchia,124,-1.3770318471754268,-1.5044628096843446,-1.008069790175611,0.34472316525880375,0.36896205699981577
22,gpboost_vecchia,125,-1.3710407857798006,-1.3047649344674874,-1.118913289830619,0.3446823411437158,0.2521274959491815
22,gpboost_vecchia,126,-1.8856355046628035,-1.799087333962505,-2.2218986188113625,0.45261873029798316,-0.33626311414855903
22,gpboost_vecchia,127,-1.322164352199801,-1.2916847580938062,-1.1890996663305593,0.34059801266586853,0.1330646858692417
22,gpboost_vecchia,128,-0.8193511287434347,-0.9088480902324287,-1.0692822973775051,0.46116878568166936,-0.2499311686340704
22,gpboost_vecchia,129,-2.514188070395911,-2.6300073330444844,-2.4230777773701107,0.3392840200469436,0.09111029302580054
22,gpboost_vecchia,130,-1.7946041793469094,-1.728147580411808,-1.6299790141339692,0.38895592059903294,0.16462516521294024
22,gpboost_vecchia,131,-1.7558885083546674,-1.6253404926196595,-1.450430449548442,0.3471707449474729,0.30545805880622545
22,gpboost_vecchia,132,-1.6131482408759374,-1.492940949905546,-1.290641151275688,0.33804152236824164,0.32250708960024954
22,gpboost_vecchia,133,-1.3700102442720148,-1.3251886667895114,-0.9999411569821968,0.35130419516743483,0.370069087289818
22,gpboost_vecchia,134,-1.1362474755078231,-1.49643681662298,-1.1057249195669687,0.5238316421575427,0.0305225559408544
22,gpboost_vecchia,135,-0.9055919018198038,-1.0800394496813417,-1.4045430400362093,0.3476499087134206,-0.4989511382164056
22,gpboost_vecchia,136,-1.3368131748306114,-1.546725998314358,-1.2158169174756974,0.4323641112083397,0.12099625735491393
22,gpboost_vecchia,137,-0.9894297429555537,-0.8740000151297374,-0.6980191896565522,0.41190328032154006,0.29141055329900156
22,gpboost_vecchia,138,0.041428194619244574,0.23061963305176092,0.08994179652393974,0.3840342734713755,0.04851360190469517
22,gpboost_vecchia,139,-1.1640397326575667,-1.162297493774157,-1.4179479269685338,0.3720862122578979,-0.2539081943109671
22,gpboost_vecchia,140,-2.1807439333537557,-2.0393733616602305,-2.2470967788966014,0.3658688469784599,-0.0663528455428457
22,gpboost_vecchia,141,-2.4106481384935816,-2.449022065787612,-1.8481096839662339,0.38081070893974295,0.5625384545273477
22,gpboost_vecchia,142,-1.0838626258357815,-1.0884271316232623,-0.958939719455147,0.33661796915485137,0.12492290638063452
22,gpboost_vecchia,143,-1.0231528880126524,-1.1947192059792837,-0.7406493812505435,0.36899304388358367,0.2825035067621089
22,gpboost_vecchia,144,-1.2660864450642366,-1.1858328027406617,-1.566179676115036,0.3461858207796864,-0.3000932310507993
22,gpboost_vecchia,145,-1.5321035923696515,-1.5451931805252703,-1.4664343971636793,0.35387248333267723,0.06566919520597225
22,gpboost_vecchia,146,-1.6329845868655393,-1.6269588666012091,-1.4279431381901038,0.3334814600998868,0.2050414486754355
22,gpboost_vecchia,147,-0.4784741538167081,-0.4683209053307556,-0.7673337721644522,0.3415557871420671,-0.2888596183477441
22,gpboost_vecchia,148,-0.9583279631063004,-0.8678370234925556,-0.9897078106764257,0.35712769871516886,-0.03137984757012524
22,gpboost_vecchia,149,-0.3904878575805425,-0.5212590711449874,-0.9377688594181519,0.3918721434120124,-0.5472810018376094
22,gpboost_vecchia,150,-1.9936257167634182,-2.051273206417456,-1.6275322464446909,0.36353101642626007,0.3660934703187273
22,gpboost_vecchia,151,-2.089971661354543,-2.3300436552521444,-1.5759952929588668,0.34253790817105495,0.5139763683956762
22,gpboost_vecchia,152,0.120702085763296,0.07611628752351726,0.016374879150685473,0.3633921143695291,-0.10432720661261052
22,gpboost_vecchia,153,-0.016169769722796434,-0.07794261962507579,0.30051310670561815,0.4129424812379013,0.3166828764284146
22,gpboost_vecchia,154,-1.1424941481226987,-1.1188587271610149,-0.7422961525431546,0.3639559848205957,0.40019799557954405
22,gpboost_vecchia,155,-3.1895610194168005,-3.251215120511687,-2.5051043271259807,0.36016422505272755,0.6844566922908197
22,gpboost_vecchia,156,-2.247856764844631,-2.376808464086663,-2.1440770024206266,0.3629778321619767,0.10377976242400422
22,gpboost_vecchia,157,-2.4080862094285678,-2.3279915743641393,-1.9651532521031463,0.38849938971899256,0.4429329573254215
22,gpboost_vecchia,158,-1.5825889166298768,-1.5715834301567164,-1.1774754849398823,0.3543176584794057,0.4051134316899945
22,gpboost_vecchia,159,-1.109860327386461,-1.1067145122009898,-1.4113650084097173,0.3408908706710263,-0.30150468102325645
22,gpboost_vecchia,160,-0.8129545745997953,-0.8253814215389005,-0.7328449367425298,0.36062369166626596,0.08010963785726544
22,gpboost_vecchia,161,0.01776925237395066,0.1651099714924216,0.11963411744606844,0.360711085264954,0.10186486507211778
22,gpboost_vecchia,162,-2.4857770892069886,-2.426654931900272,-2.540121577640095,0.3646942690866477,-0.05434448843310635
22,gpboost_vecchia,163,-1.6114297336968055,-1.5644585200329986,-1.4414604047778417,0.3764916387527407,0.16996932891896388
22,gpboost_vecchia,164,-2.711829605261796,-2.664765968313431,-2.071209162988419,0.3702799266564887,0.6406204422733772
22,gpboost_vecchia,165,-1.316615168230383,-1.419012732011823,-1.1190582465924095,0.35435409354037645,0.19755692163797356
22,gpboost_vecchia,166,-0.7075894836981205,-0.693945461569863,-0.8966430753237971,0.3713383647043182,-0.1890535916256766
22,gpboost_vecchia,167,-0.8429271809912544,-0.8778761394237398,-1.1738297155224284,0.36636501097145585,-0.330902534531174
22,gpboost_vecchia,168,-0.4794139225035582,-0.4967099098016328,-0.910608717206804,0.392643590373517,-0.43119479470324584
22,gpboost_vecchia,169,0.22823014037830092,0.20791955416392874,0.33910574083120437,0.4069823711800355,0.11087560045290346
22,gpboost_vecchia,170,-2.4734183309927222,-2.442518330196105,-2.5521217879147855,0.42603846126903117,-0.07870345692206326
22,gpboost_vecchia,171,-0.9090851307077814,-0.9013846359366902,-1.3013752518831367,0.33720790001703854,-0.39229012117535533
22,gpboost_vecchia,172,-1.89508197118537,-1.9113942059148232,-1.4412381687300275,0.35484638711804184,0.4538438024553424
22,gpboost_vecchia,173,-0.8851667223797313,-0.9371197490835564,-0.833635585764803,0.3718324729347474,0.05153113661492825
22,gpboost_vecchia,174,-2.3806568169433135,-2.4087136931020354,-2.1343186344839573,0.42360756330525023,0.24633818245935624
22,gpboost_vecchia,175,-0.20599582228176672,-0.2295790488163807,-0.7480258397464343,0.3346948581901927,-0.5420300174646676
22,gpboost_vecchia,176,-1.5443248229473645,-1.6516388218773037,-1.3054204873243638,0.40451360117303087,0.23890433562300073
22,gpboost_vecchia,177,-0.8661238313089316,-0.8805571229532356,-1.1488701806246793,0.46641665488858997,-0.2827463493157477
22,gpboost_vecchia,178,0.0737698578924304,0.0605169330755175,-0.18728376119456236,0.35877173589815115,-0.26105361908699276
22,gpboost_vecchia,179,-1.7765843289509111,-1.6087278214280138,-1.7496718130799014,0.4025625396092234,0.026912515871009735
22,gpboost_vecchia,180,-2.380431606588432,-2.338146691291325,-2.5813120364384723,0.3474342211379162,-0.20088042985004018
22,gpboost_vecchia,181,-2.4144572156034823,-2.4305960762393752,-1.9611114499874898,0.45860020628584813,0.4533457656159925
22,gpboost_vecchia,182,-0.9515891242687825,-0.9153740248302595,-1.2209998586778923,0.429853157702624,-0.2694107344091098
22,gpboost_vecchia,183,-0.40694909930399104,-0.36856358824536173,-0.5512155325364425,0.36817522255719853,-0.14426643323245147
22,gpboost_vecchia,184,-0.7525846911470822,-0.774161338168121,-0.6557110742972014,0.4024382044693995,0.09687361684988072
22,gpboost_vecchia,185,-1.2967452185681276,-1.2902349765151706,-1.2711577226126316,0.35702704049924244,0.02558749595549603
22,gpboost_vecchia,186,-2.23744446421824,-2.1673106658612205,-2.456515021179765,0.36594183482578735,-0.21907055696152522
22,gpboost_vecchia,187,-2.2161798397438535,-2.3764577367105377,-1.690600083776121,0.36842291146117334,0.5255797559677324
22,gpboost_vecchia,188,-1.216638455747742,-1.2136395056049682,-1.1498945833326673,0.350745722492535,0.06674387241507485
22,gpboost_vecchia,189,-1.3276487678273128,-1.3716857509591753,-1.332191860562089,0.3481038291741592,-0.004543092734776266
22,gpboost_vecchia,190,-2.0455995953652217,-2.1336082945952146,-1.9137890872518106,0.3709617901399468,0.1318105081134111
22,gpboost_vecchia,191,-2.0186408471678683,-1.8747157806660306,-2.0659085097828473,0.3670815360526707,-0.047267662614979056
22,gpboost_vecchia,192,-1.85072719027339,-2.0174119275709366,-1.669424109305183,0.33340737659383346,0.18130308096820702
22,gpboost_vecchia,193,-2.053924155920656,-1.9283948203046237,-2.317182638980709,0.36009442827394217,-0.2632584830600533
22,gpboost_vecchia,194,-0.7728135864867924,-0.7520250681251134,-1.2933941059985212,0.37535785556270207,-0.5205805195117288
22,gpboost_vecchia,195,-1.5139736783147215,-1.5915367701599064,-1.4416970611896236,0.3410847554540591,0.07227661712509792
22,gpboost_vecchia,196,-1.451993824500677,-1.5271002350711576,-1.0160076479394924,0.37529225627632906,0.43598617656118455
22,gpboost_vecchia,197,-1.2808785004362973,-1.2545916637161119,-1.029551442483509,0.3569258246018761,0.2513270579527882
22,gpboost_vecchia,198,-2.6329004720142306,-2.6556254124808465,-2.5227583680978043,0.33787172211711364,0.11014210391642631
22,gpboost_vecchia,199,-0.8688692418562357,-0.8145929690739494,-1.0343029048016525,0.3509252663623126,-0.16543366294541684
22,gpboost_vecchia,200,-1.0151993781649367,-1.180448814771003,-1.3221025153671189,0.3641796414258124,-0.3069031372021822
22,gpboost_vecchia,201,-0.1897035826460074,-0.16471573127856848,-0.7988787054976001,0.3815351179221954,-0.6091751228515927
22,gpboost_vecchia,202,-0.593686288871676,-0.5297391575027152,-0.6710332898568385,0.3762594483287876,-0.07734700098516256
22,gpboost_vecchia,203,-1.6957733403538464,-1.6091601514287142,-1.4969455709605715,0.3502748054341435,0.19882776939327496
22,gpboost_vecchia,204,-1.9242644462679126,-1.8226505656237026,-1.8501251507118095,0.4093449856524152,0.0741392955561031
22,gpboost_vecchia,205,-0.5616958864059348,-0.742301890710855,-1.07618471731669,0.5032287039845216,-0.5144888309107553
22,gpboost_vecchia,206,-2.541479426968485,-2.3961370762072365,-2.252493393387221,0.3790474529023975,0.28898603358126396
22,gpboost_vecchia,207,-1.6963526308163965,-1.533394956435157,-1.3654980863674808,0.3766160989574436,0.3308545444489157
22,gpboost_vecchia,208,-1.7242241891981605,-1.8213978181087986,-1.6797094478629546,0.4160509014580883,0.04451474133520583
22,gpboost_vecchia,209,-0.6565150142837214,-0.6256388744454963,-1.0027395973121376,0.358320093912299,-0.3462245830284162
22,gpboost_vecchia,210,-0.580236454064403,-0.5366427212069468,-1.1304825011510076,0.38679199076346255,-0.5502460470866045
22,gpboost_vecchia,211,-1.0767860366588025,-1.057532545112862,-1.4985884050694231,0.3550908889519192,-0.4218023684106207
22,gpboost_vecchia,212,-0.972017809819566,-1.045848741380478,-1.2654744138002556,0.36877971123877706,-0.2934566039806896
22,gpboost_vecchia,213,-1.797626461844192,-1.7707378333643813,-1.2622609599276284,0.3510331366227838,0.5353655019165635
22,gpboost_vecchia,214,-0.7575803699683668,-0.6836453466434739,-1.1155682899317387,0.35609053316439593,-0.357987919963372
22,gpboost_vecchia,215,-2.0894855844629805,-2.127907079183372,-2.0053610882206705,0.3856750153923088,0.08412449624231
22,gpboost_vecchia,216,-1.8393154625073578,-1.7356329508358401,-1.9035184734039206,0.40373703313691595,-0.06420301089656277
22,gpboost_vecchia,217,-0.9322950089864859,-0.7523263041098716,-1.0154752167400858,0.33940697968828104,-0.08318020775359991
22,gpboost_vecchia,218,-1.1347771766010246,-1.1215911094147013,-1.4622360074395253,0.3450255857306414,-0.3274588308385007
22,gpboost_vecchia,219,-1.190603892049738,-1.0656259082512343,-1.1379107444902967,0.33051884471258286,0.05269314755944121
22,gpboost_vecchia,220,-1.4680231866957578,-1.5210941038922783,-1.2920423076827854,0.3556146546590067,0.17598087901297244
22,gpboost_vecchia,221,-1.3846667269052035,-1.4121828566967187,-1.548996080502043,0.40990074281197514,-0.16432935359683953
22,gpboost_vecchia,222,-0.4019985548621682,-0.396126693538945,-0.6818122727120084,0.3431577737295332,-0.2798137178498402
22,gpboost_vecchia,223,-1.5562652707826194,-1.6669407715320532,-1.6374685841326624,0.3344256434546812,-0.08120331335004294
22,gpboost_vecchia,224,-0.47504300413659195,-0.47929553218220294,-0.5209201391581324,0.3452489326133834,-0.04587713502154045
22,gpboost_vecchia,225,-1.7019342717132604,-1.7180192387406703,-1.42749507144541,0.34724977242440314,0.2744392002678504
22,gpboost_vecchia,226,-1.8272950896473694,-1.903523310245642,-1.3208696437009735,0.34774495589833815,0.5064254459463959
22,gpboost_vecchia,227,-0.6362929386262237,-0.8495103410070062,-0.6795170688578676,0.3519246455475915,-0.04322413023164384
22,gpboost_vecchia,228,-0.8877205330285151,-0.9107860675888637,-0.8972612487877125,0.4193352989611523,-0.00954071575919746
22,gpboost_vecchia,229,-0.19568324270949145,-0.34010883604509157,-0.8498518498029419,0.3841660028974637,-0.6541686070934505
22,gpboost_vecchia,230,-2.113587311456071,-2.0493220014809874,-2.04703718532949,0.3549892531224992,0.06655012612658107
22,gpboost_vecchia,231,-0.6218093961097965,-0.6174487606427187,-0.8036204201314874,0.35907603338320365,-0.18181102402169091
22,gpboost_vecchia,232,-0.24877375023745324,-0.15530347933375943,-0.7125134529272188,0.33695871780159053,-0.46373970268976555
22,gpboost_vecchia,233,-1.8319919658605766,-1.9188561276416065,-1.3950890773012272,0.3464525518021726,0.43690288855934933
22,gpboost_vecchia,234,-1.5698835222341967,-1.510352832180925,-1.1704574837017079,0.351561093449655,0.3994260385324888
22,gpboost_vecchia,235,-1.2944358528904398,-1.398187722311553,-1.3172740688425186,0.472966617546202,-0.0228382159520788
22,gpboost_vecchia,236,-2.8840945031113385,-2.9840249118886772,-2.800378919034717,0.34126896565621645,0.0837155840766215
22,gpboost_vecchia,237,-1.856546817698054,-1.8492066416318502,-1.359007976217045,0.367027801180396,0.4975388414810089
22,gpboost_vecchia,238,-0.5326461058269565,-0.516122176547866,-1.0125455509394587,0.34075560926606985,-0.47989944511250227
22,gpboost_vecchia,239,-1.6996554267271882,-1.6893536823517765,-0.909371647585429,0.4397643456484317,0.7902837791417592
22,gpboost_vecchia,240,-1.0675033558212117,-0.9593814980547084,-1.3756934346053864,0.33763501707306276,-0.3081900787841747
22,gpboost_vecchia,241,-1.800437280859668,-1.7491766196015555,-2.2190126362469744,0.37825297356626775,-0.4185753553873064
22,gpboost_vecchia,242,-1.1995324596993335,-1.106291071544884,-1.5719886299854302,0.344230444603579,-0.3724561702860967
22,gpboost_vecchia,243,-1.671893914797006,-1.702454255100598,-1.6512769923198185,0.3727051492542291,0.020616922477187494
22,gpboost_vecchia,244,-2.093029728781649,-2.121347187617559,-1.9545682241857136,0.3715658042989035,0.1384615045959352
22,gpboost_vecchia,245,-1.3388801102984609,-1.3531692606617585,-1.100429082515971,0.36904344008629514,0.23845102778248983
22,gpboost_vecchia,246,-1.2179809903738674,-1.154383867512827,-0.901011159372958,0.3415266682598606,0.3169698310009095
22,gpboost_vecchia,247,-1.58840039494117,-1.4647534367776214,-1.6380612097133849,0.34556104161906215,-0.049660814772214845
22,gpboost_vecchia,248,-0.10335695508613624,-0.1665861786980145,-0.5591384433502267,0.3430599668336329,-0.45578148826409043
22,gpboost_vecchia,249,-1.1915890919838241,-1.2734498276029753,-0.974156601090959,0.4195383501582466,0.2174324908928651
22,gpboost_vecchia,250,-1.386873733553938,-1.3109139458765073,-1.162112407032005,0.3533816310960044,0.22476132652193304
22,gpboost_vecchia,251,-1.1097423941174016,-1.0300765191673098,-1.33295523734769,0.33701477282454395,-0.22321284323028845
22,gpboost_vecchia,252,-1.1453414339526735,-1.0475743894188958,-1.0144029150236458,0.3483983505575891,0.13093851892902775
22,gpboost_vecchia,253,-1.3962801270374037,-1.2775653898733368,-1.499388125249416,0.3518959150600463,-0.10310799821201222
22,gpboost_vecchia,254,-1.057376780869803,-0.9897449824502541,-1.0914518943375366,0.3553715139592179,-0.03407511346773373
22,gpboost_vecchia,255,-1.394836173117122,-1.4256063911260213,-1.0110888092091743,0.35541164255226104,0.3837473639079476
22,gpboost_vecchia,256,-1.998208721617326,-2.017420891088482,-2.1043353967286134,0.3912832888348626,-0.10612667511128726
22,gpboost_vecchia,257,-0.9026774846691751,-0.9597697783345812,-1.2729268242116571,0.3580023549016178,-0.37024933954248207
22,gpboost_vecchia,258,-2.2597571317115945,-2.2699729885986666,-1.887110229934784,0.3709703641293474,0.3726469017768106
22,gpboost_vecchia,259,0.004490523081103065,0.135605153448792,-0.15967993690008697,0.4007695603953485,-0.16417045998119004
22,gpboost_vecchia,260,-1.0051543399010856,-0.9435101398536477,-0.9786527744710831,0.3656349035056723,0.026501565430002483
22,gpboost_vecchia,261,-1.8082251108154328,-1.7179289585372892,-1.3825762693874752,0.3620156272332931,0.42564884142795756
22,gpboost_vecchia,262,-2.0815078957168858,-2.1265750953971256,-1.6611105349440152,0.35634041174280656,0.4203973607728706
22,gpboost_vecchia,263,-1.1367004727997303,-1.1160965950405097,-0.8044557910628658,0.3592317022357759,0.3322446817368645
22,gpboost_vecchia,264,0.1956214398756289,0.1844346543792771,0.281784385465671,0.47243496076456054,0.08616294559004206
22,gpboost_vecchia,265,-0.84078228222994,-0.9469662011360379,-0.5238433642466447,0.43463945264331666,0.3169389179832953
22,gpboost_vecchia,266,-1.5948594518406152,-1.3620162088234282,-1.4197630864253092,0.3625389467808584,0.17509636541530593
22,gpboost_vecchia,267,-0.4764964787251197,-0.33194383837196034,-0.4182980516752455,0.3705096562727605,0.05819842704987421
22,gpboost_vecchia,268,-1.8202621407078867,-1.8654262606316319,-1.6583202933369119,0.40363990248470283,0.16194184737097483
22,gpboost_vecchia,269,-0.7322865478421594,-0.6448131470904843,-0.6819490077491359,0.36815893196004684,0.05033754009302349
22,gpboost_vecchia,270,-0.7951361760699919,-0.6422947784239461,-1.353920624217075,0.37901800812063347,-0.5587844481470831
22,gpboost_vecchia,271,-0.5676710855264825,-0.384173903660934,-0.6628973170886674,0.356244421258087,-0.0952262315621849
22,gpboost_vecchia,272,-2.5841821051615823,-2.615338272985823,-2.1007964060543785,0.363498196315196,0.48338569910720386
22,gpboost_vecchia,273,0.03061452216334193,-0.18626228632614067,-0.5522376732990963,0.35428575878475776,-0.5828521954624383
22,gpboost_vecchia,274,-1.9688239254243294,-1.933996110028892,-2.151773289309716,0.41880907755685537,-0.18294936388538674
22,gpboost_vecchia,275,-1.6263913710223117,-1.7281981574676477,-1.5600068707283157,0.34536661682016323,0.06638450029399601
22,gpboost_vecchia,276,-0.35351171112108515,-0.44586228696505603,-0.77464864714511,0.34117385212002294,-0.4211369360240248
22,gpboost_vecchia,277,-0.7181164210156574,-0.675105795357563,-1.1041442473336254,0.351900222525084,-0.38602782631796795
22,gpboost_vecchia,278,-2.6978813995597055,-2.677633169131556,-2.5618967092042677,0.3566149349428648,0.1359846903554378
22,gpboost_vecchia,279,-0.1572212717530554,-0.09244682177310969,0.42741130182176335,0.39106726718141277,0.5846325735748188
22,gpboost_vecchia,280,-2.193748425230612,-1.9474156609267443,-1.6403405027706466,0.34922744448655024,0.5534079224599653
22,gpboost_vecchia,281,0.02058321099526811,-0.22369071134548635,-0.34239226967736514,0.3405962035202406,-0.36297548067263324
22,gpboost_vecchia,282,-0.9432229793793606,-0.9609399084441747,-0.9983666329402503,0.3708608189407274,-0.05514365356088968
22,gpboost_vecchia,283,-1.7534714555058297,-1.7253261934149093,-1.7716341733859355,0.3443570402577799,-0.018162717880105816
22,gpboost_vecchia,284,-0.9670537201552323,-0.9004357140258602,-1.1787907285243104,0.49519659197805693,-0.21173700836907816
22,gpboost_vecchia,285,-0.479183732436043,-0.4858641578910215,-0.6013930406436927,0.41363061956435676,-0.12220930820764969
22,gpboost_vecchia,286,-1.3322598295961612,-1.3930681115539707,-1.298885842880356,0.38463187625871903,0.03337398671580516
22,gpboost_vecchia,287,-1.4184432661002235,-1.321848898330755,-1.369878824303786,0.3419838652896081,0.048564441796437485
22,gpboost_vecchia,288,-1.4978844194610397,-1.1965875291408703,-1.4877282099062334,0.34566348482998316,0.010156209554806228
22,gpboost_vecchia,289,-1.2992269706650768,-1.156425679413269,-1.300987588310603,0.4514263296651501,-0.0017606176455262634
22,gpboost_vecchia,290,-1.0008480835972917,-0.9578786302657211,-1.4437932399242879,0.3526748311687481,-0.44294515632699616
22,gpboost_vecchia,291,-0.04037020556848575,-0.05660522637766606,-0.5652311382186301,0.3840893733807515,-0.5248609326501443
22,gpboost_vecchia,292,-1.24378477740166,-1.265747924206579,-1.2154582030475822,0.3442265619605777,0.028326574354077705
22,gpboost_vecchia,293,-1.3119865406821782,-1.2492560192884201,-1.2522874154601489,0.3492122561025727,0.05969912522202936
22,gpboost_vecchia,294,-1.0239473848568155,-1.1177007551846552,-1.0374276954890558,0.33985274030383045,-0.013480310632240311
22,gpboost_vecchia,295,-2.344305520052909,-2.4575584731783486,-1.6974476320334109,0.37031162217038616,0.6468578880194982
22,gpboost_vecchia,296,-2.209624629528289,-2.477873870257937,-2.3366770110378425,0.36227498634273037,-0.12705238150955367
22,gpboost_vecchia,297,-2.2714020169116718,-2.323430932543524,-2.2236084619254832,0.3716357317834273,0.047793554986188536
22,gpboost_vecchia,298,-0.8238807035851086,-0.9452629194288628,-0.7395673680837405,0.35289241496236007,0.0843133355013681
22,gpboost_vecchia,299,-1.373175529019369,-1.3825345018476887,-0.9413343785616881,0.3826408170587442,0.4318411504576809
23,gpboost_vecchia,0,-0.6394729725689206,-0.6515693375546819,-0.8125426654210273,0.23964797629383372,-0.17306969285210672
23,gpboost_vecchia,1,-0.4528963643654815,-0.45412324144171085,-0.6240204753219274,0.2370179555629656,-0.17112411095644592
23,gpboost_vecchia,2,-0.6711871175190438,-0.5487600968327085,-0.5754018850436182,0.21489369019145,0.09578523247542559
23,gpboost_vecchia,3,-1.1774371276570128,-1.2653935427542216,-1.1795434778902845,0.1786537884364496,-0.002106350233271659
23,gpboost_vecchia,4,-1.3907937834322706,-1.2880630881732196,-1.6416858976529483,0.2661101649965815,-0.2508921142206777
23,gpboost_vecchia,5,-1.1695484109380638,-1.0970162812628679,-1.1320233168809821,0.3052325324128369,0.03752509405708171
23,gpboost_vecchia,6,-0.33099797966713923,-0.29970695751595905,0.06663374328402938,0.19143390998910026,0.3976317229511686
23,gpboost_vecchia,7,-0.36052899417659656,-0.3641920307610229,-0.6705726142420758,0.32539883793127283,-0.31004362006547925
23,gpboost_vecchia,8,-1.8317472098440324,-1.793200548162247,-2.0051292248580808,0.3676085698479481,-0.17338201501404837
23,gpboost_vecchia,9,-0.7994049975861655,-0.6972149500558922,-0.55623839232004,0.27347537650010045,0.24316660526612544
23,gpboost_vecchia,10,-0.3085780167922857,-0.3521835491934149,0.11363173214859756,0.3905625326002372,0.42220974894088326
23,gpboost_vecchia,11,-0.6178400595073797,-0.6552115764363208,-0.04967187197035372,0.31590720014328777,0.568168187537026
23,gpboost_vecchia,12,-1.4296918245225412,-1.5168668318382599,-1.5052328691803396,0.30895489371205803,-0.07554104465779843
23,gpboost_vecchia,13,-2.133039667882909,-2.1151741610089005,-2.058463109015605,0.18437910822321493,0.07457655886730397
23,gpboost_vecchia,14,-1.4152657443955896,-1.2912288227070112,-1.2556491101528096,0.2403353256760484,0.15961663424278005
23,gpboost_vecchia,15,-1.2164526070178838,-1.196630311873515,-0.6945533998232634,0.37710314905101366,0.5218992071946205
23,gpboost_vecchia,16,-1.2373140127331566,-1.3183808111353836,-1.6684223292458853,0.262527271626031,-0.43110831651272874
23,gpboost_vecchia,17,-1.112144430415314,-1.1537339746701003,-1.2802436936803545,0.3550573101876322,-0.16809926326504043
23,gpboost_vecchia,18,-1.1695727581733781,-1.1270374328132793,-1.4736536502038788,0.496849197918123,-0.3040808920305007
23,gpboost_vecchia,19,0.08575653757959245,0.0685286121410347,-0.13804483786353217,0.18583437610698753,-0.22380137544312462
23,gpboost_vecchia,20,-0.39361685590035755,-0.42218701489595667,-0.6513458943479549,0.26582965658921326,-0.2577290384475973
23,gpboost_vecchia,21,-0.11899157908561486,-0.1872401677196972,-0.36959293293116957,0.3199652148805776,-0.2506013538455547
23,gpboost_vecchia,22,-0.9257352753164956,-0.8960228779432711,-0.8117846107908875,0.20013667769434484,0.11395066452560809
23,gpboost_vecchia,23,-0.9862730787603917,-0.8157810066994893,-1.241562039806432,0.2703937337503521,-0.25528896104604026
23,gpboost_vecchia,24,-1.0607470130763559,-1.1180828104727352,-1.1315108275597154,0.21752413608526866,-0.07076381448335956
23,gpboost_vecchia,25,-0.10363167833354109,-0.17542028869419124,0.14215652801566847,0.22745163365715418,0.24578820634920956
23,gpboost_vecchia,26,-2.3365484494269286,-2.3237168744377716,-2.8551002836698416,0.27476571824218304,-0.518551834242913
23,gpboost_vecchia,27,-0.768399333829652,-0.941277872825327,-0.9215306627671325,0.27489917727544705,-0.1531313289374805
23,gpboost_vecchia,28,-0.7453296488589168,-0.7655516627540886,-1.1342257695351776,0.21819650391057008,-0.3888961206762608
23,gpboost_vecchia,29,-2.2261020262050466,-2.1779386722115093,-2.7412269303140135,0.39856570655116913,-0.5151249041089669
23,gpboost_vecchia,30,-0.7223402981139309,-0.7118571740627849,-1.221294989178837,0.22490576153854058,-0.4989546910649061
23,gpboost_vecchia,31,-0.2743803351581042,-0.11223199010228194,-0.36405665265787235,0.25996767426760975,-0.08967631749976812
23,gpboost_vecchia,32,0.49235314473289815,0.4192154944403817,0.08457113537696159,0.30811037564299376,-0.40778200935593656
23,gpboost_vecchia,33,-2.5531748418043767,-2.7674923274501895,-2.1260092239474204,0.446788854254966,0.4271656178569563
23,gpboost_vecchia,34,-1.8330114876074877,-1.9322529465860165,-1.8018060789616825,0.41705451548793576,0.03120540864580512
23,gpboost_vecchia,35,-1.6037144665411953,-1.6628059071864296,-2.1228588825315953,0.35571878669263945,-0.5191444159904
23,gpboost_vecchia,36,-0.8346573496907664,-0.8866123654034743,-0.5989357303462199,0.2711114174848771,0.2357216193445465
23,gpboost_vecchia,37,-2.3346317978146685,-2.2549077054911666,-1.7595059657394572,0.29602750436659675,0.5751258320752113
23,gpboost_vecchia,38,-0.9406830824664518,-0.832469657496179,-1.0927887582339153,0.20904881978617598,-0.15210567576746348
23,gpboost_vecchia,39,-1.6180187735345082,-1.3929384321539686,-1.264624120443706,0.1862332365138043,0.3533946530908021
23,gpboost_vecchia,40,-1.1831443374255113,-1.187284875457454,-1.5089604942882602,0.39071001755918605,-0.3258161568627489
23,gpboost_vecchia,41,-0.34034499288871245,-0.2971493333861296,-0.42430996085652595,0.31788134532201523,-0.0839649679678135
23,gpboost_vecchia,42,-0.2867361379227112,-0.1474025382964909,-1.1408045132554818,0.373883290361046,-0.8540683753327707
23,gpboost_vecchia,43,-1.1814008184478506,-1.2474839466643781,-1.539023384182272,0.28898808602736353,-0.3576225657344214
23,gpboost_vecchia,44,-1.3904711933941898,-1.459166451387618,-1.4723408101684612,0.20930050693757846,-0.0818696167742714
23,gpboost_vecchia,45,-2.158362331573028,-2.1438681476969914,-1.7524405861920798,0.37925445931035334,0.4059217453809483
23,gpboost_vecchia,46,-1.0468907139308479,-1.1718443810145212,-1.1169260933276348,0.17043163084408308,-0.07003537939678695
23,gpboost_vecchia,47,-0.5265165186614897,-0.4970453755572166,-0.8339422573979363,0.26923931126245243,-0.3074257387364465
23,gpboost_vecchia,48,-2.1996815132484997,-2.1367946535304188,-2.4680583936609466,0.4518984848362302,-0.2683768804124469
23,gpboost_vecchia,49,-2.085048106918652,-2.0705110464171543,-2.678979322109612,0.32737501611519054,-0.5939312151909597
23,gpboost_vecchia,50,-1.523169558279565,-1.4390030754316934,-1.3097399676698913,0.20942626957646399,0.2134295906096737
23,gpboost_vecchia,51,-1.2288025147355095,-1.1387466915524178,-1.102959608046696,0.38241525611332217,0.1258429066888136
23,gpboost_vecchia,52,-0.8530885901951091,-0.7632191020697648,-0.8856136005314283,0.24334797824490506,-0.03252501033631927
23,gpboost_vecchia,53,-0.92984481782446,-1.0073604001320766,-1.05412227843469,0.21889369666112263,-0.12427746061022993
23,gpboost_vecchia,54,-0.4465690015694251,-0.43680303432356016,-1.119911723396811,0.2336367516385989,-0.673342721827386
23,gpboost_vecchia,55,-0.8484177877000962,-0.9353429191301942,-1.325447383139256,0.3407751342901707,-0.4770295954391597
23,gpboost_vecchia,56,-1.6545730416877462,-1.5716423225598086,-1.5341759199126983,0.3102681429565232,0.12039712177504791
23,gpboost_vecchia,57,-1.3401119171902205,-1.4912499199327256,-1.3946923376505254,0.30516896762761503,-0.05458042046030487
23,gpboost_vecchia,58,-0.9193327050887449,-0.6908854345789043,-1.3205997079040657,0.21886549274043535,-0.4012670028153208
23,gpboost_vecchia,59,-2.0284967956791697,-2.0019990421080163,-1.5754012966327267,0.2509724374609187,0.4530954990464431
23,gpboost_vecchia,60,-0.7483444976807117,-0.8030844545286917,-0.6527504520670178,0.18720682107301578,0.09559404561369389
23,gpboost_vecchia,61,-0.7625902219672909,-0.6531665282366651,-0.5309231738855331,0.32122943415550753,0.23166704808175775
23,gpboost_vecchia,62,-1.5048972725266545,-1.3278864637156396,-1.3881749301174011,0.18072601029789787,0.11672234240925339
23,gpboost_vecchia,63,-0.6483934412911513,-0.7545459915300439,-0.9782032015566671,0.24445747410858482,-0.3298097602655158
23,gpboost_vecchia,64,-2.133756157055142,-2.1072320173679944,-1.8270649779087407,0.23008523396970815,0.30669117914640154
23,gpboost_vecchia,65,-1.4783086926798727,-1.5380602076102274,-1.2975363412702094,0.3508682861634976,0.1807723514096633
23,gpboost_vecchia,66,0.9451738603410249,0.8230958842663435,-0.14911374371671826,0.5755714399136888,-1.0942876040577432
23,gpboost_vecchia,67,-2.768986093595284,-2.8750090020006143,-2.6547190760044543,0.1660859996336249,0.11426701759082958
23,gpboost_vecchia,68,-1.5015198118614317,-1.5473095781591646,-1.461527607355663,0.4633866418230713,0.03999220450576879
23,gpboost_vecchia,69,-1.2213460141343486,-1.3264157897799085,-1.0171884798526563,0.3500448423256042,0.20415753428169237
23,gpboost_vecchia,70,-0.40781111880479703,-0.39612748752314314,-0.5886709003540886,0.2436013633406475,-0.1808597815492916
23,gpboost_vecchia,71,-1.0076600211647202,-0.9256523488342592,-1.0123750266380185,0.37527671404085355,-0.004715005473298284
23,gpboost_vecchia,72,-0.17213279098581613,-0.1469023070987675,-0.11129563275029852,0.29697232262697765,0.06083715823551761
23,gpboost_vecchia,73,0.23145856673390586,0.3066966687467287,0.34333924944817795,0.2778400812015075,0.1118806827142721
23,gpboost_vecchia,74,-1.3156747625954959,-1.265462943028291,-1.1867551574389381,0.19413143832004903,0.12891960515655776
23,gpboost_vecchia,75,-0.9116511445550034,-0.8644192073404163,-1.0767285311283459,0.1995804017789219,-0.16507738657334248
23,gpboost_vecchia,76,-1.8144992516652367,-1.8542165299204405,-1.9082947725009731,0.42954569945318066,-0.09379552083573639
23,gpboost_vecchia,77,-0.443588371659869,-0.36885822662719436,-0.9004493209129976,0.23084090334292612,-0.4568609492531286
23,gpboost_vecchia,78,-0.6102782410485795,-0.5937537346141581,-0.36487423590624246,0.2280493789481038,0.24540400514233707
23,gpboost_vecchia,79,-2.852252239104814,-2.685166592928083,-2.4939034656306234,0.17839691674963032,0.3583487734741908
23,gpboost_vecchia,80,-1.7445024668349363,-1.6127914121088445,-1.7685284387069018,0.21826243355388922,-0.024025971871965535
23,gpboost_vecchia,81,-1.3185175994836607,-1.2062947659376444,-1.3513797294299366,0.21219269315140007,-0.03286212994627591
23,gpboost_vecchia,82,-1.1101848803967886,-1.0178328683976163,-1.0947838670317296,0.23537137507732603,0.015401013365059057
23,gpboost_vecchia,83,-1.0955836728961694,-1.0321293257164215,-0.9586945385633214,0.2023520019792191,0.136889134332848
23,gpboost_vecchia,84,-0.6422681362115971,-0.6589256423669775,-0.8993510484751823,0.23361116393604278,-0.25708291226358526
23,gpboost_vecchia,85,0.36068932069062926,0.43031243789559137,-0.13553812649629293,0.27395291100910407,-0.4962274471869222
23,gpboost_vecchia,86,-0.4273876409612489,-0.28613044285903183,-0.7166578981360985,0.25914277740463193,-0.28927025717484955
23,gpboost_vecchia,87,-0.8101294200737915,-0.9282829036837583,-1.1118056775328071,0.25227034022814476,-0.3016762574590156
23,gpboost_vecchia,88,-2.1158335884161783,-2.1825898663920995,-2.1361838440417387,0.21214182384811767,-0.020350255625560365
23,gpboost_vecchia,89,-2.3343678886844357,-2.3770344803131986,-3.1037786627873203,0.339692503456939,-0.7694107741028846
23,gpboost_vecchia,90,-0.9215549811089618,-1.0005246690856868,-0.7050777456721846,0.21319162697717645,0.21647723543677722
23,gpboost_vecchia,91,-2.6930233724960457,-2.576414179652856,-2.4167320952936606,0.4685340932736524,0.2762912772023851
23,gpboost_vecchia,92,-0.2697295864146355,-0.1612666158743839,-0.6171838955885889,0.35512284590090165,-0.34745430917395337
23,gpboost_vecchia,93,-2.2254500431437774,-2.239665654597456,-2.3010760224934828,0.31205377211245106,-0.07562597934970539
23,gpboost_vecchia,94,-0.3538001034599517,-0.22273045304919517,-0.7270966007705866,0.3189581552915851,-0.37329649731063486
23,gpboost_vecchia,95,-0.6833835133528241,-0.5963712773859491,-0.45878282570310347,0.29076835144092944,0.22460068764972063
23,gpboost_vecchia,96,-0.8781614108887587,-0.8345340506561468,-1.227035720185441,0.24930720908128184,-0.3488743092966823
23,gpboost_vecchia,97,-2.163828533307095,-2.150216843844902,-2.098004358222404,0.24686034947038307,0.06582417508469085
23,gpboost_vecchia,98,-1.3868630900246264,-1.3053021859324274,-1.2990692734564036,0.18848646537678884,0.08779381656822283
23,gpboost_vecchia,99,-0.6064430745277614,-0.5570720864035772,-1.0212147873938306,0.22145892666546838,-0.4147717128660693
23,gpboost_vecchia,100,-1.4031127967229637,-1.2495754068583984,-1.1848487461514878,0.19371645101322355,0.2182640505714759
23,gpboost_vecchia,101,-1.9391102163566942,-1.889128514624371,-2.0090023865419937,0.5010001744355026,-0.06989217018529947
23,gpboost_vecchia,102,-0.3818810402555716,-0.4244300494062818,-0.08440169989980006,0.36102549526185274,0.29747934035577156
23,gpboost_vecchia,103,-2.1660154979524577,-2.182183318941136,-2.346711485863331,0.2751882828961558,-0.18069598791087316
23,gpboost_vecchia,104,-0.2257153610010923,-0.15748215899555867,-0.33236452662843874,0.3094020527981154,-0.10664916562734644
23,gpboost_vecchia,105,-1.406868384670652,-1.4113357164829081,-1.683892906999688,0.24729736494503415,-0.27702452232903596
23,gpboost_vecchia,106,-1.2571659894017686,-1.2909726224321336,-0.7910877369037266,0.22897009356624973,0.466078252498042
23,gpboost_vecchia,107,-0.649474602779605,-0.6160221854910441,-0.4533760615030147,0.22280706595229838,0.19609854127659032
23,gpboost_vecchia,108,-0.4404826329315487,-0.36536581692927333,-0.5210244393038366,0.2548791422850763,-0.08054180637228786
23,gpboost_vecchia,109,-3.048290849247306,-2.896466597576949,-3.3526819853633114,0.32969046346902786,-0.30439113611600543
23,gpboost_vecchia,110,-2.2002354641015116,-2.0423417007686018,-1.760274108062248,0.32519425759092596,0.4399613560392637
23,gpboost_vecchia,111,0.24571767898364183,0.2842497129645021,-0.21305614017303043,0.37605566734211254,-0.45877381915667226
23,gpboost_vecchia,112,-0.13339490776696822,-0.08647448364263605,-0.11985628629152956,0.22773444523471412,0.013538621475438661
23,gpboost_vecchia,113,-0.8232524009219903,-0.8684855677106301,-0.6928375047622808,0.24760685197751867,0.13041489615970947
23,gpboost_vecchia,114,-0.9859561932646574,-0.8875986826415454,-0.9383804885789431,0.31447529348239484,0.04757570468571437
23,gpboost_vecchia,115,-1.7264429500207927,-1.7473174766474446,-1.542414764703878,0.29793177305385676,0.18402818531691478
23,gpboost_vecchia,116,-1.7874530959879817,-1.7781257254615987,-2.2414812061485776,0.2916616894231854,-0.45402811016059585
23,gpboost_vecchia,117,-0.8713754026899179,-0.9745168138701269,-0.6618045348075441,0.2586393664747049,0.20957086788237378
23,gpboost_vecchia,118,-0.46996965658518175,-0.6096473811260686,-0.9367251904727638,0.22611719957540724,-0.46675553388758206
23,gpboost_vecchia,119,-0.1745992733063148,-0.2346093317105151,-0.07661802626194714,0.2983418959417254,0.09798124704436767
23,gpboost_vecchia,120,-1.6673428716774734,-1.6751128049426904,-1.2997502910722574,0.5246482566978211,0.36759258060521605
23,gpboost_vecchia,121,-2.410998692384866,-2.3701095352547163,-2.568331979658659,0.2499925982424778,-0.1573332872737927
23,gpboost_vecchia,122,-1.0165480111641538,-1.0574696115725295,-0.9674865846663536,0.1632895863259616,0.04906142649780021
23,gpboost_vecchia,123,0.5949605155581744,0.6721311904606952,-0.22060184435198948,0.5006830222510369,-0.8155623599101639
23,gpboost_vecchia,124,-1.620472830777401,-1.7374870331490562,-1.6411965883078068,0.3952268279562517,-0.020723757530405784
23,gpboost_vecchia,125,-0.5459478118483779,-0.5460400441910322,-1.10598574762097,0.249948470322874,-0.5600379357725921
23,gpboost_vecchia,126,-0.6650107403049486,-0.7436413672813343,-0.9661719992370834,0.31289823728562316,-0.30116125893213486
23,gpboost_vecchia,127,0.05027050238170305,0.009695758638702971,0.0008295896156766958,0.30220101891132456,-0.04944091276602636
23,gpboost_vecchia,128,-1.0368198013191248,-1.080006828314415,-0.995947629598426,0.21093109134125348,0.04087217172069879
23,gpboost_vecchia,129,-1.2631196922476433,-1.2222843134157133,-1.212754594689514,0.20196612228868546,0.050365097558129346
23,gpboost_vecchia,130,-1.2429248710770329,-1.0970602082717154,-1.4818261268185893,0.24881458830223294,-0.2389012557415564
23,gpboost_vecchia,131,0.030221546983499936,0.08600251866131242,0.019649764949335236,0.3027557205673889,-0.0105717820341647
23,gpboost_vecchia,132,-0.9213879296118287,-1.0159964857117554,-0.8095321048590449,0.1962480000753624,0.11185582475278377
23,gpboost_vecchia,133,-1.0782601516283885,-1.2765228419803796,-0.8984561225261558,0.32696771621856047,0.1798040291022327
23,gpboost_vecchia,134,-0.3877099624482955,-0.29061956176863346,-0.5277454751819945,0.31062316898382814,-0.14003551273369907
23,gpboost_vecchia,135,-1.8852346801416455,-1.8223406050489843,-1.6932299436635674,0.43089805810594267,0.19200473647807814
23,gpboost_vecchia,136,0.4196290523583409,0.4287731065002737,-0.33290028429899365,0.4670776868901552,-0.7525293366573346
23,gpboost_vecchia,137,-1.5807720017914486,-1.6164411640394214,-1.5762146635382237,0.24443218425131155,0.004557338253224907
23,gpboost_vecchia,138,-1.509947529044001,-1.70401722539288,-1.747855671768903,0.2592505238841455,-0.23790814272490213
23,gpboost_vecchia,139,-2.590724401398361,-2.7469325298592837,-2.161482687156308,0.5746418473380739,0.4292417142420528
23,gpboost_vecchia,140,0.25254368463008614,0.3293316675851603,0.07821163575605539,0.2907412757167321,-0.17433204887403075
23,gpboost_vecchia,141,-0.9890210641618048,-1.1150468359475874,-0.8949590653706707,0.2188860695941369,0.09406199879113408
23,gpboost_vecchia,142,-1.8819826706341702,-1.7725343770849435,-1.7381190846010526,0.20937447915055113,0.14386358603311766
23,gpboost_vecchia,143,-1.133556308402759,-1.0652768254899423,-1.3099775055607665,0.2141623262054471,-0.17642119715800764
23,gpboost_vecchia,144,-1.6063835837431846,-1.6574787639813873,-1.5098072221296803,0.23370598230646095,0.09657636161350425
23,gpboost_vecchia,145,-0.46389458185332905,-0.4517487151956002,-0.32520426746796005,0.3142529884053269,0.138690314385369
23,gpboost_vecchia,146,-1.459956815211844,-1.5364964566652908,-1.5490958025781296,0.3778958889302992,-0.08913898736628556
23,gpboost_vecchia,147,-1.7179355313486901,-1.721596073860055,-2.6085398838403577,0.4367970715056123,-0.8906043524916676
23,gpboost_vecchia,148,-1.0557381910211736,-1.0436399759256136,-1.368999002919928,0.2511049156864353,-0.3132608118987543
23,gpboost_vecchia,149,-1.3487087429862834,-1.446313038541417,-1.544454489482213,0.22680183177940838,-0.19574574649592957
23,gpboost_vecchia,150,-0.8491651735374142,-1.0309885897894937,-0.6270420103234784,0.17543452741040916,0.22212316321393577
23,gpboost_vecchia,151,-0.8834795808875938,-0.8933324785896549,-0.9201599620061032,0.2622768502018514,-0.03668038111850935
23,gpboost_vecchia,152,-0.35901113879644786,-0.1172476981587223,-1.0675335253900542,0.23961948979533926,-0.7085223865936063
23,gpboost_vecchia,153,-0.8568598549858848,-0.8603137023090208,-0.8236620903607914,0.2274696352316473,0.033197764625093384
23,gpboost_vecchia,154,-0.12799970084461093,-0.2318978706983134,0.22518141250307622,0.29768787952729686,0.35318111334768715
23,gpboost_vecchia,155,0.1502450402803075,0.1857355195956836,0.3055571255047127,0.24444418228669998,0.1553120852244052
23,gpboost_vecchia,156,-1.0310964199952237,-1.0395742840196955,-0.749267166676816,0.26405265749221846,0.2818292533184077
23,gpboost_vecchia,157,-2.1163318570012937,-2.3799438629338656,-1.3283015868251837,0.3005761352440178,0.7880302701761099
23,gpboost_vecchia,158,-1.0508315118194549,-0.9652900807665401,-1.0089927701293888,0.2389850264930297,0.04183874169006607
23,gpboost_vecchia,159,-0.7655356546063492,-0.6733799416383568,-0.46283022341462754,0.17630784097469393,0.30270543119172166
23,gpboost_vecchia,160,-1.8437566230013323,-2.077134687793336,-1.8692110312595887,0.36960519101886125,-0.0254544082582564
23,gpboost_vecchia,161,-0.7117537807820334,-0.7313064370187684,-1.1913760560073925,0.2422792019175464,-0.47962227522535905
23,gpboost_vecchia,162,-0.776301085013851,-0.7409902247111553,-0.28709660905422396,0.4095128728821522,0.489204475959627
23,gpboost_vecchia,163,-0.5446682241398755,-0.7081617172592449,-0.8290828472395546,0.23161479151860614,-0.28441462309967913
23,gpboost_vecchia,164,-1.0386370168854668,-1.2209229173720018,-1.0795747872951154,0.22003032711214499,-0.04093777040964852
23,gpboost_vecchia,165,0.05836139105081223,-0.01608111775659664,0.3024041708389831,0.24667973756342507,0.24404277978817085
23,gpboost_vecchia,166,-0.5372675775813504,-0.5824399981521629,-0.35042783821861434,0.2757258402462036,0.186839739362736
23,gpboost_vecchia,167,-2.154715750838693,-2.2711007053055297,-3.248570754398031,0.3952380216597781,-1.0938550035593382
23,gpboost_vecchia,168,-1.833839685994579,-1.8219917887859374,-2.10219010299555,0.4239669545898008,-0.2683504170009712
23,gpboost_vecchia,169,-0.3348395228308347,-0.23287766520076164,-0.6723212185965721,0.2161791275219388,-0.33748169576573744
23,gpboost_vecchia,170,-0.5358112137012828,-0.5826483470733443,-0.10676413873133583,0.2409975546211638,0.429047074969947
23,gpboost_vecchia,171,-1.007778359773204,-1.0342707455059215,-0.6463397010781833,0.22887054118035968,0.3614386586950207
23,gpboost_vecchia,172,-1.70144392003564,-1.5803469504265217,-2.021920165575139,0.36535455961953367,-0.32047624553949916
23,gpboost_vecchia,173,0.6049783411758292,0.698437668986531,0.061528317276994926,0.2815213351313373,-0.5434500238988342
23,gpboost_vecchia,174,-2.162630068355904,-2.0558631821576268,-2.072027169519572,0.23829787891889834,0.0906028988363321
23,gpboost_vecchia,175,-0.5976164895498755,-0.49558223395441026,-0.6699653754492516,0.2163742182644539,-0.07234888589937616
23,gpboost_vecchia,176,-1.1164592934753546,-1.0640335347571277,-1.1934347833349364,0.31792061907967767,-0.0769754898595818
23,gpboost_vecchia,177,-1.0755816778171878,-0.976871857149145,-1.0407130854590108,0.27561778740644727,0.034868592358177075
23,gpboost_vecchia,178,-0.8447280661151568,-0.9193641396397131,-0.9368018336468111,0.3094950521876697,-0.0920737675316543
23,gpboost_vecchia,179,0.8129990727955438,0.8618602114223556,0.3732941697305634,0.39144582838638803,-0.43970490306498045
23,gpboost_vecchia,180,-2.080642642005831,-2.127993931690861,-2.074713348532761,0.2151201642229663,0.005929293473069919
23,gpboost_vecchia,181,-0.5782047966387551,-0.6328234040493195,-0.828611338295012,0.26108971536549413,-0.25040654165625686
23,gpboost_vecchia,182,0.5111177750673166,0.43539728321862137,-0.042889569882294865,0.3133806788533564,-0.5540073449496115
23,gpboost_vecchia,183,0.3003518841328292,0.3486169014133866,-0.2425337579215423,0.38637076667252296,-0.5428856420543715
23,gpboost_vecchia,184,-0.9219764016504626,-0.9086961130864372,-1.1587326816293029,0.2838117744392745,-0.2367562799788403
23,gpboost_vecchia,185,-1.7872185810972216,-1.8072122965947761,-2.522770063312528,0.3813020020841863,-0.7355514822153064
23,gpboost_vecchia,186,0.11324495440273447,0.11515500421756601,-0.18081191688607845,0.2532161387824961,-0.2940568712888129
23,gpboost_vecchia,187,-0.849950283783349,-0.8037333992496314,-1.0086071323051584,0.2132159042493976,-0.1586568485218094
23,gpboost_vecchia,188,-0.7134393614254604,-0.5852129610379552,-0.09759512522977332,0.22634788824103513,0.6158442361956871
23,gpboost_vecchia,189,-1.2701131653817797,-1.1777360273939343,-1.190387329325901,0.21883838633403477,0.07972583605587857
23,gpboost_vecchia,190,-1.1615015700477207,-1.0763569892595368,-0.9367301796068119,0.21240380200433506,0.22477139044090877
23,gpboost_vecchia,191,-0.03813698786349955,0.008669869690473134,-0.17626732669770462,0.3653628182522241,-0.13813033883420506
23,gpboost_vecchia,192,-1.8301113931235764,-1.7963044343142476,-1.4234768230158465,0.4454482855125756,0.40663457010772985
23,gpboost_vecchia,193,-0.39681663297727754,-0.3987801149652021,-0.46463008395805616,0.4189640821048044,-0.06781345098077862
23,gpboost_vecchia,194,-1.6917283926127862,-1.612091030599104,-2.103377890785282,0.25289825863614573,-0.41164949817249585
23,gpboost_vecchia,195,-0.5566388382018622,-0.43502710216536467,-0.8377749626974804,0.3825048095423105,-0.2811361244956182
23,gpboost_vecchia,196,-2.93506773280271,-2.815335178630878,-3.136028262208413,0.28930293124890616,-0.20096052940570264
23,gpboost_vecchia,197,-1.6248083826445752,-1.7513110767397724,-1.7690356807897913,0.4858325263527133,-0.14422729814521618
23,gpboost_vecchia,198,-2.5120121344346007,-2.378518524359962,-2.2744788467671384,0.18771755850795002,0.2375332876674623
23,gpboost_vecchia,199,-1.6477554743171656,-1.5566169993799104,-1.288773386357974,0.32465441328240197,0.3589820879591916
23,gpboost_vecchia,200,-2.039722007941709,-2.036026250708225,-2.1556434257287904,0.29165487090669295,-0.11592141778708154
23,gpboost_vecchia,201,-2.663776337713656,-2.5744503895466893,-2.576452627888422,0.14816475394016185,0.08732370982523419
23,gpboost_vecchia,202,-0.2045534589116589,-0.24260572576071793,0.00783917447346738,0.4256039232234932,0.2123926333851263
23,gpboost_vecchia,203,-1.1969087568634391,-1.138233970847206,-0.9691537014471052,0.2153356671166198,0.2277550554163339
23,gpboost_vecchia,204,-1.3193978326411022,-1.247472624888446,-1.130196840555783,0.22070769265272144,0.18920099208531926
23,gpboost_vecchia,205,-1.2467529520932472,-1.291872508080062,-0.8217671887275486,0.24191106830617848,0.4249857633656986
23,gpboost_vecchia,206,-0.936903563919093,-0.9482751268567823,-0.56119805834755,0.2501687274729501,0.37570550557154303
23,gpboost_vecchia,207,-2.2026601912081007,-2.246813422476099,-2.532924801563695,0.26062938296570326,-0.3302646103555942
23,gpboost_vecchia,208,-1.1002898576837066,-0.9771167526830409,-1.2358564054034886,0.22762525542054038,-0.13556654771978205
23,gpboost_vecchia,209,-2.4343402730693366,-2.416600209734786,-2.418163998092986,0.21896807020802486,0.01617627497635077
23,gpboost_vecchia,210,-2.551731777203107,-2.4097767116764843,-2.171030996273437,0.43838910130543557,0.38070078092966986
23,gpboost_vecchia,211,-1.0555430589274069,-1.0182376257068844,-0.7287908350453591,0.25502853486746035,0.3267522238820477
23,gpboost_vecchia,212,-1.6056355314014417,-1.696756951371242,-1.540586217296429,0.2274412961205952,0.06504931410501258
23,gpboost_vecchia,213,-1.768455306983096,-1.8647777880822738,-1.239432580502978,0.3306004709738838,0.5290227264801179
23,gpboost_vecchia,214,-0.9710512646905788,-1.0434875318411398,-0.9223753401387924,0.25844303342175645,0.048675924551786376
23,gpboost_vecchia,215,-1.9746284214625904,-1.9571782049301747,-1.7405812399629852,0.2775154380907304,0.23404718149960524
23,gpboost_vecchia,216,-0.23174128313582554,-0.3421936038851426,-0.004720733085704865,0.30601160352990664,0.22702055005012067
23,gpboost_vecchia,217,-0.2464848054392737,-0.40105060193612246,0.26859781124677795,0.3011830288177843,0.5150826166860516
23,gpboost_vecchia,218,-0.7685048710333421,-0.6814129748643312,-1.054711991967487,0.2222822092425378,-0.2862071209341449
23,gpboost_vecchia,219,-1.9802169189380239,-1.972104227873201,-2.1791106931890383,0.4012251849587749,-0.1988937742510144
23,gpboost_vecchia,220,0.0859364424003588,0.17571108152232223,-0.28617892363088515,0.3387112784976341,-0.37211536603124395
23,gpboost_vecchia,221,-0.3651364682560145,-0.2700924812763279,-0.9675174331272274,0.22712615690698718,-0.6023809648712128
23,gpboost_vecchia,222,-2.617486120778708,-2.6701887505025943,-2.4457157193171923,0.4276070325991981,0.17177040146151556
23,gpboost_vecchia,223,-1.3541457354729096,-1.4653198550118236,-1.5052243111554304,0.21502627898630836,-0.1510785756825208
23,gpboost_vecchia,224,-0.002681232478586551,0.19782868931748043,-0.6509866572752614,0.25088286970125434,-0.6483054247966749
23,gpboost_vecchia,225,-1.148566106188427,-1.2772006671836313,-0.8269371844122659,0.30402281010574794,0.321628921776161
23,gpboost_vecchia,226,-1.162487792653515,-1.4109700018640274,-1.5370307481370205,0.25134143361746863,-0.37454295548350536
23,gpboost_vecchia,227,-3.482839666539767,-3.5296102492919315,-3.1868880527269994,0.2528742935780171,0.2959516138127678
23,gpboost_vecchia,228,0.28004686431689957,0.2600897508222833,-0.13617700476889638,0.24979586405950155,-0.41622386908579595
23,gpboost_vecchia,229,-0.29671531333284645,-0.35511688343827585,-0.354335662586017,0.2887315898107166,-0.057620349253170555
23,gpboost_vecchia,230,-1.3208905826005108,-1.2104271539997085,-1.1996152098131958,0.2175399418375625,0.12127537278731504
23,gpboost_vecchia,231,-0.13541650633654762,-0.01598696416060215,0.2276376741087347,0.2676644365596905,0.3630541804452823
23,gpboost_vecchia,232,-0.5126738218311339,-0.49457966089684857,-0.22917203905082317,0.3981697168562518,0.2835017827803107
23,gpboost_vecchia,233,0.6357794861415444,0.6199027445499318,0.26490024399453915,0.2742112418127012,-0.3708792421470053
23,gpboost_vecchia,234,-1.0544191921455852,-1.0250218190522837,-1.0773228892743987,0.21172178434970415,-0.02290369712881346
23,gpboost_vecchia,235,-0.5224957053134631,-0.6081500444466806,-0.5176959020450767,0.3362580953525856,0.004799803268386471
23,gpboost_vecchia,236,-2.7620327072359325,-2.8323983195362965,-2.5589501940453303,0.17754380898237318,0.20308251319060222
23,gpboost_vecchia,237,-1.1457154718789502,-1.269863972108918,-1.23853446767572,0.20343904991899428,-0.09281899579676978
23,gpboost_vecchia,238,-1.2556384958365565,-1.385027867826249,-1.391376375859835,0.17118066324356024,-0.13573788002327847
23,gpboost_vecchia,239,-0.5940936376559185,-0.5647216957562944,-0.3890117476340649,0.3444378009305445,0.20508189002185362
23,gpboost_vecchia,240,0.481715229367746,0.588609977120925,-0.37080528628192155,0.47438400973664857,-0.8525205156496676
23,gpboost_vecchia,241,-2.496724600333719,-2.4718344403727808,-2.365257840489143,0.34082760160846376,0.13146675984457623
23,gpboost_vecchia,242,-0.5642753185489624,-0.5961388943207186,-0.503905137649312,0.4003959018240468,0.060370180899650405
23,gpboost_vecchia,243,-0.8199315524087794,-0.8800037828299392,-0.9261871856971311,0.31709249445792737,-0.10625563328835175
23,gpboost_vecchia,244,-0.826786093047454,-0.8005438974320602,-0.9464242401602903,0.23781426468966235,-0.11963814711283627
23,gpboost_vecchia,245,-1.1687258034477823,-1.1545435266330193,-1.019348543553491,0.17761414413850315,0.1493772598942913
23,gpboost_vecchia,246,-2.1423218274707305,-2.1239408699321642,-2.119713717504105,0.4133911056479886,0.022608109966625545
23,gpboost_vecchia,247,-1.1543148462437884,-0.8700138154617995,-1.2040469195129901,0.25088188675177303,-0.049732073269201704
23,gpboost_vecchia,248,-2.8064126905501174,-2.805812482528234,-3.1887989304475113,0.30438806012044833,-0.38238623989739384
23,gpboost_vecchia,249,-1.3766540863337027,-1.2674989159557957,-1.6510444388744077,0.6842182781153162,-0.274390352540705
23,gpboost_vecchia,250,-1.0323803376671885,-1.1723653601084933,-0.9043589255630877,0.18960037400125068,0.12802141210410078
23,gpboost_vecchia,251,-2.3840279279058016,-2.3631854113253374,-2.419672222859333,0.2772657937510744,-0.035644294953531386
23,gpboost_vecchia,252,-1.746755819861148,-1.6729187646587569,-1.6521857474254205,0.2984084010054966,0.09457007243572746
23,gpboost_vecchia,253,-1.0068610149253026,-0.9199053946672058,-0.6756144043916947,0.36804588864103127,0.3312466105336078
23,gpboost_vecchia,254,-3.0083281516259515,-3.1423236907103083,-3.0183490597135147,0.29043780244510975,-0.010020908087563285
23,gpboost_vecchia,255,-3.57913288189192,-3.489502688734915,-3.17375538006835,0.24468033229887035,0.4053775018235699
23,gpboost_vecchia,256,-0.5795547837340485,-0.5074097929574353,-0.6662953604396833,0.221752051032543,-0.08674057670563484
23,gpboost_vecchia,257,-1.2849072680404454,-1.3790083135261497,-1.108219894619964,0.232314358936256,0.17668737342048146
23,gpboost_vecchia,258,-2.8139769388769356,-2.8429228634389276,-2.465529323490159,0.60420339365713,0.3484476153867764
23,gpboost_vecchia,259,-1.1957659230591409,-1.1057246269770824,-1.3542644158303645,0.20828309481926235,-0.15849849277122363
23,gpboost_vecchia,260,-0.8376305483565352,-0.7346930446239552,-0.49788329930630937,0.17620327791147897,0.3397472490502258
23,gpboost_vecchia,261,-1.070841597545179,-0.8855806901380798,-0.767863351906307,0.2824684156558085,0.3029782456388721
23,gpboost_vecchia,262,-0.4481143594398309,-0.4640169832335494,-0.15671461862338987,0.22123843759209222,0.29139974081644104
23,gpboost_vecchia,263,0.034651727414746814,0.09489304018410166,0.273159289892682,0.3564862063370386,0.2385075624779352
23,gpboost_vecchia,264,-2.427409319722176,-2.3967459019428055,-2.536024030634458,0.3058621519054659,-0.1086147109122817
23,gpboost_vecchia,265,-2.168290479463872,-2.3997514837448626,-2.0115780351665506,0.24313659188886613,0.15671244429732134
23,gpboost_vecchia,266,-1.0439065124321316,-0.962917536291696,-0.7655944849666199,0.18698543327386416,0.27831202746551176
23,gpboost_vecchia,267,-1.9723245504307625,-1.8730542245553816,-2.007875585643987,0.4893627942915292,-0.03555103521322445
23,gpboost_vecchia,268,-1.6136020859921971,-1.760953680539053,-1.7937338950809831,0.20176100403620367,-0.180131809088786
23,gpboost_vecchia,269,-2.471351307755531,-2.319623427922776,-2.3793582747565836,0.4331203940638312,0.09199303299894757
23,gpboost_vecchia,270,-0.043680889440448734,-0.025846010594098082,-0.24493430888298917,0.3584602031429613,-0.20125341944254044
23,gpboost_vecchia,271,-0.4042416849094382,-0.3686423720281491,-0.5990043233236619,0.25601935144841614,-0.19476263841422375
23,gpboost_vecchia,272,-1.9188196289067272,-1.9984844542343194,-1.7549288934798923,0.2213848168493127,0.16389073542683485
23,gpboost_vecchia,273,-2.327004653405867,-2.254206946349951,-2.2801481110212265,0.37522308113471553,0.04685654238464032
23,gpboost_vecchia,274,-0.6716433129848597,-0.6768951203656054,-0.9419373894822058,0.22384222421156746,-0.27029407649734616
23,gpboost_vecchia,275,-1.015439877608691,-1.1367634800132915,-0.7060785679135151,0.290840066019494,0.30936130969517595
23,gpboost_vecchia,276,-2.175254580423627,-2.208702578031083,-2.3205810482550007,0.31116885352309764,-0.14532646783137348
23,gpboost_vecchia,277,-0.46493483871399977,-0.36071801562071415,-0.42826170498312877,0.2661370473353403,0.036673133730871
23,gpboost_vecchia,278,-0.9005535948767542,-0.963181540151148,-0.9386568599051444,0.20661026066527108,-0.03810326502839012
23,gpboost_vecchia,279,-1.726037000250556,-1.7749817046974907,-2.4508011683132267,0.3289896040250392,-0.7247641680626706
23,gpboost_vecchia,280,-1.1313110200837513,-1.0962633631950158,-1.0984748583339439,0.14999573129711022,0.03283616174980741
23,gpboost_vecchia,281,-1.3746077416195628,-1.3310866838870754,-1.3810243409935552,0.1850693451696134,-0.006416599373992415
23,gpboost_vecchia,282,-0.9593656982367769,-1.1281973099376315,-1.1441746174019514,0.19470513404287637,-0.1848089191651745
23,gpboost_vecchia,283,-2.362986568983712,-2.406280467829514,-2.2479920806061173,0.3605921370306807,0.11499448837759463
23,gpboost_vecchia,284,-0.9882010466408694,-1.0747883822749411,-0.843196430125488,0.19735785583225132,0.14500461651538143
23,gpboost_vecchia,285,-0.9423272054278165,-1.0281567585971139,-1.1240894155977514,0.21923085180855723,-0.181762210169935
23,gpboost_vecchia,286,-2.598559370729677,-2.6120727494713054,-2.4656632417438757,0.4490483057291149,0.13289612898580128
23,gpboost_vecchia,287,-1.789073281369188,-2.0482071564962725,-1.9643819912448492,0.26140170634599247,-0.17530870987566116
23,gpboost_vecchia,288,-1.9592683531711859,-2.0206122974260667,-2.292534991359183,0.398158055868846,-0.3332666381879972
23,gpboost_vecchia,289,-0.6906126827053467,-0.6183059850598812,-0.7643254732016942,0.3363657505838972,-0.07371279049634749
23,gpboost_vecchia,290,-1.4457482520204388,-1.4856995597068483,-1.1830194102576854,0.24926813361490957,0.26272884176275335
23,gpboost_vecchia,291,-1.686717095783664,-1.5095028307427567,-1.9645931716516003,0.2837697080219908,-0.2778760758679364
23,gpboost_vecchia,292,-0.5343764579498196,-0.8645144415828174,-0.2616032777645003,0.25830409305982244,0.27277318018531926
23,gpboost_vecchia,293,-1.0840343018242544,-1.188256816434339,-0.7309779100205418,0.23048444641254437,0.3530563918037126
23,gpboost_vecchia,294,-0.7432900736208781,-0.6630444805493745,-0.785091899625229,0.18876493500083405,-0.041801826004350895
23,gpboost_vecchia,295,-1.9911133079647036,-1.8841621110026587,-2.534604162980372,0.2634613292064204,-0.5434908550156685
23,gpboost_vecchia,296,-1.2456993128170173,-1.2149344297697064,-1.0109867355883537,0.21530924769275317,0.23471257722866357
23,gpboost_vecchia,297,-0.853408755550746,-0.8709257271860465,-0.667543549440154,0.26054473916150944,0.18586520611059199
23,gpboost_vecchia,298,-1.8669125407210814,-1.8489301815240025,-1.6323454676064486,0.1785793807431031,0.23456707311463276
23,gpboost_vecchia,299,-0.955213459790969,-0.9128154985388879,-1.1575177579238485,0.20366809766973598,-0.20230429813287942
24,gpboost_vecchia,0,-2.782403860334396,-2.6127002590073136,-2.4897116813164075,0.2809836448590728,0.2926921790179886
24,gpboost_vecchia,1,-2.4925644509215594,-2.2444415570233365,-2.50065943974624,0.17978879840518608,-0.008094988824680627
24,gpboost_vecchia,2,-1.3793723613173579,-1.4208526498577088,-1.4537599947336304,0.21629738988340197,-0.07438763341627253
24,gpboost_vecchia,3,-1.2519050187555418,-1.1843413989510008,-1.758615741079467,0.27788648558856976,-0.5067107223239251
24,gpboost_vecchia,4,-1.2034410487633087,-1.1952929463348212,-1.2464694262779616,0.269766215597483,-0.04302837751465294
24,gpboost_vecchia,5,-2.246200623949576,-2.2607251756821083,-2.2786154686502513,0.26570629847129723,-0.03241484470067535
24,gpboost_vecchia,6,-1.1865298589394286,-1.1771079679860832,-1.362228321107139,0.27494808458618647,-0.17569846216771046
24,gpboost_vecchia,7,-1.081183497157701,-1.042550481580971,-0.8445200343153694,0.3325845876029361,0.23666346284233164
24,gpboost_vecchia,8,-1.4282038846278649,-1.3016662166384072,-1.7947468814414975,0.3358255684264292,-0.36654299681363267
24,gpboost_vecchia,9,-1.505460037793505,-1.5285262213179522,-1.2753136169806467,0.17613115756601433,0.2301464208128583
24,gpboost_vecchia,10,-1.168010486315163,-1.183169068995424,-0.9681661480792592,0.28225898355830203,0.19984433823590386
24,gpboost_vecchia,11,-1.5023428121176146,-1.7096731448914666,-1.4923088287770447,0.2576130117411664,0.010033983340569819
24,gpboost_vecchia,12,-2.2269338719599885,-2.2094646280496812,-2.145238722161146,0.22416113145488775,0.08169514979884251
24,gpboost_vecchia,13,-1.2379286984341913,-1.2102718807565183,-1.3782902282408287,0.24365865468007852,-0.1403615298066374
24,gpboost_vecchia,14,-2.1305324635090352,-2.3299010973886114,-2.0792586784238125,0.26100257877817123,0.051273785085222734
24,gpboost_vecchia,15,-1.9125859199269868,-2.0766347722064635,-2.1275157963385354,0.2589422885882667,-0.2149298764115486
24,gpboost_vecchia,16,-1.9041445090044755,-1.8727869336495078,-1.5553797828357006,0.2203105696539516,0.34876472616877496
24,gpboost_vecchia,17,-0.713880994554353,-0.6842409495813128,-0.843686323451621,0.25973952236979087,-0.12980532889726792
24,gpboost_vecchia,18,0.7470334134338421,0.8426896020473893,0.3086640749215803,0.26009423838535695,-0.4383693385122618
24,gpboost_vecchia,19,-2.1054166387573305,-2.355746643929864,-2.008828736173985,0.19095537695642836,0.09658790258334538
24,gpboost_vecchia,20,-1.0660909223204178,-1.0357885526943011,-1.090470992746674,0.2331107337447126,-0.02438007042625623
24,gpboost_vecchia,21,1.1853105378692155,1.1259339703284157,1.1570577224454865,0.20591686893754324,-0.028252815423728928
24,gpboost_vecchia,22,-2.4876170030099205,-2.5828260026950365,-2.3772924648561045,0.2893416399436007,0.11032453815381604
24,gpboost_vecchia,23,-0.7438051480357332,-0.8636261164497464,-0.3615902023442885,0.20876134087142237,0.38221494569144465
24,gpboost_vecchia,24,-1.402298040108507,-1.3569681699754632,-1.319069978719753,0.2852960103366565,0.08322806138875394
24,gpboost_vecchia,25,-2.605777751113706,-2.6307296871095804,-2.30665688604941,0.33955017054053976,0.299120865064296
24,gpboost_vecchia,26,-2.0358481710297065,-1.9986624733590157,-2.2433071244338834,0.2987827906721074,-0.20745895340417686
24,gpboost_vecchia,27,-1.8122717683703837,-1.7567066763170063,-1.5011011112533765,0.2727446865194654,0.3111706571170072
24,gpboost_vecchia,28,-2.385646134645772,-2.362909156732159,-2.340392187036052,0.2532966851057516,0.04525394760971979
24,gpboost_vecchia,29,-0.20031310157987375,-0.16833223021446284,-0.25384735895515576,0.25276707732764087,-0.053534257375282
24,gpboost_vecchia,30,-1.5166007543900115,-1.526390931785186,-1.5094673382380144,0.2727869942177456,0.007133416151997141
24,gpboost_vecchia,31,-0.9905961737435734,-1.0478113230604011,-0.8238692862736201,0.2833453420136529,0.16672688746995334
24,gpboost_vecchia,32,-2.037439941559885,-2.1451507964610212,-1.8959041460955603,0.2775017382915591,0.14153579546432482
24,gpboost_vecchia,33,-1.035148162665356,-1.136113418777472,-1.325502373809897,0.285860967038146,-0.29035421114454096
24,gpboost_vecchia,34,-2.606963631860322,-2.667350683706754,-2.3982246416721864,0.24096579403106047,0.2087389901881358
24,gpboost_vecchia,35,-0.9926942513384062,-0.9588920646195283,-1.049526877960055,0.27112803306671374,-0.056832626621648896
24,gpboost_vecchia,36,-2.2672199659341876,-2.321360405772072,-2.2991874988419596,0.28790750741942017,-0.03196753290777199
24,gpboost_vecchia,37,0.02734961807474201,0.014676126349657778,-0.35089900949404296,0.23017234613910276,-0.37824862756878497
24,gpboost_vecchia,38,-1.8404681470028483,-1.7223309885671578,-1.9936898484426422,0.2422091332568956,-0.15322170143979386
24,gpboost_vecchia,39,-1.1379503059590528,-1.1028256675999486,-1.4991187198799594,0.3325990369855136,-0.3611684139209066
24,gpboost_vecchia,40,-1.6041072677110335,-1.5883027365365725,-1.2012154602821603,0.3085025221832152,0.4028918074288732
24,gpboost_vecchia,41,-2.464413546536101,-2.4040935805900796,-2.2958313094654557,0.2602864296968184,0.16858223707064512
24,gpboost_vecchia,42,0.003514762820833406,0.18449861621632127,-0.46264537723718036,0.24551923226063857,-0.46616014005801376
24,gpboost_vecchia,43,-1.2680230681234055,-1.3181389022304648,-1.2692465427727733,0.28032791832064824,-0.001223474649367784
24,gpboost_vecchia,44,-1.6543511453663915,-1.675294938015164,-1.8146245337944933,0.2380652978122328,-0.1602733884281018
24,gpboost_vecchia,45,0.25695490730200343,0.4303344153337749,0.1789534574526641,0.24468954553734545,-0.07800144984933932
24,gpboost_vecchia,46,-1.2608324705309493,-1.115067340664965,-1.3809199178174936,0.3476804049091381,-0.1200874472865443
24,gpboost_vecchia,47,-2.9337407146279997,-2.837252483326628,-2.652672693976122,0.23839359681627212,0.28106802065187786
24,gpboost_vecchia,48,-1.8012415179690682,-1.744059033757568,-1.8786302837034015,0.17736636957258087,-0.07738876573433329
24,gpboost_vecchia,49,-0.6773115199746432,-0.6012231601706707,-0.5083222135737344,0.21320270224786075,0.1689893064009088
24,gpboost_vecchia,50,-0.9830152655562776,-1.0695733036287665,-0.9708016619928088,0.272714167013544,0.012213603563468789
24,gpboost_vecchia,51,-1.586642027351431,-1.6441333859349274,-1.084162857828435,0.348623875766244,0.502479169522996
24,gpboost_vecchia,52,-0.08452954887051217,-0.03861236039708125,-0.4418404271424663,0.24422107901922852,-0.3573108782719541
24,gpboost_vecchia,53,0.20565588260594175,0.20367821716478124,-0.3715096533550053,0.2546725007306261,-0.5771655359609471
24,gpboost_vecchia,54,-1.1465364633413926,-1.1250894743146564,-0.7888827736211255,0.25804908179940106,0.3576536897202671
24,gpboost_vecchia,55,-1.9453085682093019,-1.8081194689045668,-2.1575272946403548,0.25018857376167347,-0.21221872643105288
24,gpboost_vecchia,56,-1.2009483522448423,-1.2316703998861318,-1.373991277697371,0.3665612650974849,-0.17304292545252875
24,gpboost_vecchia,57,1.0269549603880717,1.1300437621059516,0.5758918429206545,0.26276943220927884,-0.4510631174674171
24,gpboost_vecchia,58,-1.1142192548786927,-1.2978744026599085,-0.9724548755888929,0.2969036059010008,0.1417643792897998
24,gpboost_vecchia,59,-2.7936066384274056,-2.8963036979427454,-2.1995528762756607,0.27122869671447947,0.594053762151745
24,gpboost_vecchia,60,-1.3034270330244508,-1.3253017177331181,-1.1646602736805605,0.28003283597203216,0.13876675934389038
24,gpboost_vecchia,61,-2.5803919015177814,-2.7002633705356773,-2.380030775816234,0.2339502236602946,0.2003611257015474
24,gpboost_vecchia,62,-0.3074910783698881,-0.15980438832023516,-0.05912748217519237,0.3865197038044205,0.24836359619469572
24,gpboost_vecchia,63,-2.168374154629081,-2.1028707464482967,-2.0200304391349917,0.21491635421845415,0.14834371549408942
24,gpboost_vecchia,64,-1.0670102446022778,-0.9313418239651216,-1.411150958122823,0.31289025881110916,-0.3441407135205452
24,gpboost_vecchia,65,-1.5521131183117685,-1.4297389413684747,-1.7189291755916187,0.3171937237074629,-0.16681605727985027
24,gpboost_vecchia,66,-1.422041737148423,-1.3269797266583694,-1.9210924101629274,0.2975461572356783,-0.49905067301450434
24,gpboost_vecchia,67,1.194451890261976,1.3260050741764204,0.29366220651984065,0.2907306080776639,-0.9007896837421354
24,gpboost_vecchia,68,-2.0866382492185145,-2.0959659798388883,-2.1890624397914777,0.2525215102920016,-0.10242419057296326
24,gpboost_vecchia,69,-0.764723052154536,-0.5637082114498284,-1.2750700134669088,0.5260935163894472,-0.5103469613123729
24,gpboost_vecchia,70,-2.0688549872962043,-2.1738776881773236,-1.8778984661479257,0.2556925198397037,0.19095652114827866
24,gpboost_vecchia,71,-0.3757378112240386,-0.28964887053411115,-0.1859458624556538,0.32311157637244303,0.1897919487683848
24,gpboost_vecchia,72,-2.596358528614381,-2.560728898779522,-2.3283210914403156,0.16685405404236237,0.2680374371740655
24,gpboost_vecchia,73,-1.3685198466582955,-1.3639775538390155,-1.6941302952674029,0.3037897957538935,-0.3256104486091074
24,gpboost_vecchia,74,0.6694226566091519,0.7592133359619979,0.8992469435052897,0.2682203728951717,0.22982428689613776
24,gpboost_vecchia,75,-0.18908520802149614,-0.11668056480700627,0.3461311656635502,0.2502256250453756,0.5352163736850464
24,gpboost_vecchia,76,-1.834870028876855,-1.9097633536745742,-2.012258540204405,0.25740810581612283,-0.17738851132754996
24,gpboost_vecchia,77,-2.6798127527277096,-2.5633284114327615,-2.509338294739713,0.2544367570688446,0.17047445798799643
24,gpboost_vecchia,78,-0.9350568715178252,-0.9430307474129401,-1.7389534880721698,0.2971381151219059,-0.8038966165543445
24,gpboost_vecchia,79,-2.9942291810428006,-2.865820216782105,-2.568773136497853,0.29214862993177987,0.42545604454494734
24,gpboost_vecchia,80,-1.6834652623312347,-1.6435619899287541,-1.9406365120425946,0.2697466152101074,-0.25717124971135985
24,gpboost_vecchia,81,-1.1250201270902205,-1.086678594148185,-1.6969849085289255,0.37046005022921596,-0.571964781438705
24,gpboost_vecchia,82,-2.607387634595542,-2.523978047901528,-2.446107951671742,0.1804691345013906,0.16127968292380013
24,gpboost_vecchia,83,-1.1281636394621237,-1.1855086372178694,-0.9263070568611198,0.34265450272176406,0.20185658260100392
24,gpboost_vecchia,84,-1.7537541422875853,-1.8094148053778887,-2.080261936202085,0.34518754117574024,-0.3265077939144996
24,gpboost_vecchia,85,0.7428257699840939,0.7547243404501746,0.817781321408134,0.1697707664629872,0.07495555142404009
24,gpboost_vecchia,86,-2.024187195600598,-2.1911040260242562,-2.334491850346865,0.2591127043833466,-0.3103046547462669
24,gpboost_vecchia,87,-1.3566255571542938,-1.2450688704124986,-1.0105521702031268,0.24621261607126088,0.34607338695116696
24,gpboost_vecchia,88,-2.1299136406609045,-2.1246367262712273,-2.08508532375944,0.21742808936773025,0.04482831690146449
24,gpboost_vecchia,89,0.39359166619961383,0.3168020419087985,0.7165803540453766,0.2467119923239972,0.32298868784576273
24,gpboost_vecchia,90,-2.1032306946600725,-2.091696743262197,-2.021375578137704,0.23980010192098697,0.08185511652236865
24,gpboost_vecchia,91,-1.276621638964178,-1.3328650051924424,-1.6529143603510192,0.29892235683556373,-0.3762927213868412
24,gpboost_vecchia,92,-1.2325816642094773,-1.2138579335945132,-1.1584944113340683,0.3870458941486175,0.07408725287540907
24,gpboost_vecchia,93,-1.9757622767085603,-2.0141965594355886,-2.1904064517812074,0.25558300590916544,-0.2146441750726471
24,gpboost_vecchia,94,-0.4095233912081202,-0.30223065514903463,-0.6498828706014166,0.24175465425824746,-0.24035947939329638
24,gpboost_vecchia,95,-1.1656269287312389,-1.2252123274074989,-1.2694890504155278,0.2918157142064851,-0.10386212168428899
24,gpboost_vecchia,96,-1.8894120145739683,-1.8082264610102665,-1.3119182611166025,0.2665765726689402,0.5774937534573659
24,gpboost_vecchia,97,-0.9586690522508803,-1.0075512986132247,-1.4845481833325351,0.2832890976626699,-0.5258791310816548
24,gpboost_vecchia,98,-0.13705449191946528,0.013853171462351987,-0.004276839739361549,0.24583473857346638,0.13277765218010373
24,gpboost_vecchia,99,-1.3041450758063968,-1.2163108755577048,-0.9894722765388337,0.27424421348349354,0.3146727992675631
24,gpboost_vecchia,100,-1.6235739988767404,-1.5013942538650291,-1.0654501051085106,0.38138822381780074,0.5581238937682298
24,gpboost_vecchia,101,-1.4814742301917165,-1.3378400135411277,-1.6010800276487984,0.2697499134709876,-0.11960579745708189
24,gpboost_vecchia,102,0.6138483288855344,0.5676492367025878,0.04967110044698586,0.24473211963093475,-0.5641772284385486
24,gpboost_vecchia,103,-1.8581515261623087,-1.8190171449482022,-1.485165830971134,0.2157422803740879,0.37298569519117475
24,gpboost_vecchia,104,-2.824856424127243,-2.9122881552582713,-2.6023754951432565,0.2902082063278965,0.22248092898398664
24,gpboost_vecchia,105,-2.1652235518081167,-2.1356922957698834,-2.4483930999443047,0.2610058285284061,-0.283169548136188
24,gpboost_vecchia,106,-1.657450921141321,-1.76272591306091,-1.7486182123922092,0.22958512140358386,-0.09116729125088807
24,gpboost_vecchia,107,-0.9825005004404758,-1.1667478606302295,-0.9045163878704159,0.3908447229990539,0.07798411257005988
24,gpboost_vecchia,108,-2.7767726803128925,-2.840937657049616,-2.490868632117653,0.2793953722866373,0.2859040481952393
24,gpboost_vecchia,109,-0.8225068606709185,-0.8030601162466972,-1.1388898464408328,0.3074641713426221,-0.3163829857699143
24,gpboost_vecchia,110,-1.553564699679055,-1.4519013236745124,-1.5618382657599597,0.27003052902734914,-0.00827356608090457
24,gpboost_vecchia,111,-0.4660635303063545,-0.21336554561116244,-0.3005928369869082,0.1689125163487036,0.1654706933194463
24,gpboost_vecchia,112,-2.7484508111336603,-2.7956740252065653,-2.035288951765736,0.3044889402571734,0.7131618593679243
24,gpboost_vecchia,113,-0.9893640545834035,-0.9728739469348083,-0.7255955057916026,0.3291716304635317,0.2637685487918009
24,gpboost_vecchia,114,-1.1057016191777418,-1.138442797384463,-1.4324611599810169,0.18636460776425032,-0.3267595408032751
24,gpboost_vecchia,115,-2.32718480882299,-2.337072570567202,-2.200641619083555,0.24602488780417267,0.12654318973943468
24,gpboost_vecchia,116,-0.4529789304594547,-0.37363201040584726,-0.8264456903118287,0.3514984833673996,-0.373466759852374
24,gpboost_vecchia,117,1.0344319503293053,1.0745994064505722,0.9795235237980648,0.12990412390101938,-0.054908426531240506
24,gpboost_vecchia,118,-0.8884735407282442,-0.9837585299319721,-0.6332881023623216,0.33217860576361363,0.25518543836592267
24,gpboost_vecchia,119,-1.0059219327948372,-1.1092893676836277,-1.1333787115930107,0.3735015765276255,-0.12745677879817352
24,gpboost_vecchia,120,-0.8149609680135198,-0.8570681534010122,-0.7229928313000471,0.4492346969913433,0.0919681367134727
24,gpboost_vecchia,121,0.9261405600411959,0.8197842726397807,0.7630401478866133,0.1596438029865831,-0.1631004121545826
24,gpboost_vecchia,122,-0.24347667748822882,-0.23847822042333344,-0.01743629159835791,0.24547476093532022,0.2260403858898709
24,gpboost_vecchia,123,-1.162093541188359,-1.1391982824960492,-0.847561528600572,0.3716227432417625,0.31453201258778707
24,gpboost_vecchia,124,-1.409047227832974,-1.4549920179530078,-1.539578241750526,0.315459169990169,-0.13053101391755195
24,gpboost_vecchia,125,-1.0435509601429542,-1.1895567717652107,-1.4489273813388408,0.2816225588263914,-0.40537642119588657
24,gpboost_vecchia,126,-2.560686248959714,-2.518549327927625,-2.4316096726331295,0.26796972679316905,0.12907657632658465
24,gpboost_vecchia,127,-1.508993385129758,-1.5995723020956611,-1.559438548348922,0.23627799599411414,-0.050445163219164035
24,gpboost_vecchia,128,-1.3337012247107756,-1.278453496099108,-1.1411500620054973,0.14642389088168348,0.19255116270527828
24,gpboost_vecchia,129,-1.803162961603355,-1.8616067277024024,-2.326423487307295,0.274186556221135,-0.52326052570394
24,gpboost_vecchia,130,0.8526385714630696,0.8006173705134938,0.4402073719733153,0.2165847315131189,-0.4124311994897544
24,gpboost_vecchia,131,-0.6683836159954425,-0.6004451255806096,-0.979902058993332,0.2638434512957644,-0.31151844299788956
24,gpboost_vecchia,132,-1.1440567846147913,-1.1683948653572167,-1.2688766357138093,0.244514751888116,-0.12481985109901794
24,gpboost_vecchia,133,-0.9259284928565557,-0.9711905236870519,-1.239387641777519,0.4849635546344425,-0.31345914892096327
24,gpboost_vecchia,134,-0.923552661397145,-0.7011039033869888,-0.6051318849347922,0.23942298276342608,0.3184207764623528
24,gpboost_vecchia,135,1.492443654256597,1.429009342346242,1.1728962003763712,0.19530256152671213,-0.3195474538802259
24,gpboost_vecchia,136,-2.431662848253012,-2.4413926407364333,-2.05362059556289,0.25395494552130815,0.3780422526901219
24,gpboost_vecchia,137,-1.299933852213898,-1.3531612339705683,-1.7074239185714362,0.2855110699898352,-0.40749006635753826
24,gpboost_vecchia,138,0.5159679981271451,0.4376224479266724,-0.00857763043464388,0.23714207260587622,-0.524545628561789
24,gpboost_vecchia,139,-1.9523855098493719,-1.9311663416362121,-2.129673214182233,0.26407921801522216,-0.17728770433286134
24,gpboost_vecchia,140,0.3625210866224062,0.4213078770568708,-0.07145324887567028,0.21901878627240506,-0.43397433549807646
24,gpboost_vecchia,141,-2.058486137296869,-2.071142890664834,-1.689708342724451,0.27756349624584753,0.36877779457241777
24,gpboost_vecchia,142,0.06839616968979328,0.14437586615641118,-0.11538189412571853,0.334969873219736,-0.18377806381551182
24,gpboost_vecchia,143,-1.8758851655428759,-1.9326190066820002,-1.7183308142351699,0.23687536322683467,0.157554351307706
24,gpboost_vecchia,144,-2.5306647997838323,-2.674501180825461,-2.493639860690152,0.26025212569876105,0.03702493909368032
24,gpboost_vecchia,145,-1.3393884887780179,-1.273966966856011,-1.2297621261281506,0.2932592121090002,0.10962636264986725
24,gpboost_vecchia,146,-2.4319430308992835,-2.338640629617247,-2.1873715772350977,0.1681017327884334,0.24457145366418587
24,gpboost_vecchia,147,-1.379180049296452,-1.4902827699466221,-1.5917769497527914,0.3244648987443149,-0.21259690045633928
24,gpboost_vecchia,148,-1.430840050312295,-1.410689803937917,-1.924747252192553,0.33571157029935145,-0.49390720188025794
24,gpboost_vecchia,149,-2.2244400950310923,-2.3577904955449585,-2.3660473437741842,0.2634156855260848,-0.14160724874309194
24,gpboost_vecchia,150,-2.5275601346119796,-2.445627963469068,-2.253185485222396,0.23650316619840342,0.2743746493895838
24,gpboost_vecchia,151,-2.5514037834676704,-2.429903503593823,-2.2559974706584356,0.3037170574712604,0.2954063128092348
24,gpboost_vecchia,152,-0.7918949567397379,-0.753629054617523,-0.41613523488878457,0.3084170088657037,0.3757597218509533
24,gpboost_vecchia,153,-1.4174798897825567,-1.4910507276187792,-1.1217505993448107,0.3803457829708144,0.295729290437746
24,gpboost_vecchia,154,-1.6342646616559338,-1.7067413056873537,-1.6763043116249818,0.27864907611834244,-0.042039649969048076
24,gpboost_vecchia,155,-2.258347723225738,-2.4586694833360037,-2.25530832658006,0.20748309497906403,0.003039396645677872
24,gpboost_vecchia,156,-2.580282985661709,-2.3534141381706584,-2.563228661256808,0.28334412508045853,0.017054324404901067
24,gpboost_vecchia,157,-2.672242642376347,-2.7932226266168687,-2.474737263669496,0.17138226227937492,0.1975053787068508
24,gpboost_vecchia,158,-2.189261412878329,-2.186963906072624,-1.6750620664292981,0.258616019214536,0.5141993464490309
24,gpboost_vecchia,159,-2.7394818420061453,-2.6742609410667955,-1.9657327265803062,0.2987952904739793,0.7737491154258391
24,gpboost_vecchia,160,-2.290584023501409,-2.4027440141945196,-2.203902129639225,0.24768780754972194,0.08668189386218428
24,gpboost_vecchia,161,-1.3041618115362987,-1.4129843047540023,-1.1733303105026494,0.2841174534183551,0.13083150103364938
24,gpboost_vecchia,162,-1.3252717490653194,-1.1619630504438803,-1.6634025424345822,0.30845531681563887,-0.33813079336926277
24,gpboost_vecchia,163,-1.7395473471884144,-1.8142284243033993,-1.6452096783198868,0.22238602038404273,0.09433766886852757
24,gpboost_vecchia,164,-1.2666773860898568,-1.181190387587726,-1.817130179929535,0.27969214696665257,-0.5504527938396782
24,gpboost_vecchia,165,-1.5755586443197194,-1.79655131546994,-1.5916379475156326,0.19741486719175552,-0.01607930319591322
24,gpboost_vecchia,166,-2.3549871852829467,-2.3692414752376343,-2.301279908940373,0.23489718401389972,0.053707276342573884
24,gpboost_vecchia,167,-1.06214106669243,-1.2781421751845214,-1.226046207166803,0.35579977193765444,-0.163905140474373
24,gpboost_vecchia,168,-0.9636262688555193,-0.7964828539776299,-0.6746151653670402,0.27383886267142593,0.289011103488479
24,gpboost_vecchia,169,-1.0806322714961656,-1.1043246333536256,-0.697660112557756,0.2933381029490322,0.38297215893840963
24,gpboost_vecchia,170,-2.3069856898287537,-2.3399993933050727,-2.0732882039848874,0.21146373818897468,0.2336974858438663
24,gpboost_vecchia,171,-1.1714577647847895,-1.3628693832847343,-1.0075214701052317,0.26775447256657625,0.16393629467955773
24,gpboost_vecchia,172,-1.0817120092616312,-1.0107345251368731,-1.0372120799782465,0.24618221474192922,0.044499929283384754
24,gpboost_vecchia,173,-0.8776306066989085,-0.7676313673853526,-1.0122690443229345,0.45491377118552784,-0.13463843762402605
24,gpboost_vecchia,174,-1.1256947873650758,-1.0469662195653384,-0.8093215262177331,0.34246023904461326,0.31637326114734265
24,gpboost_vecchia,175,-2.6713559924679684,-2.5792307507341783,-2.3763571337215765,0.25635934339401406,0.29499885874639187
24,gpboost_vecchia,176,-0.6095230509452388,-0.6332646718792551,-0.41935321952514926,0.22986050596929183,0.19016983142008959
24,gpboost_vecchia,177,-0.8901662658324816,-1.006290584735649,-0.9527676750418976,0.23833487807364093,-0.06260140920941604
24,gpboost_vecchia,178,-1.4010495597572263,-1.2220331959501403,-0.9514762436838566,0.24836187181519467,0.4495733160733697
24,gpboost_vecchia,179,-1.791078070048512,-1.832055901614726,-1.8332568396492093,0.23038952278149366,-0.04217876960069722
24,gpboost_vecchia,180,-0.11597282761557204,-0.10354921111548776,-0.4109025726285296,0.25853542745782787,-0.29492974501295754
24,gpboost_vecchia,181,0.5994855498948821,0.595439619518826,0.23555488454155693,0.25756942454004245,-0.3639306653533252
24,gpboost_vecchia,182,-2.508374591252,-2.598461318985427,-2.390107916930983,0.26168989103942847,0.118266674321017
24,gpboost_vecchia,183,-1.9755198566834697,-1.824514252819967,-1.802803899478569,0.19629241029238934,0.17271595720490085
24,gpboost_vecchia,184,-0.19188082154847308,-0.2550192847587777,-0.32510634841707997,0.2729347857396109,-0.1332255268686069
24,gpboost_vecchia,185,-1.2015467106451436,-1.0831529315415263,-1.0102432092292375,0.3106665071851979,0.19130350141590613
24,gpboost_vecchia,186,-1.0060566357250997,-0.9672534068460682,-0.9766863613984569,0.2753952989013195,0.029370274326642853
24,gpboost_vecchia,187,-1.1097183664267676,-1.2581283289915641,-1.2235761882152119,0.282130971384698,-0.11385782178844428
24,gpboost_vecchia,188,-0.25392553787106403,-0.2426110483937247,-0.45740515871182197,0.2194428552803508,-0.20347962084075794
24,gpboost_vecchia,189,-2.795915835809193,-2.986447684579311,-2.6281424249481375,0.23529671273748784,0.16777341086105535
24,gpboost_vecchia,190,-1.3306416220464627,-1.3849069849355686,-1.1802979087806165,0.23010977911741373,0.15034371326584628
24,gpboost_vecchia,191,-0.3158132345989918,-0.35133182742179936,-0.05426330283017933,0.4059010738496614,0.26154993176881247
24,gpboost_vecchia,192,-1.5193308621516144,-1.524349654904592,-1.1764647753728497,0.194412664805809,0.34286608677876473
24,gpboost_vecchia,193,-0.9115754020740645,-0.9219016385599291,-1.2085086793064264,0.2924940539497455,-0.29693327723236185
24,gpboost_vecchia,194,-1.8447191753136016,-1.8482242745626294,-1.6042220125826958,0.32223120425350593,0.24049716273090582
24,gpboost_vecchia,195,-0.8776292980446825,-0.8713494567484027,-1.1020036092286887,0.2854402437497914,-0.2243743111840062
24,gpboost_vecchia,196,-1.11170077063445,-1.2097874741409276,-1.4931831690968558,0.3822844440171691,-0.38148239846240584
24,gpboost_vecchia,197,0.661952921209949,0.4610541472157842,0.11806124753452707,0.24463391115415253,-0.5438916736754219
24,gpboost_vecchia,198,-0.6154850058864147,-0.553800265573591,-0.9273637500569265,0.2786314787711164,-0.31187874417051176
24,gpboost_vecchia,199,-2.051057811500362,-2.119214199084681,-2.1204538697240096,0.2672668502778229,-0.06939605822364747
24,gpboost_vecchia,200,-1.2953161744996784,-1.3321681332305242,-1.380294384888657,0.28092775422392624,-0.08497821038897868
24,gpboost_vecchia,201,-2.4465112584972366,-2.3225366041807893,-2.3144520375181443,0.18441739317616185,0.13205922097909228
24,gpboost_vecchia,202,-2.1791013061058515,-2.2125511440911523,-1.9983620193110045,0.1785020733937673,0.18073928679484697
24,gpboost_vecchia,203,-1.3644949424322648,-1.519004453223067,-1.500712838638929,0.297779176018288,-0.13621789620666425
24,gpboost_vecchia,204,-2.898343343948783,-2.787083954668763,-2.330505996687293,0.26701806920329896,0.5678373472614897
24,gpboost_vecchia,205,-1.7212757420360618,-1.9325477640774045,-1.494656295849662,0.2647612942422702,0.22661944618639973
24,gpboost_vecchia,206,-0.9779470889184343,-1.296053836307906,-0.7512230096104417,0.33545675916428536,0.22672407930799254
24,gpboost_vecchia,207,-1.4093073072906996,-1.2505363091401112,-1.3453412378956031,0.26628375934980186,0.06396606939509653
24,gpboost_vecchia,208,-1.1331896090462865,-1.2693531677926604,-1.2863033345461545,0.25275840993977194,-0.15311372549986801
24,gpboost_vecchia,209,-2.81024975855086,-2.9954471127340248,-2.580049516681534,0.2617924513379315,0.2302002418693263
24,gpboost_vecchia,210,-0.8325601363065818,-0.8371405403134567,-1.2052679514993017,0.46076037305821,-0.3727078151927199
24,gpboost_vecchia,211,-2.021280478207506,-1.895718238027903,-1.9386904280140023,0.2410442289753802,0.08259005019350374
24,gpboost_vecchia,212,-1.528866770199082,-1.6624830652768536,-1.5646878457752678,0.22965018028851997,-0.03582107557618586
24,gpboost_vecchia,213,-0.686596403253485,-0.8978749952538237,-1.0213527726520724,0.35643471314282066,-0.33475636939858733
24,gpboost_vecchia,214,-3.0287729977139,-2.9260231535742043,-2.55938020438699,0.23312186131547274,0.46939279332691
24,gpboost_vecchia,215,-1.033648661565838,-0.908824174364733,-0.936593863608266,0.24214308472139764,0.09705479795757199
24,gpboost_vecchia,216,-2.1871834404921353,-2.270272880129968,-1.7036998499610618,0.2528716972172986,0.4834835905310735
24,gpboost_vecchia,217,-0.5908985547503236,-0.5409184507336782,-0.8006971401151617,0.23352003966245505,-0.20979858536483809
24,gpboost_vecchia,218,-1.8604256291148893,-1.8543981225057096,-1.9222670672169855,0.3361417156250487,-0.06184143810209619
24,gpboost_vecchia,219,-1.175761868101512,-1.1360353039238755,-1.1609492146083724,0.2530160565343358,0.01481265349313965
24,gpboost_vecchia,220,-2.0154091282605524,-1.9376158215688188,-1.8937175697250552,0.28493703583562613,0.12169155853549718
24,gpboost_vecchia,221,-1.0919905093319933,-1.055548130336181,-1.6637009072606475,0.3830836931071433,-0.5717103979286542
24,gpboost_vecchia,222,-1.5473854332538917,-1.50941686951411,-1.4061057453248722,0.3175185100268181,0.14127968792901946
24,gpboost_vecchia,223,-1.904263273715466,-1.9704938455509118,-1.485046177747833,0.28943941466678336,0.4192170959676331
24,gpboost_vecchia,224,0.64363161713536,0.5526258727853534,0.44817125941013103,0.17870267568005185,-0.19546035772522896
24,gpboost_vecchia,225,-1.131412808113139,-1.1359520673098515,-1.4001131453712006,0.34496850719319644,-0.26870033725806164
24,gpboost_vecchia,226,-1.8406550268054578,-1.7402242262350403,-2.410813121132051,0.3212018755909797,-0.5701580943265934
24,gpboost_vecchia,227,-1.7815970904125575,-1.7263127607197601,-2.19386457330031,0.28280709521483705,-0.4122674828877524
24,gpboost_vecchia,228,-1.5574817486863017,-1.6612915486779656,-1.6927600370602,0.2316553658501463,-0.13527828837389833
24,gpboost_vecchia,229,-2.473979427931503,-2.4847413259633035,-2.407715063602417,0.21209011867809818,0.06626436432908589
24,gpboost_vecchia,230,-0.5607583906792647,-0.6439019899864085,-0.712686583152653,0.3323860314008912,-0.1519281924733883
24,gpboost_vecchia,231,-0.8536421453745646,-0.958861656298365,-1.0498640970119695,0.2922948255612059,-0.19622195163740486
24,gpboost_vecchia,232,-0.4539663867009826,-0.36318443534960415,-0.49947439276930083,0.238708646847172,-0.04550800606831823
24,gpboost_vecchia,233,-1.5574161430210796,-1.453903559320696,-1.8055900758395538,0.20663789354838943,-0.24817393281847422
24,gpboost_vecchia,234,-1.1456087001288728,-0.9708792911352884,-0.9559443760235382,0.27229366630808677,0.18966432410533463
24,gpboost_vecchia,235,0.7710732267241669,0.8687318285340422,0.8495044600911115,0.15699295758790385,0.07843123336694457
24,gpboost_vecchia,236,-2.1431638103654977,-2.2559072298655556,-2.431161909641446,0.2783577944387016,-0.2879980992759483
24,gpboost_vecchia,237,-0.08426875985791615,-0.07154908592010556,-0.22474247380448276,0.37625648320552674,-0.1404737139465666
24,gpboost_vecchia,238,-3.02761583533656,-3.0469154043589044,-2.5720651410573048,0.22140514238420783,0.4555506942792551
24,gpboost_vecchia,239,-1.775182376219045,-1.733196766225486,-1.7679117388531722,0.26744786970913575,0.007270637365872856
24,gpboost_vecchia,240,-2.220379480885456,-2.320763857276207,-2.260280682599287,0.20707829726342272,-0.03990120171383138
24,gpboost_vecchia,241,-2.229346901713319,-2.2394289139311105,-2.162740733484924,0.21195203608066362,0.06660616822839538
24,gpboost_vecchia,242,-1.5847201014724297,-1.544297340092161,-1.790542378516065,0.24310782978831766,-0.20582227704363532
24,gpboost_vecchia,243,-0.6887510018480439,-0.621910153978401,-0.2928021793431128,0.2958385673355967,0.39594882250493113
24,gpboost_vecchia,244,-1.1084668082893088,-1.173207008080199,-1.0835339992663293,0.26999390964680087,0.024932809022979452
24,gpboost_vecchia,245,-1.4702094488831832,-1.4651774082157552,-1.959656900737599,0.24915302181414242,-0.48944745185441585
24,gpboost_vecchia,246,-2.9556558282446526,-2.9118929004852734,-2.402799869597537,0.2843867276046909,0.5528559586471156
24,gpboost_vecchia,247,-2.178266766075071,-2.173058498469739,-1.916479529199833,0.2989877730021889,0.2617872368752381
24,gpboost_vecchia,248,0.8693421979873139,0.752069721062728,0.2572590332684257,0.2898880821575136,-0.6120831647188882
24,gpboost_vecchia,249,-1.2898295182768347,-1.390937506659979,-0.9787276296349319,0.24268778131863092,0.3111018886419028
24,gpboost_vecchia,250,-1.277168596249848,-1.333409452354157,-1.496750632822554,0.24451471717358128,-0.21958203657270592
24,gpboost_vecchia,251,-1.0532355385798686,-0.9623482738619267,-1.0744967332754172,0.345438222800383,-0.021261194695548546
24,gpboost_vecchia,252,-2.8165791602957535,-2.805227180900078,-2.449048130986469,0.2078577395306006,0.3675310293092844
24,gpboost_vecchia,253,-1.3573156890212374,-1.4520774980106241,-1.632903648493702,0.23997470372008084,-0.2755879594724646
24,gpboost_vecchia,254,-1.868899008284995,-2.0139614854952264,-1.89081763900937,0.24489243232659705,-0.021918630724375054
24,gpboost_vecchia,255,-0.06430035662690325,-0.1841660128390608,-0.21933706411570597,0.2349254400222604,-0.15503670748880272
24,gpboost_vecchia,256,-0.934192219096318,-0.8236840478898488,-0.8267683924414229,0.38854885002022194,0.10742382665489514
24,gpboost_vecchia,257,-0.7508827090944814,-0.7200204146068212,-1.019217293779512,0.21591740334227097,-0.2683345846850307
24,gpboost_vecchia,258,-1.7658690367686796,-1.930947216606266,-1.751351230147307,0.24801321469609588,0.014517806621372475
24,gpboost_vecchia,259,-1.0878986270719289,-1.0334471259891842,-1.3872081005152879,0.28684940684141497,-0.299309473443359
24,gpboost_vecchia,260,-3.014058525170716,-3.0436308572663604,-2.490030095899435,0.2204169537725794,0.5240284292712811
24,gpboost_vecchia,261,-1.274475162762088,-1.2901503214336507,-1.1673647535652911,0.22810621018050264,0.10711040919679693
24,gpboost_vecchia,262,-1.4607789027837856,-1.4852873846708912,-1.5596600274624155,0.2605335383952719,-0.09888112467862986
24,gpboost_vecchia,263,-1.2366139860437,-1.3429288058202546,-1.4477579475199462,0.27362354797983157,-0.21114396147624626
24,gpboost_vecchia,264,-1.1181123694859296,-0.9564411185990873,-0.7768702270519299,0.4144077462388256,0.34124214243399975
24,gpboost_vecchia,265,-2.1576052282073697,-2.180519282110124,-2.0742531667113937,0.19792702463184284,0.08335206149597596
24,gpboost_vecchia,266,-0.9854328827512814,-0.7964901630627407,-0.8561085765297207,0.211498715033598,0.12932430622156066
24,gpboost_vecchia,267,-1.2304947080205026,-1.080844792761366,-1.212377327902324,0.332533135328517,0.01811738011817865
24,gpboost_vecchia,268,-1.9062735310848162,-1.836004768874191,-1.6528648838158873,0.2535755713613477,0.253408647268929
24,gpboost_vecchia,269,-1.773409285912872,-1.919213222740923,-1.7786546226180135,0.29319700267494647,-0.00524533670514149
24,gpboost_vecchia,270,-2.2855131822504986,-2.3988841046924705,-2.266624212938275,0.2684569260047514,0.01888896931222339
24,gpboost_vecchia,271,-1.06592756310954,-1.2001791412399552,-1.2635054045455973,0.2985911177527009,-0.1975778414360574
24,gpboost_vecchia,272,-1.4192393764675681,-1.47788220796312,-1.2199239334118772,0.262725704489872,0.19931544305569093
24,gpboost_vecchia,273,-0.648388162009875,-0.4318438498992151,-0.6668103139829071,0.3143402717297358,-0.018422151973032097
24,gpboost_vecchia,274,-1.6974898324758905,-1.7831945276115275,-1.931491811398267,0.2479152495151489,-0.23400197892237662
24,gpboost_vecchia,275,-2.802067255385238,-2.6932015016008113,-2.4650218160125625,0.18527673853569587,0.3370454393726754
24,gpboost_vecchia,276,-1.7240101075390375,-1.7973942373018186,-1.5836761126310535,0.2584630985077736,0.14033399490798404
24,gpboost_vecchia,277,-0.9263923223631159,-0.9863375502923017,-1.0769691490114255,0.28549900832169506,-0.15057682664830963
24,gpboost_vecchia,278,-0.07422387890240251,-0.1282212257808987,-0.34552824427616713,0.23441739674727197,-0.2713043653737646
24,gpboost_vecchia,279,-2.3231916012536566,-2.114755250549608,-1.9202180189166924,0.30162430662782147,0.40297358233696423
24,gpboost_vecchia,280,-1.100342218957769,-0.9956903882991497,-0.701621017548451,0.2939287911166167,0.398721201409318
24,gpboost_vecchia,281,-2.3315741875745006,-2.3327231913204094,-2.254283825917227,0.24535224140793752,0.07729036165727354
24,gpboost_vecchia,282,-0.55735761931998,-0.5114671177318357,-0.5056443402591668,0.3416045423663262,0.05171327906081313
24,gpboost_vecchia,283,-0.08988099804585403,-0.11968721929049968,-1.8187843579653418e-05,0.23538423304011197,0.08986281020227438
24,gpboost_vecchia,284,-1.0844845364801785,-0.9213418140744978,-1.1671989773992806,0.24646499925627974,-0.08271444091910207
24,gpboost_vecchia,285,-1.8147897266354218,-1.8306607119923455,-1.8167472805098264,0.27276200739109224,-0.0019575538744045495
24,gpboost_vecchia,286,-1.5215801140828322,-1.4494026867479697,-1.7396839328424,0.2437421044517625,-0.21810381875956786
24,gpboost_vecchia,287,-0.7327441276753586,-0.6269098864572453,-1.1214320430130726,0.35164375843790785,-0.3886879153377141
24,gpboost_vecchia,288,-0.8050433239369967,-0.875684125788785,-0.37420142512648624,0.27262323622162726,0.4308418988105105
24,gpboost_vecchia,289,-0.3834459802622079,-0.28075839368281696,-0.40453485925859667,0.27210952920939524,-0.021088878996388782
24,gpboost_vecchia,290,-1.2490528070567666,-1.3423617621628627,-1.2222100550284551,0.31045232745826534,0.026842752028311434
24,gpboost_vecchia,291,-0.674519871533664,-0.6950666850593918,-1.0633834205904904,0.4817077958865565,-0.3888635490568264
24,gpboost_vecchia,292,-1.5434762955786456,-1.5047030363242115,-1.7382382741432352,0.3254951925521338,-0.19476197856458954
24,gpboost_vecchia,293,-1.0162371899188123,-0.9601250563030905,-0.9511359547208684,0.31998257595699925,0.06510123519794386
24,gpboost_vecchia,294,-1.4174196985403684,-1.4196910334777877,-1.2001789104194245,0.16222007605656893,0.21724078812094394
24,gpboost_vecchia,295,-1.5114946511344964,-1.4110310009131104,-1.5873691679057575,0.21941107077112215,-0.07587451677126111
24,gpboost_vecchia,296,0.5627498690345685,0.5102658327665301,0.6892703760786958,0.1375182700148004,0.12652050704412732
24,gpboost_vecchia,297,-1.2247921186650528,-1.3208100280598838,-1.3596781548939845,0.2825485423426046,-0.1348860362289317
24,gpboost_vecchia,298,-1.4397599916278567,-1.3482934363406902,-1.0655053500887988,0.2471854519734674,0.37425464153905796
24,gpboost_vecchia,299,-1.09762730499355,-1.0152717495340782,-1.1214933843385637,0.27464284816939905,-0.023866079345013613
