wavelength,2.4575,2.4725,2.4875,2.5025,2.5175,2.5325,2.5475000000000003,2.5625,2.5775,2.5925,2.6075,2.6225,2.6375,2.6525,2.6675,2.6825,2.6975,2.7125000000000004,2.7275,2.7425,2.7575000000000003,2.7725,2.7875,2.8025,2.8175,2.8325,2.8475,2.8625,2.8775,2.8925,2.9075,2.9225000000000003,2.9375,2.9525,2.9675,2.9825,2.9975,3.0125,3.0275,3.0425,3.0575,3.0725,3.0875000000000004,3.1025,3.1175,3.1325000000000003,3.1475,3.1625,3.1775,3.1925,3.2075,3.2225,3.2375,3.2525,3.2675,3.2825,3.2975000000000003,3.3125,3.3275,3.3425,3.3575,3.3725,3.3875,3.4025,3.4175,3.4325,3.4475,3.4625000000000004,3.4775,3.4925,3.5075000000000003,3.5225,3.5375,3.5525,3.5675,3.5825,3.5975,3.6125,3.6275,3.6425,3.6575,3.6725,3.6875,3.7025,3.7175,3.7325,3.7475,3.7625,3.7775,3.7925,3.8075,3.8225,3.8375,3.8525,3.8675,3.8825,3.8975,3.9125,3.9275,3.9425,3.9575,3.9725,3.9875,4.0025,4.0175,4.032500000000001,4.047499999999999,4.0625,4.077500000000001,4.092499999999999,4.1075,4.1225000000000005,4.137499999999999,4.1525,4.1675,4.1825,4.1975,4.2125,4.2275,4.2425,4.2575,4.2725,4.2875,4.3025,4.3175,4.3325,4.3475,4.362500000000001,4.3775,4.3925,4.407500000000001,4.422499999999999,4.4375,4.452500000000001,4.467499999999999,4.4825,4.4975000000000005,4.512499999999999,4.5275,4.5425,4.5575,4.5725,4.5875,4.6025,4.6175,4.6325,4.6475,4.6625,4.6775,4.6925,4.7075,4.7225,4.737500000000001,4.7525,4.7675,4.782500000000001,4.797499999999999,4.8125,4.827500000000001,4.842499999999999,4.8575,4.8725000000000005,4.887499999999999,4.9025,4.9175,4.9325,4.9475,4.9625,5.25,5.5,5.75,6.0,6.25,6.5,6.75,7.0,7.25,7.5,7.75,8.0,8.25,8.5,8.75,9.0,9.25,9.5,9.75,10.0,10.25,10.5,10.75,11.0,11.25,11.5,11.75
spectrum 1,4.39561218773031e-05,4.49136189339217e-05,5.56564864472025e-05,5.35597571859148e-05,5.73117428603973e-05,6.10710973840598e-05,6.36316528104401e-05,6.65166332598336e-05,7.02492282337055e-05,7.28498751266767e-05,7.66444176598021e-05,8.72916046637306e-05,9.06572525650971e-05,9.73664053559666e-05,0.000100610303793,0.0001050569932926,0.0001079691370312,0.0001148676205122,0.000119996107738,0.0001256281900685,0.0001337980976836,0.0001400035744477,0.0001489340457545,0.0001607163448208,0.0001638372750489,0.000169894884347,0.000178256587492,0.0001879676357514,0.0001958788642103,0.0002085064819991,0.0002234230197856,0.0002374478885738,0.0002438657484926,0.0002559844740222,0.0002704094640944,0.0002786116519546,0.0002931934425274,0.0003040080962086,0.0003194028279149,0.0003343586399186,0.000337088690548,0.0003564261859249,0.0003729982525956,0.0003730945073307,0.000400810967829,0.0004092493045544,0.0004135164187563,0.0004246862843154,0.0004496097702904,0.0004515701578744,0.0004581988923765,0.0004769599471758,0.0004949480357835,0.0005023954622129,0.0005185687645098,0.0005479452825965,0.0005500709181145,0.0005676698206325,0.0005813048690359,0.0006162938829118,0.0006219151708561,0.0006381756015568,0.0006540838584581,0.000674152361308,0.0006932755233413,0.0007054578262202,0.000728666892501,0.0007472334725907,0.0007512906286512,0.0007695660410213,0.0007942225753603,0.0008274530220373,0.0008185480369453,0.0008274840393387,0.0008456086736233,0.0008529730359554,0.0008665439141605,0.0008758324553336,0.000889081496172,0.0009029941163385,0.0009259632673869,0.0009180243536741,0.0009289371287013,0.0009462371723988,0.0009453302800931,0.0009763201991569,0.0009607804854517,0.0009751699193108,0.0009916749662198,0.0009811410545529,0.0009900137644669,0.0009957754979275,0.0010132042306462,0.0010210595287042,0.0010175545882322,0.0010189765506199,0.001043482635293,0.0010387007105092,0.0010335001077487,0.0010408966849807,0.0010478142049822,0.0010463025592228,0.0010750987189707,0.0010574192771109,0.0010702568745081,0.0010620835325064,0.0010682405036585,0.0010738259794817,0.001080255623078,0.0010746080960288,0.0010893219164949,0.0010782371519385,0.0010890808961275,0.0010869069178086,0.0011025975721413,0.0011061456304725,0.001100335085042,0.0010942799908504,0.001095062406503,0.0010961339359985,0.0010989678405791,0.001112382258461,0.001099814160874,0.0011911238510101,0.0011598716049924,0.0011616090956693,0.0011881494545479,0.0012039784185099,0.0012254049781357,0.0011958518460683,0.0012928349804948,0.0012499585831615,0.0012357932150802,0.0012612132662686,0.0012685503761537,0.0012593575769611,0.0012626353696156,0.0012694089236232,0.001319662952654,0.0012720681247406,0.0012464919854163,0.0012576218492192,0.0013072409770678,0.0012696701669225,0.0012909186697625,0.0012564796119002,0.0012814468230023,0.001277328125375,0.0012727334793765,0.0012579912244936,0.0012563430697843,0.0012365479642103,0.0012746389799466,0.0012725381840471,0.0012685133367997,0.0012637262839029,0.001228085600576,0.0013059940618493,0.0012425532903068,0.0012646436565145,0.001279255836765,0.0012832080075353,0.0012856150109921,0.0012670679854237,0.0012855009398916,0.0012917943957191,0.0012938481258666,0.0012539618357657,0.0013059524965554,0.0013611671340141,0.0013393065641955,0.0013830334804404,0.0014369922971004,0.0015382265926917,0.0016049082554735,0.0016734118467753,0.0017541867032058,0.001827785115985,0.0019270697862681,0.0019788248863821,0.0020539306135885,0.0021853148756199,0.0022289149249304,0.0022883754208047,0.0023591576269526,0.0024217441774692,0.0025603294045324,0.0025944613096036,0.0026554631604453,0.0027639405244193,0.002827415227908,0.0028988139905518,0.0029704893281849,0.0030253457219942,0.0031440866551996
spectrum 2,4.45601377930332e-05,4.5536162100848e-05,5.64317741063042e-05,5.43065080168484e-05,5.81110113919565e-05,6.19219476645403e-05,6.45089960508479e-05,6.7425223273801e-05,7.11919119979145e-05,7.38097428759945e-05,7.76326687166022e-05,8.83896458031896e-05,9.17689415959995e-05,9.85306907661769e-05,0.0001017843556296,0.0001062454163675,0.0001091433122445,0.0001160755081393,0.0001212089170089,0.0001268561644437,0.0001350614186451,0.0001412771661934,0.0001502739990617,0.0001621028605549,0.0001651878542069,0.0001712434855983,0.0001796312995041,0.000189377566802,0.0001973089219743,0.0002100005331454,0.0002249839642918,0.0002390627822468,0.0002454781508844,0.000257637927931,0.000272115081345,0.0002803236195149,0.0002949868402002,0.0003057922455378,0.0003211885903713,0.0003361139175243,0.0003387053422338,0.0003577737039994,0.0003735016815514,0.0003716944959089,0.0003976840870013,0.0004042673495527,0.0004075139521335,0.0004202379974949,0.0004417930351626,0.0004374387872095,0.0004529518322803,0.0004598208747747,0.0004853788207969,0.0004915542172887,0.0005164650492348,0.0005434063597907,0.0005500047556937,0.0005219444164456,0.0005164459849366,0.000590171802723,0.0006029099962606,0.0006338816734558,0.0006518136382614,0.0006619618149567,0.0006750703465612,0.0006982529736368,0.0007226588586651,0.0007384148446096,0.0007276563118212,0.0007481915104068,0.0007838306769793,0.0008231331765855,0.0008149226399794,0.0008241439615195,0.0008414475003317,0.000848552188903,0.0008634227075505,0.0008740697669645,0.0008888206547176,0.0009038848617038,0.0009275922417909,0.0009197839836121,0.0009300952273248,0.0009486378821563,0.0009479061816346,0.0009789767998171,0.0009632258573015,0.0009777818253944,0.0009946844070744,0.0009840688805685,0.0009931596558131,0.0009989878219342,0.0010165172404645,0.0010244985680434,0.0010211143708575,0.0010224932994705,0.0010471897253787,0.0010424549096975,0.001037171711948,0.0010446704661849,0.0010516247155265,0.0010501753148261,0.0010791510732059,0.0010614429828277,0.0010743405069429,0.0010661373739703,0.0010723501876357,0.0010779236127813,0.001084357675295,0.0010787867431072,0.0010935853309132,0.0010824605203635,0.0010933274277935,0.0010910878563244,0.0011069194382674,0.0011104549908697,0.0011046432081206,0.0010985951922416,0.0010992273371148,0.0011004518909807,0.0011032205973897,0.0011166407039958,0.0011041188249029,0.0011957814404969,0.0011643957643289,0.0011661381665502,0.0011927154961099,0.0012086622384345,0.0012301186229434,0.0012004297472718,0.0012978245664914,0.0012547574184635,0.001240514020508,0.0012660392939642,0.0012733821456915,0.0012641327318327,0.0012674284110702,0.0012742157772189,0.0013246292601657,0.0012768616172589,0.0012511748705227,0.0012623393117837,0.0013121313405157,0.0012744051452344,0.0012957202492576,0.0012611467966161,0.0012861994586346,0.0012820460849367,0.0012774441188949,0.0012626155497118,0.0012609582181885,0.0012410724807068,0.0012792942163629,0.0012771756409273,0.0012731225638716,0.0012683381881436,0.0012325274088063,0.0013107226175147,0.001247022558632,0.0012692399204828,0.0012838443325052,0.0012878016833996,0.0012902137284022,0.0012715892989977,0.0012900797250082,0.0012963852537514,0.0012984289481569,0.0012584160071676,0.0013103885760298,0.0013657572353579,0.0013438194963038,0.0013874501375583,0.0014415252268829,0.0015428562164763,0.0016098442868612,0.0016784454194729,0.0017572338278984,0.0018295052856478,0.0019281131518475,0.0019832228988804,0.0020576418047998,0.0021911016534302,0.0022349856307308,0.0022946846970374,0.0023655911390131,0.0024283597373608,0.0025672583641888,0.0026014930038005,0.0026627050356232,0.0027716321382066,0.0028355037193236,0.0029069803724252,0.0029789072729516,0.0030339489645786,0.0031531162454594
spectrum 3,9.98926009695322e-05,0.0001007553093171,0.0001309994324122,0.0001262542738066,0.0001506348905552,0.0001687589817431,0.0001719900343379,0.0001901207375064,0.0001989872027037,0.0001984086706089,0.0001738844728356,0.0002225701030695,0.0002245989574371,0.0002398715284945,0.0002085981641853,0.0002153863733707,0.0001883415794336,0.0001753110961353,0.0001788148648193,0.000161031661837,0.0001384120863292,0.0001373628972199,0.0001324204182252,0.000135935576181,0.0001372035335582,0.0001248540559505,0.0001282640482604,0.0001457110264983,0.0001522605010557,0.0001613742809099,0.0001592358563629,0.0001622841493279,0.0001579240132277,0.0001503912990794,0.0001615051097487,0.0001668677521326,0.0001227377302993,0.000115133193971,0.0001629667290954,0.0001756931656627,0.0001848071060264,0.0001833134561771,0.0002019169913627,0.0001912835287211,0.0002209068141813,0.0002333119584446,0.0002240423304083,0.000250917969075,0.0002638304038647,0.0002787688308723,0.0002722132332183,0.0002868977782046,0.0002938310483971,0.0003148981071575,0.0003526260423261,0.0003967205982114,0.0004011036009287,0.0004331821778233,0.0004504417387791,0.0005111349053224,0.0005354301802498,0.0005408626864353,0.0005617182508794,0.0005999117583776,0.0006645048547839,0.0006447575433513,0.0007274441060289,0.0006911880465171,0.0007692792303683,0.0007722790373124,0.0008182320280881,0.0007995853033916,0.0008418798248891,0.0007951071531358,0.0008315216919196,0.0007880359287244,0.0007897954351133,0.0007921642705684,0.0007652665103257,0.0008083131252744,0.000767634063871,0.0007837540620083,0.0007692789702297,0.0007689928322676,0.000782482954288,0.0007782676649882,0.0007331383355444,0.0007837598654227,0.0007864452765005,0.0007607202737587,0.0007994535674805,0.0007280913778041,0.0008475463304223,0.00084991623107,0.0008105594004991,0.0008208472148037,0.0008818228886011,0.0008076591058249,0.0008938094736852,0.0008936695227087,0.0008362644653891,0.0008492762556263,0.0009065584546516,0.0008691706558948,0.0008766463173019,0.0008924321284488,0.0008470163849503,0.0009055180493171,0.0009130352677447,0.0009556556492221,0.0009806025239082,0.0010166021304656,0.0009606680517811,0.0010328688008137,0.0010698842295629,0.0010360282043378,0.001038791441289,0.0010321759899968,0.0010568437945587,0.001087369509113,0.0010983539277211,0.0011453851252209,0.0012053699570625,0.0013791005958382,0.0012963429476902,0.0012718554812669,0.00134859845451,0.0014335649049939,0.0014751883847466,0.0014745954245606,0.001650108769373,0.0015502073565482,0.0015349258059344,0.0016275782520171,0.0016200956022052,0.0016432041060389,0.0016900866718476,0.0016493788237806,0.0017699115406587,0.0017145029926916,0.0016867757283308,0.001760457855039,0.0017892331969392,0.0017540459993354,0.0018134947861162,0.001768315980535,0.0017906029836665,0.0018150439692577,0.0018269872241045,0.0017860149296204,0.0018456366370739,0.0017621278862859,0.0018687290539957,0.0017990016471193,0.0018170350041911,0.0018272161355833,0.0017315933096696,0.0018657048044614,0.0016605225872498,0.0017331593366578,0.0016924008344735,0.0017436400452787,0.0017275558999257,0.0016128092222626,0.0016612808167162,0.0016475228413693,0.0015786881098295,0.0015247610797107,0.0013960697413606,0.0012771322163398,0.0012202047210321,0.0012844919927385,0.0011402204527304,0.0014499682088613,0.0015393288773893,0.0015666777731809,0.0017344827936795,0.0019670067050827,0.0021958747330004,0.002210630650392,0.0020803462160305,0.0022066429659491,0.0023665431787943,0.0025367971731206,0.0027456377136737,0.0026760071657595,0.0031200557730992,0.0029273565189034,0.0027032524727685,0.0024234156283442,0.0024364011994056,0.0026841989401008,0.0028565736447332,0.0033080173834884,0.0032570502063013
spectrum 4,6.77159439722518e-05,7.59527561362729e-05,0.0001067451374153,0.0001054812455132,0.000129503861048,0.0001503326309842,0.0001480180037387,0.0001608866207394,0.000148577502616,0.0001503894593258,0.0001526473271443,0.0001767421284494,0.0001953624387632,0.0002218184072412,0.0002491629766513,0.0002761874739133,0.0002987473903686,0.0003247503650784,0.0003596280215034,0.0003735432562731,0.0003599635751307,0.0003692628484527,0.0003684157921251,0.0003839084274647,0.0003875508789376,0.000354118430021,0.0003649570635391,0.0003983551140362,0.0004062882310796,0.000418175589463,0.0004099195464394,0.0003991312450112,0.0003772597391028,0.0003492332727808,0.0003600485191018,0.0003473352745081,0.0002712902783462,0.0002474695716118,0.0002704641962981,0.000244527900886,0.0002158393908221,0.0001961667741701,0.0001922676756618,0.000166216062524,0.0001639042171525,0.0001506732982208,0.0001376709075976,0.0001348666370681,0.000132696768789,0.0001305036028211,0.0001355726618482,0.0001319411032231,0.000144998329665,0.0001472667546255,0.0001637200504026,0.000177887364738,0.0001874086827798,0.00013628918708,0.000102058128213,0.0001269458010052,0.0001492849110625,0.0001756531090793,0.0001890377632792,0.0001862854374494,0.000182704951399,0.0001906665282042,0.0001970632278543,0.0002029392909529,0.000190949994462,0.000197297603054,0.0002123425154761,0.000230941734196,0.0002331315942387,0.0002450482532145,0.0002512743115607,0.0002539788765352,0.0002620380251938,0.0002698483416314,0.0002903715072356,0.0003108422146605,0.0003333023965275,0.0003413183506841,0.0003505332263206,0.0003895866738326,0.0004018076981784,0.0004245543171559,0.0004278654232405,0.0004470706870167,0.0004677332966793,0.0004583061181049,0.0004936075217839,0.0005159047352747,0.0005441634588002,0.0005477579684432,0.0005619577270399,0.000567643984818,0.0005992906035847,0.0006223803509444,0.0006245268156885,0.0006437687831454,0.0006547003886971,0.0006796452261195,0.0007206678809154,0.0007373814059568,0.000761691333005,0.0007812611847012,0.0008196664976469,0.0008352826681211,0.0008490149150807,0.0009002607895066,0.0009663922777775,0.0009888313645383,0.0009980233344074,0.0010165865894215,0.0010600098109396,0.0011051251048405,0.0010993923468028,0.0011701820413751,0.0011014806152445,0.001256176716521,0.0011882441717191,0.0011765699811099,0.0013130935434721,0.0014596615836969,0.0014560460498149,0.0014709276876481,0.0014354841131678,0.0016972076312409,0.0016282064569396,0.0015936934930924,0.0019090013016042,0.001749671437585,0.0017355901167121,0.0019495499728172,0.0018824866900442,0.0018802503302577,0.001997288651823,0.0019789593705893,0.0020251016205714,0.0020970424919197,0.0020227291743196,0.002019199019056,0.0021132450171811,0.0021065333538027,0.00208005376794,0.0021154280094441,0.0021905864654138,0.0020807852394574,0.0021990805968522,0.0020443951606803,0.0021219417989221,0.001951764043829,0.0021292166547838,0.0020761993727911,0.0019935115439567,0.0020794825330488,0.001928873949867,0.0020690948727012,0.0018622099351789,0.0020026329428976,0.0019201324339892,0.0019334695718721,0.0019456510419488,0.0017916959853119,0.0019357599018833,0.0018536067217422,0.0018330949352959,0.0017816451565409,0.0015921362022193,0.0015389275830395,0.001563269526078,0.0014916069327089,0.0014872078162888,0.0015279981480994,0.0017917435207911,0.0017979122258949,0.0015786621186062,0.0016137820846066,0.0015555442778058,0.0018621056661418,0.0019259005253307,0.0022085554015115,0.0024557619008686,0.0027411309921026,0.0030396585887265,0.0033031083011464,0.0038130414096349,0.0038272026267997,0.0036271342796444,0.0032613284850119,0.0033277850277997,0.0036444248646461,0.0038683724243908,0.0044447488905402,0.0044163388384555
spectrum 5,5.65343074326972e-05,6.14449994200478e-05,7.98675055313346e-05,7.70391467669677e-05,8.58207314159295e-05,9.28758727269282e-05,9.52379024239878e-05,9.91177144930717e-05,0.0001033705179556,0.0001037056402775,0.0001112365510857,0.0001273598317188,0.0001352289334934,0.0001467366387299,0.0001553328132925,0.0001632072706082,0.0001698887805054,0.0001813800346353,0.0001905038437878,0.0001998629498393,0.0002122496599,0.0002218715590209,0.0002349620501759,0.0002526013688398,0.0002569140461114,0.0002633186856524,0.0002739295058599,0.0002886933715823,0.0003017116548546,0.0003188585998863,0.000338514659594,0.0003557128890772,0.0003607126844193,0.0003706253893178,0.0003865985085044,0.0003913229399558,0.0003702491980256,0.0003761778957443,0.0003646279351647,0.0003222943775732,0.0002731354488885,0.0002372433929461,0.0002245531731869,0.0001881930518878,0.0001779288223616,0.000155678365615,0.0001406850518692,0.0001375397095037,0.0001347050569489,0.0001317183952325,0.0001382303921559,0.0001331959500523,0.0001477666315229,0.0001513919152093,0.0001713639160371,0.0001858457225369,0.0002041455606191,0.0001306940617102,0.0001038522915625,0.0001284724049784,0.0001510214511741,0.00018334350419,0.0001994540234794,0.0001899349741703,0.0001835904056692,0.0001958862763788,0.0002042418696845,0.0002082165552251,0.0001898133062235,0.0001974083810667,0.0002192605104569,0.0002421543104207,0.000245091373191,0.0002616243955652,0.000265780836663,0.0002669005618213,0.0002794703165214,0.0002912309077348,0.0003220578848741,0.0003556079135268,0.0003945575624483,0.000407447917479,0.0004174053102539,0.0004896740587495,0.0005117338281832,0.0005401858325894,0.0005370154123193,0.0005774289022656,0.0006165204940414,0.0005988011660495,0.0006582764867893,0.0006954631899316,0.000733708924637,0.0007366505491342,0.000770931582711,0.0007665525726713,0.0008177688497689,0.0008537711797388,0.0008359202480952,0.0008716614777859,0.0008874451406775,0.0009196349009285,0.0009804069987334,0.0010003445559732,0.0010305355543286,0.0010425828309615,0.0010756510958705,0.0010759014183048,0.0010736645853097,0.0011273286614729,0.0011841063614334,0.0011896440704327,0.0011844272726325,0.0011657969834809,0.0012296502725959,0.0012390215437514,0.0012387903925457,0.0012785252070629,0.0011835008230967,0.0013029812080555,0.0012509939038765,0.0012264955302697,0.0013122692452555,0.0014295281338276,0.001395812388661,0.0014071692564274,0.0013776762479409,0.0014875257873283,0.0014623438030152,0.0014175272800099,0.001601257483931,0.0015261340388635,0.0014945454911963,0.0015623932043643,0.0015552730646173,0.0015295982505465,0.0015650921729286,0.001573719929983,0.0016116936813729,0.0015853741228856,0.0015510485687368,0.0015581237520994,0.0016338144779077,0.0015831146171336,0.0016047717462274,0.0015746734503392,0.0016082004577383,0.0015892669328383,0.0015979250366465,0.0015691545750101,0.0015730343643076,0.0015361611665207,0.0015948523426752,0.0015886855835004,0.0015760683511595,0.0015787271841213,0.001522489363418,0.0016245078819248,0.0015248586498272,0.001569803569873,0.0015796324060494,0.0015784750676058,0.0015870012078519,0.0015295871148659,0.0015858594456719,0.0015775423733884,0.001566844749749,0.001532418783474,0.0015005611424523,0.001522016175724,0.0015317713203797,0.0014962293547316,0.0015506776664237,0.0015321969449815,0.0017388019214491,0.001780271647114,0.0015526597445705,0.0015760698347152,0.0015349047653008,0.0018297346365949,0.0018977840084116,0.0021528654506598,0.0023366802611883,0.0024918577977556,0.0026475560212157,0.0027139090381529,0.0029244165508474,0.0029703038234781,0.0030304160567894,0.0030492454010059,0.0030547252660259,0.0032469528400172,0.0033469603841265,0.0034533191693723,0.0035649647245492
spectrum 6,0.000178742311887,0.0001408802939848,0.000147370926533,0.0001395309588972,0.0001295355051913,0.0001101256389826,0.0001096800712982,0.0001067950509529,0.0001124337692019,0.0001172506143182,0.0001232937959181,0.0001453339230518,0.0001645291380587,0.000143491177943,0.0001288962616733,0.0001331028275381,0.0001334213409789,0.0001411450449942,0.0001461939834209,0.0001494393922603,0.0001536469837518,0.0001577519518885,0.0001408945809699,0.0001532765960344,0.0001627916926425,0.0001781502407905,0.0001777417145188,0.0001884720651609,0.0001938441430925,0.0001876528472533,0.0001826034847108,0.0001971105976717,0.0002207120360413,0.0002138619263015,0.0002237624405344,0.0002346460799673,0.0002561672806933,0.0002562584734731,0.0002725671336373,0.0002837804222474,0.0002973708655859,0.0002733213324735,0.0003221102387586,0.0003600385548458,0.0003497833329134,0.0003447946671118,0.000340852285941,0.0004085630315478,0.0003688726404913,0.0003780089370949,0.0004307828903906,0.0004184401234099,0.0004466885331951,0.0004749176979027,0.0004805322484181,0.0004858665299851,0.0004358656776822,0.0005126856077164,0.0004797853852187,0.0005141857191142,0.0005303091741942,0.0005840521391278,0.0006127127453677,0.0005642210279072,0.0005750981075101,0.0007050014410356,0.0006656364517024,0.000713446940353,0.0006863732394442,0.0006958165828,0.0008085045766591,0.0008331389939447,0.000817260604425,0.0008774314500734,0.000845389993997,0.0008881296864142,0.0008993759145719,0.0008981544026539,0.0009819923546497,0.0010424159105661,0.0010519149166076,0.0010524839191376,0.0010689276127423,0.0011755038976903,0.0012256218565458,0.0011582478866295,0.0013435341803731,0.0011906552086349,0.001411815763621,0.0013862958775322,0.0013110360984677,0.0013569456656354,0.0013555173132979,0.001472091285712,0.001463518164519,0.0015982905870221,0.001573485607233,0.0014574130684853,0.0016322685425526,0.0015327353915242,0.0014566327028696,0.0011535409887174,0.0012319418664004,0.0011204100720494,0.0011306214699903,0.0011051735717225,0.0010998714415491,0.0010775078744308,0.0010274164673967,0.0012330906002012,0.0011712894013523,0.0011919432574714,0.0011476098698613,0.0012303144163429,0.0011851418403956,0.0011068488459888,0.001291751343109,0.0011342578467362,0.0011780251967446,0.0010200111896915,0.0011486844995373,0.001141070771402,0.0011869374362998,0.0011363172041037,0.0012173474322898,0.0011808723523561,0.0012557037349225,0.0012792613068586,0.0013121264188062,0.0012413480557565,0.0014200956819823,0.0013174724557171,0.0012449777221736,0.0013545694172409,0.0013510701519854,0.0014495012067949,0.001362208342133,0.0015241742284772,0.0014196007952813,0.0015450621585499,0.0015723055068618,0.001350446140997,0.0017018702379672,0.0014727312795196,0.0014558480894821,0.0014731575148112,0.0013538455394614,0.001418390775117,0.0012829561107313,0.001548948668738,0.001267749829524,0.0015266840532461,0.0014902856777847,0.0015424775764841,0.0014973438540097,0.0012300763687216,0.0016076509686804,0.0013692591959951,0.0014268081605923,0.0012845470443308,0.0015052669660509,0.0014107546093486,0.0014955496010511,0.0014047690130927,0.0015875997288528,0.00142217894806,0.0014470483084875,0.0013477266653449,0.0016211669383102,0.0016072962108055,0.0015103700315592,0.0017928291160653,0.0020080381644602,0.0018281155620818,0.0019150909772284,0.0020914033191307,0.0018560315594406,0.0019553654205284,0.0021919443772797,0.0026835907829912,0.0026064465249609,0.0026437635417802,0.0029486237221638,0.002868310302169,0.0031851195578809,0.0035106412844812,0.0039984276773213,0.0041791503973737,0.0043513148406737,0.0045758887107469,0.0043742003419599,0.0041221869026336,0.0044601988650314,0.0048772789074359,0.004061497334618
spectrum 7,4.39447899478891e-05,4.49074199405461e-05,5.56548042112097e-05,5.35628850523538e-05,5.73180272693463e-05,6.10816044329005e-05,6.36390535043598e-05,6.65221746153962e-05,7.02435660798917e-05,7.2834750381749e-05,7.66106369832772e-05,8.72311997825555e-05,9.05701980291254e-05,9.72483111676825e-05,0.0001004635085324,0.0001048705351539,0.0001077328082718,0.0001145783724141,0.0001196464241247,0.0001252226883527,0.000133325223899,0.0001394623904553,0.000148351154813,0.0001600326655987,0.0001630799684807,0.0001690730406356,0.0001773713164305,0.0001869996786455,0.0001948270895676,0.0002073734171614,0.0002221877494785,0.0002361090421675,0.0002424663363687,0.0002545082053782,0.0002688247793369,0.0002769534564829,0.0002916915223787,0.0003022808969567,0.0003174574042972,0.0003323174185545,0.0003350148953552,0.0003542774030321,0.0003707607215997,0.0003709750414582,0.0003986405107196,0.0004072243742942,0.0004115288352153,0.0004223927595176,0.0004474385878169,0.0004501266673082,0.0004557293345712,0.0004755993235678,0.0004928219356275,0.0005003209825012,0.0005155463641247,0.0005449944939406,0.0005467815816451,0.0005688722051409,0.00058320906792,0.0006146582741577,0.0006199197176691,0.0006349187440458,0.0006506609269553,0.0006715413907731,0.0006910928026816,0.0007022823951562,0.0007253429708219,0.0007441324635436,0.0007494498217885,0.0007674564821625,0.0007911437615052,0.0008238265788792,0.0008149716799393,0.0008239076468964,0.0008420614144683,0.0008494652411239,0.0008629370552417,0.000872140156893,0.0008852789991597,0.0008990993288688,0.0009219720795122,0.0009140991988356,0.0009250549108153,0.0009422421357178,0.0009413641256052,0.0009722732412352,0.0009568551342201,0.0009712174116842,0.0009876577226905,0.0009772015601094,0.0009860544531062,0.0009918505691815,0.0010092091575379,0.0010170545157442,0.001013583449851,0.0010150398502703,0.0010394630074929,0.0010347223546837,0.0010295738854965,0.0010369486311434,0.0010438784532406,0.001042386523555,0.0010710883862542,0.0010535000931852,0.0010663145091046,0.0010581802074704,0.0010643517103046,0.0010699242041233,0.0010763503106398,0.0010707308268451,0.0010854036723743,0.0010743713406096,0.0010852074087097,0.0010830473719911,0.001098689593908,0.001102247909964,0.0010964735170164,0.0010904525355423,0.0010912442429992,0.0010923158008085,0.0010951568190365,0.001108533109595,0.0010960108394892,0.0011870140931199,0.0011558819532379,0.0011576307070976,0.0011840862556931,0.0011998654171939,0.0012212318122021,0.0011917918582645,0.001288451336862,0.0012457353658379,0.0012316325418401,0.0012569724418413,0.0012642980209324,0.0012551521339305,0.0012584243061753,0.0012651884202774,0.0013152877142333,0.0012678594501968,0.0012423795263349,0.0012534932537331,0.001302952749901,0.0012655173832858,0.0012867108349085,0.0012523950523203,0.0012772968754015,0.0012732036257611,0.0012686515669265,0.0012539509323934,0.0012523264898506,0.0012326061973651,0.0012705854414363,0.0012685077083475,0.0012645091429391,0.0012597794350899,0.0012242370951843,0.001301929383614,0.0012386922058191,0.001260779505069,0.0012753097035956,0.0012792685844099,0.0012816859998273,0.0012632325797767,0.0012816014023136,0.0012878982922831,0.0012899637061232,0.0012502253522437,0.001302349869234,0.0013577430252931,0.0013361021725055,0.0013795972395136,0.0014336505731505,0.0015347102096009,0.0016013993842973,0.0016698393627419,0.0017507092383224,0.0018243985457626,0.0019236846771922,0.0019752272530469,0.0020508417218362,0.0021818358296755,0.0022251766450695,0.0022848205800549,0.0023553327372557,0.0024183432901809,0.0025564289466946,0.002590677394752,0.0026518127181098,0.0027610841638343,0.0028259015637172,0.0028958450081007,0.0029674744003018,0.0030221687769511,0.0031411187354816
spectrum 8,6.37998384539675e-05,7.09605692136608e-05,9.79840649712173e-05,9.64078371910682e-05,0.0001151621801492,0.000130619750745,0.0001289296014768,0.000137742050055,0.0001286850239225,0.000130448227368,0.000133507911816,0.0001519075266332,0.0001658981419114,0.000185962883607,0.0002081968853568,0.000229007498458,0.0002542446544281,0.000286511037286,0.0003236132993545,0.0003653531199189,0.000407440453115,0.0004519490905664,0.0004934865164298,0.000530027644568,0.0005246754361142,0.0005103602440845,0.0005212350662631,0.0005101807332674,0.000492206321781,0.0004830412130835,0.0004759349999829,0.0004605428331538,0.0004271659972705,0.0004035841569609,0.0003886403895468,0.0003654390346486,0.0003425954397599,0.0003135997417549,0.0002780785996702,0.0002464513097173,0.0002136028945441,0.0001962461158391,0.0001899822115925,0.0001645536947455,0.0001617519727977,0.0001494718478068,0.0001370038437989,0.0001340307037904,0.0001323572016864,0.0001302934872071,0.0001350335982645,0.000131966397316,0.0001443865358307,0.0001463424656354,0.0001616127292226,0.0001752239808295,0.0001835357431731,0.0001378711980869,0.0001057652174342,0.0001292071581806,0.0001495818917287,0.0001740359826522,0.0001865389980769,0.0001845468225212,0.0001817189621004,0.0001889315502386,0.0001951444515779,0.0002010152002709,0.0001902585147467,0.0001963168207998,0.0002102690510033,0.0002278832440759,0.0002297186725187,0.0002407772005948,0.0002469582533404,0.0002497365183275,0.0002572361750183,0.0002645101601908,0.0002834340175919,0.0003021478980774,0.0003229560411583,0.0003299786529655,0.0003388703416048,0.0003738188761767,0.0003843302835076,0.0004063739191688,0.000409680220112,0.0004274375385777,0.000445237251411,0.0004366848742942,0.000467159477504,0.0004893933326913,0.0005124098824586,0.0005149373518104,0.0005274105844482,0.0005338885723426,0.0005604099642282,0.000581969334542,0.0005831893532319,0.0005980990150554,0.0006108338803161,0.0006318791722481,0.0006662990644728,0.0006793561516857,0.000702345465831,0.000716383480773,0.0007525117374953,0.0007640177604223,0.0007769849741628,0.0008153837938036,0.0008653008976372,0.0008782342399474,0.0008988192997074,0.0009066576251658,0.0009383146535363,0.0009807495763189,0.0009787563770149,0.0010305784720961,0.0009876645197063,0.0010940891118544,0.0010518230959908,0.001046651218707,0.0011300625746,0.0012435922777373,0.0012480041140999,0.0012688443841265,0.0012547643643274,0.0014169170194519,0.001392687845481,0.001371396433438,0.0015891791929588,0.0014832917298397,0.0014828386919082,0.0016316504180433,0.0015879799927719,0.0016057339982818,0.0016770979249758,0.0016683994180685,0.0017319467780492,0.0017526306344404,0.0016977358619681,0.0017039694860923,0.0017794704721451,0.0017672683712271,0.0017584742348882,0.0017700411912227,0.0018326734681984,0.0017567090997427,0.0018339770613836,0.0017297089327008,0.0017812708430834,0.0016663544171616,0.0017967457349412,0.0017706379740379,0.0017064392923286,0.0017735935680231,0.0016612603563608,0.0017838829371924,0.0016337700449144,0.0017342505675994,0.0016904906772441,0.0017005191101637,0.0017142598472134,0.0016145179968295,0.0017195680302276,0.0016621119478424,0.0016623101806519,0.0016118861027819,0.0015456487049097,0.001543941378939,0.0015864206956711,0.0015090556963994,0.0015893001008072,0.0015431514961978,0.0018385241402025,0.0018465491455579,0.0015852011652277,0.001619021815175,0.0015683788038407,0.0018630192705035,0.0019569773463747,0.0022383151208796,0.0024800179770853,0.0027737282612316,0.0030588336261728,0.0033887536772255,0.0038228803966454,0.0040369622672536,0.0043108494203097,0.004651698700538,0.0048749893647924,0.0051002857435038,0.0053591502355562,0.0054954004676795,0.0058331235768166
spectrum 9,6.41932778416314e-05,7.0326893411858e-05,9.29150508312722e-05,8.98380899518304e-05,0.000101598538956,0.0001110789107716,0.0001134678387783,0.0001186747888701,0.0001235562774636,0.0001235164523419,0.0001314323057089,0.0001514480600384,0.0001606116294334,0.0001743532354973,0.0001830367916328,0.00019168584158,0.000195054484975,0.0002045718757767,0.0002135583976086,0.000217673797748,0.0002168621625871,0.0002201938954135,0.000220515907619,0.0002296796159194,0.0002334037109727,0.0002161409893892,0.0002243499992761,0.0002508824732033,0.0002685219812377,0.0002847766382911,0.0002919998780449,0.0003000389623537,0.0002983888770539,0.0002865648996023,0.0003172371883317,0.0003211893092245,0.0002185022993053,0.0002171135637057,0.0002965002290347,0.0002767063841496,0.0002530121502095,0.0002223096763361,0.000219862647664,0.0001873166739047,0.0001814036514665,0.0001591310035109,0.0001422219783414,0.0001399425102641,0.0001359441595211,0.0001324168436206,0.0001398903771702,0.0001332562338731,0.0001495121077235,0.0001543691382828,0.0001780749141913,0.0001945599226355,0.0002164500554939,0.0001275636968919,9.59883411226904e-05,0.0001236508098384,0.0001500102125691,0.000188793530281,0.0002078460063121,0.0001959649972118,0.0001873880420685,0.0002019559972908,0.0002111719825529,0.0002149539272369,0.0001926963440053,0.0002011759101097,0.0002264627770342,0.0002523178129017,0.0002565674747769,0.0002757902577804,0.0002800669241046,0.0002808243737108,0.0002948913883508,0.0003084491934967,0.0003433367957133,0.0003810193111567,0.0004223967766237,0.0004366139398522,0.0004443874399349,0.0005197237298128,0.0005434638549043,0.0005689268278289,0.0005624602844745,0.0005991374344011,0.0006413398809235,0.0006255949412955,0.0006865010894316,0.0007026904936966,0.0007573799516313,0.0007645781880023,0.0007951659453328,0.000785684897933,0.0008446195428411,0.0008704265390692,0.000857450806236,0.000900240618745,0.000899725047749,0.0009321805424303,0.0009993037223158,0.0010089854243779,0.0010296666261533,0.0010542736637768,0.0010593550718371,0.0010829085714946,0.0010839936700357,0.0011402874701845,0.0012013616942754,0.0012156664817175,0.0011874365260972,0.0011994261908838,0.0012638967665113,0.0012636090079532,0.0012527467773183,0.0012903135773109,0.0012222778098299,0.0013345069111515,0.0012818567229473,0.0012758318173788,0.001362031836296,0.0015001645375294,0.0014547306058297,0.0014550400078302,0.0014458437998532,0.0015672938092975,0.0015441260646066,0.0014998359244842,0.0016958400536323,0.0016133445145014,0.0015802999706973,0.0016579411444061,0.0016516303644202,0.0016261985111982,0.0016662661139608,0.0016723930779606,0.001719092173742,0.0016928989087854,0.0016561786039706,0.0016692442660923,0.001746577711464,0.0016956428202195,0.0017203776025097,0.0016886790941982,0.0017254288080012,0.0017073869055646,0.0017177205472561,0.0016861131092021,0.001694192610566,0.0016492522482916,0.0017179609209875,0.0017072547475673,0.0016959418507789,0.0017007966395484,0.0016371873924246,0.0017493528498266,0.0016334338484566,0.0016875444741978,0.0016916589168851,0.0016956590451798,0.0017019531066002,0.001633080597756,0.0016965240554469,0.0016849156885768,0.001667757539233,0.0016266114730363,0.0015137461948246,0.0014631851791516,0.0014365202266462,0.0014479835198062,0.0013561866633264,0.0014968108116004,0.0016617342141358,0.0017010779439533,0.0015405106824932,0.0015662059184641,0.0015051089381254,0.0018294225265975,0.0018436020297554,0.0020945149907876,0.0023143704755499,0.0024788847319698,0.002681064427742,0.0026982311151484,0.003029149666488,0.0030307044695215,0.0029658562930589,0.0026513369836213,0.0026278517120515,0.0029308834496865,0.0031215688286125,0.003519240401857,0.003483403915511
spectrum 10,6.35982034082631e-05,7.07432396812396e-05,9.76639540570231e-05,9.61133453628358e-05,0.0001147963885752,0.0001301853617056,0.0001285112457316,0.0001372846113169,0.0001282696951293,0.0001300221657119,0.0001330820865415,0.000151425100159,0.0001653770981057,0.0001853835251677,0.0002075552141229,0.0002283180806541,0.0002535744418036,0.0002857962599594,0.0003229318601166,0.0003646145924572,0.0004065358413814,0.0004508058691677,0.0004909500440018,0.0005276839903913,0.000522982867171,0.0005092602438616,0.0005202610782106,0.0005093128985171,0.000491443238598,0.0004821325196623,0.0004750940970422,0.0004597658097857,0.0004264165679117,0.0004027881298705,0.0003878017449465,0.000364607317813,0.0003417702752328,0.0003128199077517,0.0002773868122103,0.0002458630696568,0.0002131245465579,0.0001958299896699,0.000189583175957,0.0001642230285004,0.0001614426570835,0.0001491762399044,0.000136717205878,0.0001337448242474,0.0001320460753356,0.0001299609937004,0.0001347349983207,0.0001316117286576,0.0001440514406191,0.0001460025840416,0.0001613007938705,0.000174883154136,0.0001832020523228,0.000137327736978,0.0001052803858327,0.0001287696804725,0.0001492104906439,0.0001737084486232,0.0001861931146063,0.0001841658748646,0.0001813205907724,0.0001885542878074,0.000194752253812,0.0002006157339986,0.0001898244525876,0.0001958924778478,0.0002098674098388,0.0002274793981568,0.0002293184079701,0.0002403708920753,0.0002465337369022,0.0002492942846118,0.0002567928282503,0.0002640490958201,0.0002829595854685,0.0003016536143338,0.0003224362961216,0.0003294350246657,0.0003382778536926,0.0003731691961798,0.0003836449469371,0.0004056321118845,0.0004089078537284,0.0004266320161927,0.0004443940392997,0.00043586460975,0.0004662667421634,0.0004884451184989,0.0005114011764655,0.0005139126852899,0.0005263658547124,0.000532823093964,0.0005592971721281,0.0005807960584522,0.0005820123527964,0.0005968968909856,0.0006096051775288,0.0006306106261211,0.0006649592227613,0.0006779898169155,0.000700931811499,0.000714931184445,0.0007510045979097,0.000762477096379,0.0007754207545129,0.0008137895017503,0.0008636314355613,0.0008765625235699,0.0008971270774985,0.0009049377793372,0.0009365701518837,0.0009789627071827,0.0009769685501194,0.0010287552909842,0.0009857516557417,0.0010922200473244,0.0010499381180863,0.0010446687902846,0.0011281810678931,0.0012412101145119,0.0012436105064749,0.0012617393923878,0.0012451133533986,0.0014037361031793,0.0013686961244355,0.0013516815173594,0.0015555965331394,0.0014477476293898,0.001442041528157,0.0015682426283994,0.0015482012125994,0.0015296201314802,0.0015784465878208,0.0015833638907214,0.0016175393164515,0.0016802836695595,0.001609685700105,0.0015952490189835,0.0016546661009726,0.001679722171427,0.0016719935693978,0.0016777064592174,0.0017360246205735,0.0017055813500207,0.0017700452049428,0.0016836586944766,0.0016808372168238,0.001651059257701,0.0017133949970258,0.0017067780741831,0.0016521405341786,0.0016831573880299,0.0016431403911378,0.0016770037138886,0.0016121054372286,0.0016874390703549,0.0016374044256449,0.0016626265237393,0.0016664961903823,0.0015780957973112,0.0016782547651076,0.0016371216923196,0.0016323478903827,0.0015992582037393,0.0015431761257481,0.0015415376081595,0.0015840636585894,0.0015070575131878,0.0015873636517114,0.0015413518102801,0.0018362977362875,0.0018445916631315,0.0015835010393905,0.0016170987459895,0.0015661109765135,0.0018613440176015,0.0019550733174686,0.0022364094592774,0.0024777915376537,0.0027710379489128,0.0030557796664416,0.0033852194496638,0.003819272940257,0.0040335963419386,0.0043077574234236,0.0046486136132511,0.0048714273646096,0.005095870847706,0.0053527084081127,0.0054869917448404,0.0058182084576249
spectrum 11,6.83445237798648e-05,6.93747291540033e-05,8.53698943933757e-05,8.15550002331362e-05,8.66173809842664e-05,9.15823083032749e-05,9.47038104361433e-05,9.82402799728726e-05,0.0001029971294986,0.0001060275227324,0.0001107825554561,0.0001253253486429,0.000129316552418,0.0001380159740324,0.0001417516712387,0.0001472000897223,0.0001505639764558,0.0001594429031599,0.0001659047303766,0.0001730375736083,0.0001836497417097,0.00019153993441,0.0002029021216938,0.0002181995332103,0.0002216388566467,0.000228909812093,0.0002390746698848,0.0002508666429148,0.0002601051434059,0.0002754599376041,0.0002937890919844,0.0003108341216921,0.0003178773240273,0.0003322996697268,0.0003495918902664,0.0003588098934816,0.0003765151168546,0.0003887883622487,0.0004068569058573,0.0004244224101585,0.0004264374372331,0.0004494836130054,0.0004689406270061,0.0004677890220579,0.0005012506332583,0.0005106414141794,0.0005147891072129,0.0005273455908236,0.0005572050714007,0.0005588454480164,0.0005651212863927,0.0005875545601531,0.00060771901492,0.0006152318544307,0.0006326689860077,0.0006666290441126,0.0006669253305365,0.0006889487041846,0.0007031850223138,0.0007412255163776,0.0007456847534751,0.0007622650777431,0.0007790415555547,0.0008012991623134,0.0008221954249346,0.0008340122426941,0.000859413102672,0.0008795379554527,0.0008831590987779,0.0009026985766058,0.0009293774763647,0.0009663259205094,0.0009543378603154,0.0009632724903144,0.0009829689983875,0.000990214467953,0.0010046625116216,0.0010142204402777,0.0010284071469035,0.0010434343897653,0.0010689779333072,0.0010589167479853,0.0010707299447301,0.0010898637625228,0.0010881194758291,0.0011231722439702,0.001104738696182,0.0011207792548456,0.0011392531047099,0.0011267285573029,0.0011365372554756,0.0011428556958851,0.0011625320149318,0.0011712805338702,0.0011670416909254,0.0011684990445806,0.0011964258987959,0.0011908060392968,0.0011847426161274,0.0011931147166164,0.0012009835436838,0.0011991620168524,0.0012320976982679,0.0012117782343638,0.0012264548863999,0.0012170299543876,0.0012240903792856,0.0012304252294324,0.0012377789974045,0.0012312847104865,0.001248128541075,0.0012354280884912,0.0012478556459925,0.0012453646732391,0.0012633553436911,0.0012674454797876,0.0012608345402639,0.0012539351629622,0.0012548659636362,0.001256146417613,0.0012594443379784,0.0012748748885403,0.0012605381148297,0.0013652380835811,0.0013295102830158,0.0013315631512585,0.0013620788531349,0.0013803003330209,0.0014049399804402,0.0013711317653002,0.001482429229366,0.0014333344740187,0.0014171925869847,0.001446442230784,0.001454942975203,0.0014444929490882,0.0014483681673734,0.0014562482435057,0.0015140057904158,0.0014595264037972,0.0014303055427364,0.0014431652765502,0.0015002731712637,0.0014572946496803,0.0014818081352353,0.0014424271299938,0.0014712328467618,0.0014666630716065,0.0014614786053363,0.0014447932349079,0.0014430278828938,0.0014204704919512,0.0014643719660351,0.001462119491308,0.0014576508827217,0.001452202036206,0.0014114983985948,0.001501142967399,0.0014284242084372,0.0014537624004063,0.0014709146136628,0.0014755979134603,0.0014785003976138,0.0014572720133194,0.0014786931113696,0.0014860716589204,0.0014885903779357,0.0014428133842485,0.0015068349448333,0.0015760712931901,0.0015571800860981,0.0016130367917744,0.0016791265902359,0.0017981035250196,0.0018750546131754,0.0019515066060073,0.0020412314824494,0.0021227957297231,0.0022341101295058,0.0022900133513268,0.0023732920656509,0.0025204070829309,0.0025659534650417,0.0026300733871066,0.0027061257999415,0.0027727568618079,0.0029244337119438,0.0029568190879609,0.003019653378708,0.0031373368536198,0.0032047222146814,0.0032781246819933,0.0033538266608367,0.0034106126546902,0.0035399568066495
spectrum 12,4.34874786309129e-05,4.91461852842619e-05,6.87421922690901e-05,6.81264316488796e-05,8.25964985629996e-05,9.49788212094186e-05,9.27657270537858e-05,9.94517214316592e-05,9.18006103194554e-05,9.2335095659707e-05,9.59261331316478e-05,0.0001103390623815,0.0001236151894908,0.0001409202123526,0.0001636655854093,0.0001830737171045,0.0002093751766921,0.0002390485732076,0.0002733561711603,0.0003077171234694,0.0003374945796199,0.0003669016648786,0.0003938229570502,0.0004261097580511,0.0004289462648274,0.0004291310060763,0.0004444162999447,0.0004490271443421,0.0004488759214799,0.0004468675688709,0.0004488414841029,0.0004350708582476,0.0004030132168025,0.0003733893687689,0.0003549393734218,0.000327681271986,0.0002926325154262,0.0002610334633638,0.0002231227559269,0.0001917786934994,0.0001633317983319,0.0001485757906339,0.0001432249326131,0.0001232004432582,0.0001216477298502,0.0001115800108277,0.0001024242981607,0.0001005321050099,9.87960752659491e-05,9.72105314411143e-05,0.0001009988268447,9.85147661943547e-05,0.000107957965554,0.0001093693509244,0.000121609111228,0.0001318034458666,0.0001385660755933,0.000100338245591,7.82199735699193e-05,9.792824803371e-05,0.0001144475291774,0.0001329734296735,0.0001416723963646,0.0001396061019752,0.0001374030457488,0.000143570931556,0.0001482401973662,0.0001526588545572,0.0001436850486035,0.0001491449127458,0.0001614099254346,0.0001755603125965,0.0001770933208817,0.0001862297685478,0.0001908258870977,0.0001926880943491,0.0001989822943963,0.0002036662799355,0.000219398078213,0.0002349307785208,0.0002524432521762,0.0002580868398667,0.0002641534914326,0.0002937973783175,0.0003016133743457,0.0003182474517072,0.0003197533619348,0.0003356683428967,0.0003501277173475,0.0003430585695914,0.0003698522758502,0.0003899976413766,0.0004084703342507,0.0004075983071446,0.000419634988212,0.0004241696701671,0.0004481534584947,0.0004672546948595,0.000468048509004,0.0004825397204702,0.000493546776236,0.0005145852885264,0.0005444566159146,0.0005616907788705,0.000583569762794,0.0005955782906374,0.0006359932544934,0.0006392021137196,0.0006501041026113,0.0006951240243505,0.0007523404028985,0.0007692987503974,0.0007828735576376,0.0007829323400419,0.0008241883881673,0.0008691866958826,0.0008646763371958,0.0009426230767408,0.0008431198469424,0.0010153570860656,0.0009379999369646,0.0009019062743182,0.0010520849734983,0.0011576303093612,0.0011671137464828,0.0011930065662258,0.0011093674758719,0.0013861838436713,0.0012845477970493,0.0012366254318909,0.0015504329559442,0.0014024409359653,0.001370904705724,0.0015842881197787,0.0015084292581912,0.0014748877324811,0.0016145046456709,0.0016024504703848,0.0015975114414528,0.0016917577477231,0.0016424736727227,0.0016059740982365,0.0017234380288239,0.0017088233273078,0.00166697610682,0.0017195250218302,0.0017891029777347,0.0016659589344765,0.0017841425981985,0.0016587045287147,0.0017236937108386,0.0015753080664425,0.0017391478232826,0.0016977202460033,0.0016182956727768,0.0017014531778969,0.0015636349200424,0.0016902427366611,0.001516877149106,0.0016418965142819,0.0015755184815154,0.0015730834756422,0.0015962457430202,0.0014518383605356,0.0015964932425408,0.0015139545409001,0.0015036901789801,0.0014706851614432,0.0013307211099254,0.0013126647346419,0.0013572952545323,0.0012786288920625,0.0013587398417311,0.0013082996410068,0.0015649135475344,0.0015955306304364,0.0013752740361036,0.0014078170111281,0.0013702817329361,0.0016396782845088,0.0017189079192261,0.001972435724672,0.0021853967048883,0.002435642974939,0.0027050632553118,0.0029567182508229,0.0033487383663694,0.0035259383764198,0.0036773462617585,0.0037518489623084,0.0037872341871196,0.0040544430355379,0.0041987347083278,0.0043467287354466,0.004488762009811
spectrum 13,2.64557909138374e-05,2.98200284580455e-05,4.1578320022171e-05,4.15522488934508e-05,4.97783054776499e-05,5.72964153089491e-05,5.58516980714868e-05,5.99542012355091e-05,5.48400462378009e-05,5.62300326089609e-05,5.75343543270042e-05,6.59820399122776e-05,7.39252916078947e-05,8.48277067925245e-05,9.79391893751087e-05,0.000110696454942,0.0001257749100993,0.0001440476902011,0.0001694469604033,0.0001912209492275,0.0001950109811961,0.0002099733630434,0.0002180173797944,0.0002309988721312,0.0002335959890925,0.000214683448994,0.0002235902177462,0.0002353189441801,0.0002359101618848,0.0002388612743437,0.0002305107309656,0.0002207446173405,0.0002030644530977,0.000187006994116,0.000187243197835,0.0001782482632886,0.0001459213477971,0.0001366801980863,0.0001376719721437,0.0001249016646594,0.0001110714710073,0.0001025347547471,0.0001006204264256,8.71533168522003e-05,8.68760597317189e-05,7.96499061661945e-05,7.27496186925085e-05,7.14608584151187e-05,6.95949718860401e-05,6.86843706731054e-05,7.12461493054925e-05,6.93486368494545e-05,7.62316857604769e-05,7.70720403113798e-05,8.6341833945358e-05,9.41553156292877e-05,9.84665415114286e-05,6.9957994590662e-05,5.28461035501328e-05,6.83924948919901e-05,8.25746776884308e-05,9.6078060700611e-05,0.0001014847440765,0.0001003326636352,9.9040318599785e-05,0.0001031633927331,0.0001062554418343,0.000109909480704,0.0001033398581787,0.0001078523572692,0.000117396268303,0.0001280590009973,0.0001294843735778,0.0001366917173153,0.0001401383566026,0.0001414987482631,0.0001459377628516,0.0001481568136582,0.0001603840000346,0.0001719501753804,0.0001850321489786,0.0001892290033497,0.0001932174459614,0.0002144242233017,0.0002192906892126,0.0002312995330101,0.0002322074640461,0.0002439583850355,0.0002534268658495,0.000248438721928,0.0002678962356095,0.0002817205120394,0.0002955682239278,0.0002931115699948,0.0003012427701559,0.0003050317553048,0.0003223908504723,0.0003354820969885,0.0003374244919438,0.0003471498068535,0.0003544964606556,0.0003695546090383,0.0003910199437238,0.0004003242112988,0.0004143754808744,0.0004238495503943,0.0004472058785529,0.0004558049577968,0.0004639801722241,0.0004930001909123,0.0005284109754023,0.0005401763255439,0.0005520691486069,0.000560284706533,0.000581769715006,0.0006144445869172,0.0006109058849389,0.0006544499758288,0.0006178400452718,0.0007095709505322,0.0006703602073204,0.0006614383262952,0.0007417102981138,0.0008210132138259,0.0008335532646152,0.0008478070361135,0.0008259396994386,0.0009851876261412,0.0009507137222602,0.000933575791792,0.0011311982598778,0.0010264368690958,0.001025481717369,0.0011855810103958,0.0011272857845488,0.0011391535456748,0.0012338100307381,0.0012107317328269,0.0012493002520448,0.0013119498058957,0.0012642163603189,0.0012538381939475,0.0013186317204203,0.0013312221572423,0.0012987490195703,0.0013371643471423,0.0013968077118322,0.0013051378349719,0.0014024784767449,0.0012892663307894,0.0013499461816957,0.0012183181185583,0.0013603185650391,0.0013199783234165,0.001242469849344,0.0013300211662973,0.0012103871389839,0.0013059191767605,0.0011676561818722,0.0012720555388659,0.0012032479497446,0.0012170960924007,0.0012299915678863,0.0011291166558525,0.0012289091608233,0.0011637948473326,0.0011614129573163,0.0011216091220661,0.0010296869579996,0.0010225675872015,0.001054773713333,0.0010236522000126,0.001077477454927,0.0010745356408757,0.0012836931797416,0.0013305950139914,0.0011755342080246,0.0012103148140686,0.0011696447175432,0.001425553347821,0.0014808201488354,0.0017174315056221,0.0019108931494587,0.0021307071553325,0.0023567949048449,0.0026032479606338,0.0030049801287521,0.0031128895813988,0.0030942496867134,0.0028753490900458,0.0029460305471731,0.0032382997186809,0.0034495421229559,0.0039584248088552,0.0039748401515582
spectrum 14,9.16951604617256e-05,9.24024420787886e-05,0.0001204550697937,0.0001168512679978,0.0001433534395739,0.0001650372256223,0.0001662989258841,0.0001901738336991,0.0001951803842395,0.0001923358292638,0.0001596953954686,0.0002086856387358,0.0002100900754985,0.0002279057294663,0.0001917573920182,0.0001992987139742,0.0001706393692726,0.0001567326091615,0.0001592938417657,0.000143968930167,0.0001239908079473,0.0001232101313757,0.000122162688585,0.000124005988597,0.0001242996789845,0.0001145553299683,0.0001172536615469,0.0001317212267275,0.0001371699900132,0.000144959135727,0.0001439278939894,0.000146333105752,0.0001419850672357,0.0001362598495552,0.000145303582719,0.0001498336536841,0.0001139112211504,0.000106900178143,0.0001471855552513,0.0001588046987469,0.0001665615060276,0.0001656317022382,0.0001821293313976,0.0001731659516528,0.0001988086219854,0.0002089549899814,0.0002023905791636,0.0002239834177511,0.000235189783376,0.0002463773969616,0.0002439462534787,0.0002556517696873,0.0002625010154602,0.0002789714894748,0.0003102966115061,0.000347504227215,0.000350120078644,0.0003771772241718,0.0003944173943874,0.0004466342417979,0.0004675204418529,0.0004754880063484,0.000497065673639,0.0005274849635996,0.0005869612308199,0.0005678690420872,0.000639725628943,0.0006129583475488,0.0006808419351013,0.0006832211309997,0.0007198935802228,0.0007073246138024,0.0007513366489536,0.0007090676781344,0.0007446966183157,0.0007069010820871,0.0007059330964986,0.0007102914555555,0.0006817647374398,0.000722029488157,0.0006875807925472,0.0007018323112781,0.0006944294210879,0.00069040876849,0.0007053440913236,0.0007074455645094,0.000675311312614,0.0007134734389747,0.0007148812389348,0.0006906721423116,0.000717374811722,0.0006663440673393,0.0007643473244717,0.0007675770875413,0.0007303472029646,0.0007418484089454,0.0007945317478112,0.0007305351784873,0.0008081609123255,0.0008057198979036,0.0007589348796379,0.0007722655734935,0.0008180212739986,0.0007868009211484,0.0008018730374641,0.0008098853894809,0.0007758431994174,0.000829793464424,0.0008320180333602,0.0008654433521129,0.0008901895871042,0.0009237585092704,0.0008776951398545,0.0009338614050422,0.0009731691953362,0.0009408972902308,0.0009583607768774,0.0009482861325688,0.0009636698244769,0.0009945669978196,0.0010072715921977,0.0010503088667101,0.0011095260852963,0.001269364158207,0.0011964150753593,0.001176192227898,0.001241294404225,0.0013169796696548,0.0013598313502209,0.0013661139686922,0.0015375247724971,0.0014401350336375,0.0014302998697195,0.001519317247193,0.001511176172408,0.00154384039225,0.0015923242431092,0.0015415147597189,0.0016694475708993,0.001610426031192,0.0015880681969075,0.0016687978796389,0.0016825517012388,0.0016435180491227,0.0017123966724472,0.0016720623883091,0.001682774529532,0.0017114520234369,0.0017395056247285,0.001682279199328,0.0017602993272062,0.0016752792113302,0.0017779563061911,0.0016999327179633,0.0017182090432492,0.0017495155845799,0.0016355671372557,0.0017691060787635,0.0015618636746184,0.0016421827792114,0.0015805152275654,0.0016347681833149,0.0016229259722066,0.0015179191502947,0.0015521900790282,0.0015419372222831,0.0014718268217729,0.0014306082497177,0.0013348592783084,0.0012318729952034,0.0011841750777666,0.0012374340905998,0.0011117623221066,0.0014097153397409,0.0015081230007296,0.0015338667763759,0.0016900379339864,0.0019160434351157,0.0021563125069531,0.0021733657374063,0.0020505464080998,0.0021979697816617,0.0023421003406329,0.0025160952647576,0.0027061173273007,0.0026541619556987,0.0030690132704704,0.0028668143831244,0.0026593143989725,0.0024073765149217,0.0024282129361129,0.0026740096373694,0.0028356198417376,0.00324154634475,0.0032281853534879
spectrum 15,6.57893972561629e-05,6.68158875580315e-05,8.22663720648285e-05,7.86351217091775e-05,8.35648905102256e-05,8.84084783416736e-05,9.1474507999454e-05,9.4946467030425e-05,9.95988091559974e-05,0.0001025864840387,0.0001072425590673,0.0001213817567156,0.0001253078379875,0.0001338009523387,0.0001374849075113,0.0001428283701594,0.0001461418520384,0.0001548132805844,0.0001611331713366,0.000168107075454,0.0001784617702599,0.0001861729781546,0.0001972839734109,0.0002122092823087,0.000215609788997,0.0002227468701354,0.0002327185361016,0.0002442936609787,0.0002533976390539,0.0002684709659301,0.0002864432972331,0.0003031729197396,0.0003101507303267,0.000324331583188,0.0003413309766953,0.0003504467085801,0.0003677746316814,0.0003799251458571,0.00039774946613,0.0004150511697372,0.0004171525037355,0.0004398267549945,0.0004590310246634,0.0004580911060314,0.000491040102735,0.0005004341020726,0.0005046384885405,0.0005169736024809,0.0005464804245357,0.0005485118441412,0.0005543579188812,0.0005769980704703,0.0005966254090597,0.0006041883488634,0.0006211069144062,0.0006547153115344,0.0006550457900117,0.000678703938395,0.0006935337285653,0.0007296089578563,0.0007339327556115,0.0007499205044912,0.0007665547111622,0.0007890124179874,0.000809978476165,0.0008214081791999,0.0008465677219261,0.0008666711549399,0.0008709311585374,0.0008902688584692,0.0009163440219007,0.0009527248132822,0.0009410317497751,0.0009499753114367,0.0009695623747201,0.0009768418838511,0.0009911749984533,0.0010006699856144,0.0010147243644829,0.0010296153441989,0.0010548920139248,0.0010450443336518,0.0010567923426932,0.0010757164276537,0.0010740554481481,0.0011087106435133,0.0010905699520527,0.0011064474419516,0.0011247223175298,0.0011123989600278,0.0011221127970273,0.0011283702316868,0.0011478305723302,0.0011564891669035,0.0011523184802526,0.0011537718875133,0.0011813598271769,0.0011758185489598,0.0011698406339706,0.0011781148643467,0.0011858849586072,0.0011840911675082,0.0012166158670556,0.0011965525429839,0.001211044373139,0.0012017426582282,0.0012087071230925,0.001214970685122,0.001222231640583,0.0012158169817774,0.001232448930064,0.001219906769348,0.0012321747606752,0.0012297180889225,0.0012474783638611,0.0012515140952341,0.0012449791340472,0.0012381618734968,0.0012390836118986,0.0012403388409866,0.0012435925147099,0.0012588266143813,0.0012446622798688,0.0013480415223021,0.0013127559777313,0.0013147790655066,0.0013449060987203,0.0013628918168612,0.0013872183235725,0.0013538333611125,0.0014637196044467,0.0014152427243587,0.0013993001377756,0.001428175178708,0.0014365664743283,0.0014262455847228,0.0014300657536731,0.0014378419849211,0.0014948672400972,0.0014410699420168,0.0014122139558697,0.0014249111105462,0.001481286685119,0.0014388472469005,0.0014630467893089,0.0014241574131887,0.0014525934226865,0.0014480750524221,0.0014429571160814,0.001426467433324,0.0014247223131959,0.0014024417986893,0.0014457815499391,0.0014435515014673,0.0014391338029387,0.0014337604913627,0.0013935567630869,0.001482062970982,0.0014102576606164,0.0014352921324891,0.0014521978682917,0.0014568185465064,0.0014596810740185,0.0014387236753975,0.0014598586593629,0.0014671403937603,0.0014696219456121,0.0014244271312284,0.0014874115364718,0.0015553411018538,0.0015361441375519,0.0015908538297143,0.0016557584443451,0.001773103642569,0.0018491082336871,0.0019248754617399,0.002013895401502,0.0020948192221417,0.0022050996390514,0.0022605664471212,0.0023430702722889,0.0024887306976575,0.0025341973980244,0.0025978965452032,0.0026735504756969,0.0027397626160047,0.0028903220225825,0.0029228882785565,0.0029855602247428,0.0031022210279258,0.0031690495727476,0.0032425863798917,0.0033179758362344,0.0033746710560561,0.0035030249631712
spectrum 16,2.37684546349801e-05,2.45516188564999e-05,3.07764401044565e-05,2.99742761827918e-05,3.2466588876471e-05,3.50226679803372e-05,3.694013054335e-05,3.90738695890396e-05,4.17482461659849e-05,4.37749711737669e-05,4.65480109678481e-05,5.35541332523086e-05,5.61532343365768e-05,6.08466104553245e-05,6.33973894975421e-05,6.67063944244009e-05,6.9024368519605e-05,7.38633940241645e-05,7.75545168416607e-05,8.15427577016961e-05,8.71781375183542e-05,9.15694591936242e-05,9.7771956629601e-05,0.0001060198702661,0.0001086690289599,0.0001133142899388,0.0001196253395153,0.0001270358275957,0.0001334034707247,0.0001429712492364,0.0001541811717463,0.0001648851168521,0.0001703248737449,0.0001797267758659,0.0001908864040973,0.000197705272383,0.0002076116766485,0.0002172771797119,0.0002299124077858,0.0002417674951297,0.0002448834395128,0.0002598506906623,0.0002732684878232,0.0002744902571573,0.0002960281705567,0.0003032506675141,0.0003073840919156,0.000316621607046,0.0003363883755467,0.0003393576925232,0.0003446104362839,0.0003607741449877,0.0003750815598419,0.0003822438868438,0.000395402647215,0.0004196897172228,0.0004228203083969,0.0004417122855908,0.0004547424481564,0.000481297397479,0.0004873798864464,0.0005011250885291,0.0005154761670775,0.0005339716695616,0.0005514227624995,0.0005622229716652,0.0005825376706469,0.0005993863275447,0.0006054166961039,0.0006216295586361,0.0006424743238446,0.0006706093293109,0.0006649340150471,0.0006736462168457,0.0006898786878974,0.0006972290042482,0.000709533041701,0.0007182697922249,0.0007301950392449,0.0007426428847264,0.0007625042115638,0.00075691742618,0.0007667937499025,0.0007818261197131,0.0007818386852782,0.000808108981653,0.0007958409894764,0.0008082976680198,0.0008225409550308,0.0008142971107441,0.0008220948750654,0.0008270815736257,0.0008420602258254,0.000848913023874,0.0008462407079495,0.0008476043376586,0.0008682498105047,0.000864441038314,0.000860259738501,0.000866627120691,0.000872433850064,0.0008713365179679,0.0008954734080944,0.0008808364544807,0.0008916101592787,0.0008849814399805,0.0008900741447097,0.0008949548735405,0.0009004155445651,0.0008958191498321,0.0009081821453796,0.0008990302437009,0.0009080768515353,0.0009064006927475,0.0009195534537907,0.0009225211212039,0.000917663771329,0.0009126266488729,0.000913369121616,0.0009142403604838,0.0009166043160098,0.000927820607078,0.0009173199417649,0.0009934866794846,0.0009673656740945,0.0009687602487989,0.0009908781858576,0.0010040492968724,0.0010218789411104,0.0009971777501428,0.0010779849605839,0.001042172774009,0.0010302645667781,0.0010513861910658,0.0010574199493378,0.0010496482090349,0.0010522932661416,0.0010578062989482,0.0010995664407775,0.0010597873190624,0.0010383296564611,0.0010474477289226,0.0010886214526474,0.0010571509454198,0.0010746771600514,0.0010458186493807,0.0010663904785307,0.0010627539604407,0.0010587122578723,0.0010462421373099,0.001044650095923,0.0010279689441237,0.0010594352160044,0.0010574527198826,0.0010538945376696,0.0010496499691274,0.0010198673684472,0.0010843250805601,0.0010314269564229,0.0010494757895409,0.001061448555421,0.0010644898444987,0.0010662539897122,0.0010505989812868,0.0010656849204418,0.0010706498970471,0.0010720950046393,0.0010387780248984,0.0010755545376895,0.0011132359930327,0.0010879082725823,0.0011194623967499,0.0011593231625575,0.0012402291813457,0.0012942526558802,0.0013530325526724,0.0014227142798195,0.0014861245341745,0.0015699934141262,0.0016153580658214,0.0016778368811751,0.0017898755088851,0.0018311381493689,0.0018830685704698,0.0019477323226363,0.0020029937126954,0.0021271349104035,0.0021627875063812,0.0022210519785674,0.0023155578173627,0.0023684941362099,0.0024438170134176,0.0025108128420236,0.0025642067912128,0.0026692470716703
spectrum 17,0.0002423715294107,0.0001899787055396,0.0001997344178235,0.0001901312575611,0.0001754549618791,0.0001485341279342,0.0001485540028479,0.0001454469587278,0.0001530908342642,0.0001605211328169,0.0001689325989129,0.0001987161526362,0.0002245433605284,0.0001943166639053,0.0001744308345693,0.0001786473941577,0.0001760681739315,0.0001869074949378,0.0001962268616605,0.0002008543623869,0.0002053668418738,0.0002110478913006,0.0001845662789576,0.0002020507612213,0.0002138656582134,0.0002337090947135,0.0002331835975985,0.0002462400443014,0.000255128890569,0.0002451051248318,0.000240975785135,0.0002583484793708,0.0002920373295443,0.0002821015875471,0.0002941050657706,0.0003071391179213,0.0003269022358122,0.0003303367995428,0.0003536349712423,0.0003681978236043,0.0003834425995187,0.0003572662910667,0.0004112806920957,0.0004639282921774,0.0004523776491537,0.0004426899523172,0.0004390534868397,0.0005228404506987,0.0004740480408765,0.0004844463478839,0.0005483294682904,0.0005325105627197,0.0005703001156732,0.0006055446266156,0.0006062617883044,0.0006155858051729,0.0005533141063807,0.0006478480994631,0.0006070022236496,0.0006490877067809,0.0006706032093909,0.000733063535977,0.0007662749636421,0.0007085635888142,0.0007192784688204,0.0008855994698132,0.0008278628834206,0.0008848084136337,0.0008577120760746,0.0008652772459589,0.0010067298013193,0.0010368896431678,0.0010150658386471,0.0010777582822276,0.0010534403702174,0.0010928906140471,0.0011078131664865,0.0011102055197031,0.0012087613518449,0.0012906270586479,0.0012812556132575,0.0012879006992213,0.0013115500544346,0.0014278911486454,0.0014941640759884,0.0014089094619024,0.0016003787097182,0.0014453570180939,0.0017059792542191,0.0016560119947454,0.0015795835291544,0.001619935939846,0.0016433005607175,0.001758854417077,0.0017481875655021,0.0018998682178017,0.0018838786559977,0.0017611873106277,0.0019418011903896,0.0018345511394911,0.0018015042149517,0.00145363226087,0.0015724237254516,0.001447027216605,0.0014646638884421,0.0014110710099977,0.0014085329697266,0.0013720617316848,0.0013002067877242,0.0015553810188874,0.0014560956705253,0.0014733266795622,0.0013921531425657,0.0014876024768076,0.0014249467454663,0.0012931159136801,0.0014303651437467,0.001244252229086,0.0012521923091896,0.0011052118819039,0.0011997473985467,0.0011692730395712,0.0011786657307352,0.0011891999318664,0.0012367943775557,0.0012152908207317,0.0012876093754914,0.0013216280507643,0.0013466847956738,0.0013119748582103,0.0014855786523657,0.0013989888380287,0.0013655205554458,0.0014727809111304,0.0014935902249631,0.0015837196186165,0.0015276205678973,0.0016877525398328,0.001618075231131,0.0017595300633181,0.0017748456662562,0.0015568266549718,0.0018950179231065,0.0016977261392082,0.0016850651154279,0.0016976301738249,0.0015680954552958,0.0016606338799172,0.0015012889632519,0.0017997959303636,0.0014829988333236,0.0017881623828927,0.0017181104921808,0.0017821145585248,0.0017284286090155,0.0014288737704929,0.0018784093418576,0.001580679853527,0.0016704412201806,0.0014918635191741,0.0017454442611034,0.0016436907182911,0.0017359804615047,0.0016328500375193,0.0018286426509918,0.0016523958070566,0.0016897911992736,0.0015761826652286,0.0018700304339858,0.0018404238548402,0.0017318593610711,0.0020381041273719,0.0022054691815311,0.0020710922399067,0.0021458184752254,0.0023434794359679,0.0015182713750813,0.0016158065465096,0.0022602706666135,0.0029494788303709,0.0028127003086817,0.0027383596461388,0.0031791326526479,0.0030475563918213,0.0034910220069163,0.0038364845133016,0.0043750216670288,0.004491406748069,0.0045300893617477,0.0044485824255281,0.0043976476666619,0.0043224398614013,0.0046442280895098,0.0051559414062031,0.0043557380550197
spectrum 18,0.000136556423725,9.42667787488052e-05,9.94003981882672e-05,9.28090378311172e-05,8.02541194485872e-05,6.74739510823073e-05,6.91871962716093e-05,6.77650273440331e-05,7.42551819507051e-05,7.63523267885432e-05,7.78149248836816e-05,9.7583278000143e-05,0.0001173876393471,9.42243189491986e-05,8.4549990083211e-05,8.49941298601292e-05,8.85359440541205e-05,9.4457422337987e-05,0.0001004469514344,9.96786503116305e-05,0.0001022100728696,0.0001073753533802,9.65965181628006e-05,0.0001061822097375,0.0001118039413462,0.0001202493373176,0.0001228881122686,0.00013245587291,0.0001380136793812,0.0001320139554563,0.0001370802965666,0.0001413286051325,0.0001646595879127,0.0001585983842134,0.0001655962671601,0.0001720812468047,0.0001886360623055,0.0001929395388685,0.000207381605606,0.0002139740376166,0.0002245213899919,0.0002102574362892,0.0002491943913582,0.0002938712295585,0.000280150444913,0.0002682390681242,0.0002602946096793,0.0003314388860086,0.0002894619978995,0.0002899896463737,0.000328777357153,0.0003343386233738,0.0003623039198646,0.0003963454718077,0.0003841064458939,0.000391971851365,0.0003272037319973,0.0004148112807158,0.0003672853683844,0.0004017699801942,0.0004195090661078,0.000471817458354,0.0005009231393001,0.00045419080899,0.0004631123605302,0.0006010517640267,0.0005487326926808,0.0005951612292301,0.0005772978191268,0.0005801289698963,0.0007099135978857,0.0007445084397492,0.0007179653317303,0.0007730209199021,0.0007528701231586,0.0007817648046243,0.0008001442750464,0.0007984724930345,0.0008851745460982,0.0009675976070178,0.0009561618518926,0.0009648436118097,0.0009845412189399,0.001076499325497,0.0011596822941088,0.0010561403896421,0.0012531387724984,0.0010919893630792,0.0013474777620771,0.0012851202505637,0.0012043939978827,0.0012480664749164,0.0012666860321023,0.0013592398845604,0.001350860491095,0.0015031306962472,0.0014889538652487,0.0013684935822574,0.0015372971245339,0.0014158645662322,0.0016234483808285,0.0013251527804769,0.0015136380147308,0.0013666226270409,0.0014489993957961,0.0013250916014683,0.0013398435226513,0.0012538854569226,0.001128336199366,0.0014112165325922,0.0012207164771183,0.0012026396834759,0.0010802894974269,0.0011427017129238,0.0010616549849292,0.0009556304623195,0.0011617662380018,0.0009584360284928,0.0010188121800585,0.0008461788047785,0.0009843252423565,0.0009431556618645,0.0010126807183354,0.0009311642331223,0.001017795432878,0.0009816749426273,0.0010542448611239,0.0010583405526353,0.0011076266764075,0.0010120881418475,0.0011945623440826,0.0010990242549381,0.0010285361214141,0.0011319813868195,0.0011269175737072,0.0011987614542371,0.0011369350826129,0.0012632939066024,0.001169318428327,0.0013200646964824,0.0013469947765355,0.0010776701536189,0.0014529519883985,0.0012520190063313,0.0012068366031215,0.0012308298040466,0.0010843705897186,0.0011676166044966,0.0010066314151487,0.0013096664018365,0.0010159049185416,0.0012735378654702,0.0012378637187239,0.0013056515081472,0.0012330928467468,0.0009628517927286,0.0013660126459115,0.0010834504289505,0.0011800534720113,0.0009891084090893,0.0012406182071106,0.0011417717736006,0.0012127268901246,0.0011360003428881,0.0013149818440292,0.0011565368229745,0.0011688146211259,0.0010695060280968,0.0013435320892863,0.0012891284993728,0.0011882777666802,0.001447446507123,0.0016520846150079,0.0014884089576364,0.0015841314896223,0.0017193946602617,0.0018021212973823,0.0020535933711744,0.0020378956847656,0.0024660380429919,0.0023333897972751,0.0026077173561314,0.0029996899155461,0.0029917642602649,0.0032890020698637,0.0034392447482948,0.0038341030069018,0.0038616600523489,0.0039389348513226,0.0041096917593807,0.0039059285931649,0.0035957039085301,0.0039665131883154,0.0045750777265367,0.0035328622544579
spectrum 19,8.50977312166981e-05,9.44255204874659e-05,0.0001302329915344,0.0001275084933227,0.0001525042871911,0.0001726871835428,0.0001710831422813,0.0001830743319934,0.000171981259815,0.0001736320835462,0.0001778942940224,0.0002024938089698,0.0002201272719733,0.0002456775684893,0.0002740963848241,0.0003015484625403,0.0003350102961236,0.0003787920293595,0.0004290901293567,0.0004867950145203,0.000548544834362,0.0006149551552772,0.0006738351999603,0.0007219365858705,0.0007135580858413,0.0006874390943348,0.0006974071495134,0.0006815084770684,0.0006544754525216,0.0006362569506704,0.0006223140901766,0.0005958153574456,0.0005481977777221,0.0005130198119565,0.0004901286115115,0.0004567004914534,0.0004221555715455,0.0003852428438456,0.000342199214973,0.0003026548481608,0.0002623858738636,0.0002409645441151,0.0002332364694589,0.0002021497122893,0.0001982988374338,0.000183271840682,0.0001680773085509,0.000164278837355,0.0001626433644862,0.0001599093304295,0.0001657674416012,0.0001619969272579,0.0001770990219762,0.0001796187492324,0.0001978988469684,0.0002142528244138,0.0002247559696684,0.000170065920493,0.0001305302484814,0.000157293340795,0.0001810033159262,0.000211087787206,0.0002271018124554,0.0002243832946594,0.0002205885650206,0.0002294200751254,0.000237140458853,0.0002439130319551,0.0002309547949473,0.0002376046719679,0.000253711028915,0.0002746477923521,0.0002767102715197,0.000289625678386,0.0002969732189356,0.0003003625740726,0.0003092954308614,0.000319102549288,0.0003412414922613,0.0003635105289922,0.0003880986503284,0.0003965227596544,0.0004075883231532,0.0004492845747196,0.0004625105483623,0.0004890529220138,0.0004931464441255,0.0005135900555738,0.0005357133182684,0.0005255581514586,0.0005609244335088,0.0005866034667844,0.000613836908574,0.0006194301664021,0.0006341584808186,0.00064144579603,0.0006727448992104,0.0006979574706737,0.000698529654885,0.0007164640483991,0.0007315271918509,0.0007554772817401,0.0007967491226563,0.000811964087256,0.0008393991056773,0.000856166031944,0.0008982697915362,0.0009112445029403,0.0009264431213007,0.0009719630894704,0.0010320225046299,0.0010475674402494,0.0010707391944147,0.0010789221329379,0.0011198990698673,0.0011684020525822,0.0011679367147938,0.0012308920399652,0.0011721291711184,0.0013071409240307,0.001252465609984,0.0012432210272842,0.0013515307319685,0.0014876942347844,0.001491737139722,0.001516220146604,0.0014893923830648,0.0017039504673436,0.0016590411861842,0.0016267654129265,0.0019073313089719,0.0017713034636139,0.0017668668417299,0.0019552117684197,0.0018988071919502,0.0019064462936953,0.0020023758130112,0.0019936367218418,0.0020515438744897,0.0020946623988732,0.0020234793443695,0.0020230483971283,0.0021154873302446,0.002102031710838,0.0020801450566264,0.0021048861938007,0.0021810511028035,0.00207312057361,0.0021761475794914,0.0020353066802852,0.0021017858620735,0.0019539065678812,0.0021110282461179,0.0020751872599604,0.0019959417006901,0.0020738380102179,0.0019401267667471,0.0020809485817535,0.0019003957404095,0.0020186247594842,0.0019646799668404,0.0019718565964342,0.0019866298815126,0.0018644753393604,0.0019902187388774,0.001921250135384,0.0019176976168472,0.0018623999106591,0.0017657494229126,0.0017554164481103,0.0017989927232844,0.0017030666035478,0.0017807245643564,0.0017292383420096,0.002048015670082,0.0020407992881062,0.001744865035478,0.0017772050222641,0.0017203166280385,0.0020334433175708,0.0021327936785706,0.0024313289976237,0.0026898798125013,0.0029989565604416,0.0033088064045797,0.0036422664430357,0.0041304791708722,0.0043739638657751,0.0046635027982196,0.0048689190879964,0.0050483048193451,0.0054067987009019,0.0057170770530197,0.0060010172521726,0.0062828513596482
spectrum 20,0.0001176019345266,0.000121032636017,0.0001584030164676,0.0001523740207171,0.0001828294013894,0.0002087254060233,0.0002102960517178,0.000233285504378,0.00024025426014,0.0002388752939726,0.0002088786566323,0.000264905451984,0.000268420059763,0.0002893080457947,0.0002557006847977,0.0002636356177105,0.0002294961434683,0.0002138684927705,0.0002169821487172,0.0001965895391961,0.0001700375330111,0.0001685985827898,0.000165228054461,0.0001688884236137,0.0001695730888487,0.0001546444401775,0.0001585444218656,0.00017924550184,0.0001865519536751,0.0001978714733651,0.0001953504353316,0.0001982496780294,0.0001926907465868,0.0001833478227989,0.0001968003174051,0.0002026322869223,0.0001516988868705,0.0001411770877071,0.0001959386461409,0.0002105782344876,0.0002187602574439,0.0002145465291547,0.0002302565454807,0.0002147123009426,0.0002399596623085,0.0002435449648753,0.0002286103598599,0.0002426795514298,0.000245986179891,0.0002509620515997,0.0002572552614165,0.0002545388236888,0.000275541423321,0.0002927632618608,0.0003367176775801,0.0003732484100946,0.0003978249237939,0.0002950165466833,0.0002048361137735,0.0002679616802729,0.0003361758644171,0.0004165243224409,0.0004568261412388,0.0004458901242304,0.0004388625072724,0.0004613508132025,0.0004976415527041,0.0004952823302419,0.0004607780528271,0.0004712180081785,0.0005255402763246,0.0005676589747019,0.0005894054271884,0.000603074026213,0.0006158536639053,0.0006044015496054,0.0006238700792338,0.0006511010165513,0.0006796998403611,0.0007368872399017,0.0007442841564069,0.0007617895093053,0.0007494393178102,0.0007899929320026,0.0008125938693252,0.0008186171749742,0.0007778347542839,0.0008250939578432,0.000846582046806,0.0008216740055237,0.0008668975707543,0.000807524521227,0.0009226870288234,0.0009297497257387,0.0008998480344075,0.0009087986320641,0.0009765433379376,0.0009055647932165,0.0009867891748898,0.0009929154878158,0.0009389891421951,0.0009533181495641,0.001017317803972,0.0009825959720214,0.0009934515205342,0.0010084006650522,0.0009671434148857,0.0010265170038978,0.0010315986185659,0.00107897484205,0.0011112923831967,0.0011517589607888,0.0010905613080856,0.0011650148194982,0.0012096910314226,0.0011744989864181,0.0011805437417957,0.001178961684385,0.0011929764745147,0.0012368316609635,0.0012409520289886,0.0012848517479002,0.0013599262349543,0.001551359013806,0.0014607512959417,0.0014357055001342,0.0015122065328825,0.001611830452143,0.0016506708515858,0.0016480978555915,0.0018468696520154,0.0017387724931592,0.0017219263162939,0.0018221331365478,0.001814043560635,0.0018394004446416,0.0018902738098229,0.0018490896461483,0.0019761113679414,0.0019162870723372,0.0018842347505219,0.0019632515523044,0.0019970869877086,0.0019554898745872,0.0020173025096532,0.0019691762787037,0.0019949794194509,0.0020168815779953,0.0020381286880748,0.00198146277532,0.002046398691458,0.0019533245303018,0.0020676055446157,0.0019945234454997,0.0020100632288872,0.002033124392583,0.0019114348641102,0.0020682429974722,0.0018338101984435,0.0019325591029239,0.0018708028026705,0.0019216145843592,0.0019082916845931,0.0017833397369797,0.0018345935681854,0.001820061428606,0.0017423335194562,0.0016886974339147,0.0015443020592351,0.0014197210022848,0.0013657249040662,0.0014193460544019,0.001263306785786,0.0015841677921181,0.0016913499551273,0.0017092458877247,0.001817908239135,0.0019915351128629,0.0020438807649267,0.0022728447819507,0.0021742219615342,0.0023595798319524,0.0025263514360767,0.0027249926798946,0.0029376071706048,0.0028933658717912,0.0033304512929191,0.0031239978131334,0.0028851457411371,0.0026141863366755,0.0026444258050605,0.0028880560524794,0.0030584986575784,0.0035013711121052,0.0034724196627092
spectrum 21,0.0001104542396063,0.0001222899399472,0.0001703995558803,0.000166160572946,0.0002035364948574,0.0002353394801098,0.0002331240268702,0.000254486630511,0.0002423877282298,0.0002422204813448,0.00023890901689,0.0002815722639401,0.0003033856818959,0.000336779750356,0.0003522737402904,0.0003776231584015,0.0003762625847975,0.0003805148321599,0.0003991525661976,0.0003868881519137,0.0003531963131684,0.0003529343776231,0.0003502062444231,0.0003614235117161,0.0003637537677331,0.0003367109973274,0.000345020818604,0.0003804834628343,0.000390495040579,0.0004086085106849,0.00040428661852,0.0004006621931551,0.0003856878421526,0.0003632093919554,0.0003836246212629,0.000381611955949,0.0002965164132399,0.0002657762872159,0.0003236821388301,0.0003096244298907,0.0002850800045913,0.0002622350604243,0.00026172469174,0.0002294457089233,0.0002283582461006,0.0002113829285429,0.0001929354724527,0.0001895147790361,0.0001871256412829,0.0001838346632482,0.0001911561825601,0.0001856151352671,0.0002043024254188,0.0002083878089408,0.0002319235360775,0.0002521390525858,0.0002670761497428,0.0001937422386336,0.0001402267055627,0.0001738948991719,0.000205181736019,0.0002447650112578,0.0002659976108863,0.0002612258144331,0.0002549472180282,0.0002665437630621,0.0002760810184043,0.0002836570163127,0.0002661992043969,0.0002737248776707,0.0002938375345781,0.0003196871607999,0.0003229295273404,0.0003392042987856,0.0003477156501014,0.0003514165548289,0.0003625407344954,0.0003760331657566,0.0004039802984491,0.0004328143351433,0.0004631932716437,0.0004746972322107,0.0004872685360734,0.0005404992810462,0.0005592732331026,0.0005890714322563,0.0005919561390025,0.0006163586975363,0.0006473338203433,0.0006354619345319,0.0006813825591397,0.0007029573781368,0.0007462274922696,0.0007561729455642,0.0007726930457701,0.000778593837382,0.0008240634903867,0.0008433459134768,0.0008504508897195,0.0008763947825951,0.0008841677655619,0.0009110823057385,0.0009684352958379,0.0009819886581841,0.0010096133488983,0.0010338406499151,0.0010660129644707,0.0010932139120555,0.0011055087931983,0.0011617722676592,0.001237988172733,0.001269851947566,0.0012605015453581,0.0012968919911061,0.0013520749685699,0.0013823496979468,0.0013813422100923,0.0014434622149452,0.0013828677029873,0.0015277124738267,0.0014698608582061,0.0014719360379103,0.0016115506522921,0.0018002428114195,0.0017643192104258,0.0017681053292306,0.001761565983239,0.0020059698221244,0.0019609713155144,0.0019313000851586,0.0022552012414715,0.0020942842397454,0.0020758695268882,0.0022699090695296,0.0022194082402218,0.0022291608585818,0.0023318071829171,0.0023069652426695,0.0023902615433378,0.0024140581530924,0.0023435365943193,0.0023720001958769,0.0024639280463107,0.0024308469604628,0.0024390191864243,0.0024448178715455,0.002505793784535,0.002434147298399,0.0025303654917969,0.0023857944554104,0.002471520158418,0.0023043219213664,0.0024809470719385,0.0024136175513674,0.0023592040811066,0.0024284182869646,0.0022646055386397,0.0024380352083332,0.0021841576194852,0.0023313155178221,0.0022478920297003,0.0022707624083078,0.0022775780842156,0.0021103891949192,0.002242690411306,0.0021780688590576,0.0021290950945686,0.0020748292043453,0.0018735297549635,0.0017917272201269,0.0017931336804016,0.0017346794705863,0.0016360354810908,0.0017951331651025,0.0020511429082118,0.0020278078038256,0.0018351264833616,0.0018807595439901,0.0018037553814206,0.0021528802684133,0.0022052916173542,0.0025140510506395,0.002770323575296,0.0030735783517633,0.0033725054668855,0.0035792464596213,0.0040689354219537,0.00393049202309,0.0036303319738372,0.0032891949832923,0.0033755436008012,0.0036604621277842,0.0038586036458694,0.0043658578742156,0.0043858418524407
spectrum 22,0.0001557983819395,0.0001193417229214,0.0001286123435731,0.0001220297143485,0.0001076916612723,8.38496755456636e-05,8.71410147623669e-05,8.32962943859789e-05,9.48106795319462e-05,9.9057252953674e-05,0.0001008777165439,0.0001320291315988,0.0001606506471782,0.000122783557045,0.000103503028731,0.0001048817441477,0.0001087132332458,0.0001165693225327,0.0001249819519278,0.0001220341524251,0.0001223131402554,0.0001278904006545,0.0001091663475151,0.0001203683191264,0.0001294873519429,0.0001390539443236,0.0001426194099236,0.0001535549555004,0.0001622858679691,0.0001544230712979,0.0001579553950632,0.0001653754635886,0.0001888866648326,0.0001801638580591,0.0001922409565189,0.0001995790463416,0.0001919577508481,0.0001892867546701,0.0002279377282344,0.0002378727829732,0.0002504091889056,0.0002368919921002,0.0002715039986586,0.0003000216180276,0.0003071979789233,0.000303910349613,0.0002920029931279,0.0003583191932827,0.0003335093964008,0.0003368315331382,0.0003666778115449,0.0003771072491321,0.0004029205410187,0.0004387822855784,0.0004467524263949,0.0004647133778154,0.0004035086907954,0.0005013478889815,0.0004549473679442,0.0005002389438715,0.0005261080504558,0.0005779851233401,0.0006046547852281,0.0005632750970067,0.0005800681148351,0.0007308523441597,0.0006806315109432,0.0007225246583392,0.0007202989421328,0.0007167711929269,0.000879356692238,0.00091334512903,0.0008826430527787,0.0009198186581271,0.0009172713468721,0.0009184745280418,0.0009359398500257,0.0009470226518234,0.0010119320715664,0.00111346981301,0.001057775472893,0.0010771805951429,0.0010885792790684,0.0011319690406112,0.0012188904603393,0.0011251451369664,0.0011990332583347,0.0011468570871483,0.0013239719631224,0.0012512199048153,0.0012352562347449,0.0012017664250305,0.0013306106089828,0.0013554137907908,0.0013392446561605,0.0014122718273856,0.0014707491616146,0.0013404621949659,0.0014898109342039,0.0014350080555918,0.0014792161050268,0.0013266577654645,0.0014583961353161,0.0013738030358432,0.0014181861604878,0.001353871290505,0.001336432529902,0.0013021195927167,0.0012216519084339,0.0014293380817346,0.0013068350324853,0.0013287675722443,0.0011783219386985,0.0012703598973581,0.0012116551192003,0.0010944674982741,0.0012933096649548,0.0010803877489504,0.0011717641159309,0.0009943160988755,0.001138047885068,0.0011023315921158,0.0011891935413992,0.0011187386228663,0.0011937303052888,0.0011472267817506,0.0012348787720573,0.0012471056250648,0.0013114826486288,0.0012153521868747,0.0014260075174261,0.0013100769441806,0.001229339033446,0.0013582397683454,0.0013412607237584,0.0014281567254238,0.0013593490798225,0.001489939557516,0.0014022980773287,0.001571712424872,0.0015899481756399,0.0013026853669444,0.0016935337628412,0.0014964977411081,0.0014529789564537,0.0014717876865759,0.0012923461324326,0.001407996167204,0.0012010749996973,0.0015641081088464,0.0012173122764333,0.0015206440325968,0.0014801952296503,0.0015521579566656,0.0014671127700481,0.0011307386843706,0.0016225029891933,0.0012849791563576,0.0014026898338627,0.001159510168513,0.0014686861435488,0.0013530877756889,0.0014382346912422,0.0013301096440192,0.0015319735664587,0.0013546072770074,0.0013782560045245,0.0012515291636429,0.001484784311602,0.0014028315055796,0.0012852113822691,0.0015373476769435,0.0015447675664692,0.0015799964077232,0.0016761761920804,0.0018072320152939,0.0019038265368036,0.0021622958352843,0.0021849269262246,0.0025502728753226,0.0024308370356671,0.0026513717586896,0.0029217234831891,0.003011185745151,0.0032840242464461,0.0033285257387314,0.0037849065730933,0.0036147816435784,0.0033684265477697,0.003151999369398,0.0032036438313155,0.0033481223478414,0.0035414142498812,0.0040965382059205,0.0036484742027077
spectrum 23,2.75206573035309e-05,3.15626147561751e-05,4.43712999114294e-05,4.4255254158439e-05,5.34672638258525e-05,6.14643865404224e-05,5.97547731258411e-05,6.36491374025178e-05,5.95929580856819e-05,5.92843773875919e-05,6.30745653999797e-05,7.3333743801406e-05,8.38012142818682e-05,9.5835555031957e-05,0.0001123518614852,0.0001241086696445,0.0001403878393709,0.0001569030081133,0.0001746706525242,0.0001911118992266,0.0002059894207701,0.0002198824894455,0.0002352919055191,0.0002558433085784,0.0002601537099956,0.0002677339520987,0.0002812430240031,0.0002905356715745,0.0002973331475369,0.0003055919265281,0.000317949073225,0.0003198215914366,0.0003086712114013,0.0002966346856771,0.0002889424899843,0.0002727831670813,0.0002496255099827,0.0002189251603181,0.0001788539446532,0.0001480473042729,0.0001227183740604,0.0001097763791524,0.0001049656914053,8.93983760162617e-05,8.85799381316204e-05,8.03513987781757e-05,7.38750614493518e-05,7.27604601872519e-05,7.11082217590022e-05,6.99539122515995e-05,7.28298085810748e-05,7.09345164458684e-05,7.77926568868824e-05,7.8778862763883e-05,8.82118403800261e-05,9.5515528787344e-05,0.0001008340908145,7.05295123347667e-05,5.63535359472798e-05,7.15855654792541e-05,8.46367114914114e-05,9.84812628167142e-05,0.000103925660062,0.0001018570031771,0.0001002831102596,0.0001053131944628,0.00010870600454,0.0001118721323713,0.0001046762037505,0.0001093924669409,0.0001198684379808,0.000130867090514,0.0001321302465871,0.0001395085180209,0.0001426733808497,0.0001436572187093,0.0001488440803618,0.000151324852626,0.0001640097899694,0.0001766150008671,0.0001911557481873,0.0001953694107359,0.0001991422670266,0.0002238675515657,0.0002292301514338,0.0002410524636349,0.0002407648119594,0.0002558831167801,0.0002672133894327,0.0002613059957735,0.0002854721314671,0.0003039704556755,0.0003193819718419,0.0003145919232378,0.0003262368488447,0.0003294884185221,0.0003511938436287,0.0003691853765388,0.0003692433332209,0.0003837914600802,0.0003936578538592,0.0004152098577783,0.0004420601914901,0.0004637248739847,0.0004855009798087,0.0004953652350003,0.000539596197961,0.0005345316779934,0.0005432287005403,0.000591113000583,0.0006544604393663,0.0006734474879932,0.0006771193607503,0.0006684738107945,0.0007186174266617,0.000759972054749,0.000750791294362,0.000841934737091,0.0007048032338021,0.0009056713638206,0.0008148426032662,0.0007612625134724,0.0009332514644134,0.0010256356504497,0.0010287463901024,0.0010541399232726,0.0009431414187324,0.001220059662851,0.0011044264341674,0.001050285926748,0.0013468866169067,0.0012164979314056,0.0011693082839294,0.001351788183698,0.001286495378271,0.0012363098305897,0.001366457594194,0.0013616129700784,0.0013357329710285,0.0014182755336808,0.0013846059856937,0.0013495298915824,0.0014633673511327,0.0014320051061135,0.0014082479758874,0.0014456580621005,0.0014965137265781,0.0014061748146452,0.0014925434174383,0.0014103230828368,0.0014482570026698,0.0013488616790964,0.0014694708844711,0.0014420416888749,0.0013877960280368,0.0014431630372708,0.0013352875956186,0.0014452376500286,0.0013004975595837,0.0014006177117676,0.0013582531807846,0.0013489211097122,0.0013732608295143,0.001238160623688,0.0013726548657846,0.0013039023510089,0.0012875588980124,0.0012699883012543,0.0011246944536553,0.0011004767672146,0.0011437428390253,0.0010611682955347,0.0011420250286403,0.0010851283683696,0.001308719450146,0.0013565892054948,0.0011735252294588,0.0012042423626017,0.0011798057610645,0.0014211816574829,0.0014907549062664,0.0017192919915179,0.0019044653704197,0.0021186938355332,0.0023370428469161,0.0025187800305213,0.0027772338226192,0.0028840113716489,0.0029768266170031,0.0031329845649137,0.003213215187774,0.0033027382476829,0.0033862417263349,0.0034474324167294,0.0035837320357028
spectrum 24,6.80066558552779e-05,7.57415466235484e-05,0.0001048106014586,0.0001030893929792,0.0001236023293873,0.0001404817535357,0.000138684212735,0.0001484212857123,0.000138488504066,0.0001401823550653,0.0001436128684145,0.0001636074119378,0.0001789117261552,0.0002007701630553,0.0002255443723123,0.0002488981107117,0.0002778168420574,0.0003148498304477,0.0003581623452946,0.00040787986787,0.000459657130081,0.0005168724162181,0.0005693767207183,0.0006131665417638,0.0006063210323484,0.0005858262251077,0.0005974078659515,0.0005807034537155,0.0005558150727196,0.0005404833408414,0.0005291323870335,0.0005074606562473,0.0004672641899141,0.0004381963717404,0.0004193765182848,0.0003920704055056,0.0003652583797802,0.0003326459157194,0.0002937226624214,0.0002592498786365,0.0002240472581111,0.0002053707637205,0.0001985247415355,0.0001716498711706,0.0001686299429351,0.0001556863957197,0.0001426926474565,0.0001395746083756,0.0001378390986633,0.0001356112364986,0.0001406327919944,0.0001373490123694,0.0001503337112837,0.0001524043162404,0.0001683567515786,0.0001824654818609,0.0001913325072146,0.0001432905005633,0.0001097076167976,0.0001341498781845,0.0001552612585561,0.0001808924769336,0.0001941090086042,0.0001918517256886,0.0001887526146676,0.000196406483641,0.0002029182004999,0.0002089281522149,0.0001975929444173,0.0002038040426437,0.0002183183912554,0.000236650212141,0.0002385379949238,0.000250007878516,0.0002563935731754,0.0002592743013832,0.0002671161846194,0.0002749046065211,0.0002945669548208,0.0003141126688876,0.0003358042941127,0.0003431920649762,0.0003525177389979,0.0003892463137773,0.0004004350726375,0.0004234315643579,0.0004269339989977,0.0004454036615722,0.0004643000653683,0.0004553067288718,0.0004872292529442,0.0005105722902768,0.0005345508722734,0.0005376979339532,0.000550877968458,0.0005574765370201,0.0005853479973235,0.0006080156588682,0.0006090687264506,0.0006249128019422,0.0006382266871498,0.0006603622241152,0.0006966020351818,0.0007109100365248,0.0007352561231316,0.0007500172608042,0.0007887084157413,0.0007998674277711,0.0008133027121479,0.0008548771169679,0.0009088210768845,0.000922863814779,0.0009436807061532,0.000950764623687,0.0009861253678928,0.0010308409673965,0.0010291156038257,0.0010871404512603,0.0010330542194891,0.0011558306076653,0.001105525306951,0.0010955623506148,0.0011945892030299,0.0013147997938967,0.0013201854215097,0.001342892072957,0.0013166420304852,0.0015106179589313,0.0014696265905587,0.0014418362056202,0.0016937999740385,0.0015708165597751,0.0015662223278952,0.0017380957452407,0.001686098750348,0.0016926135191414,0.0017821977602845,0.0017735619359653,0.0018244930325949,0.0018692132751407,0.0018064241787087,0.0018028323738809,0.0018883861025467,0.0018799618276193,0.00186019605709,0.0018840370047794,0.0019540541063649,0.0018595280419031,0.0019543014951442,0.0018304814106646,0.0018880680142989,0.001757379177414,0.0019015395198031,0.0018700269326644,0.0017969269419456,0.0018700120654722,0.0017488997847867,0.0018745661316499,0.0017138776887862,0.0018242043821732,0.0017717030466493,0.0017802952038825,0.0017953917366142,0.0016827317315791,0.0018001752092409,0.0017357168228124,0.0017332778162491,0.0016839845855832,0.0015988696012071,0.0015925160922394,0.0016362501703111,0.0015504465099768,0.0016303043157422,0.0015797687960638,0.0018812053498014,0.0018858206771928,0.0016147193513417,0.0016477604201701,0.0015954936470244,0.0018950136146245,0.0019895907527118,0.0022744513193889,0.0025198009813908,0.0028179630612498,0.0031123630296766,0.0034439556869394,0.003897925008926,0.0041302771634979,0.0044246303420436,0.0047962301085397,0.0050429763940639,0.0052983532317137,0.005601189001677,0.0057533881868573,0.0061344433459543
spectrum 25,3.00534210322104e-05,3.37583184207478e-05,4.68380830509964e-05,4.66228490322062e-05,5.54444544094841e-05,6.31830333539009e-05,6.17689001136935e-05,6.58766509413819e-05,6.08785841393316e-05,6.21766788022692e-05,6.38023885555741e-05,7.27932365901253e-05,8.0782969902874e-05,9.14797149734473e-05,0.0001039069786524,0.0001150241703533,0.0001292152753108,0.0001466451805096,0.0001679121091018,0.0001918348238314,0.0002118118041285,0.0002327450117511,0.0002521619910137,0.0002736229579414,0.0002729373213292,0.0002689996993579,0.0002787845659638,0.000274520809566,0.0002682507235271,0.000266314846665,0.0002634036962748,0.0002569479968752,0.0002380108504656,0.000225052698637,0.0002173927223973,0.000205261608965,0.0001927878771918,0.0001770990894317,0.000157139655596,0.0001409932125897,0.0001236125550116,0.0001145019159275,0.0001112196661026,9.62417124189068e-05,9.5536982526825e-05,8.78849740302657e-05,8.04050869629263e-05,7.88721251713232e-05,7.71540480643766e-05,7.61551625436818e-05,7.88916816237795e-05,7.70153958286147e-05,8.44134796164125e-05,8.53392951329878e-05,9.50785884020052e-05,0.0001035012657365,0.0001080809719248,7.86310937570469e-05,6.04382796463225e-05,7.66052975562546e-05,9.10671825798436e-05,0.0001053596808916,0.0001114344225579,0.0001103639681125,0.0001090650250212,0.0001134187693072,0.0001168678955441,0.0001207932804082,0.0001139979082577,0.000118667777807,0.0001285431597273,0.0001398724869173,0.0001412744433944,0.0001488072829826,0.0001526048260252,0.000154178478477,0.0001589092343585,0.0001616678822375,0.0001744725007735,0.0001866565576594,0.0002004656285585,0.0002049071191199,0.0002095419524624,0.0002319122944516,0.0002372830146462,0.0002504983791368,0.0002517916434335,0.0002641657061788,0.0002742876182442,0.000268970781542,0.0002892274813179,0.0003043937679677,0.0003185530348341,0.0003164228744452,0.0003250147084289,0.0003293573277624,0.0003471810627009,0.0003610810472935,0.0003628320309134,0.000372453980314,0.0003808926608682,0.0003959781818928,0.0004180265778387,0.0004272384388482,0.0004423591435111,0.0004511901253739,0.0004755809731391,0.0004832140767171,0.0004915186008117,0.0005176788323084,0.0005511270926707,0.0005602094760921,0.0005743055245349,0.0005796993099629,0.000599546039964,0.0006301869157802,0.000627451565706,0.0006649134085778,0.0006341614298849,0.0007091133356641,0.0006793358981229,0.0006731687129528,0.0007335466036024,0.0008073657697877,0.0008139540776013,0.0008294815086592,0.0008161665891783,0.0009304402602248,0.0009130018479528,0.0008994224819304,0.001051712541629,0.0009767160333697,0.000976195568297,0.0010861138377606,0.0010519424886916,0.0010643367441923,0.0011228892903883,0.0011141293888482,0.0011570732747733,0.0011811190068376,0.0011468637980081,0.0011457487490484,0.001206346141507,0.001203027678623,0.0011938547234811,0.0012088348626658,0.0012550855462184,0.001202472387334,0.0012623658908386,0.001192850415169,0.001231692617488,0.0011473134600268,0.0012503750990285,0.0012300921738314,0.0011795981917608,0.0012378984349429,0.0011517282789966,0.0012398298069903,0.0011325060731413,0.0012130178074116,0.0011733085814586,0.0011845139303775,0.0011976678078019,0.0011224810790044,0.001203133416856,0.0011577626312935,0.0011600028646665,0.001124211164259,0.0010875600176864,0.001099103729443,0.0011387578241286,0.0010978306700797,0.0011781755571653,0.0011439347239397,0.0013769805677432,0.001417273988518,0.0012343533090384,0.0012693644527101,0.0012309264343223,0.0014876570435604,0.0015630360347171,0.0018039918434153,0.0019998654671806,0.0022334927264331,0.0024637205028679,0.002732935453864,0.0030931894760389,0.0032697021915982,0.0034867184797632,0.003713250898602,0.0038458279621358,0.0040527351050399,0.0042274715853525,0.0043351092868546,0.0045539905637619
spectrum 26,4.95314711675133e-05,5.67262590037201e-05,8.03053315932498e-05,7.94460248870528e-05,9.68128435459958e-05,0.0001110537691281,0.000108951465819,0.0001165806272309,0.0001108568783829,0.0001100806372601,0.0001161939026452,0.000135046538035,0.0001511377985875,0.0001703932639919,0.0001928614794333,0.0002096493280359,0.0002270635634647,0.0002462956313621,0.0002667783339513,0.0002799152407986,0.0002833327089889,0.0002912628570325,0.0002939148779956,0.000308100791563,0.0003127932236366,0.0002917222818109,0.0003021624675127,0.0003317198482538,0.0003496790006458,0.0003635173317812,0.0003688671013466,0.0003694498568172,0.0003577652214804,0.0003349812276508,0.0003511088958325,0.0003391657797817,0.0002472022876068,0.0002356655142238,0.000250993341793,0.0002158257930753,0.000183165353772,0.0001618175144952,0.0001564657143467,0.0001328162017176,0.0001301594719226,0.0001178402923991,0.0001078098983562,0.000105882273305,0.0001039092397869,0.0001020316394892,0.0001062801386207,0.0001033535758757,0.0001135591897034,0.0001153523229787,0.0001289392447812,0.0001398458832026,0.0001484817730154,0.0001040540422457,8.1794190183615e-05,0.0001018290292835,0.0001194152143783,0.0001402973890944,0.0001501673036666,0.0001469718470889,0.0001440186547473,0.0001512829192683,0.0001564645480624,0.0001607490204364,0.0001502802970759,0.0001561710179906,0.0001700290062371,0.0001855704007575,0.000187420012846,0.0001978119236392,0.0002024361785713,0.0002041698588159,0.0002115319512483,0.0002171244176873,0.0002353909817153,0.0002539598847772,0.0002749116974516,0.0002820963805375,0.0002892838897155,0.000327147225977,0.0003378527024234,0.0003564580009029,0.0003579108274891,0.0003787337333728,0.0003980754024676,0.0003887417825681,0.0004252186704487,0.0004497560323257,0.0004757573568697,0.000474504036217,0.0004916786770017,0.0004950674205492,0.0005273884048816,0.0005536607428556,0.0005521554687945,0.000574734301281,0.000586117426179,0.0006146162291033,0.0006559820928398,0.0006815972224802,0.0007086535776751,0.0007281354044924,0.0007728933423882,0.0007784267748507,0.0007893072692724,0.0008502243354392,0.0009277427152228,0.0009512983338557,0.0009490911869936,0.0009516495986959,0.001011725697576,0.001052566075331,0.0010410190892193,0.0011303305764694,0.0010031811878574,0.0012071992715919,0.0011140605918568,0.0010729148070524,0.0012442780078158,0.0013761185347962,0.0013628789060091,0.0013816015267164,0.0012945201660816,0.0015684519726585,0.0014677193668481,0.0014135029160316,0.0017234550958127,0.0015848961865211,0.001542013722459,0.001718546471364,0.0016636674606492,0.0016237295392412,0.0017355928289457,0.0017339401625455,0.0017387909152256,0.0017929795322802,0.0017475836812383,0.0017313084114128,0.0018476123088561,0.0018046245102109,0.0017961329634355,0.001815111814268,0.0018697927606354,0.0017906353008463,0.0018660373963093,0.0017790781790447,0.0018214233314938,0.0017135962597478,0.0018427035572524,0.0018134641844346,0.0017644663232904,0.0018139726610979,0.0016990431269662,0.0018323512700652,0.0016615257672794,0.0017699970408918,0.0017307682766876,0.0017274994190996,0.0017471106947391,0.0016047968322997,0.0017437496847798,0.0016775478325455,0.0016557199873755,0.0016261216460624,0.0014340288264349,0.0013793601256797,0.0014024637223023,0.0013282004368558,0.0013425726231286,0.0013404358780169,0.0015818782092325,0.0016128606060369,0.0013989117542422,0.0014298037990805,0.0013915396716199,0.0016669713843613,0.0017259659309846,0.0019808219054853,0.0022061598333981,0.0024436736494465,0.00271429435127,0.0028579987883255,0.0032613625184123,0.0033221960440743,0.0032629203302251,0.002916718051015,0.0029001715819411,0.0032365902820514,0.0034481789325308,0.0039046408201525,0.0038587568935648
spectrum 27,3.76109504440661e-05,4.21796588895215e-05,5.85458304643172e-05,5.80900710722044e-05,6.94472000746304e-05,7.83073394588007e-05,7.70909046863088e-05,8.22736858944273e-05,7.6427835883129e-05,7.77808538171951e-05,8.01928842108226e-05,9.18765585437854e-05,0.0001020106792929,0.0001149356849758,0.00013010940365,0.0001447543469515,0.0001643241277607,0.000188194367429,0.000219625531778,0.0002532335537165,0.0002836761174256,0.0003179566777352,0.0003267167794816,0.0003629572776969,0.000372661647385,0.0003693048561473,0.0003844803298821,0.0003737585381274,0.0003617640217366,0.0003481691681854,0.000339784799968,0.0003284574804192,0.0003063941979957,0.0002858549972052,0.000272345611975,0.0002558196342685,0.0002381611974011,0.0002164634358777,0.0001896839274128,0.0001678141450107,0.0001458301083074,0.0001342898124971,0.000130120530177,0.0001124497373152,0.000111235690312,0.0001024103230509,9.37242769186088e-05,9.18793892318388e-05,9.00361930986391e-05,8.87410659085079e-05,9.20700038727957e-05,8.97516125497267e-05,9.84859148111476e-05,9.96452289821222e-05,0.0001108979045524,0.0001205336243223,0.0001261308674306,9.17519100391176e-05,6.98830782942705e-05,8.88541598997959e-05,0.0001049577358502,0.0001217732531232,0.0001294120332778,0.0001279777423072,0.0001262241226841,0.0001314424343988,0.0001355516736276,0.0001399522306223,0.0001319266400333,0.0001370548346929,0.0001481889710023,0.0001611933326859,0.0001626806249256,0.0001711440765868,0.0001755173421614,0.0001773477135653,0.0001828497218084,0.0001866810554107,0.0002011103110976,0.0002150156192037,0.0002306713263954,0.000235776498056,0.0002413812021077,0.0002671778059966,0.0002738762286896,0.0002893155529935,0.0002911469891609,0.0003050393178209,0.0003171987075331,0.0003110085913023,0.0003342771167175,0.000351611341276,0.0003682380406994,0.0003672028210099,0.000377002332673,0.0003819838032437,0.0004023047848069,0.0004186905868773,0.0004205003825034,0.0004317706193888,0.0004414757194274,0.0004588537928654,0.0004845254092696,0.0004956952043511,0.0005133730666266,0.0005240152589626,0.000553688985001,0.0005620683047575,0.0005719634955178,0.0006045683086228,0.0006448940852375,0.0006564168213596,0.0006731312769977,0.0006788634367375,0.0007035066733463,0.0007398753444904,0.0007367242962358,0.0007817163117738,0.0007402342971875,0.0008345645823567,0.0007967017928279,0.0007861304145355,0.0008654499775696,0.0009503008829239,0.0009606325166234,0.0009747751801892,0.0009523936234394,0.00109793165545,0.0010546270917669,0.0010390350736506,0.0012069080209401,0.0011046872966802,0.0010921512889664,0.0011742701458883,0.001167426712208,0.0011052219953405,0.0011415164821666,0.001141680153911,0.0011564935420671,0.0012156924801541,0.0011467575603201,0.0011121801548396,0.0011669503504339,0.0012378420158447,0.0012230952826207,0.0012141303923792,0.0012951523229924,0.001330996927229,0.0013558052113883,0.0012947895403267,0.0012202722720903,0.0012951631652322,0.001269532532339,0.00129193062855,0.0012535139533956,0.0012322091536297,0.0012883339163329,0.0012157176325938,0.0012630456370576,0.0012941281222644,0.0012496568233324,0.0012890674224322,0.0012838266631095,0.0012234730690855,0.0013072662011138,0.0012787930922849,0.0012808088398113,0.001265822150243,0.0012226832009982,0.0012183902484505,0.0012569643941683,0.0012070426028847,0.0012879196885663,0.0012462097917168,0.0014951922842251,0.0015296397734564,0.0013245025990711,0.001359023266161,0.0013159795908143,0.0015855173584542,0.001665227099561,0.0019180245251745,0.0021271802306275,0.0023807826802707,0.0026339800864481,0.0029340542382268,0.0033403065033134,0.003551648990447,0.0038201418991806,0.0041477909830723,0.0043501832089906,0.0045801036867966,0.0048532458845209,0.0050110892011652,0.0052605552047974
spectrum 28,5.91708208515028e-05,6.58724890942381e-05,9.09930837909145e-05,8.96414333474304e-05,0.0001070592545726,0.0001214609601698,0.0001198007040086,0.0001279330290345,0.0001193970393414,0.0001211059644429,0.0001239845216323,0.0001411023530862,0.000154332475639,0.0001731811488667,0.0001941179166377,0.0002136077402046,0.0002373882137833,0.0002674621781104,0.0003021963626294,0.0003409442344334,0.0003791535075896,0.0004191826898542,0.0004557633520833,0.0004899681900183,0.0004857993650982,0.0004740952804328,0.0004850027991573,0.0004756045476632,0.0004600104346277,0.0004523551650269,0.0004464736969468,0.0004329208545328,0.000402090062107,0.0003803535572724,0.000366775773588,0.0003453835887433,0.0003241760750345,0.0002969061435238,0.0002631407923593,0.0002332685531378,0.0002022306928374,0.0001858613843352,0.0001799648359643,0.0001558972499659,0.0001533854953545,0.0001417125138674,0.0001298733464785,0.0001270600572251,0.00012540285975,0.0001235222857618,0.0001279521230974,0.0001251071223974,0.0001368577188488,0.0001387045778452,0.0001532365481886,0.0001662337161626,0.0001740405613069,0.000130609476135,0.0001004498987729,0.0001226635473082,0.0001423165005557,0.0001654422369824,0.0001771339564868,0.0001753307038391,0.0001727256397027,0.0001795230587089,0.0001853814494538,0.0001910365292727,0.0001808626074022,0.0001867619009583,0.0002001548067526,0.0002169705472819,0.0002187704255535,0.0002294051271829,0.0002353016573012,0.0002379271388276,0.0002450909457542,0.0002517905011715,0.0002699858259835,0.0002878982024977,0.0003078542617221,0.0003145478947955,0.0003229058304351,0.0003562991916793,0.0003661696291172,0.0003871341691784,0.0003902076999796,0.0004073252748061,0.0004241656565938,0.0004160127268833,0.0004452929682627,0.0004667016748026,0.000488687137545,0.0004905793977201,0.0005025916043587,0.0005088297585534,0.0005342969034305,0.0005549765144313,0.0005562960253713,0.0005705713422433,0.0005827801917986,0.0006031591647085,0.0006360563209689,0.0006486870231664,0.0006707087479527,0.0006841307077539,0.0007189360350225,0.0007299798977866,0.0007423998282486,0.0007793801481155,0.0008272475854624,0.0008397038432897,0.0008595465204284,0.0008671274955433,0.0008970915863467,0.0009381443693711,0.0009358638954672,0.0009857315953767,0.000944802116459,0.0010466635593796,0.0010062481357062,0.0010011466659903,0.0010809725999402,0.0011893966539974,0.0011929103780504,0.0012112156819283,0.001195995782936,0.0013478722851559,0.0013181210891668,0.0013017884709114,0.0015013935409504,0.0013993446305996,0.0013965043765824,0.0015287787195289,0.0015003395366011,0.0015014563064028,0.0015561225864738,0.0015563979838822,0.001601546686428,0.0016511625842618,0.0015886984344463,0.0015835836817032,0.0016462520836875,0.0016504780039976,0.0016444616296676,0.0016527181505207,0.0017031959034078,0.0016570544618703,0.0017256141354898,0.0016392856132842,0.0016617304753986,0.0015967526572586,0.0016865029360226,0.0016707494763878,0.0016138814687352,0.0016610073303874,0.0015918603992582,0.0016618831268199,0.0015624740521754,0.0016468181089555,0.0016013510758895,0.0016188700215902,0.0016263983261777,0.0015350739692435,0.0016345193698887,0.0015894680197362,0.001585316369338,0.0015478220282317,0.0014926504075475,0.0014923228225054,0.0015345410673822,0.001461649502078,0.0015421256264056,0.0014972795660481,0.0017860110684698,0.0017978812989647,0.0015458261726349,0.001580093207268,0.0015312808464772,0.0018209809661743,0.0019133289408174,0.0021896184118973,0.0024264069499234,0.002714433375027,0.0029941819135873,0.0033196154701519,0.0037442085896585,0.0039519989181927,0.0042168732825923,0.0045451416512466,0.0047568074268703,0.0049696169835118,0.0052068406285323,0.0053294448910568,0.0056347235790705
spectrum 29,9.88078263696008e-05,0.0001081498537744,0.0001469926589523,0.0001440594571895,0.0001703663959117,0.0001841621566783,0.0001842695968418,0.0001954484405716,0.0001877808685732,0.0001898917147544,0.0002005907693818,0.0002307918333427,0.0002543678567644,0.0002719002347277,0.0002913354955198,0.0003165163205386,0.0003390659663596,0.0003837719363701,0.0004449157378464,0.0004809401630105,0.000513879409203,0.0005464233942928,0.000439045561056,0.0004961482548169,0.0005624602304819,0.0006177933228835,0.000629382714967,0.0006390383702565,0.0006433069311794,0.0005886339395098,0.0005870774221677,0.0005857204166519,0.0006070827027237,0.0005608043482842,0.0005336038640389,0.0005027777604385,0.0004696676413578,0.0004266406558372,0.0003764221007023,0.0003316985721466,0.0002890468801343,0.0002657222481131,0.0002583389983166,0.0002259643803985,0.0002219421544236,0.0002056465107202,0.0001894763255501,0.0001855727500463,0.0001844103948052,0.000181173441336,0.00018773238048,0.0001837563166612,0.000200479404511,0.0002033716118336,0.0002231541929266,0.0002408072817456,0.0002521940618092,0.0001934151242087,0.0001500290644129,0.0001789449998046,0.0002043687461519,0.0002375064122957,0.0002554137794527,0.0002522110420101,0.0002480228395542,0.0002578691192714,0.0002666100341168,0.0002738503916159,0.000259689746642,0.000266645949628,0.0002841485820998,0.0003070608255272,0.0003090265556315,0.0003227608606945,0.0003307192570499,0.0003344169901586,0.0003442187770226,0.0003555809581676,0.0003791890997549,0.0004032331670955,0.0004297693754524,0.000438685508565,0.0004509121884136,0.0004959235104439,0.0005107938978691,0.0005399609245485,0.0005445218485409,0.0005665853037255,0.0005917278180815,0.0005806883721445,0.0006190712237808,0.0006473551159024,0.0006777681865776,0.0006862923870279,0.000702673831154,0.0007110949823843,0.0007457387422696,0.0007745475776933,0.0007753385692072,0.0007958749893522,0.0008133482402757,0.0008403376123308,0.0008878444667689,0.0009068178771411,0.0009391997558618,0.0009599298507023,0.0010108119489206,0.0010238476718188,0.0010415956133873,0.0011017179548663,0.0011739186707377,0.0011957683303738,0.001218547893777,0.0012259126771817,0.0012801431753244,0.0013180003847551,0.0013277354858197,0.0013705873945082,0.0013004787487648,0.0014252821019729,0.0013822882231867,0.001359235708984,0.0015014533257351,0.0016125841924084,0.0016289300323795,0.0016203717096265,0.0015837879600734,0.0017735242973491,0.0016575093929271,0.0016192227042002,0.0017982639782205,0.0016360587507571,0.0015835894243269,0.0015872230384139,0.0016279158296229,0.0014554319677121,0.0014791928787677,0.0014753676029347,0.001499254482359,0.0015565390463967,0.001456173737622,0.0013920334422194,0.0014802650796813,0.0016111200499719,0.0015936301563523,0.0015480517455151,0.00165700425558,0.0018813529173985,0.0017955337361722,0.0017706444123119,0.0015477850844246,0.0018537576714397,0.0016242225365294,0.0016919580154218,0.0016722800808096,0.0015388896434946,0.0018161538445294,0.0015237299255417,0.0017713829286252,0.0017118443756086,0.001718307809506,0.0017963884480895,0.0017485736467036,0.0017242239648819,0.0017982041156379,0.0017950094859758,0.0018237775119315,0.0018508576842386,0.0018902611932268,0.0018489141740194,0.0018717279538537,0.0018037329705156,0.0018818738131234,0.0018172591180841,0.0021094838682294,0.0021291532057985,0.0018372075474623,0.0018774780782055,0.0018216098940778,0.0021396415969953,0.0022402633935712,0.002543003554213,0.0028070606740233,0.0031187026691641,0.00344540296301,0.0038079800348624,0.0043551331277701,0.004638051032563,0.0049762048700791,0.0054108216028984,0.0056235091344084,0.0056663036291079,0.00599225599696,0.0062544522243655,0.0058507483525138
spectrum 30,0.0001164539635555,0.0001212035846544,0.0001589694315813,0.0001528228170007,0.0001805593442298,0.0002046396020084,0.0002067484590448,0.0002255882315445,0.000233337783056,0.0002330531357822,0.0002129114874351,0.0002638021658209,0.0002688506961389,0.0002894137969911,0.0002653776445868,0.0002732851502252,0.0002426057670193,0.0002295342288295,0.0002333148826604,0.0002126597606003,0.0001843325683535,0.0001825576773902,0.0001774672953206,0.0001818483112017,0.0001827988241538,0.0001648933824947,0.0001693940372553,0.0001930134669817,0.0002014144859254,0.0002142964493663,0.0002107820853297,0.0002138943515754,0.0002080238933034,0.0001966658472191,0.0002125123947698,0.0002188299616839,0.0001596183215226,0.0001480442137839,0.0002097067275648,0.0002241854079526,0.000231701141069,0.0002245624851061,0.0002390998573512,0.0002204933470239,0.0002427002634771,0.0002410002770541,0.0002224307748975,0.0002325133018927,0.000233423169332,0.0002351845347388,0.0002433189368985,0.0002374353519624,0.0002606829426289,0.0002769850390087,0.0003206696047855,0.0003552886081489,0.0003855556534129,0.0002584439541572,0.0001765378437691,0.0002301546616723,0.0002908621968117,0.0003721406316099,0.0004122252869282,0.0003969461949805,0.0003828681593782,0.0004077552159214,0.0004353036464745,0.0004364908122555,0.0003973895829247,0.0004085597976258,0.0004578175112573,0.0005012145840149,0.0005174798025425,0.0005398358051908,0.0005495760969101,0.0005435668605833,0.0005646688327428,0.0005936045807121,0.0006336179864284,0.0006915162016086,0.0007159001826195,0.0007345049647621,0.0007253981459212,0.0007833017716121,0.0008102444029565,0.0008192531427988,0.0007798645435448,0.0008274736500779,0.0008589233800204,0.0008371307555143,0.0008903275855667,0.0008333232427503,0.000949257828832,0.0009588185093681,0.0009376000316429,0.0009426354179939,0.0010158116667007,0.0009506336720424,0.001023047419766,0.001037319001513,0.0009843629379705,0.001000328512218,0.0010721348594428,0.0010392477675789,0.0010463934252446,0.0010664194956299,0.0010226523782753,0.0010829372501995,0.0010887503555507,0.0011421714632402,0.0011793816156518,0.0012203922018741,0.0011538115307519,0.0012333520258107,0.0012804551638122,0.0012468192103146,0.001244195931344,0.0012479516613812,0.0012584225666451,0.0013096479808304,0.0013058378625248,0.0013480943343059,0.0014251025714264,0.0016210567065993,0.0015298508995807,0.0015042680687144,0.0015781655725436,0.0016865770099804,0.0017162796627716,0.0017046403077441,0.0019070302707907,0.0018009783069999,0.0017797667971437,0.0018783739737015,0.001872877601033,0.0018870503076475,0.0019349736002823,0.0019048476628361,0.0020198324806032,0.0019663313697082,0.0019301024552005,0.0019981448499444,0.0020437658453819,0.0020012771459405,0.0020547734308242,0.0020072516213139,0.0020402788174765,0.0020540800664676,0.0020698416202128,0.0020204142665801,0.0020707273860875,0.0019832749426041,0.0020941029122908,0.0020340065703453,0.0020450780994333,0.0020627448290428,0.0019507952645377,0.0021055745641034,0.0018844138246002,0.0019823323647212,0.0019305039708801,0.0019757212840015,0.00196260593949,0.0018407686434433,0.0018994331809418,0.0018835538567327,0.0018125574049334,0.0017532169936139,0.0015838509361713,0.0014531906182373,0.0013964975876182,0.0014491626739807,0.0012804266200271,0.0016019823779484,0.0017111574882472,0.0017267830281399,0.0018069698743427,0.0019522592520577,0.0019506335425614,0.0022357498610543,0.0021512954982564,0.0023443662133952,0.002527912508964,0.0027276600406951,0.0029529980242849,0.0029089249968601,0.0033584068533953,0.0031657459458731,0.0029177221171451,0.0026224177275497,0.002646435189413,0.0028972955121963,0.0030764572902626,0.0035508314152798,0.0034991675450528
spectrum 31,0.0002123117946839,0.0001615987388176,0.0001628661640583,0.0001565150670168,0.0001379613439659,0.0001040917770562,0.0001049635372058,9.93912341423702e-05,0.0001081042990135,0.0001146396063091,0.0001207455275858,0.0001495971704684,0.0001766223719839,0.0001149616297364,8.00694757647828e-05,7.64722060889301e-05,7.36337309759727e-05,7.80324530923827e-05,8.33160939308645e-05,8.9914743893527e-05,9.6388953135076e-05,0.0001059148832822,9.62613460858689e-05,0.0001038616086776,0.0001049099112743,0.0001106615744157,0.0001115500303148,0.0001173772762153,0.0001270940384473,0.0001347735447494,0.0001398259029379,0.0001610071372689,0.0001906685201173,0.0001954566655199,0.0002132860820117,0.0002348288950437,0.0002645178760035,0.0002683767769751,0.0002892604983836,0.000304613153108,0.0003256738191679,0.0002918174414017,0.0003547923992003,0.0004167606475541,0.0003951735106598,0.0003852236601261,0.000377756900127,0.0004722308379522,0.0004115833923377,0.0004202449548895,0.0004942492393913,0.0004722437383324,0.0005144559322439,0.0005483761157835,0.0005545306148141,0.0005568291106142,0.000489103444449,0.000582858717313,0.0005291295320615,0.0005803137108084,0.0006048946097343,0.0006769774292964,0.0007125881895274,0.0006442957362812,0.000655057414705,0.0008261979659205,0.0007669634500327,0.0008249006169021,0.0007879539752909,0.0007942502226413,0.0009393408572079,0.0009778932621052,0.000949137931034,0.0010157637059688,0.0009889566927369,0.0010247315302957,0.0010411707367223,0.0010460358356218,0.0011438408602178,0.0012276317249314,0.0012217652984771,0.0012254407529262,0.0012517416925491,0.0013643533870347,0.0014307539634642,0.0013464156366813,0.0015410131823085,0.001386105231238,0.0016407954465928,0.0015898321914572,0.0015131863072173,0.0015602335219734,0.0015755603178573,0.001686404680626,0.001680157923785,0.0018262782533365,0.0018070763383441,0.0016882547201961,0.0018650948663763,0.0017591189925884,0.0018274485821609,0.0015070550886339,0.0016311922974997,0.0014776152266535,0.0014848925734152,0.0013831309962013,0.0013730471347934,0.0012792626189225,0.0012176492540509,0.0014102589606995,0.0013277045463174,0.001329836749418,0.0012421444138235,0.0013103897227069,0.001175358037074,0.0006336396175776,0.0005464461707821,0.0004884781145132,0.0004748267386223,0.0004364079964124,0.0004352798773924,0.0004172305569114,0.0003876338811014,0.0004056170086231,0.0004023109616389,0.0004060064649326,0.0004142560779292,0.0004482116406824,0.0004488931113035,0.0004466070854572,0.0005053405919528,0.0004885697221293,0.0005103501645549,0.0005336446677078,0.0005551967908102,0.0005713493824718,0.0005922780575572,0.0006202359584693,0.0006734237461215,0.0006896638061778,0.0006998190458649,0.0007254877128757,0.0007934512136622,0.0008112005521198,0.0008442297569535,0.0008508707520785,0.0008895369757906,0.0009605157031609,0.0009394667289295,0.0009326916754463,0.0008935102037048,0.001013420258779,0.000942914370046,0.0009809076984189,0.0009748478845968,0.0009018618642988,0.0010404906679619,0.000911016609141,0.0010531247371977,0.0010103896092683,0.0010660024835451,0.001112392912246,0.0011104214139937,0.0011112451990544,0.0011602048134942,0.0011611015697971,0.001214365738454,0.0012125921248143,0.0016622304714171,0.0016325903743106,0.0014700634142605,0.001853200702132,0.002095270442395,0.0017469928843106,0.0018276972937224,0.0020454558947257,0.0016583707841136,0.0017834635474376,0.0021837385139871,0.0028562179195106,0.0026933761622187,0.00275326736284,0.0032378263227972,0.0029381066975768,0.0030158897943455,0.0033118619126722,0.0036039613252395,0.0037515127927868,0.0039754544621587,0.0040617009011186,0.0040119316943284,0.0038571082262657,0.0039801892463967,0.0042715031297095,0.0038528994464807
spectrum 32,0.0001281929143696,0.0001288001600112,0.0001660086936771,0.0001590999674326,0.0001866027891235,0.0002052245854871,0.0002092778709234,0.0002285267442702,0.0002395588628633,0.0002390074984204,0.0002127471079186,0.0002691963053269,0.0002722289106463,0.0002877369079163,0.0002528271132583,0.0002592923306951,0.0002298789300616,0.0002159510389829,0.0002201628210856,0.0002003601017692,0.0001751081760075,0.000173509968332,0.000166193853145,0.000171948319172,0.0001743219176002,0.0001597495396736,0.0001643657379956,0.000185511864238,0.0001933420458356,0.0002040510185034,0.0002020195067477,0.0002054962869571,0.0002008022730972,0.0001912447036934,0.0002057391399843,0.0002117104336067,0.0001573387403434,0.0001472913488394,0.0002063032481929,0.0002218807487838,0.0002321393331713,0.0002305161333712,0.0002527664213721,0.0002402318288627,0.0002758172045764,0.0002900021234079,0.0002795440651379,0.0003106668904988,0.0003265446732367,0.0003437246057859,0.0003358603987324,0.0003545911002509,0.0003614040206611,0.0003854408489799,0.0004281145017278,0.0004779178014318,0.0004814984105555,0.0005165695347097,0.0005337605854398,0.0006014736855626,0.0006271373769178,0.0006353706908227,0.0006579249780516,0.0007002641338343,0.0007688156878893,0.0007520274790558,0.0008410213800694,0.0008048020704025,0.0008851518008432,0.0008911484307472,0.0009391238615531,0.0009246652532996,0.0009638487037416,0.0009173845168508,0.0009545237541748,0.0009101962386445,0.0009125132806739,0.000915556633541,0.0008881784516766,0.0009321456293731,0.0008908029037211,0.0009085869525065,0.0008923638048785,0.000893168085176,0.0009064951264229,0.0009039185849329,0.0008557333323776,0.0009093379135584,0.0009155950128609,0.0008877051015437,0.0009300112455529,0.0008545607480049,0.0009831231243067,0.0009862860538571,0.0009469409587441,0.0009579693265079,0.001023586754932,0.0009434866393021,0.0010348235679267,0.0010364522948321,0.0009754199714239,0.0009878024496967,0.0010504200128276,0.0010112470758486,0.00101975058546,0.0010348734035736,0.0009897956055694,0.0010513765347134,0.0010588658976705,0.0011016140149784,0.0011311072444791,0.0011695301399307,0.0011101840456978,0.0011887785653663,0.0012270533588883,0.0011934109134295,0.0011953874615766,0.0011901414105361,0.0012171320513712,0.0012468155167492,0.0012574350532224,0.0013052767999966,0.0013670224762678,0.001554721190097,0.0014658406707541,0.001439410264644,0.0015251898269392,0.0016116282497491,0.0016580327880586,0.0016552526379235,0.0018419343077436,0.001739901870472,0.0017239201073742,0.0018176446956597,0.0018125101801602,0.001836109545232,0.0018821837684801,0.0018448766102516,0.0019728022149832,0.0019086472615187,0.0018776313250427,0.0019473415090053,0.0019890364344274,0.0019479840127189,0.0020076196355126,0.0019577927926189,0.0019798942626689,0.0020046939405609,0.002010611430338,0.0019733123162755,0.0020264614316032,0.0019439383416538,0.0020546505802422,0.001985767371915,0.0020023404116986,0.0020020945934912,0.0019075226977236,0.0020492023513355,0.0018367537990026,0.0019051257341206,0.001875714069594,0.0019212179394823,0.0019082445930608,0.0017866494214012,0.0018407860024527,0.0018269416070754,0.0017570814551931,0.0016962740338047,0.0015708273103864,0.0014451491306798,0.0013820351099679,0.0014526389937512,0.0012822886317524,0.0016198619869671,0.0017124672583149,0.0017351691740037,0.001909850908852,0.0021536359527716,0.0023888904942245,0.0024091213715103,0.0022725462916767,0.0024050822861551,0.0025722481221248,0.0027551765703756,0.0029708181245157,0.0029049206077164,0.0033597429700161,0.0031566773025941,0.0029139908691738,0.0026083509799578,0.0026178829337908,0.0028848777842398,0.0030672591197762,0.0035406470139237,0.0034886868192541
spectrum 33,5.06297392926282e-05,5.15012864157387e-05,6.87852865432864e-05,6.72908417322527e-05,8.41072100046771e-05,9.89769070187424e-05,0.0001003411332864,0.0001154013089922,0.0001201803491554,0.0001199575057716,0.0001013491411853,0.0001339061035674,0.0001341761617185,0.0001468865136331,0.0001244414348233,0.0001308556490573,0.0001095674460889,9.99910662579901e-05,0.0001024433829849,8.93105599393239e-05,7.2968179078115e-05,7.27364633305383e-05,7.00942884668349e-05,7.05959870774194e-05,7.04408196636912e-05,6.22238103999488e-05,6.37855924980015e-05,7.42673465349448e-05,7.85746605751011e-05,8.39896415716025e-05,8.18925439677359e-05,8.42924749072543e-05,8.13948871462758e-05,7.72999530056804e-05,8.26550596884477e-05,8.66563780995428e-05,6.10163252266846e-05,5.79863042921958e-05,8.53910236778046e-05,9.22930433582806e-05,9.88232744348233e-05,9.76506711457934e-05,0.0001092449169572,0.0001023696486069,0.0001202694292506,0.0001287873375197,0.0001217369432132,0.0001404427739713,0.0001483764462662,0.0001579103078943,0.0001539397550811,0.0001607888526691,0.0001676151816138,0.0001829483270505,0.0002102800262953,0.0002417038233044,0.0002475164304937,0.0002700546836202,0.0002845176209274,0.0003312905582484,0.0003517139768913,0.0003522846948787,0.0003680033977158,0.0003966311480882,0.0004489853439594,0.0004263101074398,0.0004920104808496,0.0004571774529118,0.0005242488479716,0.000522010224168,0.0005649225606436,0.0005395427747338,0.0005850856672619,0.0005403436911512,0.0005740532467182,0.0005334995674086,0.000534727539505,0.0005361370272478,0.0005126906385572,0.0005519994177329,0.0005156352967704,0.0005275255792256,0.0005166060148138,0.0005148477556374,0.0005281421273369,0.0005197453163802,0.0004810650716555,0.0005238516494484,0.0005206127223524,0.0005006509831979,0.0005319349982483,0.0004691995928692,0.0005664032701141,0.0005680921435927,0.0005312311120047,0.0005377555036193,0.0005878885941571,0.0005305178931043,0.0005990619829005,0.0005973199467282,0.0005490691371533,0.0005631701808104,0.0006092575755442,0.0005760389311584,0.0005799861882927,0.0005979796842257,0.0005516089393939,0.0006020414871376,0.0006101887846219,0.0006515794288138,0.0006666354059682,0.0006947638837443,0.0006481826548407,0.0007056734517785,0.0007385767580264,0.0007058296386463,0.0007063761454098,0.0006967818797987,0.0007187431128504,0.0007490210158947,0.0007596985223918,0.0008048826228774,0.0008571254368485,0.0009976973014459,0.0009302896380284,0.0009097051674574,0.0009670586358111,0.0010479320033292,0.0010774057659313,0.0010792690479651,0.0012295843766177,0.0011347688199455,0.0011194806144773,0.0012104556512978,0.0011979542150858,0.0012157990975879,0.0012648692373965,0.0012191610174378,0.001319985108087,0.0012861542811621,0.001265794810303,0.0013440546027359,0.0013486679382016,0.0013256904199706,0.0013840106151139,0.0013487685264663,0.0013701995856206,0.001393761037516,0.001413262704229,0.0013732638177583,0.001441777146681,0.00135886286937,0.0014569927989937,0.0013848586619598,0.0014070942655343,0.0014312187177541,0.0013449875244871,0.0014543331013555,0.0012731105471723,0.0013458341503328,0.0012922610073997,0.0013541724130715,0.0013312477412248,0.0012303859854432,0.0012709231418638,0.0012551322792647,0.0011935564914727,0.0011517749051221,0.0010098949560648,0.0009009592786316,0.0008489649488641,0.0009086011237457,0.0008166715643413,0.0010577511358278,0.0011268898561469,0.0011705455190304,0.0013242760546877,0.0015292600210069,0.0017275418046731,0.0017347095161671,0.0016068484106084,0.0017028267713044,0.0018584988351656,0.0019887103579106,0.0021939794622919,0.0020874804737725,0.0025364198813346,0.0023750817319819,0.0021900805966298,0.0019455408384265,0.0019417330406567,0.002158653407417,0.0023106912964146,0.0027427690526506,0.0026594740606008
spectrum 34,4.16324691156228e-05,4.65717198687454e-05,6.45019701366045e-05,6.38928151854111e-05,7.62321345067782e-05,8.67810700668183e-05,8.52122473860628e-05,9.09843770487135e-05,8.43864522253992e-05,8.59165144749214e-05,8.8035419506707e-05,0.0001003244698799,0.0001106048338651,0.000124846276492,0.0001411187312666,0.0001559585413404,0.0001744264547058,0.0001973190195681,0.0002244324498163,0.000254579309917,0.0002816597015474,0.0003097623189433,0.0003358286959756,0.0003624205141797,0.0003602538917583,0.0003539073634727,0.0003645769224358,0.0003585966455784,0.0003489588627826,0.0003451702044528,0.0003415295884352,0.0003325172379347,0.0003088549277781,0.0002923875077348,0.0002825043429265,0.0002666209231489,0.0002504887213375,0.0002292443539173,0.0002024973053363,0.0001799489849874,0.0001565532427669,0.0001443031032671,0.0001398940055435,0.000121095486395,0.0001196263823064,0.0001102946172743,0.0001009673608161,9.89011094044665e-05,9.7124643302402e-05,9.57883587170887e-05,9.92402309008826e-05,9.69256856642285e-05,0.0001062070485566,0.0001075138936146,0.0001193368153001,0.0001296987506168,0.0001356658533116,9.9982716541602e-05,7.63762002944253e-05,9.57666357271599e-05,0.0001125595781464,0.0001305135934328,0.0001389470674641,0.0001375512534749,0.0001356836165096,0.0001411058078683,0.0001455575055688,0.0001502439659703,0.0001419089720277,0.0001471756659115,0.0001586736279594,0.0001724097829355,0.0001739764201179,0.0001828747501554,0.000187571184442,0.0001895725092489,0.0001953865798441,0.0001997782167406,0.000214963218472,0.0002296433464144,0.0002461373718499,0.000251536929034,0.0002577012072026,0.0002848717475284,0.0002921428649503,0.0003086725236649,0.0003107389987171,0.0003252066073816,0.0003381896892784,0.000331666423882,0.000355937919466,0.0003738921117316,0.0003915154297819,0.0003909777976922,0.0004011514291151,0.0004063462580573,0.0004275330999483,0.0004445190485385,0.0004461567555628,0.0004578581521887,0.0004679633889236,0.0004855588060158,0.0005123582695195,0.0005232486171411,0.000541427175532,0.0005523877493449,0.0005817523627611,0.0005908924255981,0.0006010753483273,0.0006325507637957,0.0006725353823439,0.0006833138840224,0.0007001385587661,0.0007065475004836,0.0007305645118001,0.0007663159988111,0.0007635201791753,0.0008068970881608,0.0007715464556711,0.0008588761303887,0.0008239422426238,0.000818057830318,0.0008873097745652,0.0009765007283891,0.0009824329405734,0.0010002094250664,0.0009867478253099,0.0011190148083232,0.001099629148907,0.0010835831314422,0.0012601433369363,0.0011734027843159,0.0011730341407447,0.0012975524802993,0.0012599147868133,0.0012755047314636,0.0013380283667771,0.0013288939549689,0.0013812553889246,0.0014025777922973,0.0013608813095594,0.0013629497153421,0.0014295003325612,0.0014227070356176,0.0014147022042942,0.0014273152131446,0.0014799412083158,0.0014200845948353,0.0014855149180502,0.0014044164601539,0.0014478816904228,0.0013522715468526,0.0014663084710928,0.0014442394220097,0.0013887737944135,0.0014505907230901,0.0013542104255354,0.0014562634704233,0.0013322051460348,0.0014212767280403,0.0013794582394805,0.0013909313783891,0.001404451159799,0.0013194775974674,0.0014102116569151,0.0013595372985242,0.0013613879554846,0.0013194667358417,0.0012698873884036,0.0012746660892282,0.0013158643530357,0.001259668047873,0.0013404515756449,0.0013009870152846,0.0015602430382066,0.0015878329972497,0.001373033265962,0.0014077922321637,0.0013636450133931,0.0016365979291042,0.0017198270730197,0.001977081875916,0.002192010928904,0.0024527224537231,0.0027081311589066,0.0030111783796987,0.0034017557758379,0.0035916901152516,0.0038304419977653,0.0041218683049074,0.004300534761629,0.0044842759605667,0.0046732374302225,0.0047648710012616,0.00501036465807
spectrum 35,2.56384848570482e-05,2.69558937649395e-05,3.40802158310813e-05,3.32273879412033e-05,3.62479769783715e-05,3.92197339182789e-05,4.13080739373812e-05,4.35787786378475e-05,4.66270559869619e-05,4.84635643156891e-05,5.19094845788269e-05,5.98150629524077e-05,6.30059331297517e-05,6.84441092048852e-05,7.16608077127368e-05,7.54945186131197e-05,7.83009368394373e-05,8.38826880098818e-05,8.8182004772261e-05,9.2822776907651e-05,9.9315324717742e-05,0.0001043978721082,0.0001116241079494,0.000121099899622,0.0001241405054797,0.0001295484143396,0.0001368720222168,0.0001453223690913,0.0001524863625812,0.0001633945949973,0.0001761916340427,0.0001882826791918,0.0001943677571797,0.0002049000705812,0.0002172461950224,0.0002246270504922,0.000236905088798,0.0002454391101233,0.0002548802329993,0.0002589314908326,0.0002501559374189,0.0002414849670295,0.0002320073285913,0.0002077268631872,0.0002019972888921,0.0001739235333766,0.0001530727952178,0.0001468054268958,0.0001385124590454,0.0001347910991254,0.000146925739289,0.0001345646340174,0.0001592129377002,0.0001700598065635,0.0002073011053966,0.0002238392479376,0.0002688250077668,0.0001120644935158,8.16032845440886e-05,0.0001135073905982,0.000153397116035,0.0002248620478613,0.0002554938923909,0.0002153328739698,0.0001959982740631,0.0002277825403417,0.0002453668393931,0.0002461940207092,0.0001928570253808,0.0002073856573998,0.0002609266951778,0.0003123478784668,0.0003184682002733,0.0003533135116787,0.0003487140849528,0.0003448253431548,0.0003740659858802,0.0004007796309928,0.0004597631469567,0.0005220313541738,0.0005846851597376,0.0005916963342899,0.0005744864503396,0.0006673268365599,0.0006823909579745,0.0007051352646362,0.0006816845599762,0.0007131917315243,0.0007519611524573,0.0007364194143682,0.0007704410043569,0.0007832306691858,0.0008044696230924,0.0008133759333769,0.0008317982822154,0.0008249274689034,0.0008605337094289,0.0008665913707242,0.0008506106021065,0.00086887198177,0.0008763453591588,0.0008863147328512,0.0009227822557869,0.0009144780738188,0.0009273341835092,0.000921324369306,0.0009313846230669,0.0009316045476141,0.0009325140959415,0.0009451952745731,0.0009643486817698,0.0009563144340384,0.0009620605175644,0.0009511924325656,0.0009801501042346,0.0009793671875196,0.0009791111857592,0.0009806511805923,0.0009564595365618,0.0009842376041203,0.0009744753173272,0.0009779931799833,0.0009872557487683,0.001069861745384,0.0010416300583014,0.0010442770934177,0.0010574511528888,0.0010847284524071,0.0010957705300127,0.0010669654902573,0.0011639909466022,0.001122535187339,0.0011065629215346,0.0011338239465883,0.0011380162030575,0.0011268674857723,0.001134158164608,0.0011398920061404,0.0011811187196844,0.0011422116166275,0.0011185373137527,0.0011273903360626,0.0011731301075346,0.0011382975215794,0.0011565679172432,0.0011264693447909,0.0011485468127302,0.0011430306629518,0.0011397848828956,0.0011253069385027,0.0011236618666631,0.0011046315796535,0.0011389846592401,0.0011363532947206,0.001131605011403,0.0011275546135948,0.0010942511818085,0.0011636258202802,0.0011045645425469,0.0011254880977373,0.0011373992071368,0.001139602628309,0.0011419264426788,0.0011211563970004,0.001140681762911,0.0011444154623382,0.0011438789849568,0.001110009153324,0.0011327458874928,0.0011631544405364,0.0011454358941018,0.0011573605434954,0.0012024623577921,0.0012463504463391,0.0013372738815959,0.0013916346961811,0.0013407893148377,0.0013644038546315,0.0013592901242035,0.0015677055349274,0.0016269906447607,0.0017964198849259,0.0018658933672746,0.0019372325896942,0.0020062189981856,0.0020658098857899,0.0021921223515957,0.0022290052123568,0.0022890252936201,0.0023907319124207,0.0024532334692621,0.002520321754788,0.0025879976388351,0.002640580200135,0.0027491245269285
spectrum 36,3.73275144002184e-05,3.82610436065342e-05,4.75678490791772e-05,4.59288603898053e-05,4.93131590464667e-05,5.27278366872302e-05,5.51176650475949e-05,5.78011513832566e-05,6.12284283608436e-05,6.36785741193366e-05,6.71781087294795e-05,7.67065371136212e-05,7.98567037591151e-05,8.596074925385e-05,8.90146552085876e-05,9.31214670207539e-05,9.58489963777882e-05,0.0001021149822703,0.0001067934171231,0.0001119181642766,0.0001192991227511,0.0001249347982203,0.0001330530840237,0.000143724478995,0.000146684628598,0.0001522967371918,0.0001600321610118,0.0001690555116878,0.0001765243460568,0.0001882456029047,0.0002020428457682,0.0002150683074347,0.0002212055902062,0.0002325077473763,0.0002459656551222,0.0002537699081621,0.0002668350630695,0.0002773536068429,0.000291965245829,0.0003059235232352,0.0003086856506614,0.0003263360102865,0.0003409882137721,0.0003393373238512,0.0003631074614463,0.0003691187713838,0.0003722116539639,0.0003845613363306,0.0004039267398779,0.0003990722140271,0.0004153758433593,0.0004196178453236,0.0004452293994953,0.0004510918889219,0.0004764818444193,0.0005013181740737,0.0005091602955123,0.0004732894810596,0.0004656897247305,0.0005430925931259,0.0005565554447829,0.0005894626213458,0.0006072434744576,0.0006149465669109,0.0006263701513744,0.0006513589650983,0.0006750740422564,0.0006897471299208,0.0006766080036664,0.00069710667997,0.0007337911515419,0.0007727489661715,0.000765614586687,0.0007748591452674,0.0007914258049038,0.0007984642966999,0.000813244639754,0.0008239453258331,0.0008385671597354,0.0008534230351283,0.0008763190517941,0.0008692699127943,0.0008790420232996,0.0008972031795143,0.0008967924705847,0.0009263653299424,0.0009115760051937,0.0009255647578626,0.0009418496246946,0.000931938057593,0.0009407451653168,0.0009463212189875,0.0009631064981736,0.0009707908368991,0.0009677031426547,0.0009690426285908,0.0009925619909527,0.0009881378974301,0.0009831467708802,0.0009903463338988,0.0009969429499648,0.000995638294649,0.0010231768423642,0.0010064171130502,0.0010186646961491,0.001010938822658,0.0010168148811051,0.0010221574626868,0.001028276352112,0.0010230566147931,0.0010371263419589,0.0010266009347959,0.0010368930691208,0.0010347930288365,0.0010498537533617,0.0010531940538533,0.0010476829605051,0.0010419570162719,0.0010425370352726,0.0010437372199951,0.0010463389405694,0.0010590634125522,0.0010472123943464,0.0011341550449263,0.0011043659202669,0.0011060011396928,0.0011311887549268,0.0011463233261441,0.0011666496229589,0.0011384726525956,0.0012308371642553,0.001189972099188,0.0011764309820088,0.0012006244553029,0.0012075622832779,0.0011987571522723,0.0012018638109091,0.0012082628570619,0.0012560310044213,0.001210707758776,0.0011863097726061,0.0011968552471028,0.0012440207072897,0.001208201549382,0.0012283639814086,0.0011955357949946,0.0012192280080043,0.0012152309622049,0.0012108149686416,0.0011966948491863,0.001195065793111,0.0011761535671362,0.0012123234339027,0.0012102482087042,0.001206347973836,0.0012017510449524,0.001167759295352,0.0012417832594467,0.0011813637834824,0.0012023549118983,0.0012161251843869,0.001219807902889,0.0012220306310389,0.0012043133233172,0.0012217692183294,0.0012276689990385,0.00122953055315,0.0011915731016398,0.0012389172421253,0.0012888107268291,0.0012656771173002,0.0013053792913324,0.0013549153408022,0.0014499404221065,0.0015130516522589,0.0015787332383398,0.0016536878423315,0.0017224563671594,0.0018163482711122,0.0018703324384964,0.001940529311233,0.002068634197291,0.0021120795936241,0.0021695045953912,0.0022387396461393,0.0022991732598896,0.0024339197847999,0.0024687135951857,0.0025291472072372,0.0026334167666378,0.0026936267949499,0.0027670905917156,0.0028377416339913,0.002892535346704,0.0030074872672614
spectrum 37,2.11606826952464e-05,2.19865636624916e-05,2.76756152547212e-05,2.70364680485155e-05,2.94030975128383e-05,3.18035442912111e-05,3.36474354115632e-05,3.5650719808496e-05,3.82314723839277e-05,4.01085857134144e-05,4.28376403560307e-05,4.94298537932609e-05,5.1993048114201e-05,5.64607333677931e-05,5.89439292114447e-05,6.21558620926143e-05,6.45154160464314e-05,6.91319392237531e-05,7.2725775542973e-05,7.65235914988101e-05,8.18899953469709e-05,8.61338437487979e-05,9.18591988297531e-05,9.98889383516501e-05,0.0001027055389273,0.0001074504661351,0.0001137295103757,0.0001209894845679,0.0001271957436464,0.0001365067235208,0.0001475214237045,0.000158044812452,0.0001635841362275,0.0001728992439941,0.0001838055189783,0.0001905744835499,0.0002018750897282,0.0002103543729846,0.0002217070952416,0.0002321292318075,0.000233365405298,0.0002423607149898,0.000244321528489,0.0002316963227713,0.0002412072782958,0.0002351413096879,0.0002256399384276,0.0002244701782689,0.0002208614617319,0.0002154969716716,0.0002378678231968,0.0002187511518152,0.0002575625251594,0.0002684218008162,0.0003126122345967,0.0003246531681096,0.0003629907574281,0.000190784927068,0.0001175190202068,0.000210841277094,0.0002809091905182,0.0003734075164915,0.0004076348474432,0.0003609409610225,0.0003384499004561,0.0003918940739621,0.000417477193691,0.0004209980670873,0.0003415408883203,0.0003683180880981,0.0004441021082072,0.0005170458710412,0.0005178752672479,0.0005392062786813,0.0005414510081349,0.0005408695796365,0.000570533957312,0.0005956069795459,0.0006324993111699,0.0006679089870988,0.0007031629618427,0.0007003632053515,0.0006923686986947,0.0007373428575377,0.0007411002750914,0.0007646495954243,0.0007475020516365,0.0007638022638862,0.0007859262443173,0.0007763358464343,0.0007896851522668,0.0007954631566359,0.0008108866576467,0.0008191305203385,0.0008210896416499,0.0008205834997486,0.0008437077039014,0.0008416255156566,0.0008349178797054,0.0008435028496397,0.0008493410120644,0.000850446767517,0.0008762433334304,0.0008630196513649,0.0008737202019671,0.0008669696210297,0.0008729557406114,0.0008763925790738,0.0008808963206122,0.0008797585546341,0.0008927801950154,0.000883870097557,0.0008922382689809,0.0008884885889723,0.0009043501633994,0.0009062853872134,0.0009025851464715,0.000898635801995,0.0008944163738173,0.0009002903298446,0.0009003630037729,0.0009099122752426,0.0009030430831332,0.0009779751280169,0.0009521866918731,0.0009536541845624,0.0009736107597597,0.0009885225287788,0.0010046962821382,0.000979907464811,0.0010609117518122,0.0010251566025289,0.0010128093224167,0.0010341672421607,0.0010396323242807,0.0010314022694825,0.0010346217911476,0.0010398909550597,0.0010802263636476,0.0010416172368018,0.001020321487579,0.0010289161253557,0.0010695372725161,0.0010383383527426,0.0010553239945492,0.0010269917080512,0.0010470037159698,0.0010430648610182,0.0010389592190806,0.0010266184761433,0.0010248553195406,0.0010082430929736,0.0010390476413673,0.0010368880494762,0.0010331264494575,0.0010285918309795,0.0009993891641563,0.0010622949171501,0.0010101355942732,0.001027327419956,0.001039365104726,0.0010420100562003,0.0010436495680257,0.0010274195446686,0.0010427507367089,0.001047221617807,0.0010481690506378,0.0010155750896765,0.0010466403581717,0.001079111644284,0.001054819863344,0.0010802930714805,0.001119388431884,0.0011881211573941,0.0012474758754958,0.0013029758226273,0.0013327722774621,0.001375257448416,0.0014263255729006,0.0015318762040446,0.0015885480657975,0.001719222165738,0.001764476842543,0.0018195291489504,0.0018816041543155,0.0019385902020238,0.0020573760353265,0.0020934194706201,0.0021515722486983,0.0022488786495132,0.0023096287667094,0.0023739619689081,0.0024392496493526,0.0024903033123853,0.0025942186294559
spectrum 38,0.0001434556153354,9.75951733695478e-05,0.000101910367038,9.65456655170912e-05,7.82349873307515e-05,5.89227849837372e-05,6.2256192934722e-05,5.89804325683966e-05,6.91482978143408e-05,7.14310244358537e-05,7.18966633837639e-05,9.84241032454333e-05,0.0001262656214299,8.93144898589029e-05,7.42878280413946e-05,7.53788490607342e-05,8.05564060599715e-05,8.75299234440177e-05,9.56739278364066e-05,9.24111567145939e-05,9.29399660825086e-05,0.000100729517952,8.24170955798326e-05,9.20858754294112e-05,0.0001015007426907,0.0001129074348183,0.0001167724150661,0.0001286388421395,0.0001367154286228,0.0001245662600707,0.0001318840432327,0.0001366505624674,0.0001757341897563,0.0001633600671398,0.0001722721376867,0.000178825510151,0.0001990203414098,0.0002079422933408,0.0002291180496776,0.0002354552770342,0.0002478278097344,0.0002317022968268,0.0002752682263709,0.0003625252579067,0.0003317902372396,0.000304878744806,0.0002907318131164,0.000388124507378,0.0003299940830455,0.0003212263882211,0.00036410205997,0.0003854840280517,0.0004253047905192,0.0004793950878146,0.0004391670654101,0.0004485136395448,0.0003487433203796,0.0004738426331605,0.0004018010042359,0.0004434997353923,0.0004739204228401,0.0005326288917371,0.0005678443084813,0.0005079443263215,0.000516296859184,0.0007053411302413,0.0006213815937207,0.0006767503262479,0.0006662839968016,0.0006559926438955,0.0008530653550116,0.0009161024081556,0.0008563823743386,0.0009106962361025,0.0009049814110463,0.0009202809308589,0.0009497636459506,0.0009693077826586,0.0010700915476406,0.0012001032481187,0.0011460092452395,0.0011633306022243,0.0012082460528615,0.0012615697535359,0.0014062823995399,0.0012626709203294,0.0014439126199479,0.001309044273466,0.001616041036148,0.0014886801441201,0.0014000989632741,0.0014358296357735,0.0015226105275972,0.0015566602951214,0.0015432794572987,0.0017023329975448,0.0017188907486354,0.0016258106466025,0.0017440284547499,0.0016112029248599,0.0018090290766755,0.0014790160067349,0.0017104560008439,0.0015713953169229,0.0016723222098557,0.0015495127687436,0.0015429560792074,0.001421920124339,0.0013072037452474,0.0015992707982132,0.0013688144848209,0.001367233944742,0.0011899198008635,0.0012636668167903,0.0011736355224224,0.0010390415181021,0.0013154237218785,0.0010209188611523,0.0011425810321941,0.0009077499527909,0.0010791900516273,0.001004773207484,0.0011100974546012,0.0009868419522696,0.0010757767927317,0.0010399164709767,0.0011123504643354,0.0011081544565303,0.00118825208647,0.0010637910169502,0.0012740725989833,0.0011744374752355,0.0010817867462154,0.0012127221570673,0.0011909239193793,0.0012643374551879,0.0012110518089739,0.0013265051416877,0.0012371612838132,0.0014224147857504,0.0014593623827423,0.0011209254956023,0.0015599075761841,0.0013627575317354,0.0012901381275786,0.0013222779716508,0.0011154784220898,0.0012391999342884,0.001013791688077,0.0014132491323885,0.0010461020094534,0.001353810750695,0.0013142797407921,0.0013986950800017,0.0012932499619126,0.0009531131610037,0.0014625973891843,0.001101734425584,0.0012454875079128,0.0009709381359729,0.0013017954419503,0.0011746603005428,0.0012601445245311,0.0011622515130097,0.0013710632656214,0.0011873049452139,0.0012059206961204,0.0010784124207814,0.0013882405910182,0.0012756596374995,0.0011142098685168,0.0014319798937808,0.0016579582864925,0.0013865437244636,0.0014864829995522,0.001632689765883,0.0017141183021804,0.0020204882808181,0.0019581470116141,0.0024862769229539,0.0023011736738452,0.0026101082712981,0.0030690038642308,0.0030278255969213,0.003329510668955,0.0034616444702136,0.0038531010835937,0.0038688896583615,0.003921343889825,0.0042382615683076,0.0040574694279764,0.0036038146309216,0.0040016599479124,0.0046325621211916,0.0034897432582041
spectrum 39,0.0001177008523938,0.0001186797313367,0.0001531238601022,0.0001473865535083,0.0001716047609647,0.0001935440447399,0.0001962165806296,0.0002147125973304,0.0002226662979083,0.0002243768099477,0.0002017686000917,0.0002504826432132,0.0002529009663678,0.0002711427669523,0.0002455719285047,0.0002522609311019,0.0002227757280861,0.000210773749198,0.0002140916469805,0.0001954596235605,0.0001702259975883,0.0001687412695201,0.0001639101297827,0.0001678094406809,0.000168551836336,0.0001518863528313,0.0001560958069963,0.0001774773552795,0.0001855349631577,0.000197349453754,0.0001945548118805,0.0001977486244462,0.0001925785702577,0.0001827439955517,0.0001976723201321,0.0002035525565674,0.0001472444755418,0.0001383811547561,0.0001980225450448,0.0002128778015484,0.0002234239778751,0.0002214342165691,0.0002433462146515,0.0002303956049762,0.0002652143311155,0.0002794876595483,0.0002680767169933,0.0003003696767754,0.0003156626647805,0.000331595383165,0.0003249738000299,0.0003407852856197,0.0003492368368904,0.0003741272937663,0.0004199896694753,0.0004698103586116,0.0004766979638524,0.000492507555454,0.0004957230362011,0.0005794955645794,0.0006100470934125,0.0006258732490801,0.0006480267047636,0.0006849114571951,0.0007448964639557,0.0007374037409215,0.0008242159628785,0.0007861582738333,0.000848403880025,0.0008565443428828,0.0009153963617233,0.0009063837678212,0.0009439970217877,0.0009003220361996,0.000934084960723,0.0008911426121469,0.0008955514522156,0.0008996280232534,0.0008770341296886,0.0009208664959067,0.0008800444171819,0.0008977406710771,0.0008791035192895,0.0008819521534666,0.0008954188167118,0.0008890768178737,0.0008365584242301,0.0008922843654981,0.0008993745091457,0.0008734907490045,0.0009188791716994,0.0008364143945269,0.0009694509749509,0.0009727295524541,0.000933682337596,0.000942889224436,0.001010012355413,0.0009296362718629,0.0010192127390586,0.001022903435276,0.0009593580766156,0.000971879916219,0.0010368705444175,0.0009965922831938,0.001000734565015,0.0010193659402289,0.0009694469489505,0.0010320801610641,0.001041301727446,0.0010859557361797,0.0011146847060217,0.0011519369638029,0.0010906220383778,0.0011728401730427,0.001209099980937,0.0011766977047855,0.0011710905133619,0.0011674672835587,0.0011968894307753,0.0012264879333911,0.0012348144622095,0.0012841710546283,0.0013404280328391,0.0015272389234944,0.001438087468968,0.0014118244528949,0.0014965377337631,0.0015827488364101,0.0016241880168899,0.0016177868812471,0.0017965488688313,0.0016990225462276,0.0016821361196965,0.0017707909762735,0.0017682679869044,0.001786864298835,0.0018272319702447,0.001795717962379,0.0019144567062545,0.0018549750687139,0.0018224891669475,0.0018929966747075,0.0019298817827975,0.0018916432262616,0.0019465305517242,0.0018975120566464,0.0019279300974516,0.0019473659128814,0.0019592368439114,0.0019151949859234,0.0019646165401921,0.0018838546012269,0.0019876222651182,0.0019288992831985,0.0019435058432459,0.0019589317443193,0.0018547250060673,0.0020014675562965,0.0017943671760564,0.0018830070141149,0.0018350294314257,0.0018822671823487,0.001867620462452,0.0017589694096002,0.0018064822258847,0.0017954444085639,0.0017301798323927,0.0016704818621843,0.0015283141723651,0.0014051892434698,0.0013416478845581,0.0014085053256925,0.0012340403851045,0.0015763279989792,0.0016601960121873,0.0016834660623984,0.0018631924384098,0.0020976096078511,0.0023233268314097,0.002341872523706,0.0021979020414936,0.0023202928310418,0.0024966602831616,0.0026677342804126,0.0028895112064555,0.0028128881575668,0.003276579269013,0.0030889473161551,0.0028482144196135,0.0025208988952597,0.0025169994303356,0.002795707119526,0.0029830883873868,0.003478253021585,0.0034059560543648
spectrum 40,9.0355298222011e-05,0.0001005197332715,0.0001386979170978,0.0001353259250882,0.0001620735770248,0.0001832791866061,0.0001813698510346,0.0001938160689227,0.0001832604195051,0.0001835937293543,0.0001896454195478,0.0002165176164801,0.0002359611426924,0.0002629376609577,0.0002943293301333,0.000323006566199,0.0003584655181788,0.0004021827144718,0.0004486203597727,0.0004964167567429,0.0005448846824782,0.0005893951971951,0.0006312305953916,0.0006760926631674,0.0006751359460897,0.000672693484244,0.0006906198633592,0.0006924047996372,0.0006824585546188,0.0006779913185567,0.0006785292647554,0.000659180922626,0.0006130883480734,0.0005745396058566,0.0005456422259039,0.0005034864169348,0.0004606841945118,0.0004135555592638,0.0003623447678863,0.0003174060310579,0.0002738033614328,0.0002506636188722,0.0002423228991713,0.0002100157208808,0.0002060277772925,0.0001900836926642,0.0001746492480608,0.0001708602774092,0.0001693719592189,0.0001663539678695,0.0001726252023271,0.0001686415446894,0.0001843090933108,0.000187036452905,0.0002061114012925,0.000222823313314,0.0002343241136383,0.000176094986309,0.000136711874112,0.0001639982464571,0.0001881391336436,0.0002196051410114,0.00023642547977,0.0002330301948728,0.0002287985399117,0.0002384200385468,0.0002465823087733,0.0002532598017651,0.0002394244857541,0.0002462888013649,0.0002633887771576,0.0002852102804921,0.0002873054692039,0.0003006945800438,0.0003080759715307,0.0003114282893331,0.0003209541983229,0.0003314997458929,0.0003546011578639,0.0003780913786405,0.0004040760922249,0.0004128153905487,0.000423985239028,0.000468278941162,0.0004822306600985,0.0005094119188257,0.0005129473637356,0.0005344909202866,0.0005584583689663,0.0005478248298985,0.0005848845904346,0.000612103448514,0.0006401340604851,0.0006465504467703,0.0006628238147237,0.0006693843155955,0.000703177432946,0.000729783343833,0.000729279280415,0.0007496348412563,0.0007655350633282,0.0007912790390957,0.0008356246235217,0.0008545100575545,0.000884678707989,0.0009026778815807,0.0009504732180263,0.0009604653733401,0.0009761628285973,0.0010300147822925,0.0011005000482907,0.0011198116903184,0.0011411793117227,0.0011451946297299,0.0011982481455675,0.0012507804865745,0.0012505579217935,0.0013312228372653,0.001234946467383,0.001417079679706,0.0013397130175476,0.001313338725417,0.0014645465603359,0.0016116661434824,0.0016123203367799,0.0016407732319461,0.0015742603224763,0.0018574325098153,0.0017707453252848,0.0017184742645415,0.0020622014442909,0.0019010605995003,0.0018764358515972,0.0020919910349223,0.0020249320130633,0.0020030277617898,0.0021246830943789,0.0021199876413347,0.0021486896418492,0.0022112310690569,0.0021430098688923,0.0021266684707872,0.0022499312042644,0.0022194429359093,0.0021912329990693,0.0022256231164073,0.0023019251606134,0.0021812426704317,0.0022928005181869,0.0021491131792795,0.0022225400723069,0.002059609541187,0.0022327856220586,0.0021912021408408,0.0021118517399814,0.0021897284404367,0.0020429896540286,0.002198153331221,0.0019965303595675,0.0021277151789388,0.0020694264847058,0.0020696120462661,0.0020879869154354,0.0019408380176412,0.0020888953573657,0.0020098169024328,0.0020000238044958,0.0019507714131195,0.0018153958474461,0.0018014531120018,0.0018511946053814,0.0017413481251318,0.0018205563837732,0.0017631953424925,0.0020808486702025,0.0020726992696438,0.0017719096718456,0.0018036690110554,0.0017496856020323,0.002063473639743,0.0021620192875895,0.0024593285902709,0.0027146361483893,0.0030193198203275,0.0033305956928042,0.0036439333724843,0.0040920118422398,0.0043034548165607,0.0045166950332962,0.0047896396625556,0.0049355492767221,0.0050813945248914,0.0052226922796168,0.0053040650741679,0.0055128213685112
spectrum 41,0.0001102980965738,0.0001073886646276,0.0001304230568819,0.0001281462985993,0.0001331864969596,0.0001052781439574,0.0001121118516834,0.0001080081705984,0.0001279814771299,0.0001319902999642,0.0001349162998976,0.0001840930613544,0.0002134611701018,0.0001721941129265,0.0001355222451284,0.0001373126458906,0.0001340318992494,0.0001422885763264,0.0001598311735879,0.0001451001634648,0.0001338489319798,0.0001352820553906,0.0001053118841908,0.0001181647970153,0.0001317258773202,0.0001352308234383,0.0001399523381544,0.0001558469169555,0.0001674809461104,0.0001627409148358,0.0001631359403715,0.0001701772511598,0.0001871044471791,0.0001742496861009,0.0001886947152376,0.0001953829514288,0.0001556714357662,0.0001472316065569,0.0002003776247601,0.0002106425683198,0.0002157443139885,0.0002043274124717,0.0002184312284449,0.0002087047419284,0.0002195782226646,0.0002088825058561,0.0001914029227476,0.0001978273847039,0.0001955636091893,0.0001939839752745,0.0002016746196379,0.0001970936644417,0.0002191795345116,0.000232387833038,0.0002621494473191,0.0002858008587946,0.0003025531743775,0.00020983525302,0.0001522459588526,0.0001846602541033,0.0002264209200254,0.0002890883289502,0.0003222652447399,0.0003064809649678,0.0002961155220556,0.0003196191556434,0.0003356936898379,0.000340543109121,0.0003120122836819,0.0003206584028539,0.000360146460585,0.0003990365046793,0.0004065552833789,0.0004336673162106,0.0004402995902741,0.0004402821157484,0.0004584216784003,0.0004851199757243,0.0005278653685781,0.0005837620403024,0.0006180073370966,0.0006370562598933,0.0006402769919979,0.0007081568657,0.0007453957278745,0.0007567237991844,0.0007373807789088,0.0007773645066905,0.0008254893499875,0.0008022996819214,0.0008554918412371,0.000824920153744,0.0009330944341732,0.0009393876874325,0.0009347322926926,0.0009408163984376,0.001018251809428,0.0009667162188687,0.0010284489892908,0.0010461484341456,0.001011298034368,0.001018597191011,0.0011049668060721,0.0010733786121946,0.0010918679072348,0.001108071117883,0.0010684723602871,0.0011100757204765,0.0011012884205492,0.0011932806102692,0.001207253262482,0.0012549803318579,0.0011521402047038,0.0012217878047558,0.0012630544931451,0.0011565625941069,0.001246009406163,0.001130855346255,0.0011815410137733,0.0011066260473947,0.0011843995755055,0.0011792036457664,0.001289182674211,0.0013129660198935,0.0013356217363038,0.0012765919688193,0.0013542830831539,0.0014117117606532,0.0014465475892698,0.0013907721238984,0.0015940098617885,0.0014553610990105,0.0013716505274459,0.0014416802564618,0.0014468818855116,0.0013678600848808,0.0013594893616321,0.0013790620065997,0.0013797410919049,0.0014838508408841,0.0014027334862288,0.0012729016453962,0.0014093532375382,0.0014932110511632,0.0014856288617834,0.001442681072457,0.0014171786391648,0.0016131731360185,0.001411074094646,0.0016439222074261,0.0013297137883195,0.0017289534068149,0.0015003616735884,0.0015707933143933,0.0015370670714372,0.0012422738495236,0.0017290004949352,0.0013123448085214,0.0015705763270054,0.001302754578031,0.0015336665584887,0.00155295845164,0.0015432141866652,0.0014497378833944,0.0015632982383797,0.0014854913686783,0.0015212287630571,0.0014512532942393,0.0014867918011814,0.0013540242150191,0.0012429318580444,0.0014009356456072,0.0012876466338642,0.0014657989557617,0.0015655530997316,0.0016529302576871,0.001679142036189,0.0018244863960984,0.0017956960712972,0.0021216795434319,0.0020899663736314,0.0022975149898253,0.0025141059434255,0.0026967012277846,0.0029610925668234,0.0029408236524922,0.0034285892738292,0.003219202885159,0.0029533437764256,0.0026898184043487,0.002724122502591,0.0029302516944114,0.003109338490579,0.0036209565686327,0.003453178618938
spectrum 42,4.78205067209558e-05,4.86672273907654e-05,6.5097639901836e-05,6.37828719834408e-05,7.98036803607734e-05,9.4003022409614e-05,9.53489689946682e-05,0.000109782701711,0.0001144233291076,0.000114239173517,9.6691857260766e-05,0.0001277640044345,0.0001280481534088,0.0001403279507877,0.0001188607444155,0.0001251603489147,0.0001047754946822,9.55978374275994e-05,9.80275305962909e-05,8.5367632818877e-05,6.94535572639529e-05,6.92313180150297e-05,6.64663198924408e-05,6.67833580881512e-05,6.65986962101399e-05,5.84432248135591e-05,5.99577613211685e-05,7.01362043511285e-05,7.43513817939732e-05,7.95830375363122e-05,7.74516918123901e-05,7.97763539682921e-05,7.6957835170041e-05,7.29849059638975e-05,7.81448667089688e-05,8.20550733577827e-05,5.69084963904222e-05,5.38923859753983e-05,8.09378219249179e-05,8.73862434319611e-05,9.38577866048364e-05,9.26215988146327e-05,0.0001038517537337,9.71388707589236e-05,0.0001144789395195,0.0001228189284158,0.0001156796333794,0.0001341670166091,0.0001420360398026,0.0001511432908894,0.0001472722111637,0.0001538055404207,0.0001605299929186,0.0001757451180361,0.0002023079140722,0.0002327139396116,0.0002384947014312,0.0002606170158047,0.0002747722972123,0.0003200070288969,0.0003397941674688,0.0003401461071515,0.0003555758235444,0.0003833601890914,0.000434464306134,0.0004118685233248,0.0004754836964421,0.000441696917843,0.0005074327245694,0.0005049083586045,0.0005465524933398,0.0005216145519331,0.0005667949559057,0.0005231449322173,0.000556373358576,0.0005166459335234,0.0005175565223781,0.0005194017183653,0.0004961330453581,0.0005348354491002,0.0004994764970203,0.0005110268928806,0.0005007569202303,0.0004986839585023,0.0005120242495798,0.0005036933765971,0.0004661070668451,0.0005075254090487,0.0005041905797069,0.000484626684564,0.0005147877073161,0.0004534080553934,0.0005481794368597,0.0005502201615462,0.0005137986060342,0.0005197251446574,0.0005688663468322,0.0005131699860295,0.0005797846797668,0.0005780868408651,0.0005308562802048,0.0005450655892857,0.0005899918280704,0.0005573322540307,0.0005611934016314,0.0005792528638863,0.0005329814872227,0.0005829762666149,0.0005909642107461,0.0006317791738625,0.0006463393152928,0.0006738559323375,0.000628302980477,0.0006840857048576,0.0007166517497453,0.0006843155362322,0.0006850478390908,0.000674958222035,0.0006967712039412,0.0007265787702735,0.0007372621562055,0.0007822838568195,0.0008330631002725,0.0009703643654361,0.0009049619769281,0.0008849061134911,0.0009400657521893,0.0010196881612639,0.00104825635947,0.0010500432826973,0.0011976468076149,0.0011042543854921,0.0010890587101162,0.0011790324572046,0.0011664237052039,0.0011837429818298,0.0012324525439264,0.0011869570812572,0.0012857811542121,0.0012533669176716,0.001233634379277,0.0013106000071793,0.001314370427207,0.001291726994411,0.0013496415583589,0.0013153184675947,0.0013361012141837,0.0013591944208453,0.0013789202074883,0.0013395862627078,0.0014078127484175,0.0013266296167366,0.0014227652112597,0.0013515226101721,0.0013736408732911,0.001397866902883,0.0013139814586347,0.0014201075976305,0.0012435918289853,0.001314091147139,0.0012616445776253,0.0013231778117623,0.0013006154542683,0.0012022428297439,0.0012417388971464,0.0012263492487233,0.0011663170360611,0.0011255270323329,0.0009826906363832,0.0008721047020692,0.0008173060496686,0.0008778692904004,0.0007838908730521,0.0010237527786095,0.0010887682747901,0.0011324807678518,0.0012891422273658,0.0014933310678197,0.0016874931070623,0.0016939460942006,0.0015655493282762,0.0016482823113401,0.0018094469224248,0.0019317317833124,0.0021452075809611,0.0020227211554236,0.0024880179746385,0.0023286954803634,0.0021427236941481,0.0018797498989205,0.0018651199786535,0.0020891312379368,0.0022474106906675,0.0026957221118493,0.0025963199705518
spectrum 43,3.42914923189972e-05,3.61996983726365e-05,4.59878256964188e-05,4.4288080331871e-05,4.74471966833083e-05,4.39008306114078e-05,4.75805558415105e-05,4.71525651495413e-05,5.50109868388306e-05,5.4472558396808e-05,6.07968248990509e-05,7.75306066433925e-05,8.505505043619e-05,8.04659442780987e-05,7.24826892849397e-05,7.5134407393001e-05,8.23670080063531e-05,9.08592652467906e-05,0.0001048697115538,9.70098905915553e-05,0.0001009496211208,0.0001073881938676,7.78884232027015e-05,9.43050532505137e-05,0.0001182063770379,0.0001338086013359,0.0001497698257236,0.0001625139699499,0.0001752204585736,0.00016467115509,0.0001851017122055,0.0001896188440236,0.0002336979610646,0.0002370032223277,0.000242861187356,0.000253868036674,0.000270418754722,0.0002895069300626,0.0002933554629674,0.0002735131895862,0.000254584319628,0.0002223037547432,0.000211804825308,0.0001845550240527,0.0001680011704207,0.0001362236236963,0.0001188058970221,0.0001154648008933,0.0001087161510228,0.0001057192657501,0.0001129579048785,0.0001060385542461,0.0001227099610166,0.0001296795926686,0.0001545154365579,0.0001677178789915,0.0001972595006277,9.25908099662665e-05,7.25929140236871e-05,9.67949058263538e-05,0.0001225836424741,0.0001669919438097,0.0001860511398485,0.0001611718726093,0.0001502205083087,0.0001700336536137,0.0001810544790469,0.0001822476945069,0.0001503772422034,0.0001606032136638,0.0001959699047301,0.0002290288054405,0.000232442511777,0.0002590134167739,0.0002562014321802,0.0002534902037714,0.0002744455972499,0.0002916998157939,0.0003407725956748,0.000396740722682,0.0004601889818637,0.000472240257347,0.0004646421331606,0.0005691028499354,0.0005932897554459,0.0006161534743219,0.0005935390235929,0.0006433010078995,0.0006918099058717,0.00067066008855,0.0007272045218276,0.0007533317028723,0.0007858261051847,0.0007912102122477,0.0008277724659453,0.0008164989939496,0.0008673284206372,0.0008880685299123,0.0008629047781785,0.0008946243823215,0.0009069622973341,0.0009283350681295,0.0009842993106957,0.0009861718775516,0.0010061863078662,0.0010041621135053,0.0010218454516922,0.0010153840645731,0.0010103117169193,0.0010525713114335,0.0010830665788353,0.0010793895015983,0.0010739980458661,0.0010491891941207,0.0011058347640631,0.0010792544737055,0.0011103245410678,0.00109418987531,0.0010564965831566,0.0010895068814865,0.0010843251450432,0.0010621494173099,0.0011228746306192,0.0011707272621299,0.0011715143242893,0.0011573903235953,0.0011763411623716,0.0012215794129548,0.0012409030457093,0.0011866020667336,0.0013332198749251,0.0012737013053203,0.0012281717429288,0.001282738491192,0.0012767658754211,0.0012369401355338,0.00127064399172,0.0012822587767787,0.0013097301538979,0.0013077362913186,0.0012780599469408,0.0012079559748894,0.0013318895108542,0.0012971278763856,0.0013083578801191,0.0012802344583287,0.0012623443580196,0.0012754291505882,0.0011895985138919,0.0012988566433536,0.0012218009828651,0.0012672046576383,0.0013014274246354,0.0012957369319022,0.0012866897482811,0.0011280649888073,0.0012698535449428,0.0012095872526917,0.0012553181972075,0.0010689499557583,0.00129568247175,0.0012620752400092,0.0012621436601226,0.001185995467725,0.0012852554838087,0.0012424203987246,0.0012597127494277,0.0011937570497594,0.0012498793898675,0.0011962530115805,0.0010823831958845,0.0012403146546894,0.0013207460740297,0.0011996124334941,0.0013325022901176,0.0014374546293088,0.001304837600895,0.0013405522607576,0.0012994021368883,0.0015893493757889,0.0016469771339605,0.0018889951210408,0.0020231887347961,0.002131811776942,0.0022268840823168,0.0022954093967424,0.0024404025603003,0.0024787160913506,0.0025410368563457,0.0026574963632188,0.0027242457262146,0.0027744509292419,0.0028506435722892,0.0029247088309717,0.0029955952193135
spectrum 44,7.75502664503209e-05,8.59700609867072e-05,0.0001183864656917,0.0001160049605441,0.0001383281650306,0.0001552708024995,0.0001542908376877,0.0001642829730827,0.0001549874756513,0.0001564363300635,0.0001606585826367,0.0001829886171236,0.0001989825370256,0.0002214653326445,0.0002454734757245,0.0002693096977815,0.0002993481951216,0.0003363286930025,0.0003795060338076,0.0004268854240857,0.0004769214845927,0.0005297628011457,0.0005678663424163,0.0006135939971289,0.0006123305372405,0.0005957054681735,0.0006073493270677,0.0005943691352957,0.0005726653882967,0.0005580431628375,0.0005491075303522,0.0005310412792538,0.0004930755381562,0.0004648839377025,0.0004463918780374,0.0004186955628065,0.0003906517368553,0.0003579216245825,0.0003185981522194,0.0002826819832631,0.0002454868549017,0.0002257588358306,0.0002187467824631,0.0001897987014186,0.0001863081276035,0.0001723498356584,0.0001580936562265,0.0001545775937085,0.0001530283793439,0.0001505714656805,0.0001559687145311,0.0001525639227071,0.000166703572653,0.0001690332651036,0.0001861645766841,0.0002016273666062,0.0002112196206722,0.0001603875555935,0.0001234244054844,0.0001486997922111,0.0001711641271769,0.0001992160804807,0.0002140024356637,0.0002116950948962,0.0002083424714741,0.0002164871095632,0.0002237003376609,0.0002302224748162,0.0002181959842773,0.0002246202621653,0.000239843007691,0.000259586174393,0.0002615498830551,0.0002737812097018,0.0002807789863242,0.0002839922506183,0.0002923874900352,0.0003013091464745,0.0003222455671008,0.0003431713085994,0.0003663389309578,0.0003742232388907,0.000384608924265,0.0004236628524002,0.0004358756160818,0.0004608872715687,0.0004647298554046,0.0004841506327294,0.0005045835354921,0.0004950250649387,0.0005284526450679,0.0005526966961996,0.0005784443684122,0.0005829056248192,0.0005966032505494,0.0006037033750233,0.0006330430424791,0.0006567650979362,0.0006576523855434,0.0006742449079747,0.0006884247968816,0.0007110355524451,0.0007495810844636,0.0007634417652392,0.0007889870083175,0.0008046450088839,0.000843794944572,0.0008567722357672,0.0008712222949807,0.0009129180332651,0.0009679077550266,0.0009820222878568,0.0010046348434974,0.0010133780328594,0.001049492353205,0.0010950941004876,0.0010938505631091,0.0011493689320012,0.0011028376574188,0.0012187777490005,0.0011734547097071,0.0011688217634686,0.0012594454090148,0.0013852931433355,0.001386783490543,0.0014060014455944,0.0013897654825084,0.0015635257109647,0.0015250177055891,0.0015053775955208,0.001729766650164,0.0016115427319786,0.0016053343082992,0.0017418363077513,0.0017216204947626,0.0016996708608732,0.0017517404766133,0.001758190951049,0.0017954976735599,0.0018628039850414,0.0017836821814367,0.0017689505973538,0.0018328111057748,0.0018581591615267,0.0018496273874632,0.0018555589363237,0.0019166836510416,0.0018811784914352,0.0019500567025152,0.00185432740467,0.0018526226791783,0.0018175357807726,0.0018849096006051,0.0018764620559196,0.0018173246102482,0.0018469078100694,0.0018051073996778,0.0018425574057659,0.001770228515514,0.001845199115359,0.0017981411038729,0.0018231651761296,0.001826009246298,0.0017292669324648,0.0018377215392678,0.001793835895008,0.0017878118537628,0.0017500169133946,0.001686805899449,0.0016778486418219,0.0017184550572406,0.0016373350167081,0.0017170743021457,0.0016664314419233,0.0019765055590457,0.0019764506999787,0.0016950905098361,0.0017297889717328,0.001675338497494,0.0019810811038342,0.0020795323631148,0.0023727882223324,0.0026260561562561,0.0029304569817066,0.0032286909827686,0.0035633632761769,0.0040264967425109,0.0042541324324378,0.004538699790923,0.004814848921423,0.0050160325141188,0.0053186518281381,0.0056109709208097,0.0058347324952041,0.0061500613103094
spectrum 45,8.09216225835622e-05,8.97193780893938e-05,0.000123594611154,0.0001210825613378,0.0001444853777156,0.0001634091263743,0.0001618368467171,0.0001729614637612,0.0001625057750153,0.0001642853717914,0.0001681538210156,0.0001912144657462,0.0002077085196992,0.0002317169585883,0.0002579518339358,0.0002831235848895,0.0003133661340319,0.0003529152244315,0.0003978352758364,0.000449019642098,0.0005036634930764,0.0005621719581594,0.0006164688948084,0.0006607291140295,0.0006525701320883,0.0006312397776652,0.0006419508967817,0.0006262360561918,0.0006009515813074,0.0005867637591472,0.0005760930841909,0.0005548942255392,0.0005131814892957,0.0004833747482036,0.0004635343605454,0.0004338255187374,0.0004050586471057,0.0003700424584401,0.0003288738641685,0.0002916297110213,0.0002531480476897,0.000232749733882,0.0002254272265374,0.0001955159911132,0.0001918226931913,0.0001773913930767,0.0001626639033805,0.0001589809023992,0.0001573871268686,0.0001548394228816,0.00016040489051,0.0001568670231009,0.0001714295697373,0.0001738493523142,0.0001914793615844,0.0002073836837829,0.0002173600284554,0.0001649562935204,0.0001266913988539,0.0001525209050486,0.0001756045578555,0.0002045731426356,0.0002199236962547,0.0002174796195278,0.0002139433848224,0.000222344432376,0.0002297802633131,0.0002364427210094,0.0002240405193844,0.0002305568665645,0.0002461280097335,0.0002664021278962,0.000268421288365,0.0002809700861049,0.000288140468679,0.0002914414543463,0.0003000644306542,0.0003093803702849,0.000330862884022,0.0003523831499231,0.0003761743522897,0.0003842997390345,0.0003950117814727,0.0004351920915423,0.0004478394550546,0.0004735558608103,0.0004775301240821,0.000497387495425,0.0005185086532976,0.0005086903988038,0.0005429195234448,0.0005677382714851,0.000594135747877,0.0005990617276478,0.0006131510689789,0.0006203698786208,0.0006504792742919,0.0006747950924066,0.0006755673086139,0.0006926385646396,0.00070719615501,0.0007302819795872,0.0007699176710315,0.0007841392983348,0.0008103940126695,0.0008264632104331,0.0008665699034905,0.0008797271216203,0.0008944909103439,0.0009372974957311,0.0009938716441015,0.0010083434723586,0.0010313225478746,0.0010400075981801,0.0010776024227648,0.0011241500005929,0.001123297629046,0.0011809086191253,0.0011315731547324,0.0012523441813994,0.0012046286080821,0.0011993453669908,0.00129394201809,0.0014239395236121,0.0014272696990472,0.0014501745717406,0.0014337503529064,0.0016198192912348,0.001589434106696,0.0015630121816143,0.0018128012899033,0.0016917269943074,0.0016901611105711,0.0018569995066263,0.0018092505071931,0.0018238229213428,0.0019032896887831,0.0018959832477395,0.0019619553994716,0.0019893571736394,0.0019233597658288,0.0019293788977865,0.0020118205907812,0.0019977829279141,0.0019865628933833,0.0020000081759302,0.0020697623504535,0.0019818582754871,0.0020694119405336,0.0019467138347549,0.0020031516136709,0.0018746485185941,0.0020161053311618,0.0019867278682728,0.0019154208006468,0.0019856517750921,0.001863983255304,0.0019967881924604,0.0018313388143662,0.0019399598786342,0.0018925542659425,0.0019018730929602,0.0019153549645576,0.0018048966134023,0.001920178793687,0.0018580534351846,0.0018565972864087,0.0018012969584654,0.0017213685865045,0.001715463370043,0.001758662696067,0.0016681444599109,0.0017475135897054,0.0016977232023987,0.0020134634811403,0.0020085034920236,0.0017191478648325,0.0017521487137523,0.0016964550208701,0.0020056113424413,0.0021056891540254,0.0024018064280258,0.0026578177967609,0.0029670834589003,0.0032678237506309,0.0036100209887113,0.004074725252237,0.0043088456841974,0.0046088152171562,0.0049835910353981,0.0052355917097042,0.0054885640744282,0.0057940203279049,0.0059549272924886,0.0063484610691583
spectrum 46,0.0001684182948375,0.0001322354121015,0.0001377296799777,0.000132306623779,0.000122788459855,0.0001058742429197,0.0001046010814146,0.0001029204349761,0.0001072137297048,0.0001120920009679,0.0001195859983076,0.0001386963196753,0.0001565727156239,0.0001361293665919,0.0001223964206593,0.0001287160758353,0.0001243638311201,0.0001328469862273,0.0001392924279157,0.0001419984209773,0.0001462618638493,0.0001497163813575,0.0001312291100435,0.000144372602985,0.0001531516558773,0.0001693386277375,0.0001679813054337,0.0001779590656697,0.0001836667056555,0.0001771188275593,0.000169141312382,0.0001859259347539,0.0002124480210574,0.0002043736580089,0.0002133324038331,0.0002248183609844,0.0002458925814406,0.0002473365914992,0.0002631130962882,0.0002739564434963,0.0002855625995428,0.0002651154939617,0.0003103971400359,0.0003490159588791,0.0003403735301656,0.0003335283022907,0.0003295909463925,0.0003933014069191,0.0003573237500172,0.0003646342990505,0.0004116389885385,0.0004028763623906,0.0004316834997871,0.0004602891100256,0.0004611503019885,0.0004656780077766,0.0004161604945004,0.0004925100832042,0.0004578252226489,0.000492365374984,0.0005086514560693,0.0005588400072407,0.000586522734045,0.0005406137510108,0.0005518177298001,0.0006740978146978,0.000638472211162,0.0006827153767679,0.000658820602126,0.0006674942707479,0.0007762364814232,0.0008018455493551,0.0007855445431607,0.0008427998539394,0.0008120048051483,0.0008525982572069,0.0008627593006038,0.0008611299553202,0.0009389443250374,0.000992331376345,0.0009997784326892,0.0010026646564563,0.0010196589541255,0.0011199344649959,0.0011693131437676,0.0011062018203915,0.0012837288619929,0.0011384925015848,0.0013508719864131,0.0013276797766026,0.0012553783800559,0.0013009872335965,0.001300314092553,0.0014120319550962,0.001402952634881,0.001534471791123,0.0015115528443889,0.0013990259536538,0.0015673173416072,0.0014489823619095,0.0010068818521123,0.0006759034068124,0.0006413564270979,0.0005542611850306,0.0005245554701769,0.0005920386023205,0.0005676338999491,0.0005891017298889,0.0006058737883607,0.0007205387317005,0.0007778681073065,0.0008497997882536,0.0008954808117239,0.0010100030583786,0.0010281366731526,0.000991140692354,0.0011601733606811,0.0010311107032184,0.0010736664665748,0.0009381664871579,0.0010464236199254,0.0010381078685843,0.0010743892077254,0.0010143893889582,0.0010691234934492,0.0010208064396759,0.0011084264776132,0.0011468404460172,0.0011833604674954,0.0011171793583335,0.0012725108692648,0.0011933645754102,0.001132591922286,0.0012378566820705,0.001238945036875,0.0013321827342734,0.00127116288347,0.0014160136690239,0.0013384673869836,0.0014595122600901,0.0014899352830691,0.0012853828804515,0.0016219807703755,0.0014147662451771,0.0014037507099903,0.0014199533787116,0.0013016659120145,0.0013709524626636,0.0012367965842778,0.0014973351708621,0.0012306616801143,0.0014790759131202,0.0014438003098636,0.0014942489378963,0.0014478891076224,0.001186776948662,0.001557403741162,0.0013301422149048,0.0013838692088311,0.0012481476786683,0.001461085178876,0.0013688959693723,0.0014497443798691,0.0013631224864889,0.0015342188533459,0.0013740603779813,0.0014081013118014,0.0013125929762844,0.0015641627772721,0.0015617725370089,0.0014830883177859,0.0017499073858765,0.0019559249477956,0.001792464025986,0.0018559930058494,0.0020339366943304,0.0007935006343127,0.0008374764673254,0.0014020946109361,0.0022542436697536,0.0019900555094236,0.0016531739223139,0.0020306935169568,0.0018385902127675,0.0022948332031278,0.0028388870306475,0.0035348803598372,0.0039528108823714,0.0042261809219008,0.0044875299757741,0.0043071661546986,0.0040455802903176,0.0043813491812837,0.0047946533404823,0.0040071360004426
spectrum 47,1.48577390765271e-05,1.56049586532882e-05,1.98026815653248e-05,1.94736747806258e-05,2.13484860919219e-05,2.32754428203834e-05,2.47607640597697e-05,2.63819040978677e-05,2.84629919472086e-05,2.99570455471639e-05,3.22338465212358e-05,3.73994944378289e-05,3.95890560349423e-05,4.32530168387042e-05,4.54718501746426e-05,4.8161978470111e-05,5.01526720390631e-05,5.39511435430128e-05,5.69052017066389e-05,6.00796817222527e-05,6.44690915364639e-05,6.79555695190845e-05,7.28947338771022e-05,7.93859635156322e-05,8.1736006058631e-05,8.57342185312929e-05,9.11012321910492e-05,9.73285061203875e-05,0.0001027782423035,0.000110837873976,0.0001202497265451,0.0001292913497811,0.0001342511377024,0.0001423543962858,0.0001518074902974,0.0001578515968977,0.0001675146054507,0.000174994342348,0.0001844704499049,0.0001924413566496,0.0001920596632239,0.0001950854768256,0.0001919457264467,0.0001774007659488,0.0001804719351608,0.0001660386245819,0.0001524562699914,0.000147701653214,0.0001394379382514,0.0001360327469896,0.0001513939356728,0.0001364276669286,0.0001646349240154,0.0001761072792576,0.0002148853443413,0.000225164607425,0.0002671915203852,0.0001061268722729,6.78848294469729e-05,0.0001173147132062,0.0001690748022731,0.0002491315298958,0.0002793983937318,0.0002312031936385,0.0002092869597652,0.0002518680202601,0.0002718204065679,0.0002724663814151,0.0002037344428143,0.000224776386538,0.0002919138973008,0.000355914225994,0.0003574077944432,0.0003871194650956,0.0003832396832651,0.0003787158625621,0.0004106580283872,0.0004351778895826,0.0004823751399499,0.0005307532014262,0.0005768031824372,0.0005766476173851,0.0005566648301737,0.0006233449411248,0.0006302845359352,0.00064849906149,0.0006280049848844,0.0006491409509502,0.0006762284070112,0.0006657417406775,0.0006856969160312,0.0006920894886459,0.0007073766272751,0.0007149156040106,0.0007236068668816,0.0007205713034795,0.0007455470423214,0.0007459606726917,0.0007359915695645,0.0007473338075335,0.000752798300812,0.0007571704144786,0.0007836568248101,0.0007735048569936,0.0007832637024596,0.0007769983208749,0.0007836562494289,0.0007850840239329,0.0007877496039972,0.0007919410605585,0.0008051723290633,0.0007974492319641,0.0008041315731794,0.0007977684004198,0.0008166899846767,0.0008169809955459,0.0008153178012725,0.0008134447447581,0.0008025228083605,0.0008153559818087,0.0008120990120944,0.0008185305804592,0.0008177835115856,0.0008858055922708,0.00086234192343,0.0008639385739855,0.000879377778978,0.0008959950907104,0.0009086654692874,0.0008856114719253,0.0009613767751866,0.0009283646121169,0.0009162979885541,0.0009366660443046,0.0009410344638954,0.000932858934393,0.0009368169874393,0.0009414584969131,0.0009770356086551,0.0009429154594508,0.000923442227478,0.0009310251815394,0.000967922165172,0.000939377093401,0.0009545472859916,0.000929007957131,0.0009470115817132,0.0009430040944574,0.0009395581563876,0.0009279070218623,0.0009262343765129,0.0009108941502587,0.0009386659590768,0.0009365081828111,0.0009328229278901,0.0009290043116768,0.0009019677666897,0.0009587979525891,0.0009110561092801,0.0009273258509694,0.0009373256162909,0.0009394065600689,0.0009408813959314,0.0009255396783242,0.0009396895458213,0.0009433510603196,0.0009436732760568,0.0009146987845583,0.0009362975012372,0.0009608083104322,0.00093954238762,0.0009556387041517,0.0009913984175059,0.0010425420081763,0.0011057782083686,0.0011562203804557,0.0011555637988733,0.0011826011451731,0.0012092665004739,0.0013463327762572,0.0013981607657481,0.0015302851382875,0.0015794155187621,0.0016342552951268,0.0016933229312739,0.0017472947827373,0.0018583960113124,0.0018946036643849,0.0019508819004644,0.0020423400225386,0.0020997300445697,0.0021623837266792,0.0022245701838913,0.0022737505927627,0.0023709720063663
spectrum 48,2.6648805214817e-05,3.0143252026874e-05,4.21196890017642e-05,4.21300073617406e-05,5.05694558617417e-05,5.81403157093638e-05,5.65614028029886e-05,6.0545954861292e-05,5.53229614424993e-05,5.64908421661451e-05,5.81378974144966e-05,6.66066055704592e-05,7.47940135605397e-05,8.559015241373e-05,9.92993040930193e-05,0.0001118260348196,0.0001293021190117,0.0001510120611375,0.0001802601071052,0.000215617165992,0.0002460092312926,0.000282991633181,0.0003152102269621,0.0003485178848084,0.0003488373776998,0.0003377713079599,0.0003514836755495,0.0003393814590097,0.0003256497917259,0.0003136076983166,0.0003024897479267,0.0002852233474653,0.00025558888142,0.0002337336891708,0.0002210363042632,0.0002048766967786,0.0001871340149854,0.0001695298231806,0.0001480277421259,0.0001314033284935,0.0001144584824684,0.0001055158790203,0.0001021598689959,8.78848650686923e-05,8.74012279423126e-05,8.0042123268951e-05,7.31946189003173e-05,7.18635225305604e-05,7.00703342363471e-05,6.90885938017155e-05,7.17124581848938e-05,6.9853344373796e-05,7.66767691917957e-05,7.74844684069314e-05,8.66821328582599e-05,9.4364501017742e-05,9.87206799021872e-05,7.04202362466127e-05,5.41330117852742e-05,6.95363524182976e-05,8.31753947640007e-05,9.65087067674391e-05,0.0001018839654028,0.000100676923175,9.94134931280635e-05,0.0001036529356093,0.0001067880305182,0.0001103689462943,0.0001038517196062,0.0001083535232184,0.0001178862286433,0.0001284977707603,0.000129844871164,0.0001369837589912,0.0001404347094257,0.0001418241274953,0.000146294843831,0.0001485444628325,0.0001606717038205,0.0001722218016865,0.0001853421988643,0.0001895670498884,0.0001936271629156,0.0002150738043747,0.000219975980315,0.0002321001182508,0.0002330877951161,0.0002451214854848,0.0002546380720959,0.0002495324504507,0.0002692259100593,0.0002841292513515,0.0002973448655738,0.000294577200063,0.0003030213755273,0.0003070294269408,0.0003244082990543,0.0003379385406635,0.0003396999129094,0.000349204182989,0.0003573124482389,0.0003726691398602,0.000393864282036,0.0004041691168228,0.000419241821149,0.0004274762084312,0.0004536157247647,0.0004592214203375,0.0004669138657795,0.0004955075431767,0.0005315994040801,0.000541870266148,0.0005547119064662,0.000557875385423,0.0005808918152799,0.000613503848118,0.0006107050123388,0.0006580097644723,0.000608768123661,0.0007088105314316,0.0006653063406807,0.0006489449051962,0.000736437501628,0.0008101218581233,0.0008232234063402,0.0008416075351732,0.0008025779887739,0.000976067879401,0.0009244312940605,0.0009002427797612,0.0011132209459457,0.0010063451315435,0.0009958281292905,0.0011614595332437,0.0011011867965418,0.0010911029714328,0.0012001228820579,0.0011841035485896,0.0011949661794771,0.0012806763366141,0.0012364914951282,0.0012051650586321,0.0012875316649642,0.0012999730922562,0.0012573890454201,0.0013073342953998,0.0013723409171794,0.0012679110732106,0.0013752793795506,0.001264258013545,0.0013167129457389,0.0011931784338155,0.0013332479930318,0.0012973664254586,0.0012199844212709,0.0013025186044015,0.0011896313113649,0.0012795943357651,0.0011522889573904,0.0012548276597889,0.001190397810152,0.0011974209843569,0.0012157157624035,0.0011127961045409,0.0012182133460337,0.0011546479943438,0.0011519563904063,0.0011203882682725,0.0010472001553287,0.0010498101560786,0.0010888956718582,0.0010445319535053,0.0011243258745404,0.0010857820979393,0.0013109785356151,0.0013563148029744,0.0011789563819818,0.0012121895052908,0.0011758417626823,0.0014283586780575,0.0014990663715641,0.0017345441604787,0.0019255122158686,0.0021509189066596,0.0023831531223118,0.0026350064866946,0.0030166378637569,0.0032229782474826,0.003455322137143,0.0036176595144178,0.0037083440025669,0.0040460034666873,0.0042777724584091,0.0044871308995006,0.0046937521939506
spectrum 49,0.0001024842087571,0.0001031954823201,0.0001306530363435,0.0001251579316743,0.0001380333110082,0.0001449471612205,0.0001505552106111,0.0001575986299522,0.0001688316899779,0.0001713628083805,0.0001725880687384,0.0002055575391408,0.0002108325500692,0.0002192264254975,0.0002089046088504,0.0002142345698316,0.0002048614236772,0.0002041347060025,0.0002119117340447,0.0001998816167838,0.0001816852834294,0.0001802401184935,0.0001660444009649,0.0001746917049662,0.0001801918540592,0.0001635818289548,0.0001701025828257,0.0001942135236789,0.0002054479538911,0.0002161639787576,0.0002146783919795,0.0002198839330228,0.0002183843142558,0.0002059552420738,0.0002265804163346,0.0002332574632171,0.0001618313840228,0.0001546380466723,0.0002290536173267,0.0002438894864538,0.0002574009363551,0.000254460370334,0.0002812145768292,0.0002665074174664,0.0003070131391581,0.0003252655769129,0.0003099881007855,0.0003521837226007,0.0003744762127497,0.0003947811420982,0.0003813046047174,0.0004059622141117,0.0004133798408222,0.0004490438549727,0.0004997576509742,0.0005577701208477,0.0005668291242306,0.0005985888209103,0.0006085185957494,0.0006873564522102,0.0007117479129243,0.0007212471210998,0.000735256100313,0.0007825237157407,0.000833101784002,0.0008329046637949,0.000902199800883,0.0008745923703503,0.0009298095860737,0.0009440325863887,0.0009971369598255,0.0009939492552439,0.0010126530805572,0.0009869435392671,0.0010116557267116,0.0009802338532513,0.0009882480289368,0.000994032014922,0.0009857745757763,0.0010195346740323,0.0009922432680614,0.0010062143067977,0.0009837955041919,0.0009918807844874,0.0010062269802091,0.0009919444622288,0.0009291938992608,0.0009790090047793,0.0009987098475888,0.0009855927091345,0.0010336289770091,0.0009358492824823,0.0010731580003388,0.0010831851769595,0.0010514590877257,0.0010491742855463,0.0011213494302717,0.0010513407249526,0.0011133805803125,0.0011343069030953,0.0010700844267522,0.0010808121223331,0.0011508890044857,0.0011102680999968,0.0011039292324324,0.0011285571958467,0.0010718892443266,0.0011346274072258,0.0011456516099993,0.0011817653738616,0.0012144149862349,0.0012400100360112,0.0011817000305257,0.0012627198851404,0.0012931113580678,0.0012674596121605,0.001245506890818,0.0012395727841641,0.0012804131782093,0.0012923180907388,0.0012954540565275,0.0013445904144213,0.0013688951108068,0.0015309150854248,0.001460934722787,0.001435183431708,0.0015153852729088,0.0015788115302788,0.0016129324781705,0.0015860838146859,0.0017398964469218,0.0016641513471672,0.001641450432317,0.0017068652252974,0.0017134981569492,0.0017062392069718,0.0017328913475955,0.001726801728526,0.0018164962961486,0.0017632598457521,0.0017296145447926,0.00175462380899,0.0018235440864792,0.0017815261011202,0.0018174079368256,0.001772264288481,0.0017986154238983,0.0018064319881246,0.0017861564563907,0.0017877090004071,0.0017923312430579,0.0017497316973101,0.0018296932202455,0.0018032257957413,0.0018081914525289,0.0017742287991129,0.0017442885084633,0.001841822147272,0.0017260928474639,0.0017354303377623,0.0017767497698569,0.0017958450785722,0.0017878902528679,0.0017077021920369,0.0017666627720538,0.0017555094080747,0.0017302159544866,0.0016566591280701,0.0015443095825929,0.001439321169785,0.0013602504977393,0.0014603017060814,0.0012754818907103,0.0016111462010198,0.0016729643173778,0.0017157916592343,0.0019039756212019,0.0021263188214284,0.0022924316613277,0.0023330716150085,0.0021953432275255,0.0023130136650791,0.0024985371065044,0.0026302131623315,0.0028358504774533,0.0027759161225907,0.003196230708918,0.0030876299914576,0.0028920028205012,0.0025368362501513,0.0025203896694133,0.0028122222839403,0.0030076680549063,0.0035149343182288,0.0034146107958584
spectrum 50,7.26362154490564e-05,7.06965617641495e-05,8.93677846993408e-05,8.72454586915439e-05,9.74934652651128e-05,9.19641637358854e-05,9.77227221398647e-05,0.0001006287879547,0.0001147953310615,0.0001151270836923,0.0001136919778825,0.0001507074145595,0.0001594877042812,0.0001493664616188,0.0001235122695667,0.0001262883286639,0.0001171783856387,0.0001176171608136,0.0001285042174535,0.0001118665522341,9.73286874880485e-05,9.71175108525778e-05,8.13504148624827e-05,8.80546009796532e-05,9.44003269855516e-05,8.83202316684936e-05,9.19059696742825e-05,0.0001056039032179,0.0001129924804242,0.000116572273018,0.0001152733567225,0.00011830763322,0.0001208187225153,0.0001139555819389,0.000122676035409,0.0001280790356408,9.16397408954346e-05,8.74827277144072e-05,0.0001283385596027,0.0001373361965558,0.0001466886305506,0.0001445697388635,0.0001612930495389,0.0001540748308154,0.0001790106430683,0.0001893714310838,0.0001791953832583,0.0002073489386002,0.0002182468339896,0.0002307447890852,0.0002228390770123,0.0002365525396526,0.0002460913966706,0.0002706737240941,0.0003025776866074,0.0003405045478092,0.0003409907052881,0.0003826534988164,0.0003862677814814,0.0004442442836754,0.0004716934196931,0.0004775946395949,0.0004952557880564,0.0005237149083871,0.0005808994832189,0.0005766755060349,0.0006466220990263,0.0006117532542488,0.0006845117083281,0.0006825598067245,0.000749532863143,0.0007314237292595,0.0007632902861792,0.0007260253686418,0.0007538214257278,0.0007135026639351,0.0007176533913028,0.0007218985292675,0.0007012160260765,0.0007455626122972,0.0007025384516603,0.0007178158996782,0.000700423114266,0.0007008831223656,0.0007166851396916,0.0007014132501183,0.0006493774631935,0.0007031910670493,0.0007065015608023,0.0006851685414711,0.0007280502384997,0.0006430165362296,0.0007701260154872,0.0007717982525492,0.0007319036031687,0.0007385632919087,0.0008020347904971,0.0007282173035921,0.0008098163113207,0.0008119666836437,0.0007507822315805,0.0007630500711765,0.0008253393673836,0.0007849094831599,0.0007835419910414,0.0008071005352903,0.0007486371757678,0.0008066409735548,0.0008168186645607,0.0008690817515645,0.0008866142032484,0.0009198521679424,0.0008555456069686,0.0009292029406911,0.0009643936472065,0.0009121745688815,0.0009241029530126,0.00089324077777,0.0009431635389364,0.0009381336839358,0.000965627664936,0.001004634607276,0.0010646158224766,0.0011714179979723,0.0011296658510613,0.0010920254549583,0.0011763572917226,0.001241868902286,0.0012944414917124,0.0012649648833546,0.001438994437432,0.0013452152348217,0.0012981509944909,0.0014076949562398,0.001379959389963,0.0014021094334367,0.0014466668898645,0.0014246713553903,0.0015136171516924,0.0015005377130763,0.0014854485524469,0.0014606845983421,0.0015796568544394,0.0015325183124561,0.0015675156957174,0.0015300164550088,0.0014756491260672,0.0015217247441371,0.0014310702101274,0.0015587747793122,0.0015111899195763,0.0015243797905922,0.0016158369000374,0.0015598846444229,0.001565715901016,0.0013900513780623,0.001534783610799,0.0015031830169168,0.0014436059547559,0.0013217521821315,0.0014940476709523,0.0014858726015115,0.0014832500520217,0.0013609212483513,0.0014565497338315,0.0013953293079077,0.0013829184757612,0.0013037915048248,0.0011996299712629,0.0010826920968887,0.0009989143132398,0.0011070850158387,0.0009877718895992,0.001231524466619,0.0012968587250708,0.001360355258119,0.0015112056973179,0.0017469609397365,0.0019067763011472,0.0019736135147539,0.0018359208159239,0.0019463070855649,0.0021212397530393,0.0022539534063019,0.0024721976686261,0.0023817686331866,0.0028370563705128,0.0026782366715371,0.0024720488737718,0.0021957476652244,0.0021955989531665,0.0024241611739978,0.0025911813353137,0.0030676343070467,0.002951516731983
spectrum 51,0.0001217956246245,8.10207842729575e-05,8.36812958300046e-05,7.90947383774522e-05,6.71090366854594e-05,5.44220225818608e-05,5.57582016919105e-05,5.39443301413314e-05,5.97556214510237e-05,6.19729674872611e-05,6.40425714587205e-05,8.1218375990402e-05,0.0001003677454576,7.69776043550784e-05,6.68415698883523e-05,6.93479356249439e-05,7.07727213343037e-05,7.62386491049503e-05,8.16625394174258e-05,8.13373006995382e-05,8.29184969352704e-05,8.77746628716934e-05,7.55353148710689e-05,8.36255695867387e-05,8.98627466224106e-05,9.93057848849958e-05,0.0001008666330862,0.0001094160103593,0.0001149020389976,0.0001079743419198,0.0001091720085107,0.0001159204150163,0.0001412812465496,0.000133099136428,0.0001400118392351,0.0001471475222361,0.0001632295220794,0.0001678183123168,0.0001826400536486,0.0001892419311312,0.0001989449739243,0.0001841958950888,0.0002222266371072,0.0002733500205096,0.000256681490927,0.0002423416444953,0.0002332341663203,0.0003050231583705,0.0002620670047981,0.0002601646190057,0.000295753255116,0.0003062746945359,0.0003346036307109,0.0003710920566848,0.0003523260326689,0.0003594775188247,0.0002908117594869,0.0003817102211454,0.0003309817549641,0.000364556065406,0.0003825336434859,0.0004329912917909,0.0004616935671834,0.0004149369708246,0.0004234894142888,0.0005629083700391,0.000507133459384,0.0005521739945973,0.0005372806926017,0.0005369271077087,0.0006737953134249,0.0007150819950267,0.0006816221426043,0.000734589133084,0.0007180812826929,0.0007414263008999,0.0007622639018003,0.0007639375494525,0.0008485846074446,0.0009396569812176,0.0009184374062525,0.0009300208774377,0.0009535521702824,0.001032160969175,0.0011311457275062,0.0010153790082506,0.0012097059385763,0.0010529788948289,0.0013183318683266,0.0012381968265001,0.001156884650392,0.0011988688095956,0.0012292319860506,0.0013060215018166,0.0012973139265566,0.001453896088821,0.0014455849824758,0.0013304844693582,0.0014871771917454,0.0013549702986578,0.0014771860490966,0.0011305902409909,0.0013137556069165,0.0011804247708416,0.0012445068152056,0.0011625584352896,0.0011587607263771,0.0010954554894005,0.0010020922324261,0.0012759427678501,0.0011136786710569,0.0011138742913687,0.0009979963529071,0.0010639031030389,0.0009910069675563,0.0008870130467639,0.0010964537359856,0.0008830726663815,0.0009531045568766,0.0007793887165182,0.0009174171256309,0.0008694843407138,0.0009409773125582,0.0008551120341895,0.0009337236578791,0.0008994224606341,0.0009660646688864,0.0009703502647841,0.0010230699819501,0.0009275563808664,0.0011053032042099,0.0010157027579298,0.0009435437434853,0.0010470689900142,0.0010374507236376,0.0011072706547107,0.0010536470579248,0.0011639561096449,0.001079973794796,0.001234377160489,0.0012618873260265,0.0009924564032981,0.0013580046113233,0.0011709661584364,0.0011243317820742,0.0011467992617119,0.0009942373785074,0.0010845374521809,0.0009177819511785,0.0012241558949827,0.0009315839427115,0.0011888548697454,0.0011498210245304,0.0012228278258733,0.001142740903244,0.0008737967293094,0.0012810056367089,0.0009962523135381,0.0010961275661942,0.0009045913886152,0.0011508372038269,0.0010542392079678,0.001124511242998,0.0010458911158925,0.0012213465712636,0.0010658693252014,0.0010806410554152,0.0009825067989458,0.0012496968299153,0.0011900936007802,0.0010851682902447,0.0013407973754719,0.0015481154862408,0.0013593641258672,0.0014483662556858,0.0015903104569502,0.0014533410927342,0.0015634688874884,0.0018133246384422,0.0023013794673207,0.0021445451031103,0.0022771518336173,0.0026992677647553,0.0025987491689054,0.0029746360511382,0.0032186735692087,0.0036643309988144,0.0037195826593851,0.0038020280786556,0.0040861036591582,0.0038694256844354,0.0034633031545688,0.0038419236840845,0.0044698764724286,0.0033905247919605
spectrum 52,2.00148423434343e-05,2.25736639853608e-05,3.13290055398642e-05,3.13599515040382e-05,3.70664909674858e-05,4.20398084723303e-05,4.09453616289162e-05,4.343860172466e-05,4.01738240752661e-05,4.11198043724475e-05,4.23690246315622e-05,4.84272639868561e-05,5.41156851272009e-05,6.12454750785731e-05,6.93680016120939e-05,7.64156864887872e-05,8.58232425657916e-05,9.66207343670898e-05,0.0001100241274174,0.0001240834073212,0.0001348803495026,0.0001450732276119,0.0001518202941049,0.0001651936869106,0.0001660246000106,0.0001672362040857,0.0001736861952352,0.0001736498437886,0.0001727182306107,0.0001730717703889,0.0001739348851865,0.0001718663765682,0.0001613294325206,0.0001539229426359,0.0001497355555726,0.0001426378680608,0.000135801627131,0.0001264959181115,0.0001138085732664,0.0001039915509033,9.23128188458405e-05,8.61332709069743e-05,8.38851585133085e-05,7.25380086899803e-05,7.24344974153914e-05,6.63423258261881e-05,6.0559885331811e-05,5.9447605755603e-05,5.77825094347362e-05,5.70590553340258e-05,5.91598040532719e-05,5.76354395957291e-05,6.32819517328663e-05,6.386975888947e-05,7.16462574264055e-05,7.8206861513803e-05,8.1559985817862e-05,5.80591495252017e-05,4.44892485277528e-05,5.74199250944446e-05,6.93082034778981e-05,8.05388296046188e-05,8.46572894829584e-05,8.38103888061309e-05,8.29518601491904e-05,8.63103711751683e-05,8.88375018076435e-05,9.19918216586926e-05,8.66384596713469e-05,9.05922706996043e-05,9.8768560678527e-05,0.0001077417650681,0.0001090070576,0.0001151911567679,0.000118095523849,0.000119281690832,0.0001229404699579,0.0001243098498527,0.0001347048703584,0.0001444132268918,0.0001554964638421,0.0001590022761955,0.000162150316027,0.0001797022121824,0.0001832809355729,0.0001932419349155,0.0001937877589254,0.0002039514464984,0.0002113262774944,0.0002071925007971,0.0002232490958862,0.0002354370913988,0.0002461228119917,0.000242867028289,0.0002496385184905,0.0002531180296913,0.000267377219816,0.000278068566156,0.0002798462897499,0.0002873010962578,0.0002939851149002,0.0003062057443881,0.0003233574953129,0.0003306081555381,0.0003424831681868,0.0003489886018124,0.0003677428177125,0.0003737830154448,0.0003801076255768,0.0003995770855041,0.0004256127531337,0.0004322278622755,0.000442996771127,0.0004472993961032,0.0004624723873486,0.0004857768375705,0.0004819940503807,0.0005092157259396,0.0004854686804998,0.000540263834617,0.0005209088260149,0.0005154444302075,0.0005607000472642,0.0006159910424371,0.0006216022772765,0.0006318057909574,0.0006230210099318,0.0007055982546138,0.0006902794212945,0.0006827855232624,0.0007903699698646,0.0007355595200235,0.0007313457869285,0.0007987227256833,0.0007879816075387,0.0007755498910508,0.0008049626700369,0.0008071723275424,0.0008254082024891,0.000857473090994,0.0008232859767968,0.0008116406573564,0.0008499296860902,0.0008697402224175,0.0008681638071148,0.0008680717238452,0.0009098030733828,0.0009056411803565,0.0009347965930427,0.0008991296955294,0.0008846333747712,0.0008876137777227,0.0009153560871199,0.0009191405515363,0.0008923423422106,0.0009047943107726,0.0008952718746788,0.000905304416481,0.0008849020844688,0.0009263346661402,0.0008984163294548,0.000918023423703,0.0009233025387237,0.0008752249822833,0.0009346831612362,0.0009133020853784,0.0009134462502332,0.0008962556766064,0.0008911868448356,0.0009117150312898,0.000948416027715,0.0009254876827497,0.0010045543261955,0.0009752314333073,0.001179491652146,0.0012319968426486,0.001081527975931,0.0011160040777972,0.0010808524706549,0.0013226588629908,0.001389391384106,0.0016140836568113,0.001789414342286,0.0019945835302337,0.0021929884919438,0.0024230649100978,0.0027221397383275,0.0028677931651635,0.0030404611467383,0.0032456613752102,0.0033488999501787,0.0034596407587856,0.0035438359374272,0.0035892333948781,0.0037168149249609
spectrum 53,6.03422802625989e-05,6.32050072420614e-05,7.94111985342169e-05,7.63195487598069e-05,8.26366198479487e-05,8.83281342583734e-05,9.15704690777612e-05,9.53479096579482e-05,0.0001004418900081,0.0001027803850537,0.0001088306597404,0.0001239464241424,0.0001293421355735,0.0001391293804865,0.0001445417017966,0.0001509742649346,0.0001554984410577,0.0001654120294307,0.0001728654539972,0.0001809532233649,0.000192510692211,0.0002012822103732,0.0002138407907832,0.0002303628489988,0.0002343947660702,0.0002422452056104,0.0002533382260777,0.0002664401873705,0.0002770940096945,0.0002938272915871,0.0003135587858642,0.0003316283114043,0.0003388628474488,0.0003533166813117,0.0003710265747912,0.0003797373618422,0.0003905051409832,0.0004001637565623,0.0004051831834244,0.0003921317156423,0.0003605707757697,0.0003316223903687,0.0003164918185001,0.0002761107976993,0.0002611101933413,0.000225279210239,0.0002002044199032,0.0001940615955007,0.0001891173988831,0.0001839488365698,0.0001956471736365,0.0001850977235219,0.0002100640730089,0.0002188150193806,0.0002543948510715,0.0002772479181006,0.0003183101849278,0.0001758452184237,0.0001350486685961,0.000169132380617,0.0002033830091109,0.0002654857734061,0.0002983609499738,0.0002715144200824,0.0002559814461582,0.0002802319277918,0.0002969933667325,0.0003003868552847,0.0002607968870291,0.0002712298441077,0.0003117033605133,0.0003533293995868,0.0003606111269149,0.0003915683130068,0.000392912720636,0.0003933916440359,0.0004168571819322,0.0004457912992305,0.000503374846517,0.000565854529593,0.0006323710743047,0.0006495551538609,0.0006514964594494,0.0007574182077239,0.0007857377336928,0.0008230846151344,0.0008071126274405,0.0008469116928108,0.0008998019515237,0.0008790303206188,0.0009291945055225,0.0009546519048638,0.000987418465507,0.0010028125315364,0.0010285508468826,0.0010207460154165,0.0010698143396414,0.0010865177591565,0.0010670665540333,0.0010940377630393,0.0011055739587709,0.0011224126867505,0.0011738827851301,0.0011691550007729,0.0011895862605922,0.0011871754585655,0.0012036232074396,0.0012053040119261,0.0012060617417711,0.0012291211546167,0.0012595964488236,0.0012520675070427,0.0012570808163864,0.0012432659843861,0.0012852058121581,0.0012861482306026,0.0012856653441533,0.0012935707284668,0.001252912039847,0.0013016693629408,0.0012827942766593,0.0012833096219639,0.0013066322788495,0.001417268807129,0.001380593817527,0.0013853484869724,0.0013957282424395,0.0014431589002341,0.0014517560593866,0.0014128540160938,0.0015496333772855,0.0014916676062511,0.0014695892216146,0.0015102532669506,0.0015142732114898,0.0014982870252721,0.001511321557879,0.0015194601751485,0.0015718206780305,0.0015241173561343,0.001492434682037,0.0015037994064056,0.0015667334175872,0.0015200907847248,0.0015441997758773,0.0015059411726812,0.0015360860112523,0.0015273384336304,0.0015251595806663,0.0015046699206011,0.0015037905073268,0.0014768574673575,0.001524758053093,0.0015211048990856,0.0015140844514424,0.0015101823020412,0.0014643026911659,0.001558286034566,0.0014764503151877,0.0015073637378054,0.001522503555641,0.0015250161307982,0.0015291813092666,0.0014968802410631,0.0015281187414272,0.0015311915441378,0.0015289161519908,0.0014861000577459,0.0015119055046506,0.0015596732258215,0.0015510658071993,0.0015656108306078,0.0016256796239498,0.0016730637741798,0.0018092420668393,0.0018644070946561,0.0017339867472681,0.0017612085206397,0.0017236623609358,0.0020124682609154,0.0020833061716552,0.0023123791386056,0.0024291050738829,0.0025342700869501,0.0026354262539071,0.0026995514037475,0.0028657919994813,0.0029030859288792,0.0029676109456851,0.0030686873707682,0.0031162086093521,0.0032223032457441,0.0033030100579727,0.0033682310376219,0.0034942500066095
spectrum 54,4.44150735809489e-05,5.09196281277755e-05,7.19163688150813e-05,7.10210539178554e-05,8.59772646443339e-05,9.58833670075735e-05,9.49640026880217e-05,0.0001003860667685,9.73761711417539e-05,9.60574781724987e-05,0.0001030465136234,0.0001207653074079,0.0001358296296406,0.000150674050849,0.0001672495369754,0.0001809953004939,0.000198625922348,0.0002152101348153,0.0002357102589961,0.0002450094219838,0.0002492054971942,0.0002565131442962,0.0002426998201438,0.0002617347421295,0.000275686512197,0.000265396959907,0.0002779428836274,0.0003039393289303,0.0003220987172256,0.0003287295934892,0.0003361817088858,0.0003408436071372,0.0003379186719395,0.0003181372831889,0.0003311754027583,0.0003221193901088,0.0002356913525492,0.0002278643846879,0.0002388766189528,0.0002035074062493,0.0001717140614558,0.0001510431904361,0.0001457981007957,0.0001234319133602,0.0001209649152619,0.0001092684640513,0.0001000240725617,9.83310716676418e-05,9.63497559148671e-05,9.46344277148362e-05,9.86296630073024e-05,9.5848862093026e-05,0.0001053901948398,0.0001070398833084,0.000119840084099,0.0001298992642388,0.0001380481213548,9.58811048469556e-05,7.51125969512799e-05,9.48559594697554e-05,0.0001116328858841,0.0001310460724134,0.0001399513399505,0.0001367669468348,0.0001340229258316,0.0001409594067047,0.0001457790460867,0.0001497604285855,0.0001397298386053,0.0001454471040316,0.0001588817530009,0.0001735948904809,0.0001752961629236,0.0001851556363656,0.0001893879971603,0.0001908743406054,0.0001979375382529,0.0002028627400324,0.0002201939381197,0.0002378450908536,0.0002578839227701,0.0002645774200543,0.000271063450454,0.0003073187324207,0.0003171794958822,0.0003344252585841,0.000335335239665,0.000355940276845,0.0003741340744597,0.0003651643524154,0.0004005710547259,0.0004247107070828,0.0004493875157418,0.0004467984377837,0.0004637650666272,0.0004668720260757,0.000498107510016,0.0005239064497949,0.0005220567254657,0.0005441849931067,0.0005554711153699,0.0005836680748684,0.0006235549275213,0.0006498109305853,0.0006766032640325,0.0006948479590692,0.0007399869209779,0.0007430838895331,0.00075301618462,0.0008134163880278,0.0008900212625035,0.0009128344251065,0.0009096112427207,0.0009086434342265,0.0009692231389183,0.0010080834088569,0.0009972504562595,0.0010855959598388,0.0009543332331579,0.0011574456369105,0.0010654123092904,0.0010204738959382,0.0011923828183183,0.0013141307666784,0.0013036246866036,0.00132178423251,0.0012319397148602,0.0014973218653016,0.0013973328594746,0.0013422554600279,0.0016397311360058,0.0015053294991089,0.0014570068390559,0.0016201245374946,0.0015741243763697,0.001516143574839,0.0016195313189312,0.0016263524939269,0.0016156807114,0.0016881837964228,0.0016360089966389,0.0016019587150697,0.0017156107365561,0.0016876124117002,0.0016830018267335,0.0016972316314167,0.0017488615088254,0.0016928704171584,0.0017448231547915,0.0016856581051955,0.0016929254395845,0.0016279325527247,0.0017266330761267,0.0017083814525395,0.0016647917483326,0.0016717569978691,0.0016150266346408,0.001693799506338,0.0015805593471714,0.0016383993105228,0.0016340927332104,0.0016322526861297,0.001649308875885,0.0015088049237097,0.0016521025594213,0.0015909504192399,0.0015719857418364,0.0015437636857922,0.0013735147035728,0.0013144500491314,0.0013305908362024,0.0012722827719555,0.0012950445297981,0.001280950261084,0.0015121117470981,0.0015529871957252,0.0013481433407237,0.0013794168641504,0.0013433139203432,0.0016127431857548,0.0016674638909504,0.0019176040526383,0.0021377284324801,0.0023644513980914,0.0026241816821251,0.0027542949739273,0.0031329527116926,0.0031975506959322,0.0031640470644301,0.0028459578417628,0.0028192966122457,0.0031561174402429,0.0033576489174643,0.0037684811931668,0.0037334816170638
spectrum 55,3.97858309134903e-05,4.51924228464203e-05,6.33253535867246e-05,6.27806754090246e-05,7.60703423888891e-05,8.73374509294249e-05,8.52385658674116e-05,9.11258966939472e-05,8.48618881240249e-05,8.48441298054817e-05,8.90426508665938e-05,0.0001028611287321,0.0001159077610776,0.0001320115047172,0.0001533374424372,0.0001700202876056,0.0001924929588214,0.0002164794618138,0.0002426768384058,0.0002673649531987,0.0002892018619695,0.0003097502482623,0.0003300989415604,0.0003570392036073,0.0003613046898917,0.0003660860601996,0.0003805528150444,0.0003902066243586,0.0003964737531536,0.0004020000778638,0.0004116577007296,0.0004076850900529,0.0003864663031794,0.000364871314246,0.0003515448168904,0.0003277075360302,0.0002915753697041,0.0002593676511798,0.0002184048268931,0.0001844039857437,0.0001551679372809,0.0001401146376532,0.0001347014174729,0.0001155523709826,0.0001141076439799,0.0001043052798716,9.58256141293806e-05,9.41559800555312e-05,9.24525467254486e-05,9.09341471594848e-05,9.45602251987468e-05,9.21901547357085e-05,0.0001010477602613,0.0001023942422833,0.0001140553176111,0.000123526584618,0.0001301467598722,9.31726750542016e-05,7.33755307101558e-05,9.20738774510802e-05,0.0001077438286082,0.0001252610569675,0.0001332197268214,0.0001309801788466,0.0001288549944616,0.0001349121655332,0.0001393258213924,0.0001433797105254,0.0001346531532699,0.000140007230018,0.0001520756811623,0.0001655936397765,0.0001670630730178,0.0001758645768878,0.0001800736239095,0.0001816631820837,0.0001878320528125,0.0001920475408855,0.0002072409890119,0.0002223326592793,0.0002394596323623,0.0002448046142612,0.0002502682719914,0.0002794473145905,0.0002868313811611,0.0003023375371832,0.0003032349187385,0.0003194871221636,0.0003336637226817,0.0003266921657159,0.0003537483681279,0.0003742230083241,0.0003924602347903,0.000390563528017,0.0004031622213816,0.0004072755354038,0.0004315736648522,0.0004513908145445,0.0004517194873351,0.0004672636679947,0.0004783680797414,0.0005006622563287,0.0005310429391882,0.0005514549094455,0.0005745519902038,0.0005867611244593,0.0006312217205442,0.000631067099164,0.0006417926026257,0.0006911078701887,0.0007545359874116,0.0007734518094833,0.0007832482277199,0.0007794485063725,0.0008272535737383,0.0008726195920889,0.0008658377038954,0.0009531444497345,0.0008312346520609,0.0010248493882942,0.000937505329247,0.0008917662449604,0.0010582449556719,0.001163886892268,0.0011687631059314,0.0011950362083587,0.0010952947674236,0.0013809003268928,0.0012693474438423,0.0012161999803259,0.0015312052127763,0.0013875455056677,0.0013470099333853,0.0015473527366687,0.0014767473464652,0.0014340586602392,0.0015681009464745,0.0015610941927959,0.0015475354759698,0.0016326983552071,0.0015897134087725,0.001554945498659,0.0016747577771806,0.0016476228335651,0.001617265342541,0.0016598609657532,0.0017204680286214,0.0016149064961558,0.001716002354489,0.0016115971186082,0.0016635929928627,0.0015382313730662,0.0016828131623287,0.0016483714568395,0.0015823502019173,0.0016502804996993,0.0015251902583373,0.0016490414252392,0.0014842551666884,0.0015993911036105,0.0015454510258758,0.0015395494006936,0.0015634490096581,0.0014193906868634,0.0015633838510137,0.0014859567083095,0.0014722450230448,0.0014455675311795,0.0012963879072727,0.0012730559959022,0.0013175478426648,0.0012330105523089,0.0013124351008356,0.001258399668177,0.0015067706072548,0.0015420271936281,0.0013297417251187,0.0013616251958399,0.0013284539454598,0.0015907322780245,0.0016665456946473,0.0019132770161373,0.0021192864370485,0.002357142354649,0.0026146620099713,0.0028288672445821,0.003170490299065,0.0033090112768165,0.0034213356053411,0.0034865136600363,0.0035058892078408,0.0037369105062088,0.003856971821622,0.0039789362633502,0.0041096374738479
spectrum 56,9.29084332142005e-05,0.0001015363150559,0.0001341053554795,0.0001288097156189,0.0001459155155776,0.0001585840372836,0.0001602866622311,0.0001672420367803,0.0001701340463596,0.0001696227022987,0.0001798573089001,0.0002049593892766,0.0002181198284529,0.0002366799494549,0.0002523276557919,0.0002656614609927,0.0002782104056016,0.0002975680038956,0.0003132361548993,0.0003290375913553,0.0003496235790938,0.0003653712385208,0.0003865212197783,0.0004145580023002,0.0004191120931657,0.0004298102067713,0.0004463936979461,0.0004639093074915,0.0004761115330035,0.0004972764086272,0.0005232118306301,0.0005426274930566,0.0005428258742021,0.0005506038515559,0.0005602858302698,0.0005524163974635,0.0005387528040369,0.0005044661191609,0.0004470619243433,0.0003817828670055,0.0003201985376408,0.0002845972532505,0.0002718299009238,0.0002328287408635,0.0002255265254175,0.0002049107817885,0.0001880092204348,0.0001840363843355,0.000182637418578,0.0001789192740319,0.00018645967637,0.0001813611775719,0.0001989762536422,0.0002027143453353,0.000224655483709,0.0002423890534331,0.0002587945935009,0.0001854763774675,0.0001467041622255,0.0001754175123088,0.0002017040454966,0.0002387023886102,0.0002581689041125,0.0002511585679211,0.0002450616302284,0.0002573100376822,0.0002670210062067,0.0002730321508131,0.0002551533978864,0.000262754252748,0.0002840767996303,0.0003091854043507,0.0003117868120885,0.0003276171967159,0.0003343278119765,0.0003370458966663,0.0003491256565832,0.000362691049412,0.0003912250411839,0.0004214023120038,0.0004553230779793,0.0004668614002042,0.0004796742502213,0.0005412436003521,0.0005623812059646,0.0005952383177476,0.0005982362572433,0.0006311070511714,0.0006681444128583,0.0006526572114716,0.0007072545064033,0.0007463765635779,0.0007859476337299,0.0007969836453675,0.0008253839655442,0.0008290168630241,0.0008778399274913,0.000918608189337,0.0009092169842628,0.0009440864783659,0.0009643636891327,0.0009992513850379,0.0010635323839036,0.0010923306751117,0.0011319400936258,0.0011533108729429,0.0012044798486841,0.0012085749626902,0.0012157022173119,0.0012811873015161,0.0013591162528936,0.0013727674228015,0.0013752861076767,0.0013604774757725,0.0014329633256999,0.0014605265399943,0.0014575901315665,0.0015203972199362,0.001401209839739,0.0015646190902481,0.0014939236780754,0.0014616101134481,0.0015817821396614,0.0017272088328218,0.0016937674507534,0.0017119051035092,0.0016608505783245,0.0018310679713395,0.0017840739997815,0.0017290850438653,0.0019778545844011,0.0018727454008803,0.0018351519726998,0.0019389296593832,0.00192105808962,0.0018890929879452,0.0019440855534474,0.0019546061167932,0.0019944578293611,0.0019779380525202,0.0019331506247422,0.0019375871115199,0.0020390232511606,0.0019775422212789,0.0019984217246009,0.0019720863297036,0.0020170301584618,0.0019816605609794,0.0020059337271992,0.0019573770983726,0.0019715792797106,0.0019108198095195,0.0019972864643502,0.0019857830920098,0.0019627475392843,0.0019755975507016,0.0018949594088053,0.0020265906583468,0.0018886302279547,0.0019579640133615,0.0019601733186615,0.0019576941450019,0.0019707138073684,0.0018809807825531,0.0019702832535169,0.001945852531124,0.0019308164971944,0.0018923900881688,0.001826222362737,0.0018511395881155,0.001884845414036,0.0018006681052982,0.0018750259605418,0.0018264364995465,0.0021046824423561,0.0021103869576879,0.001814592658924,0.0018439612662784,0.0017929370410585,0.0021119948369738,0.002205513917027,0.0024945324110199,0.0027225321680544,0.0029587493138134,0.003174679213402,0.0033169990811393,0.0035576064197551,0.003625446428203,0.003707098068491,0.0038519937484051,0.0039270512035911,0.0040221808288785,0.0041118492130291,0.0041777310258973,0.0043305459516023
spectrum 57,6.78787058741378e-05,4.80710496575256e-05,5.11339062358653e-05,4.99811148136113e-05,3.71958564173643e-05,2.3742504393818e-05,2.66027940537275e-05,2.36556003651486e-05,3.24307877099699e-05,3.20338855394758e-05,3.18949385982537e-05,5.25652564192383e-05,7.37898744026298e-05,4.2588805213224e-05,3.03965556080758e-05,3.22322302066965e-05,3.63651513152428e-05,4.16159455365951e-05,5.06945051069395e-05,4.39292807683952e-05,4.24741374951585e-05,4.90938391653386e-05,3.26531170998086e-05,3.8949934790858e-05,4.81353606720505e-05,5.63777968869591e-05,6.08858180730106e-05,7.15629363429776e-05,7.96336876074182e-05,6.70457718961882e-05,7.64713300734174e-05,7.63691945922406e-05,0.000123474704663,0.0001094682976199,0.000114596596155,0.0001164242368974,0.0001326637020776,0.0001509239067262,0.0001696755759403,0.0001688031701082,0.0001774390528496,0.0001709455613205,0.0002042634640654,0.000301719845748,0.0002679542383522,0.0002298159788262,0.0002150931646874,0.000300956908984,0.000255532810529,0.0002345054179808,0.0002467687666227,0.0002957972367903,0.0003347152392514,0.0004167286250583,0.0003286099634621,0.0003423057172343,0.000237590351575,0.0003689828956169,0.0002835176901194,0.0003224296500674,0.0003584061430065,0.000401753019955,0.0004438629669209,0.0003936629672577,0.0004050500848592,0.0005564903177026,0.000509083897636,0.0005416467773502,0.0005585327073356,0.0005311622093314,0.0007383120104117,0.0008330457851908,0.0007443530420777,0.0008017741903356,0.000787168574522,0.0007948635406093,0.0008327064534374,0.0008823083391228,0.0009368155866569,0.0010545930959146,0.0010123721722981,0.001020377697543,0.0010670373214094,0.0010516530915525,0.0011757045967925,0.0010855120958539,0.0011647326024173,0.0011182835244461,0.0012883095577104,0.0012096811716703,0.0011492448637551,0.0011634986517997,0.0012659783920815,0.001238765562115,0.0012126332342668,0.00129527746605,0.0013402132762145,0.0013042151397427,0.0013195376702419,0.0012513489834252,0.0013440519089106,0.0011522005117448,0.0013486581511642,0.0012521232471688,0.0013379905412337,0.0012847684632338,0.0012408772987158,0.0011547046543247,0.0011226718100061,0.0013013378500866,0.0011495324162181,0.0011582512100713,0.0010190279922569,0.0010377137326744,0.0010091857092956,0.0008478839267352,0.0011121457406377,0.0008258806990211,0.0009739821795642,0.0007236889011611,0.0008831044829523,0.0007926085079283,0.0009036955423433,0.0007611553392806,0.0008384752625002,0.0008144678802873,0.0008713631743267,0.0008584190845337,0.0009688074092905,0.000822167785878,0.0010183380642764,0.0009568409273421,0.0008357245918692,0.0009680432549313,0.0009307839441179,0.0009617130455933,0.000970363907214,0.0010092776668498,0.0009736024960694,0.0011391350529298,0.0011931950072719,0.0008422381679098,0.0012643000884739,0.0011318632309523,0.0010411897655907,0.0010718213278292,0.0008495954722256,0.0009614819024387,0.0007285610924865,0.001145477522105,0.0008099276679781,0.0010848077585131,0.0010693257861514,0.0011283642883749,0.0010291860049196,0.0006760248350699,0.0011648739280345,0.0008182439302436,0.0009941135216063,0.0006590454489892,0.0010321417134836,0.0009133030839825,0.0009657006570438,0.000872032469851,0.0010493849088759,0.0008942565476417,0.0009122836291212,0.0008020387933648,0.0010550593202945,0.0009279036518,0.0007301508986125,0.0010397293931193,0.0012683429392513,0.0009282916898107,0.0010230199911233,0.0011631266446759,0.0011571742127211,0.0014544779682351,0.0014660111804895,0.0020356225407373,0.0017778054036023,0.0021002959122315,0.0024914483347512,0.0024031876860028,0.0026489533698957,0.0027189738762819,0.00299073035549,0.0029891536450851,0.0030045668848571,0.0032070570457241,0.0031211536998963,0.0029142557722777,0.0031762417394794,0.0036308864921068,0.0029068264605833
spectrum 58,2.27842374891214e-05,2.38568547426911e-05,3.06386000976506e-05,3.00770104181762e-05,3.31481587362778e-05,3.49030313672434e-05,3.73624808337321e-05,3.91618255454935e-05,4.32688446995976e-05,4.4607100298751e-05,4.84622742113331e-05,5.7435703065289e-05,6.05853736804704e-05,6.37450886329265e-05,6.35392581244485e-05,6.73230966244249e-05,6.96618386656676e-05,7.32108844557848e-05,7.78967387967742e-05,7.72372805218567e-05,7.60149028180362e-05,7.74061490661658e-05,7.01587864151679e-05,7.48612422728626e-05,7.94584113807731e-05,7.27141477494923e-05,7.70429512723847e-05,8.88983336173178e-05,9.84097124363703e-05,0.0001038181012838,0.0001068999204993,0.0001115332866138,0.000113503401271,0.0001100745183295,0.0001250728699413,0.0001300933021703,7.65602030198659e-05,8.2995972856616e-05,0.0001389872596073,0.0001421190086165,0.000152756494536,0.0001453391641541,0.0001587034427161,0.0001456419214576,0.0001599914888535,0.000158271819657,0.0001431923682949,0.0001557587185879,0.000155265400169,0.0001526289440563,0.0001657452100376,0.0001536720153522,0.0001788904977194,0.0001998711731014,0.0002441261901523,0.0002621766569908,0.0003028528187914,0.0001378190275872,8.16069876576705e-05,0.0001528028438742,0.0002140458203084,0.0003004680911207,0.000331554032822,0.0002895547306704,0.0002668597126499,0.0003116616774551,0.0003367568677352,0.0003335207658841,0.0002648104718961,0.0002865712959013,0.0003597147838488,0.0004215297360176,0.0004293454788726,0.000453344428852,0.0004515342405542,0.0004435961292569,0.0004732397334413,0.0005003129988195,0.0005426677154769,0.0005910555981636,0.0006230594792184,0.0006271213981119,0.0006027922642319,0.0006565694907815,0.0006698847089434,0.0006663922257312,0.00062738736476,0.0006478831007761,0.0006816475481661,0.0006764720999781,0.0007060432121458,0.0006497262655814,0.0007230572401507,0.0007402714575531,0.0007341332471323,0.0007168218461947,0.0007651257150148,0.0007483730687606,0.000749449704695,0.0007781379988703,0.0007475193926884,0.0007578804990462,0.000802584537479,0.0007783213609177,0.0007729565143269,0.0007932272048875,0.0007505254462407,0.0007923982101359,0.0008013924726852,0.0008195433977119,0.0008408247578464,0.0008433837263145,0.0008171597153347,0.0008508304901687,0.0008741789005646,0.0008603318402135,0.0008395902191542,0.0008346541653743,0.0008561272531378,0.000867467033423,0.0008628726463339,0.000890475077607,0.0008946489099365,0.000983648018044,0.0009498130412374,0.0009372790642137,0.0009735503065731,0.001005596371475,0.0010216042024771,0.0009941662622806,0.0010883841898948,0.0010456208666733,0.0010258593861873,0.0010612165175225,0.0010666346152668,0.0010518228741643,0.0010666120213232,0.0010685944287203,0.0011143368150425,0.001080848640477,0.0010586333273875,0.0010631717300127,0.0011122797182482,0.0010825574611093,0.0011011358720578,0.0010724403933628,0.0010908170880034,0.0010888030152768,0.0010718573582465,0.0010771502460873,0.0010716614011329,0.0010544439393912,0.001094173643865,0.0010875163877584,0.0010862059442738,0.0010580562188689,0.0010522969188418,0.0011048367385391,0.0010578960519943,0.0010405124692749,0.0010891668536834,0.0010932543700807,0.0010908887320049,0.0010551237887659,0.0010912394670611,0.0010895337359129,0.0010867683306816,0.0010428950657578,0.0009939588010525,0.000920004558843,0.0008337451863421,0.0009344452659376,0.0008376449760232,0.0010258204413515,0.0010606685395283,0.0011396943188865,0.0012238930243679,0.0012819470709229,0.0012938130091721,0.0014582021772608,0.0013769164916427,0.0015083526472164,0.0016575441249102,0.0016980532394553,0.0018360091523926,0.0017930416062994,0.002065915288889,0.0020739588353565,0.0020548632216654,0.0018063543252113,0.0017338804476546,0.0020181937705805,0.0021753829066969,0.0024812422005208,0.0024410553753325
spectrum 59,7.57448387424183e-05,6.8914000389428e-05,8.15080734892707e-05,8.05065014667805e-05,7.91754597697853e-05,5.97504445843094e-05,6.50163631073718e-05,6.16414220438658e-05,7.77183697362238e-05,7.91074079669547e-05,8.06537302327825e-05,0.0001166006121216,0.0001365781208059,0.0001034638881727,7.7781819736889e-05,8.00934644417842e-05,8.10452787004636e-05,8.77689888985769e-05,0.0001017848089304,8.84640583923788e-05,8.14245814502573e-05,8.34774021845836e-05,6.19557699551009e-05,7.07973658437717e-05,8.07908617860345e-05,8.22449753159332e-05,8.61771863958498e-05,9.78822902336579e-05,0.0001067738308466,0.0001034121011333,0.0001049924642421,0.0001089409597292,0.0001219630069106,0.0001133297396978,0.0001236119765614,0.0001284730121716,9.74235738714109e-05,9.39737001935078e-05,0.0001363280180714,0.0001442915807459,0.0001544991591778,0.0001505408947574,0.0001692191563525,0.0001688678453532,0.000190659307766,0.0001963724427596,0.0001847440668605,0.0002199360658321,0.0002227317872429,0.0002276747804961,0.0002295449297915,0.0002378286257393,0.0002580061440292,0.0002884787276213,0.0003156797322329,0.0003424419867208,0.0003276499376449,0.0003439170362846,0.0002887367024458,0.0003778123132291,0.0004255863067093,0.0004673530554989,0.0004917583464595,0.0004772678092802,0.0005035128546837,0.0005647905400315,0.0005994879554987,0.0005870838438201,0.0006002198653557,0.0005949426555157,0.0007200884083395,0.0007529726267748,0.0007538033113407,0.0007487682928602,0.0007565392153989,0.000728634538661,0.0007407753149724,0.0007646358747262,0.0007639098700683,0.0008257789383181,0.0007808190580893,0.0007972676821745,0.0007826343808441,0.0007840063247586,0.0008160974907099,0.0007857668782819,0.0007367852179891,0.0007876121029076,0.000809554354522,0.0007835459956113,0.0008226655847689,0.0007325995677319,0.000877714383799,0.0008759405336431,0.0008374260533805,0.0008462571059988,0.0009183585900666,0.0008337427512323,0.0009212274924724,0.0009216769189317,0.0008618998993708,0.000860531947407,0.0009397426782218,0.0008891905890476,0.0008913442025035,0.0009126404588003,0.0008441459893131,0.0008955286423148,0.0008990059314831,0.0009739799650598,0.0009715494376016,0.0010078488728843,0.000917122576667,0.0009892958596895,0.0010152290550172,0.0009199553249467,0.0010005973815754,0.000900490106936,0.000992565657881,0.0009012075912148,0.0009804554892104,0.0009898123182285,0.0010641214396993,0.0010733166446726,0.0010869223947056,0.0010399751339912,0.0011281628809194,0.0011594822825508,0.0012425949059661,0.001160625458053,0.0013621512111706,0.0012598295206867,0.0011732939728833,0.0013083697813951,0.0012628069646239,0.0013044522389404,0.0013169734177479,0.0013386755333436,0.0013599096611708,0.0014462698936845,0.0014461033701872,0.0012653235656742,0.0015239840896203,0.0014366409050991,0.0014324444217335,0.0014173917998251,0.0012628976813476,0.0013623302392719,0.0011668597934004,0.0014762642127728,0.0012448964227948,0.0014445119094801,0.001463486599604,0.0014661874227246,0.0014240565451787,0.0010869327654861,0.0014905317334111,0.0012495972584239,0.0013396661454588,0.0010624078137303,0.0013930120042809,0.0013165472747847,0.0013560525696847,0.0012297266024977,0.0013757982916207,0.0012519156833627,0.0012825758660583,0.0011702071808474,0.0011861409664536,0.0010713366254671,0.0009488719292046,0.0011221609311507,0.0010234004469712,0.0011803751281047,0.001255341801836,0.001349382576439,0.0014674329164016,0.0017184220522356,0.001791832286032,0.0019904741653462,0.0018548528147654,0.0019821840918962,0.0021790894739548,0.0022877445344881,0.0025239375824369,0.0024431884377768,0.0029055119992966,0.0027512809542621,0.0025394983540011,0.0022695379430737,0.0022797556123086,0.002480723043018,0.0026524171799191,0.0031652644976881,0.0029700310071459
spectrum 60,0.0002127891678452,0.0001554980502204,0.0001640480931073,0.0001550154858534,0.0001338509099559,0.0001063771622583,0.0001101475572165,0.0001061287405737,0.0001185425928222,0.0001237750692506,0.0001264114788726,0.0001613437239996,0.0001941490472173,0.0001519109670861,0.0001313953286358,0.0001318202860379,0.0001366971122783,0.0001465262379591,0.000156683349553,0.0001555548941946,0.0001577326719128,0.0001662592767388,0.0001414479112643,0.0001559809689308,0.0001677138644578,0.0001837407152656,0.000186898438987,0.0002011356679458,0.000211200879804,0.0001975745440334,0.0002046919415556,0.0002134605425351,0.0002535042929176,0.0002408856483784,0.000253573630848,0.0002628793490265,0.0002780019055321,0.0002867671436449,0.0003155019534163,0.0003265070425499,0.0003423582076902,0.0003202431877778,0.0003705874688629,0.0004499927559622,0.0004269336464517,0.0004052712456253,0.0003943202236391,0.0004970147276085,0.0004374477964305,0.0004366458248121,0.0004979552870772,0.000498761553119,0.0005436379965641,0.0005901948236141,0.0005726169734961,0.0005819316562593,0.0004903357717147,0.000607388813103,0.0005422791692429,0.0005917341625734,0.000622290430626,0.0006909207923237,0.000725311163727,0.0006598101710918,0.0006674467086725,0.0008709070170723,0.00078354882573,0.0008456236828919,0.0008240928914282,0.0008210605654303,0.0010137165865544,0.001067013777792,0.0010200919031351,0.0010767601854335,0.0010700743519199,0.0010902087091928,0.0011154457573011,0.0011317062535574,0.0012413596963157,0.0013629365452728,0.0013164571314744,0.0013328124245732,0.0013720465985774,0.0014542152857651,0.0015758333807629,0.0014457078590766,0.0016278011549609,0.0014877177131581,0.001792909949432,0.0016859099697407,0.0016053306055076,0.0016335796318896,0.0017147630822333,0.0017795187970654,0.0017692597100688,0.0019244587279969,0.0019364902339724,0.0018283024055525,0.0019712711765728,0.0018558027839966,0.0020387912025572,0.0017233343759984,0.0019356047547954,0.0017969298373819,0.0018771308520302,0.001748353683199,0.0017524232218242,0.0016424135928621,0.0015138384105468,0.0018140824282305,0.0015925690490797,0.0015873167838047,0.0014103908141376,0.001501289844916,0.0014015542061911,0.0012439819265779,0.0014661735971309,0.0011870473128937,0.0012523403642649,0.0010545574718505,0.0011902711776106,0.0011369726667009,0.0012056097994347,0.0011577179904434,0.0012384639182278,0.0011969450478398,0.0012800428624279,0.0012862020926296,0.0013369700315823,0.0012625877293264,0.0014654805318253,0.0013655686335489,0.0013051940721923,0.0014208968518149,0.0014295119730076,0.0014814820010528,0.0014147002209298,0.0015456780684257,0.0014615461818556,0.0016338176822915,0.0016282838131314,0.0013673654758187,0.0016863744834467,0.0015591033674249,0.0015224160476223,0.0015350627309234,0.0013862851073862,0.0015162742085939,0.0013105714430767,0.0016622607556132,0.0013064561852671,0.0016521110893238,0.001545258792894,0.0016344969948957,0.0015509939707348,0.0012345977247174,0.0017563895412133,0.0013683055930952,0.0015276085123266,0.0012728816246057,0.0015727373397072,0.0014743356056288,0.0015571648364123,0.0014583649633869,0.0016529118082151,0.0014828101554856,0.0015149509146219,0.0013902356065106,0.0017164738975598,0.0016211304069226,0.0014673401146481,0.0018041015097719,0.0019676137362961,0.0017848758359846,0.001883002058522,0.002047537725574,0.0021336590935197,0.0024286024157027,0.002399846168364,0.0028652168426942,0.0027197554750711,0.0029973609629963,0.0033971256566638,0.0034201021491725,0.0037297611879944,0.0038418176006286,0.0043053490976612,0.004298547903482,0.0042510057318769,0.0040773263609055,0.0040332916194087,0.0039685823473732,0.0043154184084207,0.0049908723405065,0.0039919880871751
spectrum 61,6.85119370816141e-05,6.80301570622138e-05,8.21787839361195e-05,8.07270872049349e-05,7.70640158396211e-05,5.7142036316058e-05,6.19367172726297e-05,5.77063171804712e-05,7.1739269126234e-05,7.1890466196342e-05,7.6706210149011e-05,0.000109495359726,0.0001358672990717,9.98793756116497e-05,7.68626910339834e-05,7.87695311116925e-05,8.53887626501698e-05,9.69365577376232e-05,0.0001170020905374,0.0001069050888811,0.0001039521909485,0.0001156927894228,7.44277233121978e-05,8.93392741350553e-05,0.0001105287816103,0.0001319298581145,0.0001384092967494,0.0001587376335181,0.000173522602559,0.0001464599350906,0.0001655034775802,0.0001663494149137,0.0002480560958252,0.0002252581664683,0.0002355545127343,0.000238540998276,0.0002702682095853,0.0002860977009412,0.0002909485652956,0.0002666566048794,0.0002467533258667,0.0002161447781183,0.0002177191595158,0.0002006806801507,0.0001838826003487,0.0001565965093038,0.0001398218075222,0.0001385079552337,0.0001341273053494,0.0001298431923245,0.000136490252555,0.0001319670736171,0.000147942479577,0.0001529994560252,0.0001720052608491,0.0001858849668271,0.000198974545478,0.0001309503305803,0.0001106997192902,0.000126890839907,0.0001467827394238,0.0001821607301096,0.0002013169980101,0.0001895652191195,0.000183266151917,0.0001978605970493,0.0002065824905881,0.0002103618602863,0.0001916391815338,0.000199196211491,0.0002233585535428,0.000248922365426,0.0002522094662453,0.0002732271885428,0.0002771891192684,0.0002792303317904,0.000292959991826,0.0003077889138113,0.0003444900581763,0.0003860896670566,0.0004294280465418,0.0004461478019768,0.0004596971170942,0.0005406956843249,0.0005728652769061,0.0006017620013883,0.0006078225850469,0.0006474556945319,0.0006997667566178,0.0006763024208367,0.0007376383392627,0.0007839869529083,0.0008347775961934,0.0008366432657368,0.0008750531952898,0.0008793950795883,0.0009392745666676,0.000979184557118,0.0009652055254768,0.0009951288963361,0.001028209369784,0.0010414919639415,0.0011320284128532,0.0011411577989629,0.0011916891200295,0.0011994100764797,0.0012234044500834,0.0011977401837192,0.0011825558632536,0.001303517212933,0.001307853830437,0.0013242051066032,0.0012491794573859,0.001237207851383,0.0012849376895545,0.0011642374819494,0.0013432798560314,0.0011660557872407,0.001209413854041,0.0010900877006366,0.0012027416178817,0.0011242685284987,0.0012758035183664,0.0011767852944629,0.0012606163350188,0.0012159040806141,0.0012574290167179,0.0012952935677685,0.0013395233679098,0.001224514303428,0.0014421621284645,0.0013133487712714,0.0011984400779987,0.0012805335054218,0.0012640460968766,0.0011824496817865,0.0011767587203694,0.0012067459439553,0.0011801562548276,0.001302291741791,0.0012326286929533,0.0010507168253849,0.0012277863801808,0.0012919510583442,0.0012663396213666,0.0012316884908089,0.0011733173512989,0.0013434057224945,0.001114795266646,0.0014163856851299,0.001082469039969,0.0014817856390366,0.0012721260746589,0.0013546912561447,0.0013004172476163,0.0009808528551467,0.0015039562411453,0.0010619630569145,0.0013544598850452,0.0010043546248166,0.0013283739599918,0.0012997314182239,0.0013179107731989,0.0012308291408804,0.0013685096052819,0.0012565010494256,0.0013184297573638,0.0012300559062923,0.0014452207048276,0.0013084022591096,0.0011097448570835,0.0014041360335694,0.0015521406772597,0.0012829837955194,0.0014117892565198,0.0015658785416216,0.0014649831126159,0.0015515180344523,0.0015196697281306,0.0018314125733575,0.0018846834011815,0.002173314906152,0.0024613609027645,0.0026250739427159,0.0028637524846488,0.00299022115993,0.0032482190938559,0.0032971675817646,0.0033568343301669,0.0035720224546435,0.0036086743751837,0.0034743355177445,0.0036580226844444,0.0039072725400589,0.0035117883837301
spectrum 62,1.88164097013591e-05,1.96369166362275e-05,2.49253986872253e-05,2.45251122500294e-05,2.68623779627201e-05,2.92864797597773e-05,3.11094406748794e-05,3.3171411993232e-05,3.56830285676074e-05,3.75998926865653e-05,4.01467091776193e-05,4.64490719745305e-05,4.88803831266311e-05,5.31706754587272e-05,5.55063428676562e-05,5.85397362063809e-05,6.04112694626244e-05,6.45366446738305e-05,6.77742978326198e-05,7.08765861642919e-05,7.44163746648313e-05,7.7465902043496e-05,8.07621362759094e-05,8.58473107621528e-05,8.77144985004425e-05,8.58637767932336e-05,8.94703557934182e-05,9.84958932257469e-05,0.0001074016862531,0.000115222835687,0.0001223088721057,0.0001300166800009,0.0001325283827141,0.0001356146685035,0.0001484315817398,0.0001542819300326,0.0001094055154993,0.0001312847997082,0.0001756737303577,0.0001825118179175,0.0001893922584952,0.0001895736101248,0.000207717224272,0.0002024449713714,0.0002183568738815,0.0002192144399862,0.0002147839928759,0.0002339528156017,0.0002418978078248,0.000235358609305,0.0002550135637008,0.0002432389180728,0.0002723795960385,0.0002856633450614,0.0003227288177665,0.0003386456619259,0.0003620677146981,0.0002453771224917,0.0001865669907962,0.0003090453683246,0.0003495607696355,0.0004128144317124,0.0004343578977497,0.0004142517487948,0.0004062243100301,0.0004519785443807,0.0004764324900183,0.0004797377044747,0.0004287476828002,0.0004539298823664,0.0005159271380869,0.0005680381376304,0.000567070266435,0.0005772281922335,0.0005868492781465,0.0005890667936882,0.0006090096819345,0.0006244703775254,0.0006439910108011,0.0006650537221616,0.0006858851162834,0.0006829537691988,0.0006819873275315,0.0007057888006288,0.0007090702843818,0.0007251984325028,0.0007059086062119,0.0007168329413172,0.0007380320364185,0.0007318144604906,0.0007439017782445,0.0007270694626934,0.0007607272351839,0.0007707386625243,0.0007674833317113,0.0007616461555484,0.0007886357239676,0.000783331066646,0.0007780307412978,0.0007926907909658,0.0007866719246773,0.0007894496699777,0.0008172200511813,0.000799664648908,0.0008052549498861,0.0008079654379125,0.0007967825860285,0.000814339445078,0.0008209380823311,0.0008213894338802,0.0008355034991671,0.000829734761421,0.0008282308025447,0.0008370238413495,0.0008517736089875,0.000850426768599,0.0008406570446434,0.0008363674315638,0.0008438772709598,0.000846896166598,0.0008468715477995,0.000862568635449,0.000854911910913,0.0009300877647389,0.0009032693826778,0.000901472382631,0.0009256933670673,0.0009420179365845,0.0009582460631144,0.0009347321258402,0.0010128459516279,0.0009780317982276,0.0009654461556711,0.00098809066826,0.0009938549228971,0.0009857254922902,0.000989908228574,0.0009944435873222,0.0010345977232121,0.0009981915817663,0.000977883456278,0.000987458245538,0.0010257406577648,0.0009966690768408,0.0010135701838653,0.0009863859540702,0.0010061979500798,0.0010029968106223,0.0009993501647129,0.0009876264135336,0.0009866526095536,0.0009700744403087,0.0010007662922009,0.0009982424393675,0.0009953616751737,0.0009916562606972,0.0009632636165894,0.0010244729574696,0.0009734399234303,0.0009912304894092,0.0010016790467942,0.0010055473938809,0.0010067359738479,0.0009909068703065,0.0010058672995697,0.0010101254290567,0.0010107740464368,0.0009788426048807,0.0009870481646977,0.0009736337778355,0.0009220305237115,0.0009874634532562,0.0009577180942226,0.0010915823078179,0.0011224001229408,0.0011988232864818,0.001277659955716,0.0013284512790774,0.0013953763810695,0.0014630791131707,0.0014266605764225,0.0015577319362929,0.0016509286013651,0.001683487881528,0.0017819561918341,0.0017844054312832,0.0019710159166258,0.0019998045598775,0.0020335788565006,0.0019433098056749,0.0018888297037493,0.0021317917417653,0.0022386897707569,0.0023941294977762,0.0024403328984619
spectrum 63,7.70235607079439e-05,7.80882505225371e-05,0.0001017814509954,9.87763213767064e-05,0.0001159490391816,0.0001320705604331,0.000134539249212,0.0001478987787668,0.0001545841164899,0.0001565974571653,0.0001426530943569,0.0001776006166662,0.0001795522829114,0.0001936600923322,0.0001763327816189,0.0001824473765583,0.0001604906270039,0.0001517357131963,0.0001549387632115,0.0001395467958737,0.000118489367663,0.0001176270068173,0.0001129548399265,0.0001150715915729,0.0001153082249566,0.0001019310188895,0.0001048525046882,0.0001213346543589,0.0001279178823739,0.0001369430358596,0.0001338795915742,0.0001368968647413,0.0001329264243145,0.0001255748857449,0.0001360700491758,0.000141326249129,9.81295132393332e-05,9.26829233082573e-05,0.0001379703401986,0.0001485861958862,0.0001579005046538,0.0001558893026196,0.0001731276965234,0.0001627687678769,0.0001900591379972,0.0002028412044893,0.0001921103405103,0.000219942822043,0.0002324761584507,0.0002479878254112,0.000239126511377,0.0002528407865221,0.0002599369153029,0.0002828829578928,0.0003211111717122,0.0003653787418879,0.0003728215618939,0.0004035660619331,0.0004196275462807,0.000480873447862,0.0005053962014756,0.0005073704126471,0.0005240414035713,0.000564218419475,0.0006239554759794,0.0006053390716458,0.0006840567046965,0.0006443857768284,0.0007188619377135,0.0007229760922399,0.0007731538942724,0.0007494073330083,0.0007894717607265,0.0007449435400801,0.0007779400785923,0.0007350896370645,0.0007391165653399,0.0007399800509143,0.0007185338474792,0.000760093891631,0.0007189513211099,0.0007343438323935,0.0007162383214863,0.0007178379955581,0.0007315263343132,0.0007192645360108,0.0006670036233077,0.0007205721118208,0.0007234017600069,0.0007021352972076,0.0007455964963644,0.0006617117456853,0.0007870611117435,0.0007897125903098,0.0007500530217736,0.000756570707283,0.0008195829168077,0.0007463575181592,0.0008275048207749,0.0008305343168543,0.000769539793468,0.0007830431312076,0.0008435416021304,0.0008046503775466,0.000803450169935,0.0008263487065618,0.0007710321019386,0.0008308765381284,0.0008416008772837,0.0008884090017283,0.0009101823616527,0.0009432935637102,0.0008845299666815,0.0009622502541883,0.000994903062738,0.0009625613394319,0.0009510337130778,0.0009457352857953,0.000976559330053,0.0010054866965273,0.0010133952286806,0.0010628027203545,0.0011127543379409,0.0012772859887674,0.0011985369384928,0.0011730567427037,0.001246934762496,0.0013303715222815,0.0013625924743316,0.0013547564079114,0.0015128754470699,0.0014228597369021,0.0014035194555429,0.001487836710518,0.0014845127157428,0.0014948848120239,0.0015352547013299,0.0015053426001312,0.0016065591625985,0.0015627744375701,0.0015342021579027,0.0015986917962404,0.0016262074299398,0.0015972513269969,0.0016459240065027,0.0016037476928132,0.0016344089116831,0.0016509153922619,0.0016596411850025,0.0016259049590088,0.0016693558709222,0.0015964288315543,0.0016904475964392,0.0016380133017402,0.0016533855447566,0.0016668075290268,0.0015827535966844,0.0017055841615758,0.0015302605012902,0.0016058193185756,0.0015644070655344,0.0016136046928724,0.0015948246850579,0.0014996040296624,0.0015446145800224,0.0015318873033525,0.00147618990793,0.0014210104678446,0.0012666372112875,0.0011476454216095,0.0010844097550751,0.0011520963670354,0.0010113708440302,0.001309003329308,0.0013799490517184,0.0014155808842652,0.0015906381853424,0.0018117470993322,0.0020162105214522,0.0020258444304902,0.001885020115354,0.0019872602946761,0.0021615133881191,0.0023033021131069,0.0025206497715656,0.0024261054405337,0.002884823973197,0.002725686528833,0.0025134374076924,0.0022085127782647,0.0021967249300635,0.0024534491242222,0.0026294384952762,0.0031143665727517,0.0030192198230526
spectrum 64,5.9534034367352e-05,6.05569375003992e-05,7.46828465837948e-05,7.15080228468112e-05,7.61220672329805e-05,8.06890967791703e-05,8.3621036343653e-05,8.69526471217814e-05,9.1346643295776e-05,9.42441540179614e-05,9.8654284428576e-05,0.0001118139871033,0.0001155832048463,0.0001235885939944,0.0001271700533372,0.0001322662470892,0.0001354292581273,0.0001436071550121,0.0001495698507262,0.0001561740144848,0.0001659076525237,0.0001731751429692,0.0001837748071933,0.0001977401034634,0.0002009733117752,0.0002076725435462,0.0002171061777324,0.0002281687611456,0.0002370226257229,0.0002514423793758,0.0002685070925056,0.0002844321719961,0.0002911942413858,0.0003047028452916,0.000321024401547,0.0003298852705106,0.0003450692316957,0.0003574895092494,0.0003752547582862,0.0003918739176993,0.0003942051055597,0.0004157860935179,0.0004344229604111,0.0004338658908393,0.0004654303810879,0.0004745599850789,0.0004788206957181,0.0004909167658798,0.0005193054802963,0.0005216607259934,0.0005273030612392,0.0005493860728474,0.0005682488902046,0.0005759234210674,0.0005923286203384,0.0006248975888184,0.000625624580791,0.0006495096655763,0.0006644364462854,0.0006988090046658,0.0007033376166516,0.0007189044717692,0.0007352873135884,0.0007574965837913,0.0007781812552137,0.0007894322374483,0.0008140522211252,0.000833829633553,0.0008385953907813,0.000857565099385,0.0008828993605022,0.0009182158046717,0.0009073052584993,0.0009162413851091,0.0009354609845571,0.0009427662306481,0.000956861625979,0.000966271560253,0.0009800594836189,0.0009946620719535,0.001019265307515,0.001009959818949,0.001021469302795,0.0010399108039105,0.0010384703023041,0.0010720608821853,0.0010546049591898,0.0010700462540981,0.0010878812273737,0.0010760695095182,0.0010855752857391,0.0010915397177693,0.0011105858865243,0.0011190435704928,0.0011150498809264,0.001116454812638,0.0011432364620692,0.0011378897199117,0.0011321229484946,0.0011402133550621,0.0011476671322611,0.0011459724872684,0.0011774939467617,0.0011580538401227,0.0011720603432497,0.001163120173619,0.0011697647843822,0.0011759169287146,0.0011829530275276,0.0011767595512394,0.0011928756354611,0.0011807518835319,0.0011925557557657,0.0011902457572914,0.001207436680344,0.0012113153779572,0.0012049412107786,0.0011983433169214,0.0011992620414911,0.0012004681144133,0.0012035842381941,0.0012183505035453,0.001204624185453,0.0013047043312171,0.0012705031499941,0.0012724308827899,0.0013015908775133,0.0013189977921525,0.0013425188633737,0.0013101988167626,0.0014165252373124,0.0013695930248862,0.0013541465317361,0.0013820761020411,0.0013901839137861,0.0013801908296868,0.001383858088178,0.0013913610144735,0.0014465328519914,0.0013944545543592,0.0013665107094144,0.001378825134902,0.0014333116226271,0.0013922312756815,0.0014156361553123,0.001377983750926,0.0014054947977316,0.0014011003821152,0.0013961956452514,0.0013801368484358,0.0013784598072241,0.0013568607621053,0.001398774133476,0.0013965974991117,0.0013923075931978,0.0013872153877405,0.0013481770731812,0.0014338502078911,0.0013643047100638,0.0013887406899734,0.0014048465516413,0.0014093270629906,0.0014120856087192,0.001391863569535,0.0014122150217327,0.0014192624057435,0.0014216453488772,0.0013779578066374,0.0014381842214717,0.0015027595535401,0.0014826066118128,0.0015348810686506,0.0015961114950181,0.0017100508627505,0.0017831971271911,0.001857388050421,0.0019446428641626,0.0020237562614101,0.0021312350434595,0.0021856206137789,0.0022640061269669,0.0024065404373843,0.0024527919494434,0.0025146450090935,0.0025901978171958,0.0026538779095096,0.0028031452465673,0.0028361705089866,0.0028982831518661,0.0030090088708976,0.003070284146555,0.0031499260219707,0.0032252271979782,0.0032829730609821,0.0034082074437453
spectrum 65,1.31639262882352e-05,1.32375747974725e-05,1.668126428545e-05,1.63864360945894e-05,1.70573322687866e-05,1.45397426413083e-05,1.62290144328715e-05,1.57271763043323e-05,2.01534553172661e-05,1.99574105482849e-05,2.18417793369337e-05,3.1526061078917e-05,3.57398269912625e-05,3.00695695693911e-05,2.37590971450553e-05,2.56831865460964e-05,2.98546420577356e-05,3.3873287586858e-05,4.1552178342451e-05,3.48029176032587e-05,3.58571887558855e-05,4.01591074383944e-05,2.49641376613668e-05,3.22560476825767e-05,4.37270458873767e-05,5.10099259482667e-05,5.93537968910516e-05,6.72329538423023e-05,7.51974218860133e-05,6.79131102742511e-05,7.98516783899691e-05,7.86412704339234e-05,0.0001083004821612,0.0001096368165743,0.000112468414401,0.0001194919348519,0.0001271457729131,0.0001461814401788,0.0001581173243249,0.0001562990220304,0.0001668300958204,0.0001694331703755,0.0001915350053444,0.0002098179516369,0.0002188155589479,0.0002115443337684,0.0002102899147888,0.0002367170823713,0.00024418710868,0.0002319979306569,0.0002342672474007,0.0002532748833163,0.0002824779070057,0.0003016948188283,0.0002922326948444,0.0002996542541518,0.0002756418551715,0.0003207696428307,0.0002957865287376,0.0003346739847214,0.0003538019663246,0.0003777853801294,0.000399750105318,0.0003981824641955,0.0004197141658509,0.0004452626944191,0.0004647262467185,0.0004788243925419,0.0004849127748016,0.0004942408334624,0.0005331003957443,0.0005648712397389,0.0005548318244109,0.0005682362904486,0.0005783845928536,0.0005868192938721,0.0005985217261707,0.000610840979745,0.0006211523455858,0.0006362807419234,0.0006525195006276,0.0006487288200876,0.0006585576114184,0.0006706636839124,0.0006739669186172,0.0006945524659732,0.0006859665972871,0.0006964148512885,0.0007110637459627,0.0007033566738082,0.0007090579440466,0.0007138980002591,0.0007287022810988,0.0007336451370105,0.0007309043742359,0.0007340620533631,0.0007524679217477,0.0007493077930883,0.0007455019407721,0.0007495699439189,0.0007566744470158,0.0007516524139132,0.0007770631033188,0.0007623940169795,0.0007737895846731,0.0007682171142817,0.0007689004524228,0.0007703420014856,0.0007747622134323,0.0007785952746114,0.0007857166124118,0.0007779449751407,0.0007788821978511,0.0007731289041277,0.0007904797673411,0.0007605557348996,0.0007920812079777,0.0007492309418143,0.0007789425309855,0.0007321828432373,0.0007636436735405,0.000753373403691,0.000768837270065,0.0007771277356792,0.0007903496572963,0.0007679086478116,0.0008126371484894,0.0008123583468901,0.0008534554893177,0.0008052139200938,0.0009034353484861,0.0008652604372454,0.000827554508393,0.0008662630380377,0.0008586215522562,0.0008448073410951,0.0008738060390274,0.0008733496399123,0.0009057035717463,0.0009006597562146,0.000888914033066,0.0008103922007151,0.0009365814165013,0.0009006440982569,0.0009003525118994,0.0008805206778242,0.0008336206279279,0.0008413051652163,0.0007471950232094,0.0008876174187919,0.0008141268471585,0.000861166799566,0.0009002598669413,0.000890915789489,0.0008802401527704,0.0007088353658733,0.00087298109781,0.000791334796917,0.0008533260744681,0.00064191516269,0.00089250286356,0.0008490607423592,0.0008416344319988,0.0007824772877713,0.0008716142167179,0.0008212990772487,0.0008389221231053,0.0007751904832495,0.0008583131805979,0.0008060276883044,0.0006481295701685,0.0008604138852679,0.0009321603165198,0.0007930242501064,0.0008792163830821,0.0009822007491738,0.0010431856575285,0.0011989836477629,0.0012055307234586,0.0013337697609494,0.0013329927924475,0.0014714095277278,0.001518671163137,0.0015478471152702,0.0016146644219422,0.0016560253303202,0.0017748655788283,0.0018091370341717,0.0018626930398175,0.001946149372215,0.0019704342992026,0.0020504760868975,0.0021170274887676,0.0021908108930063,0.0022473348375722
spectrum 66,8.89905109878787e-05,9.21998195726595e-05,0.0001187516479803,0.0001146309183188,0.0001286699985758,0.0001418762188227,0.0001456705211809,0.0001547056010248,0.000162597656933,0.0001654396317556,0.0001652039856693,0.0001944382000569,0.0001997220223818,0.0002144296635897,0.0002113235003229,0.0002179868124119,0.0002057360668175,0.0002049386561665,0.0002105540144639,0.0002001265106445,0.0001801921501784,0.0001787056617828,0.0001717820636042,0.0001765036750053,0.0001780254471677,0.0001570108221815,0.000162435839981,0.0001879070415234,0.0001991948501539,0.0002132485010881,0.000210431618845,0.0002147019679191,0.0002103071933378,0.0001967823909183,0.0002187238251394,0.0002250770036824,0.0001504758840209,0.000142227397972,0.0002169578307812,0.0002291023526109,0.0002384755135859,0.0002285920455647,0.0002429640445369,0.0002214593207993,0.0002428010846741,0.0002391186353095,0.0002169787979668,0.0002278396989765,0.0002283347468736,0.0002286008660921,0.0002390210137778,0.0002296964744464,0.0002566539873951,0.0002773732988198,0.0003276744681172,0.0003624054048337,0.0004052228186248,0.0002359640535478,0.0001545526564748,0.0002137720313037,0.0002811165338672,0.0003751715016303,0.0004188622888199,0.0003911492740117,0.0003692652828405,0.000403337797523,0.0004326942059415,0.0004321278427016,0.0003771495786536,0.0003910209374865,0.0004519156705541,0.0005053000317073,0.0005219463348866,0.000550485344003,0.0005544022197887,0.0005473661606587,0.0005733632071303,0.0006091649247908,0.0006608075846986,0.0007255085031453,0.0007604887650277,0.0007796640623112,0.000761844555176,0.000831371485434,0.000860054763442,0.0008600685209224,0.0008098202532766,0.0008553987326626,0.0008958784389238,0.0008824865700888,0.0009396043222058,0.0008649131825771,0.0009860214394153,0.0010036850492126,0.0009892299195447,0.0009807821460349,0.0010578824774265,0.0010045782081479,0.0010500409594849,0.0010802826526001,0.001024064527254,0.0010405932489859,0.0011156437056902,0.0010818439236421,0.0010764002668999,0.0011042206919923,0.001049847763136,0.0011104807838278,0.0011192897599438,0.0011651878081837,0.0012031927670896,0.0012299055447314,0.0011684169700826,0.0012446341096182,0.0012846113225508,0.0012593353591252,0.001234921391977,0.0012375609338624,0.0012594041083036,0.0012959357641036,0.0012852597072153,0.0013305970598605,0.0013688280817092,0.0015392406960304,0.001464079539724,0.0014402955958951,0.0015078888032831,0.0015885013419041,0.0016095032323509,0.0015806174691895,0.0017453805172682,0.0016654075488455,0.0016411089272461,0.0017104535061626,0.0017159716620492,0.0017076855752531,0.0017350990876347,0.0017284598128685,0.0018131142229458,0.0017640953871277,0.0017280275743339,0.0017659357238521,0.0018219290375423,0.0017798426956591,0.0018163130570002,0.0017717612887203,0.0018082951554021,0.0018099726319958,0.001810621791439,0.001783674543297,0.0017996338390897,0.0017462064038503,0.0018247159736631,0.0018000400572488,0.0018027761665152,0.0018055396657572,0.0017357108912259,0.0018579520288281,0.001718385708696,0.0017796947501574,0.0017678318717701,0.001794086599761,0.001785928589081,0.001714318047183,0.0017611060843654,0.0017545279858906,0.0017229045170177,0.0016595206737095,0.001502365186608,0.001392380760993,0.0013226012050448,0.0013944418612968,0.0012120974904841,0.0015347377313865,0.0016123750573189,0.0016438239639155,0.0017310738485497,0.001850386288757,0.0018309139619034,0.0021097075552897,0.0020103675039136,0.0021786863856779,0.0023804626735846,0.0025263621604599,0.0027403257436704,0.002682213602025,0.0031070762987131,0.0030048175007848,0.0028108744565264,0.0024549863045329,0.0024377740911228,0.0027241382508503,0.002919397425365,0.0034343797122867,0.0033292039278072
spectrum 67,2.32356885163578e-05,2.4045989370806e-05,3.01804734412459e-05,2.94187120242121e-05,3.19009593469089e-05,3.44469740046605e-05,3.63512147558236e-05,3.84718820040437e-05,4.1126226946617e-05,4.31260232689848e-05,4.58922848471812e-05,5.28236847828479e-05,5.54212270718751e-05,6.00887236055331e-05,6.2656171617183e-05,6.59511342881806e-05,6.82549298779243e-05,7.30663467980676e-05,7.67326900666402e-05,8.07065153765253e-05,8.62996792291415e-05,9.06576747103416e-05,9.68619848133418e-05,0.000105016593784,0.000107630161856,0.0001121831159777,0.0001184181436612,0.0001258183383299,0.0001322586224025,0.000141805994347,0.0001529441477057,0.0001635986112111,0.0001690038526242,0.0001783204158505,0.0001894558853578,0.0001962768116654,0.0002048273120027,0.0002152061640532,0.000228087869631,0.0002394174997489,0.0002418634211429,0.0002542889818357,0.0002623007264254,0.0002546222001321,0.0002687354922978,0.0002700481713617,0.0002677461808709,0.0002744004936705,0.0002785420907552,0.0002714737873585,0.0002946303939162,0.0002797138999118,0.0003164957740731,0.0003234911417571,0.0003618385971987,0.0003764502398794,0.0004016259902332,0.000270287429163,0.0001955441949678,0.0003228039163704,0.0003746234799856,0.0004471112289656,0.0004733628393216,0.0004467677194147,0.0004356382022236,0.0004847311963978,0.0005099022569568,0.0005164183908204,0.0004562617114601,0.0004823818356942,0.000547570146909,0.0006079257734418,0.0006055184233893,0.0006184852203179,0.0006277638798948,0.0006315871624591,0.0006535811297022,0.0006711209217056,0.0006945117346209,0.0007168225049627,0.0007428838910862,0.0007383406773688,0.0007403702568869,0.0007678013277496,0.000769259277202,0.0007944757085644,0.0007801335251703,0.0007939203891312,0.0008114380024959,0.0008027194386144,0.0008125511914972,0.0008175713781734,0.0008329453623024,0.000840483466414,0.0008394154497048,0.0008400546053375,0.000861702327613,0.0008584858982788,0.0008533996565986,0.0008606619093634,0.0008663760351468,0.0008660924453392,0.0008909209855909,0.0008766966397871,0.0008874415011257,0.0008808480883568,0.0008861163024708,0.0008906429660026,0.0008958274113792,0.0008924644997406,0.0009051184116762,0.0008960593956151,0.0009048134078619,0.0009025315984542,0.0009166877375431,0.0009192857791112,0.0009147718375709,0.0009101188379016,0.0009092102551694,0.000911864977816,0.0009134304491215,0.000924186652236,0.000914920765143,0.0009909428425735,0.0009648454091844,0.0009662618826149,0.0009877504160475,0.001001606538422,0.0010189289414601,0.0009941492072209,0.001075287406984,0.0010394001278404,0.0010273254643472,0.0010486272899663,0.0010545085355547,0.0010465911441999,0.0010494519125182,0.0010549160268649,0.0010963501909693,0.001056871308523,0.001035423267298,0.0010444713295819,0.0010855570153955,0.001054109737656,0.0010715393886481,0.001042789927773,0.0010632842642676,0.001059557098889,0.0010555912460341,0.001043047396856,0.0010414532858066,0.0010247379757321,0.0010561093629152,0.0010540834569739,0.001050472314774,0.0010463049167827,0.0010164706825747,0.001080730865146,0.0010278425224283,0.0010460051985776,0.0010577501499156,0.001060718868341,0.0010624777872064,0.0010466881318781,0.001061829280502,0.0010666825366237,0.0010679925092099,0.0010348936863898,0.0010700407826277,0.0011061225321804,0.0010806265890388,0.0011114618894512,0.001150434213895,0.0012290125654632,0.0012844603064697,0.0013430170187709,0.001394823859816,0.0014476490711816,0.0015191953566654,0.0015924363077527,0.001647397322821,0.0017718485838674,0.0018168279720382,0.0018685575706329,0.0019343998546402,0.0019875601623459,0.0021133384940333,0.0021490891924949,0.0022071930017651,0.0022978336327635,0.0023449508631379,0.0024275831627709,0.0024950975022066,0.0025499505578013,0.0026537457906966
spectrum 68,4.90544882615236e-05,5.006808586617e-05,6.20349640448887e-05,5.95366396769146e-05,6.3604061958604e-05,6.60205572527177e-05,6.93040633217942e-05,7.16114735597281e-05,7.67625428354542e-05,7.88800717484469e-05,8.39911513471711e-05,9.67242761468265e-05,0.0001006986651975,0.0001058384942601,0.0001065457026531,0.0001111705608999,0.0001156306862568,0.0001225877800545,0.0001295026166406,0.0001331084879111,0.0001405031675826,0.0001464609883214,0.0001436289305173,0.000158587441358,0.0001684252867997,0.0001768962107099,0.0001873195107311,0.0001976974309106,0.0002073030925248,0.0002155761312329,0.0002305784358329,0.0002456523577784,0.0002579242535071,0.0002686270462903,0.000281901816424,0.0002919064499836,0.0002915762531069,0.0003121140974194,0.0003357678761148,0.0003496136869549,0.00035437821715,0.0003702667519758,0.0003917230535951,0.0003938505655768,0.000422320538492,0.0004282063294605,0.0004324620597974,0.0004477174382998,0.0004739403565165,0.0004749833328639,0.0004809335067342,0.0005020904970218,0.0005209600421096,0.0005303906196484,0.0005453374316581,0.0005746528301232,0.0005742144669618,0.0005989689291454,0.00060964793678,0.0006449660995835,0.0006513678931884,0.0006676969924385,0.0006840073485603,0.000704446410472,0.0007249363896612,0.0007372692651334,0.0007610844884153,0.0007798164050927,0.000785127008985,0.0008031471523208,0.0008289469578585,0.0008629192281188,0.000852983949044,0.0008620572175429,0.0008802987458956,0.0008875148371929,0.0009012221107944,0.0009107954983328,0.000924087941481,0.0009385223119186,0.0009617468648453,0.0009534534015511,0.000964332898692,0.0009819278561947,0.0009811451129571,0.0010123440937701,0.0009956436815337,0.0010101400501667,0.0010279365347866,0.0010170593103925,0.0010264477093634,0.001030363682775,0.0010503571524171,0.0010586936840397,0.0010549434845877,0.0010559005550752,0.0010819399887908,0.0010767921311401,0.0010713333517736,0.0010797531013557,0.0010859987022433,0.0010846163375869,0.0011150849964302,0.0010962603884661,0.0011093760897477,0.0011016487894334,0.0011066645888066,0.0011133354280316,0.0011200685438193,0.0011150158244826,0.0011303692911262,0.0011192153542937,0.0011291938732616,0.0011276242759582,0.0011445834413436,0.0011459213778816,0.0011418917962629,0.0011330736543074,0.0011367038987424,0.0011347030228462,0.0011395435084747,0.0011527446971808,0.0011415533186598,0.0012323664338083,0.001203060175608,0.0012027697920826,0.0012327192629048,0.0012487429187767,0.0012728019659692,0.0012409263127217,0.00134309999249,0.0012982587743093,0.0012820381283258,0.00131009079066,0.0013171368412291,0.0013046437761681,0.0013119666181613,0.0013191404175316,0.0013714505090866,0.0013234136939103,0.0012974233759136,0.0012999782020756,0.0013610461070058,0.0013216612083981,0.0013427839780104,0.0013076648316898,0.0013288676266429,0.0013258634569735,0.001308593068688,0.0013101063175573,0.0013022540712684,0.0012860449198335,0.001327926920774,0.0013246037168566,0.0013207325358129,0.0012931850605921,0.0012800776380911,0.0013467231697243,0.0012933782487425,0.0012812851561707,0.0013328802030246,0.0013327104850329,0.0013346719299664,0.0013033336765138,0.0013371649019833,0.0013391593538033,0.0013422074423845,0.0012941013867371,0.0013571034004082,0.0013910568560584,0.0013482353091753,0.0014320310285903,0.0014823351651518,0.0015712213096745,0.0016362555314879,0.0017201254722166,0.0018053673415869,0.0018948306607878,0.0019843371431491,0.0020476134477965,0.0020936392217492,0.0022398724257004,0.0022974502396286,0.0023499412052866,0.0024328610966056,0.0024810510758959,0.0026408387632519,0.0026744593372223,0.0027333852694374,0.002798432901167,0.002823664025367,0.0029557494562101,0.0030382209960927,0.0031152582835707,0.0032231870841061
spectrum 69,8.49084630301962e-05,9.14589606546033e-05,0.0001235350711441,0.0001194877159071,0.0001433944506975,0.0001626802047738,0.0001643486558212,0.0001776559182941,0.0001842835206753,0.0001818277128305,0.0001737323623406,0.0002137891014843,0.0002217040068614,0.0002399061829941,0.0002264110600415,0.0002346379095145,0.0002127766922458,0.0002030758679821,0.0002081190098841,0.0001890681532325,0.0001617516205987,0.0001600313138235,0.0001524243526699,0.0001563820891409,0.0001577849586316,0.0001397228584197,0.000143943811396,0.0001669535009488,0.0001755152853548,0.0001874310028018,0.0001830599468955,0.0001862409079123,0.0001808543636612,0.0001694018110144,0.0001844019971699,0.0001905192426696,0.0001313217122242,0.0001216745768941,0.0001800475070029,0.0001893128035827,0.0001930818463325,0.0001817964344316,0.0001912826494578,0.0001714827120983,0.0001828395034527,0.0001737589781125,0.0001565148260708,0.0001603695444861,0.0001580357618335,0.0001564508130288,0.000163652735719,0.0001574201191657,0.0001753019192389,0.0001849709414506,0.0002158943654411,0.0002392686796119,0.000264550254036,0.0001583335096475,0.0001127063243396,0.0001466088682984,0.0001834343394822,0.0002377135587903,0.000264023791474,0.0002512797909067,0.0002396437898358,0.0002579778733388,0.0002718423079349,0.0002748097598645,0.0002468620180573,0.0002568838535954,0.0002898287300682,0.0003211548961811,0.0003299295928227,0.0003516652918134,0.0003583310460963,0.0003570676378541,0.0003734584970631,0.0003918548337065,0.0004298381940043,0.000474639763915,0.0005093540603149,0.0005249383794865,0.0005240115186569,0.0005890113608932,0.0006140439641504,0.0006266633600948,0.0006031424089412,0.0006421652552463,0.0006756926047974,0.0006603922275436,0.0007154574579382,0.0006846383359965,0.0007741733335586,0.0007805062927796,0.0007780824751547,0.0007769180061879,0.0008453898117148,0.0008090720345012,0.0008529328016311,0.0008766239858677,0.0008404616349762,0.0008613928047001,0.000932293464046,0.0009130566376181,0.000919176010349,0.0009455171423413,0.0009081952833363,0.0009617242344595,0.0009658710133083,0.001027445736895,0.0010710042477065,0.0011102499932759,0.0010448892968185,0.0011151084462705,0.0011676921657453,0.0011401090333523,0.0011310647805131,0.0011456503858121,0.0011368449459366,0.0012123771643567,0.0011923965629532,0.0012233121064495,0.0013172128013448,0.0015012462597434,0.0014204485446875,0.0013978848953922,0.0014458876882474,0.001581368146464,0.0015854954145148,0.0015658004870132,0.0017792067251007,0.001671019233476,0.0016421963710493,0.0017498243325934,0.0017395429099173,0.0017378772550734,0.0017956255343626,0.0017720414792444,0.0018621342464689,0.0018343728593617,0.0017963914422126,0.0018503506358802,0.0019033181571587,0.0018648685339881,0.001909990436759,0.0018727410461124,0.001909320768405,0.0019128735103966,0.0019305521644098,0.0018852787435201,0.0019279303200932,0.0018434641246283,0.0019516171342657,0.0018992374178214,0.0019045991927273,0.001918670731918,0.0018220650558422,0.0019603393799391,0.0017603735872514,0.0018499638406242,0.001809390468884,0.0018497495380172,0.0018378554991122,0.0017134197198448,0.001787493169396,0.001764246022229,0.0017004482449134,0.0016450796577798,0.0014398966801466,0.001305902140969,0.0012507056065405,0.0012943121005113,0.0011397958086973,0.0014127309516682,0.001531495683948,0.0015519432182643,0.0015695929695774,0.0016599878978564,0.0016134409692916,0.0019323100878712,0.0018792142233896,0.0020812281124318,0.0022901809684136,0.002481844357917,0.0027293162663276,0.0026736117495139,0.0031554238473904,0.0029853726781345,0.0027379849613099,0.002402599554877,0.0023992383484213,0.0026690272122917,0.0028578069268867,0.0033813351844395,0.0032837631816435
spectrum 70,9.87598270962468e-05,9.94408242099089e-05,0.0001293446342088,0.0001253572853916,0.0001533727631162,0.0001761993122683,0.0001774316715221,0.000202647443043,0.0002077468920594,0.0002045423906149,0.0001697017129287,0.0002213746196826,0.0002229578460643,0.000241558018309,0.0002033993785618,0.0002110488789595,0.0001810954749285,0.0001665297206267,0.0001690913184434,0.0001532927725963,0.0001326891044532,0.0001318492521491,0.000130976282528,0.0001331606093987,0.000133482183856,0.0001234887741741,0.000126358965527,0.0001414659032015,0.0001470739708185,0.0001552712646147,0.0001543968228622,0.0001568345531168,0.0001522759048283,0.0001462612277339,0.0001558821803861,0.0001605132706083,0.0001233759471109,0.000115520768893,0.0001575608385414,0.0001699550700249,0.0001778533839099,0.0001770501912479,0.0001942933582115,0.0001849196767504,0.0002117911302682,0.000222218666366,0.0002156955240543,0.0002377784704962,0.0002494961091335,0.0002609238539438,0.0002587082565849,0.000271025422699,0.0002779986755424,0.0002947456825817,0.0003270853067635,0.0003654391263485,0.0003678110538111,0.000394526045888,0.0004115655615465,0.0004661291278999,0.0004875241495286,0.0004968754195929,0.0005192200088045,0.000550032800717,0.0006105385225761,0.0005924222542044,0.000666063716476,0.0006394945363022,0.0007071495516798,0.0007103805880967,0.0007478226217159,0.0007366867707248,0.0007808289553737,0.0007382678566433,0.0007743317413504,0.0007363693177675,0.0007354909189556,0.0007400393496932,0.0007108935260968,0.0007517358569367,0.0007170371300031,0.0007317441039755,0.0007242888207592,0.00072027976929,0.0007353244771397,0.0007384244888492,0.000706338764025,0.0007447162652764,0.0007467311362812,0.0007217689901755,0.0007487011507136,0.0006978985283252,0.0007974783342184,0.0008007851052759,0.0007631679565336,0.0007752928733375,0.0008290012077355,0.0007633551950935,0.0008428656501653,0.0008403280860873,0.0007930880828415,0.0008063348193315,0.0008528636220456,0.0008213951079113,0.0008375845140259,0.0008447069926637,0.0008115786695549,0.0008662950948475,0.0008680663456339,0.0009011896437781,0.0009271220215727,0.0009615452655023,0.0009149365244177,0.0009720878520796,0.0010121019642788,0.0009797552753033,0.000998276671528,0.0009885312387271,0.0010035675777215,0.0010349311712389,0.0010477699145143,0.0010908609172504,0.0011515482347375,0.001315576558643,0.00124069612279,0.001220027387358,0.0012872508293548,0.0013634524334061,0.001407940528157,0.0014145647571667,0.0015900842118667,0.001491437986973,0.0014817443159069,0.0015715126127281,0.0015638315398803,0.0015981377046502,0.0016471134364438,0.0015955963763162,0.0017274279092851,0.0016648404767762,0.0016419200077685,0.0017236247084711,0.0017386721834756,0.0016978049689949,0.0017681233535957,0.0017263066056167,0.0017364771540859,0.0017658179575392,0.0017945117857577,0.0017350666936567,0.0018137161278401,0.0017276139226207,0.0018318297960967,0.0017526082815648,0.0017706455228907,0.0018024357235033,0.0016843129840514,0.0018221096412997,0.0016097788208297,0.0016919083765805,0.0016287943546279,0.0016824816523989,0.001671655041311,0.0015649308732539,0.0015991090349929,0.0015892448247115,0.0015175535855342,0.0014757818062383,0.0013831843031403,0.001280789366534,0.001233327385528,0.0012859549767772,0.0011571847616102,0.0014614713663626,0.0015638352279272,0.0015873329739904,0.0017424645107412,0.0019708325534343,0.0022153109516077,0.0022343917902232,0.0021157338292227,0.002271002969125,0.0024096461063378,0.0025896212718038,0.0027763475021378,0.0027331408284794,0.0031399946440581,0.0029348220626738,0.0027246375343919,0.0024807271343883,0.0025116986287725,0.0027516505911917,0.0029108053181109,0.0033088779585748,0.0033057136421149
spectrum 71,0.0002433208757186,0.0002035174130928,0.0002181188622406,0.0002066144335344,0.0001972422838679,0.0001754836391167,0.0001743943648155,0.0001719070403082,0.000177525257506,0.0001836591265144,0.00019131429922,0.0002190696433485,0.0002379794966317,0.0002202821376708,0.0002053275955062,0.0002084480534643,0.0002076309144,0.0002175253821003,0.0002244212901956,0.0002312449481964,0.0002373828568958,0.0002422859048676,0.0002249866891826,0.0002423824505742,0.0002513834609242,0.0002677381620055,0.0002673017807107,0.0002798270932039,0.0002857394483096,0.0002819604575958,0.0002795950173434,0.0002960776662178,0.0003183035069631,0.0003142900675095,0.0003257091175298,0.0003358678657524,0.0003607066315879,0.0003590388170691,0.0003766599555886,0.0003905015844533,0.0004041819952499,0.0003805936958339,0.000431776882349,0.0004646679624642,0.0004601370710673,0.0004571577226594,0.0004578632984337,0.000523683769136,0.0004859841510552,0.0005010835865112,0.0005598335580651,0.0005385502190078,0.0005693485323332,0.0005997543150031,0.0006078052715445,0.0006188467156874,0.0005737304077046,0.0006471038343936,0.0006223782544129,0.0006600858969418,0.0006785667281481,0.000733631448048,0.0007673067876425,0.0007169580301734,0.0007297226648133,0.0008647569310742,0.0008326727016103,0.0008843686705676,0.0008525119831976,0.0008655633286185,0.0009768318845454,0.0009916559365042,0.0009869650853342,0.0010522439082184,0.0010144507891625,0.0010693392360129,0.0010771821354115,0.0010764237239698,0.0011668100311464,0.0012230575300198,0.0012415241131307,0.0012380770525282,0.0012546667986565,0.0013804542115058,0.0014151469130389,0.0013634148508771,0.0015536507181011,0.0013966658009072,0.0016209165189824,0.001607262800828,0.0015297625364575,0.0015797747166534,0.0015691447956373,0.0017058417106505,0.0016935300246512,0.0018341942226245,0.001800928776433,0.0016838728398057,0.0018706320840346,0.0017854114393977,0.001958725790842,0.0017341074572006,0.0018565914918472,0.0017222743708533,0.0017785736763924,0.0016464002014576,0.0016876632042458,0.0016174960795049,0.0014947906680696,0.0017608006260194,0.0016061869576801,0.0015808705072012,0.0014915408753938,0.0015572145194494,0.0014832300989295,0.0013783547170084,0.0015585549430589,0.0014011424512599,0.0014267406604403,0.0012631367063914,0.0013915523644838,0.0014020654147125,0.001442083661206,0.0014116513748689,0.0015061265351058,0.0014765201702608,0.0015569872498657,0.001588120861001,0.0016109216820422,0.0015456776482597,0.0017397496477221,0.0016211925280613,0.0015443389195331,0.0016631142917547,0.0016634476184145,0.0017695232230109,0.0016604627954937,0.0018596564048789,0.0017342821800135,0.0018532903911469,0.0018762303193421,0.0016603885972364,0.0020258514493767,0.0017670131360044,0.0017562251943784,0.00177420902172,0.0016710913525337,0.0017237859087195,0.0016019274633641,0.0018563948319436,0.0015709651021409,0.0018371562792004,0.0018006130251886,0.0018384840237408,0.0018099880367204,0.0015426944337106,0.0019046935776188,0.0016957386718012,0.0017271690035347,0.0016020597992091,0.0018158278432183,0.0017202109670036,0.00181354314813,0.0017185067204811,0.0019028806240083,0.0017355820281163,0.0017621649080439,0.0016598362138742,0.0019343072314459,0.0019549041983111,0.0018757586507191,0.0021505542211605,0.0023704035724895,0.0022418213841454,0.002333487713094,0.0025128089660783,0.0026008293776225,0.0028322636240553,0.0028808445975626,0.0032079105931387,0.0032024633100607,0.0034125385671685,0.0036862563292612,0.0037775880757658,0.0040432446627759,0.0042220815343453,0.0045595985134775,0.0046498040917536,0.0047937935192616,0.0049853565003013,0.0047650656924977,0.0045899383016939,0.0049192651714996,0.0052478593560827,0.0045366871715949
spectrum 72,3.36204304042718e-05,3.48880567561575e-05,4.37268101335334e-05,4.22976287226174e-05,4.57109570485205e-05,4.79314263068433e-05,5.06747450427787e-05,5.26586026311438e-05,5.6912310898564e-05,5.8616018416967e-05,6.30776203171838e-05,7.31541902170514e-05,7.67950308925838e-05,8.13936948186713e-05,8.26039135792585e-05,8.68886640696567e-05,9.11204639497641e-05,9.69852036444461e-05,0.0001028448173199,0.0001061134398104,0.0001125679776203,0.000117928467992,0.0001166199410783,0.0001295667625627,0.0001380388307259,0.00014629664864,0.0001560537444337,0.0001651899036193,0.0001730969782952,0.0001813085750605,0.0001952210370656,0.0002089450463937,0.0002196601111254,0.0002305708872021,0.000242543882253,0.0002514811289251,0.0002645384125927,0.0002760212023728,0.0002884074046529,0.0002954823284677,0.0002912269661212,0.0002884991057744,0.0002830335817339,0.0002606765446991,0.0002605901784114,0.0002356629468526,0.0002135348106651,0.0002061840823733,0.0001991473319739,0.0001938226372062,0.000212608744752,0.0001945247791245,0.0002311035245202,0.0002456172193665,0.0002935355796187,0.000311646352211,0.0003626521435666,0.000166939327606,0.0001125204040814,0.0001620392928055,0.000222222731596,0.0003217289705546,0.0003646238914097,0.0003118741529794,0.0002851882189196,0.0003296833192323,0.0003549805535479,0.0003567985360456,0.0002822446461261,0.0003010111599869,0.0003705857467858,0.0004407915787346,0.0004484623738575,0.000483846998527,0.0004798964262354,0.0004767415657414,0.0005104741693744,0.0005457321358079,0.000605622615804,0.0006655572665025,0.0007226225566238,0.0007260741348755,0.000710849399366,0.0007903420549884,0.0008018769127011,0.0008285095876231,0.0008057976611517,0.0008303630133291,0.0008658247640417,0.0008517726683785,0.0008764384086857,0.000886156867527,0.0009061985942628,0.0009177249577883,0.0009271099709104,0.0009235466086384,0.0009553249081263,0.0009568982430937,0.0009453355096127,0.0009593391107794,0.0009666122997357,0.0009716836924039,0.0010055625141033,0.0009928061280324,0.0010059453973057,0.0009988105571458,0.0010073073233586,0.001009626939891,0.0010132365609618,0.0010183587576496,0.0010355268949099,0.0010258985168323,0.0010339445383784,0.001026525081434,0.0010503445955756,0.0010501096475904,0.00104887726872,0.0010451259224902,0.0010330486573801,0.0010472576890059,0.0010444140787909,0.0010519143222353,0.0010521957688234,0.0011369257563356,0.0011091601815214,0.0011100463702169,0.00113102882598,0.0011527307602864,0.0011699730971782,0.0011395169517997,0.0012385797986334,0.001195637395289,0.0011792343511318,0.0012067139181886,0.001212121675892,0.0011989259097498,0.0012069579579405,0.0012133552225295,0.0012585916565628,0.0012169767247777,0.0011918755408521,0.0011943652782442,0.0012493799834381,0.0012131715063593,0.0012324207444293,0.001200372499501,0.001221099829766,0.0012172714752922,0.0012030411781135,0.001201325976926,0.0011941660384556,0.0011784855542056,0.0012157554703859,0.0012128870717338,0.0012085229544109,0.0011851632510321,0.0011705649593359,0.0012325555548203,0.001181695119643,0.0011734599117296,0.0012168917115651,0.0012172159626994,0.0012186988986887,0.0011884208086048,0.0012200517285958,0.0012219077585671,0.0012225758378478,0.0011797939883847,0.001224056354738,0.0012486852915319,0.0012130540606073,0.0012665354058464,0.0013190088486522,0.0013672240200179,0.0014503414292023,0.0015168639738768,0.0015010751973912,0.0015421268666294,0.0015491260191438,0.0017422388558827,0.0018010802976095,0.0019719042289775,0.002035249100432,0.0021033335808636,0.0021739294817057,0.00223486977848,0.0023678217814714,0.0024039360707226,0.0024650786068054,0.0025707125731012,0.0026336385243487,0.0027031986460706,0.0027734951037812,0.002828670721585,0.0029399222386394
spectrum 73,4.19506037207319e-05,2.941772384313e-05,3.15428825304677e-05,3.06909301721651e-05,2.21620577067499e-05,1.4019580359294e-05,1.57656478307369e-05,1.38301914472705e-05,1.92905880831168e-05,1.87833630019603e-05,1.8299545696552e-05,3.15374050896114e-05,4.64069877616373e-05,2.51038019300001e-05,1.79023532062243e-05,1.93523013705936e-05,2.23746244668182e-05,2.55161880486145e-05,3.08763555170683e-05,2.62792585188719e-05,2.5528989457061e-05,3.01002686603581e-05,2.08590973030197e-05,2.45227589833399e-05,3.01537359645108e-05,3.51423399113605e-05,3.84040365614271e-05,4.59618271352721e-05,5.19233721739921e-05,4.34477485484396e-05,4.92474798723335e-05,4.95350847533435e-05,8.35649604435218e-05,7.30577575545006e-05,7.69748559355309e-05,7.8925359567239e-05,8.99490810807858e-05,0.0001039753675471,0.0001200645194577,0.0001172511788243,0.0001225431808919,0.0001168300103225,0.0001407381406036,0.0001962066666815,0.0001737701152083,0.000147589482816,0.0001306501944441,0.0001759266114188,0.00014735119631,0.0001334658670423,0.0001426041341936,0.0001541701833999,0.0001946523043552,0.0002351084395358,0.0002077786099242,0.0002181563496715,0.0001565788890001,0.0001602769014255,9.3591404027924e-05,0.0001507760430881,0.000194906834097,0.0002521561259624,0.0002919194335442,0.0002389959549466,0.0002338466020284,0.000319610418522,0.0003091360275853,0.0003262374992037,0.0002876408391675,0.0002872442830949,0.000406640945528,0.0005013352500626,0.0004612969240095,0.000510664446946,0.0004958920022521,0.0004949236406762,0.0005293192250358,0.0005722123246916,0.000639528488151,0.0007523458686702,0.0007486864640292,0.0007625148079262,0.0007755093275185,0.0008123702507853,0.0009239189655006,0.0008448838869501,0.0009120905986247,0.000868566346737,0.0010406698788643,0.0009621584742496,0.0009194537230374,0.0009365666143203,0.0010276286327336,0.0010083458367323,0.0010043728157938,0.001072365145188,0.0011175146636138,0.00108626500044,0.0011095014825846,0.0010449191819721,0.0011484520642586,0.0009782552949809,0.0011422104610913,0.0010548273725932,0.0011451819854372,0.0010889395438579,0.0010552105076375,0.000974277931696,0.0009338651894445,0.0011186675874091,0.0009678896654324,0.0009774682919959,0.0008432709407608,0.0008639885773116,0.0008339506297446,0.0006909908920918,0.0009024074459151,0.000649914811548,0.0007499009896487,0.0005546894320513,0.000694609959432,0.0006136033925926,0.0007024282956527,0.0005900178048779,0.0006555634225626,0.0006330197844487,0.0006828597363603,0.0006760524097037,0.000760807205655,0.0006389349045441,0.0008103123838971,0.0007482872647616,0.0006472642156449,0.0007353300052984,0.0007213148651327,0.0007157096977501,0.0007159845759301,0.0007410210185866,0.0007020513012871,0.0008573260386506,0.0008586204394557,0.0006070765692764,0.0008616915128122,0.0008203511388436,0.0007654132006762,0.0007725727761013,0.0006396062854768,0.0007495373130989,0.0005509511576128,0.0008808702144891,0.0005887278964645,0.0008741582227553,0.0007818836033167,0.0008606293669831,0.000773300559269,0.0005025613989281,0.0009345136900741,0.0005973470432221,0.0007845358055115,0.0004965487721369,0.0007827766889674,0.0007185685810012,0.0007462183106476,0.000674661642186,0.000815718292774,0.0006994471874245,0.0007068769115653,0.0006225810823866,0.0008415051987235,0.0007354012785319,0.0005699986437704,0.0008192766679887,0.0010372698737197,0.0007432891023201,0.0008364864411588,0.0009472068988394,0.0010106311295442,0.0012739750815546,0.0011938021092618,0.0016839263956821,0.0014714411829896,0.0018343128142047,0.0021501691433072,0.0020945143077787,0.0023040504473159,0.0023880571768788,0.0025917372854731,0.0025956398655808,0.0026099348921697,0.0028744600800996,0.0028686428927403,0.002568268080835,0.0028065846010567,0.0032086592572961,0.0025914338308192
spectrum 74,0.0002099676928934,0.0001549677477657,0.0001629791320241,0.0001545879697508,0.0001371590821974,0.000114441246691,0.0001159287296681,0.0001136716232378,0.0001224709005724,0.0001279147588398,0.0001331929850028,0.0001622322401875,0.000189505140182,0.0001557414592755,0.0001387255184769,0.0001407527666442,0.0001407943872865,0.0001508722004794,0.0001608462535499,0.0001621832198771,0.0001655165318573,0.0001724525993034,0.0001485879878202,0.0001641020511053,0.0001741727365904,0.0001907950623332,0.000192265772916,0.0002050903750024,0.0002137158669992,0.0002025726399592,0.0002048894867656,0.0002159162709041,0.000252351800385,0.000242106395759,0.0002522250589524,0.0002630906720942,0.0002864294828546,0.00029175432574,0.0003114019241842,0.0003228689479383,0.0003370762818732,0.000316353015945,0.0003651145005366,0.0004291330708129,0.0004117064229843,0.0003961266428789,0.0003881535628494,0.0004771616558339,0.0004246975953947,0.0004277493907051,0.0004850289199147,0.0004810546862174,0.0005206762901639,0.0005592917690421,0.0005471096237918,0.0005551728496032,0.0004803084499318,0.0005847241822315,0.0005320600886325,0.0005742835651782,0.0005973490940108,0.0006595392116537,0.0006916358949795,0.0006338083058911,0.0006429653785084,0.0008179462364077,0.0007474829952032,0.0008049422974886,0.0007828926102387,0.0007858022468512,0.0009434523989733,0.0009839703565368,0.0009519074692571,0.0010094143743928,0.0009949692818061,0.0010247834169037,0.0010454281037623,0.0010502652420137,0.0011532325241638,0.001253140990412,0.0012271064899854,0.0012387400558907,0.0012703372236788,0.0013717245508456,0.0014671451955063,0.0013562271896008,0.0015593605479378,0.001400114112911,0.0016890496900983,0.0016063024888886,0.0015214441509317,0.0015678110564344,0.0016039957026259,0.0016983988194124,0.0016863993980684,0.0018553385778656,0.0018431935854831,0.0017258571471341,0.0018948785309821,0.0017661053845034,0.0018560390896835,0.0014764581261031,0.0016568453798498,0.0015233457713343,0.0015731809800509,0.0014839802832605,0.001487992697166,0.001420383591354,0.0013221754113982,0.001620302054602,0.0014555644600938,0.0014595652925136,0.0013336204395826,0.001421414346145,0.0013374816383001,0.0012257800158258,0.0014639036087284,0.001227207838551,0.001309443282841,0.001110684985165,0.0012640574790593,0.0012237916413296,0.0013056079910315,0.0012160397426764,0.0013103218973327,0.0012679672804182,0.0013556722054136,0.0013656646899371,0.0014196200961859,0.0013229839536071,0.0015292039493799,0.0014164745581659,0.0013376104854905,0.001466582164479,0.0014524298659766,0.0015521698558563,0.0014682857309074,0.0016294999370776,0.0015243197616699,0.0016772491801957,0.0017020028856932,0.0014200564307638,0.0018355859868535,0.0016049592673813,0.0015621345156555,0.0015824721331793,0.001418727663238,0.0015200579999381,0.0013330378424041,0.001673191366649,0.0013414333584283,0.0016280552579168,0.0015935746321925,0.0016607383201093,0.0015863229166512,0.0012705053377242,0.0017318267417438,0.0014283240947003,0.0015226213975257,0.0013147303931969,0.0016034688145142,0.0014807336923473,0.0015738650349561,0.0014768233486124,0.0016818520023507,0.0014950346419437,0.0015278873519669,0.0014035361089052,0.0017087719819511,0.0016533476693835,0.0015325833060369,0.0018427001206786,0.0020454977637044,0.0018581427679712,0.0019398893497865,0.0021227361056111,0.0014078755721414,0.0015132318849007,0.0021437473589423,0.0028137655312677,0.0026369411880644,0.0026146974993053,0.0031141073804305,0.0029806825686737,0.0034550678196063,0.0037503101679845,0.0042674304846676,0.0043511026036284,0.0044481804411552,0.0045476477595957,0.0043744692014822,0.0041305482467165,0.0045083286938249,0.00505569513149,0.0040740071832535
spectrum 75,5.40281208532723e-05,5.24413363192629e-05,6.27548604749803e-05,6.10637648527821e-05,6.1319892000119e-05,5.20292861860422e-05,5.64605703300178e-05,5.50297861320299e-05,6.55286432570795e-05,6.61073591116881e-05,7.13995328486017e-05,9.44812968311686e-05,0.0001055076457745,9.05479736591183e-05,7.56665497032128e-05,7.72383532427737e-05,8.29481865228283e-05,9.26608611041006e-05,0.0001094346744232,9.9427723432303e-05,0.0001006984850262,0.0001082098315974,7.51968469429214e-05,9.03538586998155e-05,0.0001114177508858,0.0001285031215688,0.000138551408684,0.0001542556776816,0.0001669198592558,0.0001487463928485,0.0001697699882637,0.000169861563226,0.0002293386143891,0.0002227194838119,0.0002303346436656,0.0002371894132365,0.0002642240087643,0.0002892190971463,0.0003071532552685,0.0003098672461881,0.0003235799941284,0.0003244279609544,0.0003601602055076,0.0004195187842905,0.0004193107308848,0.0003993209293618,0.0003960417200421,0.0004508865452104,0.000446889145476,0.000428664507015,0.0004473369107396,0.0004749309694281,0.000523937609155,0.0005633801595041,0.0005289557491252,0.0005299871417364,0.000483087275634,0.0005868958281555,0.0005344483192057,0.0005768750531697,0.0006072820984089,0.0006411920799955,0.0006689731027064,0.0006487862500011,0.0006769716380985,0.0007412062243549,0.0007497664148593,0.0007753147168186,0.0007879274833265,0.000785997203885,0.0008675475705329,0.0009236278594035,0.000887019472021,0.0009154429795545,0.0009190690991332,0.0009300515794871,0.0009449971203549,0.0009705186780305,0.0009851627839836,0.0010135737949226,0.001031569100745,0.0010225324270651,0.0010404707065136,0.0010525043650064,0.001063991555678,0.0010864677737805,0.0010771575412408,0.0010900437844558,0.0011180119268794,0.0011018979931616,0.0011047307178012,0.0011130729067123,0.0011394190912824,0.0011438664340632,0.0011391806890663,0.0011467637821894,0.0011755876181614,0.0011683428961234,0.0011639048087859,0.0011662859229723,0.0011814369514377,0.0011657308003596,0.0012120661009642,0.0011840112155142,0.0012052073026337,0.0011944330659494,0.0011901526344566,0.0011845244286142,0.0011881759375112,0.0012087733255299,0.0012060904213751,0.0011966098007859,0.0011811189145496,0.0011721373112677,0.0011978201707569,0.0011195786721957,0.0012138778669412,0.0011081714339524,0.0011810606485562,0.001069393013096,0.0011419786559194,0.0011244823160233,0.0011600251623845,0.0011445855564027,0.0011761429305648,0.0011425852432839,0.0012111779856302,0.0012071740843754,0.0012790204228976,0.0012004965038744,0.0013566272688506,0.0012935589154683,0.0012254598003917,0.0013104826598938,0.0012754678694811,0.0012913455976201,0.0013114469822817,0.0013238996881271,0.0013658139191954,0.0013711971160089,0.0013658395710972,0.0012388129629746,0.0014412463364471,0.0013695659894294,0.0013719746087386,0.0013398549177549,0.0012401841742979,0.0012828783787697,0.001144737909246,0.0013554828392718,0.0012267193130456,0.0013281897373139,0.0013680413365775,0.0013611395564276,0.0013386177644286,0.0010887587447027,0.0013497134250551,0.0012177511139749,0.0012926600894634,0.0010380771141117,0.0013582929948031,0.001278065286191,0.0013041064667978,0.0012216239277806,0.0013375793341759,0.0012485894311877,0.0012961892949917,0.0011998338496176,0.0013468080224157,0.0012951429375301,0.0011120036229483,0.0014008417147669,0.00150758335871,0.0013410120184702,0.0014249523131899,0.0015839825695544,0.0016463316474723,0.0018813812433344,0.0018758786143439,0.0021011312147909,0.0021026206799661,0.0022872590365914,0.0023803913314584,0.00241010491346,0.0025002487219473,0.0025650857585049,0.0027215499030791,0.0027509443293642,0.0028113897481669,0.0029433198198209,0.0030013309966931,0.0030259694484482,0.0031200081345547,0.0032284143114478,0.0032175995489666
spectrum 76,5.10779675001434e-05,5.23524297939229e-05,6.63806873798723e-05,6.45582724347601e-05,7.06046479507716e-05,7.63820880730955e-05,7.98554746586328e-05,8.42037329634678e-05,8.96467800214453e-05,9.27042912375094e-05,9.63593970220146e-05,0.000111280640302,0.000115079337178,0.000123344256048,0.0001248047797974,0.0001296848906718,0.0001287287809892,0.0001328431585804,0.0001378838444821,0.0001371733179158,0.0001317230447876,0.0001324659677817,0.0001284380702216,0.000132667366183,0.0001348099526651,0.0001208273320704,0.0001255490144001,0.0001438145875974,0.0001552147936536,0.0001656432565199,0.0001676221648442,0.0001727919243666,0.0001713803356476,0.0001633897650774,0.0001843542620737,0.0001896888868267,0.0001206923894296,0.0001222840178075,0.00019329430202,0.0002020091573906,0.0002156557454572,0.000212393954064,0.0002378783118126,0.0002267536699838,0.000260840041961,0.0002781050543981,0.0002628603333774,0.0003035981783769,0.0003297646643726,0.0003437103861031,0.0003339027960027,0.0003568495223285,0.0003631185512328,0.0004001085900949,0.0004380794677201,0.0004844538531262,0.0004951928521586,0.0005237943926146,0.0005370801597287,0.0005890388345005,0.0006008086810776,0.0006079938539489,0.0006161714957121,0.0006543317902407,0.0006837866434778,0.00068856604631,0.000728015425127,0.0007203997951074,0.0007523716117565,0.0007677889706089,0.0008041125991121,0.0008133857667786,0.0008203777419319,0.0008129612127681,0.0008308358440588,0.00081881002673,0.0008296433946008,0.0008381339579704,0.0008415514762552,0.000863357062227,0.0008600978890998,0.0008641918247453,0.000852139921215,0.0008632723865229,0.0008737319817019,0.0008647665192516,0.0008174386124718,0.0008423706790501,0.0008690446856388,0.0008649924708326,0.0008967500565147,0.0008177423907629,0.0009178761886133,0.0009345049596273,0.0009152641688025,0.0009016010131809,0.0009586226973405,0.0009234353632869,0.0009429316430962,0.000971438760952,0.0009271716439081,0.0009360770201928,0.0009894718469517,0.0009568464363231,0.0009502986784425,0.0009733319113791,0.0009237314041559,0.000975191882935,0.0009865521853469,0.0010047340833158,0.0010311466970893,0.0010391878786642,0.0010037958062379,0.0010561892333109,0.0010786635274611,0.0010647371883998,0.0010383098747642,0.001033916484375,0.0010675718201392,0.0010739171946177,0.0010717194427778,0.0011119076215093,0.0011118208893551,0.0012328222367631,0.0011834720542338,0.001168199029258,0.0012212116819849,0.0012600514445641,0.0012825744962817,0.001254198374008,0.00136761841654,0.0013146759397993,0.0012958945862682,0.00133766362639,0.0013462466509929,0.0013355482955296,0.0013481360245043,0.0013498640455234,0.0014118837827224,0.0013668563231197,0.0013392183444993,0.0013597252765439,0.001408506293985,0.0013729993676508,0.0013990267022389,0.0013624733014294,0.0013912835567849,0.0013903670111216,0.0013857787370691,0.0013710145946554,0.0013744093678822,0.0013453320251399,0.0013958829207692,0.0013871055230622,0.0013869714892127,0.001382569631677,0.0013417939330585,0.0014295606245084,0.0013484517752128,0.0013772140571557,0.0013876484037129,0.0014006687007765,0.0013985558431892,0.001365360087508,0.001392852152491,0.0013952737979298,0.0013883466377724,0.0013387483094239,0.0012681263563841,0.0012032554436738,0.0011287122327582,0.0012231836488317,0.0010782469225875,0.0013659018683642,0.0013968027023216,0.0014630029590183,0.0016411605362501,0.0017808176149956,0.0018913184048215,0.0019299224476002,0.0018161070806243,0.00192242261002,0.0020930360368349,0.0021565125110623,0.0023234299439343,0.0022683198845912,0.002608189742346,0.0025876770650865,0.0025120623675192,0.0021762421313438,0.0021102471919672,0.0024306494626282,0.0026168197021558,0.0030309479431686,0.0029569636987194
spectrum 77,6.88734997938209e-05,7.68954616267198e-05,0.0001070425435821,0.0001054707116012,0.0001277265706856,0.0001465504715916,0.0001446463135938,0.0001560141776863,0.0001447098941753,0.0001466926875029,0.0001496992642243,0.000171641246141,0.0001887383537484,0.0002134005341485,0.0002410417907158,0.0002681360181372,0.0002973170191535,0.0003333141260345,0.0003774341832634,0.0004132647619662,0.0004263712117779,0.0004523341820265,0.0004648116920955,0.0004891644055174,0.0004919700758036,0.0004532765160924,0.0004660002506028,0.0004901583901995,0.0004912462704404,0.0004937036298205,0.0004824684626107,0.0004634898372007,0.0004318676798718,0.0003989916960368,0.0003991738970296,0.0003775398027713,0.0003113662466148,0.0002883433591681,0.0002866246283275,0.0002552953418276,0.0002228610997987,0.0002034875859102,0.0001981893377854,0.0001714541278107,0.0001685937258552,0.0001552990633645,0.0001421407247303,0.0001390524237492,0.0001371289329221,0.0001348770656296,0.0001399486770523,0.0001365111270206,0.0001496331020894,0.0001518023202461,0.0001680817527959,0.0001823925925834,0.000191600525946,0.00014202272781,0.0001080720801108,0.0001324081819458,0.0001540854057991,0.0001803256308749,0.0001938056713987,0.0001913677214497,0.0001880417237905,0.0001958525686795,0.0002023780596705,0.0002083918111926,0.0001967602052285,0.0002030421596478,0.0002177909492265,0.0002363568502412,0.0002384118243979,0.0002501759444728,0.0002565701220903,0.0002594247756487,0.0002673970081976,0.0002753119624107,0.0002954993482558,0.0003155851275781,0.0003377716861248,0.0003454722717828,0.0003548708672885,0.0003927841873609,0.0004044691752035,0.000427619588194,0.0004311333302025,0.0004499490890366,0.000469719694288,0.0004604899337289,0.0004939144910601,0.0005169148736461,0.0005428524928704,0.0005464461572408,0.0005602070047839,0.0005665000221869,0.0005959706579989,0.0006194071686514,0.0006206926224643,0.0006381943734445,0.0006507316909461,0.0006744346512507,0.0007129639593946,0.0007284611327992,0.0007531576316272,0.0007705458034614,0.0008099456669062,0.0008236811585433,0.0008379784994272,0.0008852536846487,0.0009458499352414,0.0009643160044822,0.0009817260277353,0.0009946234944909,0.0010344343728628,0.0010822246660929,0.0010790242444601,0.0011461165253111,0.0010848263585582,0.001228512142981,0.0011665428522224,0.0011558939374224,0.0012772095821333,0.0014129724126507,0.0014177132076324,0.0014376182585187,0.0014068426776831,0.0016462388873414,0.0015889462379672,0.0015573904695985,0.0018536353886886,0.0017050648936831,0.0016999092014734,0.0019086091179339,0.0018403862628391,0.0018500661072841,0.0019614832367356,0.0019431610641156,0.0019977469954177,0.0020565267034525,0.0019846198437141,0.001982251647081,0.0020735448427522,0.0020668238812993,0.0020348536425371,0.0020710955765867,0.0021486659739625,0.0020275572704674,0.0021452672985236,0.0019893145244768,0.0020689268151266,0.0018975957031934,0.0020730712957271,0.0020252655046367,0.0019368780100385,0.0020287898159895,0.0018778522508317,0.0020209334890032,0.0018221412788815,0.0019544338585769,0.0018823992001878,0.0018913283322859,0.0019055109652614,0.0017672435949291,0.0019024062984177,0.0018222118261712,0.0018127744382672,0.0017579480669557,0.0016096008800686,0.0015762129801485,0.001609426536938,0.0015335560396878,0.0015679626232207,0.0015660761694683,0.0018453853364498,0.0018543081886738,0.0016083443980953,0.001642042719235,0.0015870713738856,0.0018898353563875,0.0019658775974932,0.0022509673970572,0.0024993583161674,0.002789908936063,0.0030884970453873,0.0033930979653845,0.0038920118176794,0.0040102621559713,0.0039394458063585,0.0036213032911623,0.0037111191330757,0.0040500132071942,0.0042898321661358,0.0048735158273948,0.0048774323532164
spectrum 78,7.27512077700338e-05,6.96562487322663e-05,8.58613676090445e-05,8.41189003095356e-05,8.93567477880776e-05,7.78557948882234e-05,8.37946310121484e-05,8.35133593926672e-05,9.85139917159426e-05,9.92427447923207e-05,0.0001023409485015,0.0001369909653195,0.000149012484032,0.0001311192938858,0.0001069093810564,0.0001087624146465,0.0001057741693477,0.0001107749080352,0.000124907190191,0.0001087202637446,9.76888816579977e-05,9.81151873262438e-05,7.67847894194159e-05,8.55190559430801e-05,9.5111257190428e-05,9.17029289093463e-05,9.60450478134014e-05,0.0001101730978524,0.0001191100439672,0.0001198197069301,0.0001202034674441,0.0001234081256981,0.0001309839404893,0.0001226328097612,0.0001333463548164,0.000138847523051,9.94257740109722e-05,9.55712319753655e-05,0.0001419190912343,0.0001507318840644,0.0001614778209917,0.0001585455498158,0.0001775566639423,0.0001722840547156,0.000198807619431,0.0002090249689003,0.0001970952312691,0.0002311066021886,0.0002424029934197,0.0002544770939524,0.0002459655012755,0.000262735743676,0.0002750149272661,0.00030632023756,0.0003362232084377,0.0003733129962673,0.0003676233379502,0.000421316921775,0.0004139053059776,0.00047374097916,0.0005042892098971,0.0005151914438684,0.0005322818944757,0.0005528819068426,0.0006037056737712,0.0006213181170739,0.0006781965763346,0.000651915485277,0.0007154745492472,0.0007123541561125,0.0007963362579227,0.0007908324045079,0.00080642892121,0.000783563819679,0.0008027338974393,0.000768881667758,0.0007752364063066,0.0007850049051672,0.0007711972539979,0.0008162750503106,0.0007752030561806,0.0007901496907363,0.0007717095776785,0.0007728455382897,0.0007926864389283,0.0007709233986868,0.0007144359361593,0.0007679490208743,0.0007786566981014,0.000760442306308,0.0008049318745522,0.0007110808495662,0.0008474582025525,0.0008505463568448,0.0008119484811898,0.0008161320939138,0.0008848318307522,0.000808776990015,0.0008859511385047,0.0008931032053014,0.0008299156042286,0.0008386052422854,0.0009084698353067,0.0008653689112477,0.0008605245788447,0.0008865500796852,0.0008213989269281,0.0008797324792459,0.0008894476535989,0.0009455769397678,0.0009611018846126,0.0009928495674992,0.0009206826840925,0.0009953657290673,0.0010286637659646,0.0009614491279018,0.0009898927084377,0.0009370588457471,0.0010069777264804,0.000968380667796,0.0010105023292062,0.0010416834622055,0.0010987638069719,0.0011696801191737,0.0011499872470255,0.001106354252533,0.0011959955196966,0.0012447182072848,0.001307533199127,0.0012562474555429,0.0014344693745656,0.0013456475292322,0.0012835673554165,0.0013973214415915,0.0013621796480557,0.0013882147729193,0.0014228717086956,0.0014169368629155,0.0014869055653488,0.0014935322323661,0.0014839394651244,0.0014059684694076,0.0015757091243234,0.0015136121213387,0.0015338531676236,0.0014996684058936,0.0014114517248633,0.0014664995390562,0.0013380713604413,0.0015292857208998,0.0014258841166712,0.0014934440563942,0.0015657647950664,0.0015304515733973,0.001522415691489,0.001283949471931,0.0015176819533629,0.0014208581368416,0.001424077037925,0.0012290167518339,0.0014846696378381,0.0014422246645596,0.0014553926499959,0.0013366316101836,0.0014522103886536,0.0013686026086634,0.0013837459946965,0.0012884567132083,0.0012243484566104,0.0011098659869972,0.0010040812536705,0.0011451934377374,0.0010216890568867,0.0012416502552294,0.0013035594134902,0.0013829649850125,0.0015282833099465,0.0017748146465052,0.0018939462856091,0.002003602121602,0.0018665476483364,0.0019773284543272,0.0021629284278348,0.0022790904788009,0.0024977597103087,0.0024167459864433,0.0028608367588585,0.0027257875064541,0.0025281270372906,0.0022376487719611,0.0022376887634285,0.0024632776638861,0.00263709365441,0.0031341772712921,0.0029862344190961
spectrum 79,6.60729462240647e-05,4.18974687991844e-05,4.46282394299206e-05,4.22365280973319e-05,3.2406091406789e-05,2.29557953648665e-05,2.47982764516454e-05,2.29077732065901e-05,2.87234029230641e-05,2.89550541988265e-05,2.85320215676455e-05,4.31379585114995e-05,5.96030153051302e-05,3.72349881276539e-05,2.95482773257423e-05,3.06312744013414e-05,3.39727854879256e-05,3.74013022237347e-05,4.18802855941512e-05,3.82528250640849e-05,3.80125443453273e-05,4.18392144830012e-05,3.43144636051835e-05,3.84219081479203e-05,4.27923182434913e-05,4.63547479606038e-05,4.9208182444503e-05,5.51874441968979e-05,6.03650147042115e-05,5.54945123898673e-05,5.89809566292756e-05,6.0684884025621e-05,7.67200824400396e-05,7.14552901879371e-05,7.72406700254142e-05,8.06225713011727e-05,7.49267640200404e-05,7.61718215451258e-05,0.0001007198331589,0.0001022299391657,0.0001096848675755,0.0001032296693048,0.0001240977554157,0.0001463424173053,0.0001487353600664,0.0001423136494217,0.0001302707882471,0.0001797444412471,0.0001603778553583,0.0001560896552389,0.0001651182619796,0.0001843478816997,0.0002031782754205,0.0002405219576587,0.0002262700848689,0.0002421396124094,0.0001814380160338,0.000265636626964,0.0002159213729035,0.000248229522735,0.0002695256630176,0.0003058959192867,0.0003320898616599,0.0002995358267488,0.0003127474908522,0.0004259580697378,0.0003869379689524,0.0004148225444644,0.0004202966541098,0.0004101055991583,0.0005570422587343,0.0005964349537915,0.0005613537720741,0.0005941413131586,0.0005892742219443,0.0005871949589166,0.0006072509400302,0.0006172295482973,0.000668302934189,0.0007677829798487,0.0007130524842988,0.0007310197282387,0.0007394001131769,0.0007584634700047,0.000856455377003,0.0007496739617963,0.0008126339674051,0.0007640571342108,0.0009243755754328,0.0008510031900188,0.0008291228638695,0.0007927931266116,0.0009162231044292,0.0009216535080258,0.000902535703429,0.0009648347015752,0.0010273971962594,0.0009132991264236,0.0010361634235543,0.0009705625628455,0.0010226209647439,0.0008726124946785,0.0010118056011543,0.0009235306041435,0.0009772603784339,0.0009360973280675,0.0008902468196263,0.0008686238297603,0.0008071382975527,0.0010019766561199,0.0008789589365349,0.0009000975919522,0.0007608795295876,0.0008271473755619,0.0007823199609126,0.0006695496576867,0.0008325835542301,0.0006392233436222,0.0007122394900815,0.0005665062026577,0.0006833231617516,0.0006363965590417,0.0007069214342372,0.0006368803936081,0.0006929107633348,0.0006605090059625,0.0007185733257028,0.0007244221173562,0.0007863611643458,0.0006894034234345,0.0008598062444602,0.0007845389480716,0.0007100749970133,0.0008023360204217,0.0007943868505547,0.0008273620719096,0.0008094071938836,0.0008663553776559,0.0008106439577085,0.0009809805925341,0.0009988385396221,0.0007271421637095,0.0010469818534453,0.0009244317747784,0.000869546485845,0.0008896881895266,0.0007333465753086,0.0008324074508087,0.0006500253251931,0.0009752080105588,0.0006822217697309,0.0009432581957392,0.0008924337278603,0.0009709163316873,0.0008784054969066,0.0006068544802712,0.0010261511121454,0.0007147291246176,0.0008516440459249,0.0006109623066108,0.0008771009057456,0.0007971423149163,0.0008434362940367,0.000766075796411,0.0009286820394518,0.0007951877950306,0.0007978573635014,0.0007054787794502,0.0008916494128209,0.0008114956258109,0.0007057784990877,0.0009052436412409,0.0009593975409304,0.0009234942896866,0.0010112261531821,0.0011082277232255,0.0011950983897722,0.0014444310490317,0.0014147321063288,0.0018186643537948,0.0016256338683775,0.0018598142067696,0.0021586395079336,0.0021756419793457,0.0024830612915023,0.0024608815005399,0.0029540238451808,0.0028005946592579,0.0025684101067219,0.002288341252352,0.0022774956577456,0.0024421493034985,0.0026473274890548,0.0033557663690837,0.0027186517575239
spectrum 80,3.24670411169918e-05,3.33615156558853e-05,4.15878848102954e-05,4.02575927042168e-05,4.33430657606613e-05,4.63026995813845e-05,4.86265361900632e-05,5.09947277056778e-05,5.43267353113658e-05,5.65229793797804e-05,5.99296044880156e-05,6.86878729699653e-05,7.16979561411583e-05,7.71451242367453e-05,7.96824164115833e-05,8.35161490523085e-05,8.64615528266765e-05,9.20803620634352e-05,9.65838465022079e-05,0.0001010171853068,0.0001075875014387,0.0001127643390814,0.0001185164771643,0.000128900070323,0.0001327386237282,0.0001386327439019,0.0001460505657976,0.0001545715075253,0.0001616579425607,0.0001721056510903,0.0001851142108457,0.0001975516217531,0.0002038823775962,0.0002145164783356,0.0002270385653379,0.0002346386121605,0.0002467508660206,0.0002570693085795,0.0002710013863983,0.0002841819876733,0.0002871849972894,0.0003038799330926,0.000318382806125,0.0003180174226252,0.0003411610515135,0.0003475034266109,0.000351060351997,0.0003626230826019,0.0003823051528995,0.0003795731489862,0.0003924984694861,0.0004006373413334,0.0004222863029874,0.0004285867084553,0.0004498412951779,0.0004744411995055,0.0004802941179282,0.0004626507181841,0.0004669937087134,0.0005257453133363,0.0005350141630763,0.0005607742504426,0.0005771575246658,0.0005887894059801,0.0006027003217506,0.0006228031192565,0.0006452524562913,0.0006607109255954,0.000654787251089,0.0006739719450901,0.0007048532332416,0.000739659382831,0.0007328580755086,0.000741891568021,0.0007584577846339,0.0007656456884522,0.0007794539518717,0.0007893155820148,0.0008028319710314,0.0008167439097587,0.0008385404337698,0.0008319533965917,0.0008418251332923,0.0008588051616298,0.0008585176879335,0.0008869903965138,0.0008730733496341,0.0008865471385921,0.0009021142438411,0.0008927711586618,0.0009012238128533,0.0009066277173736,0.0009228014485952,0.0009302012146709,0.0009272510166895,0.0009286278666574,0.0009511855811214,0.0009469719315732,0.0009422729355835,0.0009491885365615,0.0009555495534171,0.0009543098068582,0.0009807273182288,0.0009646818738262,0.0009764590930273,0.0009691020661011,0.0009747352048657,0.0009799181162437,0.0009858303066004,0.0009808406415437,0.0009943423981496,0.000984284544919,0.0009941689093277,0.0009922045978783,0.0010066596352144,0.0010097932052964,0.0010046323755682,0.0009990103682934,0.0009997812014866,0.00100070344205,0.0010033596406929,0.0010155300156451,0.0010042202276584,0.0010873737321125,0.0010589992601838,0.0010604683560157,0.0010847722988604,0.0010992259646121,0.0011188495598812,0.0010917694278317,0.0011804058847871,0.0011412153688189,0.0011281525618359,0.0011514215209794,0.0011580562695624,0.0011493913314763,0.0011526292993274,0.0011587605425458,0.0012045710394127,0.001161168115287,0.0011377839542858,0.0011472477950385,0.001193119613468,0.0011587290889363,0.0011779853215299,0.0011465192962589,0.0011689446055697,0.0011651419463353,0.0011598120971307,0.0011475540942068,0.001145567227851,0.0011276423934622,0.0011624650448276,0.0011603808800481,0.001156624068033,0.0011501719444791,0.0011196339700222,0.0011895839398696,0.0011325208734894,0.0011489273389361,0.0011658382423565,0.001169084626416,0.0011710995316979,0.0011528050261863,0.0011709515277411,0.0011763160354248,0.0011779761785524,0.0011407036866074,0.0011860874775962,0.0012285374720286,0.0012036061235457,0.0012445587524916,0.0012916009692932,0.0013783318379455,0.0014401264109781,0.0015040035380921,0.0015774103594497,0.0016457594606749,0.0017356901719066,0.0017874557921877,0.0018552047695736,0.0019780999716552,0.0020206388022726,0.0020762962802174,0.0021438954002603,0.0022028704105927,0.0023340391091148,0.0023692205138698,0.0024290923516109,0.0025306776867113,0.0025892661274572,0.0026626097377122,0.0027321209750166,0.0027864603403913,0.002898178761508
spectrum 81,7.34987585470978e-05,4.08571063924093e-05,4.18253965062509e-05,3.97842900620764e-05,2.91271237134487e-05,2.05676662628746e-05,2.20750486939487e-05,2.0580920781585e-05,2.56319205026544e-05,2.58007460628458e-05,2.60219487743696e-05,3.88102252229926e-05,5.43280237355999e-05,3.31768944465952e-05,2.61833464150216e-05,2.75735924661865e-05,2.96527735800094e-05,3.32233774455022e-05,3.80420918481804e-05,3.50373020287761e-05,3.50568331741702e-05,3.88292121580398e-05,3.00530381022592e-05,3.45005919114948e-05,3.92337754177622e-05,4.39192850349079e-05,4.64057911938349e-05,5.27959905883866e-05,5.83620839829365e-05,5.19800988720421e-05,5.53337063340195e-05,5.75606236694996e-05,8.05560711950055e-05,7.31158626852771e-05,7.81528156638242e-05,8.17495554928648e-05,8.12946724608539e-05,8.99691666169544e-05,0.0001112251078832,0.0001111895810549,0.000117942956041,0.0001107976557387,0.0001367405260001,0.0001829244919114,0.0001713948661464,0.0001530536280926,0.0001403770520846,0.0002037827206817,0.0001725045427366,0.0001610596424659,0.0001735833924726,0.0002006525280832,0.0002254591049034,0.0002745505479744,0.0002350606615911,0.0002490138942264,0.0001728222526236,0.0002616616129754,0.0002040715292172,0.0002370259992648,0.0002586191149624,0.0002983198842641,0.0003299754240041,0.0002893565130508,0.0002986787045551,0.000426379748029,0.0003761800444126,0.0004090214901132,0.000408398126085,0.000396200139446,0.0005554043585352,0.000615930437631,0.0005630020038424,0.0006070899762883,0.0005987941702857,0.0006045919854975,0.0006310534630846,0.0006479714763556,0.0007161267824804,0.0008331070794304,0.0007793217155741,0.0007984536199366,0.0008249516860081,0.0008449399007885,0.0009867345339017,0.0008409116951741,0.0009689843979745,0.0008628549563642,0.0011213349939858,0.0010063789223356,0.0009410738283881,0.0009389834907574,0.0010469025245688,0.0010594801883254,0.0010459348342219,0.0011644008776705,0.0012099334035706,0.0011138942414523,0.0012132788313367,0.001097122180778,0.001159847178105,0.0008393637907361,0.00103436973743,0.0009182041567986,0.0009906531367377,0.0009487999767871,0.0009054888843015,0.0008705456111253,0.0008168937389597,0.0010659568501402,0.0009120330502861,0.0009333176638415,0.0007917250965151,0.000849908229643,0.0007926609826649,0.0006095708442722,0.0006572017590864,0.0004859677910115,0.0004846226132542,0.0004088791609027,0.0004643733121299,0.0004387900652363,0.0004340428637954,0.0004333500510985,0.0004697259815098,0.0004482305332747,0.0004945460777661,0.0005148995935177,0.0005381198319262,0.0005181290999665,0.0006276887800245,0.0005960958983042,0.0005792301923519,0.0006434809946931,0.0006641588332796,0.000678268204617,0.0006791128485108,0.0007196044336131,0.0006910228514711,0.0008238063736528,0.000812303977494,0.0006210723025982,0.0008187827060169,0.0007908346370747,0.0007526552422931,0.0007527614776272,0.0006578855728794,0.0007660276065323,0.000595478946386,0.0008687473881475,0.0006079291679345,0.0008809278911147,0.0007672569047112,0.0008521796546309,0.0007740725359325,0.0005520713569602,0.0009476889925223,0.0006310023648582,0.0007920064997432,0.0005645975710793,0.0007923324172324,0.0007432282271269,0.0007744348721721,0.0007134716918646,0.0008439181300569,0.0007379819569438,0.0007473760176384,0.0006690062651186,0.0008850449651236,0.0008014298205402,0.0006855351786315,0.0009069257414993,0.0010367687574249,0.0008953760085086,0.0009744840072157,0.0010923335951836,0.0007885681604795,0.0008921548732086,0.0013142527357437,0.0018040142978071,0.0015320869044201,0.0016174157970464,0.0020521324161774,0.001941171972796,0.0023966914197967,0.0025431017339108,0.0030983515769833,0.0030385292160611,0.0028728607126618,0.0025750258187229,0.0025034406255707,0.0025833770234287,0.0028733858095545,0.0037926495496629,0.0027264263664897
spectrum 82,7.0958415316275e-05,7.9190443932502e-05,0.0001079202509063,0.0001048199738281,0.0001226515121231,0.0001362213295475,0.0001356963522907,0.0001429530202691,0.0001409154049087,0.0001398344216359,0.0001481439107358,0.000169914473406,0.0001849346842666,0.0002039424172686,0.0002241453146976,0.0002396627669903,0.0002570254080032,0.0002786067489555,0.0002978929496798,0.00031643227343,0.0003377152876366,0.0003549085977796,0.0003763483845512,0.0004042495749767,0.0004084997566711,0.0004180689691897,0.0004344298607958,0.0004495996026737,0.0004594610846773,0.0004762158224749,0.0004976034449869,0.0005094288449645,0.0005019426117714,0.0004983039065247,0.0004965245415389,0.0004782179852958,0.0004508803972793,0.0004077257013592,0.0003487493198626,0.0002936660234136,0.0002450129202872,0.0002187962194972,0.0002094831565381,0.000179648088781,0.0001755266463143,0.0001603242465653,0.0001473950569644,0.0001445070248787,0.0001430132651083,0.0001403330232067,0.0001460547220009,0.0001423357557537,0.0001559583090252,0.0001585331657829,0.0001756807130688,0.0001897106484951,0.0002011124505911,0.000145476615801,0.0001150867824254,0.0001396715894315,0.0001609219044684,0.0001888075516665,0.000202973590513,0.0001986336764177,0.0001945654625441,0.0002039064539584,0.0002111456356333,0.0002164499561104,0.0002030733757914,0.0002097656326361,0.000226673390696,0.0002464498464986,0.0002484479167955,0.0002609142823749,0.0002667373067238,0.0002690379731268,0.0002783551472168,0.0002873510142145,0.0003093081392658,0.000331955570837,0.0003574823625996,0.0003657531601667,0.0003750613560247,0.0004203574451049,0.0004341912636851,0.0004583582122748,0.0004603277592619,0.0004848649897947,0.0005098589654172,0.0004984913203404,0.0005400054258185,0.0005707563415456,0.0006002255945598,0.0006040500329045,0.0006244046969895,0.0006291993922878,0.0006662087368407,0.0006984457192874,0.0006948939911435,0.0007211155933691,0.0007378838345001,0.0007688530710698,0.0008183236132465,0.000848120875762,0.0008828771280497,0.0009028290812883,0.0009587602571853,0.0009600197930353,0.000971238456852,0.0010369895163655,0.0011191966025084,0.0011395151868553,0.0011456269094561,0.0011351142827037,0.0012029579565822,0.0012449203986442,0.0012389558016303,0.0013244353371218,0.0011860061531555,0.0013871573872097,0.0012990451985711,0.0012543021676767,0.0014124018721042,0.0015485419379201,0.0015297264526693,0.0015535929491949,0.0014701378923024,0.0017050559502262,0.0016236590320012,0.0015674229400247,0.0018546829544077,0.0017303932153339,0.0016893247911838,0.001832828791868,0.0017940459327804,0.0017566751566002,0.0018421774809309,0.001848353706403,0.0018662953567992,0.0018876634312669,0.001842413842925,0.0018344097905356,0.0019469197585606,0.00189214979928,0.001897860414058,0.0018956107497716,0.001945148778388,0.0018860671280761,0.0019369290995913,0.0018682338123782,0.0018965478629058,0.0018127033561541,0.0019198542215963,0.0019010882374449,0.0018640317119067,0.0018953568695927,0.0017974935667791,0.0019306908192984,0.001776508871798,0.0018657810569849,0.0018487732469185,0.0018437746485452,0.00186160909095,0.0017437767425176,0.0018617984322707,0.0018144870480781,0.0017973654280832,0.0017663378610954,0.0016518486773238,0.0016498560659179,0.0016960859489826,0.001588248887291,0.0016659646626295,0.0016014759639997,0.0018864311733653,0.0018966425439601,0.0016235094931888,0.0016544830039909,0.0016118330922136,0.0019069353832578,0.0019958017044621,0.0022705037296755,0.002498815004071,0.00275452792711,0.0030030921465017,0.0031895336649612,0.0034638284496506,0.0035575748256868,0.0036511976427186,0.0038119731144229,0.0038958431969503,0.0039876161449845,0.0040780598348049,0.0041427264301906,0.0042969045253749
spectrum 83,2.1625730133046e-05,2.43951051962895e-05,3.38970639144732e-05,3.3915264283332e-05,4.01968429040843e-05,4.58472982827132e-05,4.45820329737316e-05,4.74615095261589e-05,4.37114922464059e-05,4.47757590319743e-05,4.60256389615103e-05,5.25707923511126e-05,5.87281315912215e-05,6.66609229415334e-05,7.59751882793734e-05,8.39711866070492e-05,9.44455966320394e-05,0.0001071659397526,0.0001231433450562,0.0001415992794873,0.0001566378538912,0.0001732669719637,0.0001891446109842,0.0002074191261161,0.0002076621277396,0.0002047253280525,0.0002138975527799,0.0002092950375659,0.0002037256174309,0.0002020445847346,0.0001992190560899,0.0001941515605716,0.0001792304368476,0.0001694367324415,0.0001638076797479,0.0001551411794712,0.0001468375350481,0.0001359237579335,0.0001216085892558,0.0001105195801259,9.77346324415585e-05,9.0978045099301e-05,8.84920469849528e-05,7.64491322835786e-05,7.62566958866138e-05,6.98621461955789e-05,6.37989802370606e-05,6.26330012224659e-05,6.09155030073123e-05,6.01227739394185e-05,6.23659251104275e-05,6.07337949065311e-05,6.66990813370214e-05,6.73338331356337e-05,7.54923074373513e-05,8.23447990660358e-05,8.59406033554008e-05,6.11420699671789e-05,4.67632663536948e-05,6.04754385176655e-05,7.28722171976657e-05,8.46502508838342e-05,8.90718255844688e-05,8.81309776432312e-05,8.7169293235621e-05,9.07527127067396e-05,9.34294671310676e-05,9.67032656157024e-05,9.10267576175663e-05,9.51333452174731e-05,0.0001036804705529,0.0001130860582528,0.000114369423163,0.0001208006447564,0.0001238465322147,0.0001250823821105,0.0001289428180522,0.0001305189968275,0.0001413540055316,0.0001515185637862,0.0001631064925682,0.0001667817235305,0.0001701494719782,0.000188630540155,0.0001925187508627,0.0002030253909445,0.0002036840302614,0.0002142847183505,0.0002221563724616,0.0002177956740573,0.0002346857784819,0.0002474847780987,0.0002587682309821,0.0002556285347557,0.000262781283753,0.0002663990609505,0.0002813708500373,0.0002926795441743,0.0002944528435252,0.0003023390443851,0.0003093523201869,0.0003222083391556,0.0003402929371914,0.0003480615335861,0.0003605972075624,0.0003674754380236,0.000387563064765,0.0003936822506686,0.0004002841606817,0.0004214043028892,0.0004492329117159,0.0004564501617116,0.0004676977385178,0.0004718410301654,0.0004884654707051,0.0005137031875907,0.0005111379589621,0.0005430396510616,0.0005156652423821,0.0005793775956311,0.0005544082140873,0.0005480039552162,0.0006003413330499,0.0006606511916228,0.0006668815155826,0.0006801404037164,0.0006663991429346,0.0007649121805217,0.0007477718067406,0.0007356986273014,0.0008670298907301,0.0008032781969101,0.0008013467631119,0.0008975787715079,0.0008670943203281,0.0008739797219938,0.000929975706151,0.0009225560965703,0.0009538205424342,0.0009821531230283,0.0009546012277868,0.0009492156250079,0.0010047803514312,0.0010042781541202,0.0009931699573846,0.0010108824385091,0.0010520700199853,0.0010034434852951,0.0010594218867336,0.0009996706265472,0.0010325542766544,0.000960810510294,0.0010511750588227,0.001032958409914,0.0009888427446849,0.0010410479835035,0.0009666682747156,0.0010412789872973,0.0009510937013221,0.0010209276923988,0.0009864434362103,0.0009959000545857,0.0010087908052805,0.0009437673068173,0.0010141138474191,0.0009759964184489,0.0009775529107393,0.0009490521959008,0.0009279129187386,0.0009468686934155,0.0009849465415989,0.0009563282483556,0.0010357156902484,0.0010052384528109,0.0012149688217273,0.0012654018972291,0.0011077797728453,0.0011417289215197,0.0011058172874326,0.0013510982180446,0.0014190372700906,0.0016469689878878,0.0018261608556369,0.002036862597546,0.0022419200309792,0.0024784167820416,0.0027938013684137,0.0029544488850274,0.0031535735950902,0.0034023106515192,0.0035441808460338,0.0037225680121205,0.0038985718521314,0.0039848281070637,0.0042337673634708
spectrum 84,9.46368811032808e-05,0.0001039836566002,0.0001421031114947,0.0001389566789703,0.0001648356677002,0.0001813467594383,0.0001807745518963,0.0001947866114565,0.0001848682452065,0.0001871482427825,0.0001941221067384,0.0002226930489206,0.0002428126438031,0.0002652663612843,0.000289962839945,0.0003180542857836,0.0003508477013334,0.0003970608304597,0.0004563920121726,0.0005142496479707,0.0005738633462264,0.0006354303903206,0.0006345391486095,0.0006933236278173,0.000708467091516,0.0007076045360043,0.000722778728886,0.000708643531262,0.0006900060725864,0.0006589454377923,0.0006408474677279,0.0006225549776753,0.0005942509937234,0.0005546400970952,0.0005229746700236,0.0004896820728823,0.0004540970524245,0.0004131038594228,0.000366297737899,0.0003237284911789,0.0002822916439791,0.0002601041130984,0.0002530516020595,0.0002212657302636,0.000217562421495,0.0002021056028043,0.0001863855718286,0.0001824707203445,0.0001820106596746,0.0001794341592528,0.0001847581113282,0.0001823296279099,0.0001975709280578,0.0002004257298342,0.000218477896081,0.0002361120878179,0.000246282200349,0.0001953202710867,0.0001567270494295,0.0001793662383513,0.0002023333117409,0.0002329074061997,0.000249966464282,0.0002482161767197,0.0002449459125972,0.000253410597308,0.0002618225276011,0.0002691151439603,0.0002571251253108,0.0002637505059859,0.0002793693299164,0.0003008972795401,0.0003027950442635,0.000316036535281,0.0003240949623988,0.0003279203918494,0.0003371270147255,0.0003478813729802,0.0003705605231984,0.0003935531572023,0.0004190511314792,0.0004277008595348,0.0004400070113758,0.0004828337687016,0.0004969404967431,0.0005254215988624,0.0005299604727148,0.0005511583186716,0.0005747023170172,0.0005641364535353,0.0006007191935913,0.00062737408921,0.000656565658704,0.0006640525298848,0.000679125448396,0.0006874417499948,0.0007200522679274,0.0007469090600405,0.0007479087499338,0.0007666692076526,0.0007830297345214,0.000808075277434,0.0008522903340434,0.0008680505598826,0.0008975167025898,0.0009163318212483,0.0009616446899229,0.000976881816222,0.000994251201969,0.0010438101365144,0.0011081823537352,0.0011259027206031,0.0011526567538002,0.0011631732099922,0.0012068766481738,0.0012377373253154,0.0012286572134712,0.0012638372637956,0.0011915567163675,0.0012768619780233,0.0012308241428819,0.0012043152922237,0.0012894701799807,0.0014131706816681,0.0014268987991228,0.0014331265472235,0.0014234707490969,0.0015733454966701,0.0014916565284016,0.0014792870878706,0.0016503867546035,0.0015365894634695,0.0015235317173571,0.0015478590511599,0.0015996730906105,0.0014594407941239,0.0014866122589609,0.0014894893553351,0.0015167567653467,0.0015715322330189,0.0014779135418171,0.001424650743017,0.0015020603005771,0.0016205064139232,0.0016048537073988,0.0015679529932209,0.0016798898390735,0.0018541425466977,0.001808542642321,0.0017566608368956,0.0015756933362527,0.0018210250963891,0.0016410983168389,0.0016989263414127,0.0016791784706222,0.0015819336755998,0.0017919362308059,0.0015569644213573,0.0017611362840801,0.0017413811455942,0.0017134060765743,0.0017898793620126,0.0017476761722267,0.0017266504521689,0.0017964345442635,0.0018003233338565,0.001812908057215,0.0018323884027364,0.0018570438020126,0.0018270304470352,0.0018620105017379,0.0017812150683132,0.0018583734890902,0.0018027234407219,0.0021070042844759,0.0021156392594824,0.0018280146755466,0.0018712495723318,0.0018254518250404,0.0021256335135649,0.0022308639155437,0.0025296874666009,0.0027907252582852,0.0031059951647801,0.0034208210120136,0.0037881188070501,0.0043049807191569,0.0045747226027608,0.0049207580632383,0.0053456166962153,0.0056235965062582,0.0058552828866781,0.0062126919995392,0.0064344403583388,0.006629183915101
spectrum 85,3.68136885722787e-05,4.12616090076293e-05,5.72410512617585e-05,5.68295506568685e-05,6.7843502729448e-05,7.7404014000156e-05,7.58793565510757e-05,8.11011961144422e-05,7.49838623342856e-05,7.64862644299465e-05,7.83598397942263e-05,8.94102150066145e-05,9.89493410331076e-05,0.0001120899576017,0.0001273205623311,0.0001414081470142,0.0001589212046956,0.0001807018562321,0.0002076741307535,0.0002372235171342,0.0002597123250333,0.0002858931384108,0.0003070582437149,0.0003299450836517,0.000330478840518,0.0003140791022863,0.0003241252358862,0.0003243583042333,0.0003195584948336,0.0003167373933648,0.0003104005970315,0.0003000597338936,0.0002776150037607,0.0002602149774121,0.0002542422739638,0.0002402448176532,0.0002138586398749,0.0002005809187202,0.0001830875846193,0.0001633724298573,0.0001427884463997,0.0001316915129249,0.0001280381875442,0.0001108554155624,0.0001097344489616,0.0001010624747524,9.25020808543176e-05,9.0675432257968e-05,8.8936335042713e-05,8.77426591440087e-05,9.08842496338758e-05,8.87755716779308e-05,9.72573218289382e-05,9.8415718123375e-05,0.0001093758746909,0.0001189671221901,0.0001243615287861,9.12704296670779e-05,7.01530324659314e-05,8.79863959935332e-05,0.0001037927642507,0.0001202096379381,0.0001276635073896,0.0001264313339521,0.0001248108390171,0.0001297818501279,0.0001338175521479,0.0001381962799936,0.0001305361439651,0.0001355700844645,0.0001463811054697,0.0001591218379492,0.000160638172754,0.0001690006448961,0.0001733417043343,0.0001751737693043,0.0001805446712795,0.0001842562169726,0.0001985181099182,0.0002122212781346,0.0002276669619509,0.0002327090832702,0.000238277199304,0.0002635890883238,0.0002701227630365,0.0002853246715211,0.0002870888146856,0.0003007481537606,0.0003126306525929,0.0003065741130775,0.000329389203701,0.0003461892093912,0.000362637052145,0.0003614528598498,0.0003710495162569,0.0003758720958811,0.0003958581579445,0.0004117498734583,0.0004134711081003,0.0004245319735202,0.0004338831894064,0.0004507285808033,0.0004758657764297,0.0004862468235571,0.0005032513230884,0.0005137527145873,0.0005413277529354,0.000550321746768,0.0005599573619832,0.0005904869333842,0.0006288058609765,0.0006396999792469,0.0006554179171431,0.0006622853931909,0.0006852533539686,0.0007202382761031,0.00071733834158,0.0007603707232251,0.000725877835254,0.0008131033655397,0.000777603834527,0.0007713086166932,0.0008420474294725,0.0009278206591043,0.0009361459319016,0.0009530973708745,0.0009389512973622,0.0010755827699013,0.0010543781399291,0.0010389264059724,0.0012179957171728,0.0011273539987853,0.0011282348391737,0.0012613232478934,0.0012186252179354,0.0012339528617541,0.001302401114221,0.0012909939157086,0.0013398432364639,0.0013745923749311,0.0013281588465448,0.0013269246272539,0.0013893256529333,0.0013901402078758,0.0013761494980532,0.001394797912447,0.0014480107685857,0.0013823966816127,0.0014560287760741,0.0013649457516575,0.0014095948248814,0.0013086132936262,0.0014255614826452,0.0014004917206589,0.0013385401887962,0.0014053434941035,0.0013064496958533,0.0014019550950599,0.0012795227684994,0.0013707016609313,0.0013217517828887,0.0013343816410585,0.0013471941562836,0.001260249015519,0.0013519710615829,0.0012985138050848,0.0013000400740744,0.0012587120963591,0.0011995763053915,0.0012002431095991,0.0012375673082275,0.001191965388803,0.0012646110933601,0.001235880903498,0.0014783037331048,0.0015143769846411,0.0013176716403042,0.0013527871125137,0.0013116827393934,0.0015770863251467,0.0016507269015463,0.0019008020691905,0.0021103073983379,0.0023556906803142,0.0026045731098436,0.0028905519115971,0.0032885946458078,0.0034578013513142,0.0036022423429841,0.0035893669871756,0.0037355024680411,0.00402517707175,0.0042506521514949,0.0046131018361947,0.0047749284157173
spectrum 86,0.0001016415227398,0.0001121837593825,0.0001538115833833,0.0001499405056132,0.0001782272876306,0.0002006885482708,0.0001995201807281,0.0002131322839818,0.0002017755259559,0.0002034681854393,0.0002082838361002,0.0002365709477839,0.0002553109573194,0.0002830928375934,0.000312757004142,0.0003420400746587,0.0003765989125269,0.0004229022922298,0.0004744098862865,0.0005332545324652,0.000598291698883,0.0006665385045587,0.0007287943408266,0.0007780767958499,0.0007671464954653,0.0007413767618121,0.0007513241613887,0.0007339708137558,0.0007043749932832,0.0006874210529716,0.0006747943636861,0.0006495306764587,0.0006007225096704,0.0005656208844541,0.0005413253458938,0.0005050838081321,0.000470093449164,0.0004290821061537,0.0003827003115839,0.0003401027211326,0.000296518493314,0.0002735535778689,0.0002654652481628,0.0002312217096424,0.000226722565217,0.0002100041361736,0.0001927415282802,0.0001882630027046,0.0001867806958588,0.0001835970723508,0.0001901637120443,0.0001859995196121,0.0002030652444964,0.0002059761763048,0.0002263286680182,0.0002448141681478,0.000256647665649,0.0001965540210497,0.0001509994343665,0.0001798605081218,0.0002059692795726,0.000240123869041,0.0002586940533278,0.00025567251514,0.0002513199894161,0.0002610815178306,0.0002699168846568,0.0002774532646537,0.0002631307748646,0.000270117429987,0.0002875378906712,0.0003108230415725,0.0003130096233423,0.0003271640731137,0.0003354180193364,0.0003392744720694,0.0003491117033618,0.0003607497350358,0.0003849446329024,0.000409464243095,0.0004364444187384,0.000445582475778,0.0004581143386798,0.0005034447000382,0.0005182391104758,0.0005478746843364,0.0005523570497046,0.0005742793972455,0.0005989641549251,0.000588034223322,0.0006255854270405,0.0006526677203861,0.0006825278834167,0.0006904456561604,0.0007061610805914,0.0007141668575177,0.0007479172475419,0.0007747168198561,0.0007749757741522,0.0007942321456715,0.0008107523652127,0.0008355280706857,0.0008805906575973,0.0008953577166834,0.0009248929601486,0.0009429690592852,0.0009862719442831,0.0010015478143244,0.0010182004484313,0.0010645950230811,0.0011270803151686,0.0011428844280889,0.001168436286541,0.0011782907079061,0.0012216541993633,0.0012715797321002,0.0012722156052156,0.0013336904988646,0.0012810699134515,0.0014117728500086,0.0013610807896293,0.0013574653167367,0.0014587652853362,0.001605058137715,0.0016062497734401,0.0016307017092678,0.0016156258161818,0.0018172400425597,0.0017850664117733,0.0017543805945175,0.0020283030836629,0.0018960271268925,0.0018936905356017,0.0020715953777686,0.0020236545150451,0.0020360167425211,0.0021179764203743,0.0021131480948185,0.0021845301710905,0.0022128539249104,0.0021369867590314,0.0021452475325266,0.0022324450726166,0.0022150267398982,0.0022049824665085,0.0022163061887991,0.0022900588942809,0.0021973953846054,0.0022898057412085,0.002154693186929,0.0022136059521672,0.0020767854624902,0.002225259094669,0.0021941588625004,0.0021184175291254,0.0021888800035181,0.002061408984668,0.0022026553483002,0.0020257211820498,0.0021394482771394,0.0020908375833808,0.0021000163851146,0.0021123474220297,0.0019948342961884,0.0021168620950826,0.0020528285151864,0.0020501918459923,0.0019895731062504,0.0019015666438998,0.0018928366346359,0.0019362035787899,0.0018351373385598,0.0019131227426713,0.0018631973453963,0.002196765915926,0.0021775957711959,0.0018635406542241,0.0018956481255216,0.0018342276914444,0.0021588654015518,0.0022646446480939,0.0025756545245836,0.0028430257876693,0.0031641367564897,0.0034777361054105,0.0038294007529684,0.0043230147580693,0.0045720221680576,0.0048878545512356,0.0052428496150809,0.0054839158822081,0.00578271650074,0.0061069382235479,0.0063079875521979,0.0066967867524138
spectrum 87,5.41575349436808e-05,5.53051290337968e-05,6.85217701583654e-05,6.58891210905216e-05,7.04551864227146e-05,7.5000602945422e-05,7.8007122359818e-05,8.14093397494635e-05,8.57979926569638e-05,8.87700349814065e-05,9.31300121010343e-05,0.0001058331744234,0.0001096197995564,0.000117435818795,0.0001209935513327,0.0001260113180778,0.0001290420231744,0.0001368605162729,0.0001426241292076,0.000148818615632,0.0001575624586695,0.0001641742380635,0.0001734106599307,0.0001859597867715,0.0001891079030915,0.0001929865307833,0.0002003828554907,0.0002123624878933,0.0002233368134786,0.0002371595294803,0.0002524730229509,0.0002672288903629,0.0002728775138896,0.0002828401365191,0.000300157788573,0.000308980819758,0.0002867688447349,0.0003121456135182,0.0003496045860589,0.0003645768918847,0.0003688185885144,0.000383951310616,0.0004069913463427,0.0004072481769276,0.0004387097560272,0.0004454697324692,0.0004486844204653,0.0004665408982955,0.0004953985733262,0.0004982794133663,0.0005033036286827,0.0005250134435307,0.0005422487068404,0.0005532768703541,0.0005707784127696,0.0006036310202002,0.0006051688868518,0.0006289107914652,0.0006436183771875,0.0006783103709696,0.0006832392838401,0.0006983777671984,0.0007140263157388,0.0007369178351169,0.0007576201381519,0.0007687398116586,0.0007935469555001,0.0008119633577815,0.0008180106261126,0.0008366807197075,0.0008621115576732,0.0008959306540836,0.0008860891230135,0.0008944494963101,0.0009132629161133,0.0009198494721263,0.0009337095163161,0.0009431562413959,0.0009563930113559,0.0009710671203183,0.0009942563823381,0.0009858294750863,0.0009960118505898,0.0010139153437365,0.0010131661712293,0.0010438318755026,0.0010251862322628,0.0010394407633406,0.0010589789243516,0.0010480041490935,0.0010583583257808,0.0010580761507089,0.0010824272554305,0.0010915126405952,0.0010873595611575,0.0010870489432844,0.0011150838753248,0.0011092500809124,0.0011034440742919,0.0011137235364403,0.001117867507661,0.0011171504784542,0.001149188800115,0.001128982209475,0.0011416922664211,0.0011351245648877,0.0011378994114629,0.0011470829089493,0.0011543112149899,0.0011490588185083,0.001165607574704,0.0011546136375913,0.0011635018160483,0.0011641248125397,0.0011814407960041,0.0011842769650501,0.0011769507468717,0.0011707329483279,0.0011734163606617,0.0011746518252009,0.001177199644083,0.001193068147952,0.0011799587812968,0.0012791156846423,0.0012448907326816,0.0012459615140301,0.0012757639577729,0.0012935785201752,0.0013166462055849,0.0012850242599106,0.0013896528448999,0.0013433814676607,0.0013281093875541,0.0013559670752834,0.0013639638522791,0.0013541181879872,0.0013579650944084,0.0013651582554681,0.0014195538137115,0.0013686181616566,0.0013411704028006,0.0013535096739865,0.0014068278658408,0.0013666387969907,0.0013896827342716,0.0013527302666411,0.0013797709247928,0.0013755407746293,0.0013707416185432,0.0013549609331903,0.0013534451676088,0.0013319918450009,0.0013733785443805,0.0013710385987044,0.0013669223374007,0.0013619686824651,0.0013235146554447,0.0014076958905155,0.0013390403085811,0.0013632279431228,0.0013787595004151,0.0013833779944942,0.0013859226191529,0.0013656884206058,0.0013858184912851,0.0013925785486458,0.0013946101525785,0.0013515049356818,0.0014025710028919,0.0014480044775188,0.0014177916910786,0.0014818104190459,0.0015116870106281,0.001644443131653,0.0017046255327294,0.0017841483106095,0.0018790852933921,0.001958660225494,0.0020607644155111,0.0021123834165653,0.0021400060398535,0.0022920253026664,0.0023598451270152,0.0024126679202251,0.0025036582957931,0.0025442580830495,0.002719310546486,0.0027513768248965,0.0028046736893673,0.0028219334443048,0.0028340110784963,0.0030021136010249,0.0030959021974567,0.0031973078708438,0.0033008296196181
spectrum 88,1.27440675814444e-05,1.32996310582473e-05,1.68474721244012e-05,1.65866650696519e-05,1.8168176384479e-05,1.98245196725156e-05,2.11439971798967e-05,2.26134651856747e-05,2.44220466680871e-05,2.5871163598808e-05,2.77925184796476e-05,3.22883116468057e-05,3.41774936142078e-05,3.73716166651291e-05,3.92808908194747e-05,4.16534869151356e-05,4.33943666226293e-05,4.67211674640316e-05,4.93063279715039e-05,5.2083969078901e-05,5.59220527522043e-05,5.89761055615808e-05,6.3303628629407e-05,6.89953420863348e-05,7.11068916227477e-05,7.46749070174915e-05,7.94582193101361e-05,8.50169503928145e-05,8.99092543400191e-05,9.71132382231877e-05,0.0001055181419258,0.0001136324430382,0.0001181698803372,0.0001255074792929,0.0001340640414285,0.0001396169488092,0.000148534644214,0.0001555255375991,0.0001649378660886,0.0001742236725904,0.0001770985725201,0.0001882414482102,0.0001966096605333,0.0001939198460845,0.0002064352467289,0.0002095558375161,0.0002108303672484,0.000219442328089,0.000225937099959,0.0002195299512435,0.0002379817086097,0.0002290886801789,0.0002554708339643,0.0002600157278242,0.0002879702161619,0.0003008517151707,0.0003171740978753,0.000230737855277,0.0001980094583188,0.0003016977915043,0.0003233655958173,0.0003715763575098,0.0003897581368895,0.0003775110036749,0.0003755922789791,0.0004140189024875,0.0004343680684912,0.0004415879850355,0.0004041053146148,0.0004269401664142,0.0004758127882802,0.0005191684439994,0.0005161172292248,0.0005261531887644,0.0005374848317449,0.0005429085881483,0.000559299966339,0.0005710983455663,0.0005868057746779,0.0006024892884273,0.0006226354946523,0.0006190146020734,0.0006233401546076,0.0006428772824704,0.0006439926600041,0.0006657294803012,0.0006548952147103,0.0006664165933574,0.0006801068072302,0.0006733368589262,0.0006810675670905,0.0006856454710837,0.0006982819824092,0.0007043714554285,0.000703104710577,0.0007040725673084,0.0007217849227961,0.0007189155893364,0.000715005921369,0.000720699894027,0.0007256412149612,0.0007251186348668,0.0007455700626155,0.0007336073704807,0.000742619625673,0.0007369827951641,0.0007414890468539,0.0007452428312537,0.0007496447712645,0.0007463807066229,0.0007567899672875,0.000749136711951,0.0007566561906778,0.0007547852176754,0.0007662219845154,0.0007684906644842,0.0007646140021873,0.0007605107856762,0.0007601839765712,0.0007616667560367,0.0007632046261806,0.0007721936296146,0.0007638990932102,0.0008272070277378,0.0008053326266607,0.000806418157509,0.0008244004200149,0.0008355112292221,0.0008500108544159,0.0008292604282272,0.0008965342209117,0.0008665449293887,0.0008563874995845,0.0008738589707659,0.00087863756841,0.0008719287204312,0.0008740309947859,0.0008783918880312,0.0009127540981273,0.0008795985994143,0.0008615454822583,0.0008688683073121,0.0009027889984756,0.0008763992378157,0.0008906679638078,0.0008665059062664,0.0008832690198567,0.0008799403579613,0.000876367918937,0.0008657063380393,0.0008641107957839,0.0008500162205824,0.0008757603376405,0.0008738347095962,0.0008706052199183,0.0008668856740259,0.000841949457143,0.0008949167796178,0.0008509347105874,0.0008656977719574,0.0008751975248936,0.0008774182557413,0.0008786281471487,0.0008654347443304,0.0008776337624242,0.0008814373649206,0.0008823348534141,0.0008547237110172,0.0008792889096005,0.0009056453634297,0.0008822638067517,0.0009040420672712,0.000936195186447,0.0010000067338758,0.0010462966065285,0.0010960553187623,0.001147058778763,0.0011948321008497,0.0012638318200045,0.0013160863212893,0.001370188581374,0.0014719909641684,0.0015092826262853,0.0015574389193495,0.001613910074505,0.00166673677482,0.0017734084334893,0.0018091066545437,0.0018640128787691,0.0019526591995151,0.0020091577311963,0.0020694882556811,0.0021300268548101,0.0021780761964931,0.0022723241940341
spectrum 89,3.69305905782418e-05,3.62830545029636e-05,4.40706055978866e-05,4.30175047994914e-05,4.37559387436227e-05,3.76672317183308e-05,4.10850594445273e-05,4.02338747271368e-05,4.83584231402001e-05,4.85626491418665e-05,5.28250458167452e-05,7.05647700112554e-05,7.864729568709e-05,6.80659851053837e-05,5.68563009338886e-05,5.87510348710451e-05,6.39423982537961e-05,7.18277553391285e-05,8.52703034504749e-05,7.62889976834538e-05,7.78654811815615e-05,8.4140451985344e-05,5.74686865354865e-05,7.01667183627918e-05,8.8218610042892e-05,0.0001016659555442,0.0001113908285448,0.0001243184748649,0.0001353250581893,0.0001216657699564,0.0001395111048002,0.0001394834260242,0.0001873502121684,0.0001842857783318,0.0001902817371437,0.0001974461176568,0.0002171099347685,0.000240269998093,0.0002561584148255,0.0002571060325787,0.0002692709120278,0.0002722999293148,0.0003023510843391,0.0003445178425647,0.0003498667793419,0.0003353496122803,0.0003327454481025,0.0003755890968208,0.0003781071613123,0.0003629356275804,0.0003737076708233,0.0003997809627056,0.0004409664678561,0.0004730263942629,0.0004464725606153,0.0004506983096031,0.0004134157536828,0.000501178056692,0.0004581046588297,0.000496247230358,0.0005225814898732,0.0005506196019503,0.0005764943641918,0.0005642832248581,0.000591698745363,0.0006385867918592,0.0006527472802279,0.0006740288547136,0.0006860462389935,0.000688417841264,0.0007520105990075,0.0007983859651049,0.0007721997231851,0.0007946577950436,0.0008010529165309,0.0008113341725006,0.0008249680178377,0.0008450630339016,0.0008576127839518,0.0008805397721284,0.0008983713001687,0.0008912957300422,0.0009059943870309,0.0009181954534636,0.0009259792184522,0.0009488327082871,0.0009391038607136,0.0009513819716728,0.0009738136249338,0.0009610578375776,0.0009654386851045,0.0009724899258291,0.0009943861110851,0.0009992226310035,0.0009953922815138,0.0010010797646358,0.0010262031955627,0.0010208056676507,0.0010164034671139,0.0010197364336834,0.0010318421091974,0.0010210164593496,0.0010590185157498,0.0010361774449128,0.0010537581682258,0.0010452270295131,0.0010428247737618,0.0010407352719251,0.0010452491801222,0.0010587335265222,0.0010611252027717,0.0010518239958786,0.0010435980850367,0.0010352336366478,0.0010591675839067,0.0009985082955558,0.0010686942011557,0.0009875030057387,0.0010439427922466,0.0009571330321208,0.0010137883293835,0.0010002905972323,0.0010273872020706,0.0010232399077488,0.0010464183721032,0.0010171259070034,0.0010775481503391,0.0010752233797252,0.0011353086645983,0.001068177036533,0.0012044275415005,0.0011502444759274,0.0010933223819069,0.0011612080245667,0.001135385694327,0.0011424610049631,0.0011651354031026,0.001171192484562,0.0012122512188218,0.0012119412426284,0.0012035585151568,0.0010988816065803,0.0012699805046581,0.0012115810862203,0.0012153942629889,0.0011856335880624,0.0011064321305296,0.0011367378151631,0.0010183656075717,0.0011976284633292,0.001093786793162,0.0011728257957128,0.0012121858058763,0.001204250550387,0.0011864272868875,0.0009700192069748,0.0011899128545567,0.0010822559407128,0.0011471063438009,0.0009168506159081,0.0012048627787108,0.0011391246293199,0.0011540724794809,0.0010814895626443,0.0011843416104957,0.00111071394495,0.0011497956657494,0.0010666439250551,0.0011893327238527,0.0011438287794246,0.0009729637316145,0.0012312024912267,0.0013214944054101,0.0011786966950497,0.001261005063084,0.0014020259904019,0.0014651658675861,0.0016688953575194,0.0016733140088347,0.0018565734815317,0.0018606632833411,0.002029701271527,0.0021034445976098,0.0021343929848169,0.0022175764323262,0.0022739052966447,0.0024187653642396,0.0024502253951233,0.0025088091401747,0.0026205296548291,0.0026658314612547,0.002719111730895,0.0028032234732885,0.0028986275864718,0.0029239901258742
spectrum 90,8.91714141110861e-05,9.92955366334206e-05,0.0001378044456511,0.0001349445963049,0.0001631466596778,0.0001862842551616,0.0001844509125113,0.0001986948160715,0.0001861839073812,0.0001874726798961,0.0001921879202064,0.000220342623453,0.0002409723688593,0.0002702957969731,0.0003033140946082,0.0003350211557061,0.0003695190506971,0.0004120515836235,0.0004603483231048,0.0005004990249711,0.0005214210785708,0.0005490541598884,0.000562785485377,0.0005920676942034,0.0005952812384544,0.0005532868209496,0.0005670291565234,0.0005976232180602,0.0006031936422596,0.0006059189420476,0.0005976502814609,0.0005773545173988,0.0005403885077886,0.0004988099147754,0.0004963683637321,0.0004659908506361,0.0003852376153748,0.0003572224851441,0.0003476808354125,0.0003080077456081,0.0002682102231975,0.0002451968967069,0.000238478129029,0.0002067595898521,0.0002029649260139,0.0001871876508402,0.0001717354936768,0.0001679760409235,0.000166329836822,0.0001634139433358,0.0001695229952967,0.0001655700780391,0.0001810665132559,0.0001837688615837,0.0002027003861641,0.0002194576694686,0.0002307231433251,0.0001732648092008,0.0001336369200556,0.0001603967115693,0.0001845588063868,0.0002158356212653,0.0002325342863415,0.000229400175405,0.0002252416240824,0.0002345869368299,0.0002425795600378,0.0002493246624612,0.0002357610788338,0.0002425568822873,0.0002592889430827,0.0002808571257461,0.000283060138945,0.0002964510344739,0.0003038791868873,0.0003072839123884,0.0003166159659142,0.0003269644601977,0.0003500149766588,0.00037335840237,0.0003990708317239,0.0004079810108427,0.0004193242622866,0.000463417309212,0.000477597042951,0.0005048104263489,0.0005088406622519,0.0005301955347178,0.0005541856234017,0.0005435444779073,0.0005813302729051,0.0006076540804145,0.0006373433246185,0.0006439872341527,0.0006601357820106,0.0006669422071885,0.0007010652909583,0.0007280044607165,0.0007282864722376,0.0007490620762354,0.0007639315933592,0.0007903800259004,0.0008355622553555,0.0008537348214103,0.0008830775813508,0.0009031062905187,0.0009484980886741,0.0009626174885606,0.0009788498194383,0.001033262090328,0.0011044410045504,0.0011255189970479,0.0011440536600292,0.0011556926746258,0.0012063819224909,0.0012586158730721,0.0012566044971583,0.001335036470351,0.0012531285638727,0.0014263090902419,0.0013515039158073,0.0013343554037348,0.0014796709558786,0.0016350947312473,0.0016346237556127,0.0016579670262221,0.0016098613373254,0.0018907992504546,0.0018133285675507,0.0017681831620571,0.0021117724230134,0.0019455466522818,0.0019298240367818,0.0021549173400703,0.0020842667417622,0.002077150559791,0.0021993313647801,0.002187978864029,0.002232803999692,0.0022958867788335,0.0022199172157085,0.0022119523013271,0.0023261477928761,0.0023043660423222,0.0022725266073973,0.0023100476279176,0.0023913269990016,0.0022620157965784,0.002384111127069,0.002221539937754,0.0023058967837621,0.0021237428010754,0.0023105760329965,0.0022610743704829,0.0021727145287135,0.0022619712367044,0.0021020745912802,0.0022622691025681,0.0020435989316377,0.0021857991779712,0.0021148125543704,0.0021192572947115,0.0021351181205221,0.0019801328512226,0.0021314999165261,0.0020461161335225,0.0020332989920758,0.0019771168536363,0.0018062864324633,0.001767691647233,0.0018032413662811,0.0017125009205378,0.0017461228562905,0.0017384379290174,0.0020355341048454,0.0020331518319349,0.0017578376735718,0.0017908940766169,0.0017346467020096,0.002048857240644,0.0021324664274385,0.0024295831201279,0.002688224912028,0.0029884027370769,0.0033029791801521,0.0035989169994607,0.004121329671332,0.0042582814604144,0.0041957610629878,0.0038337882291995,0.0038985010488549,0.0042604558111521,0.0045124509945811,0.0051167862601711,0.0050785528168576
spectrum 91,9.41657651320915e-05,9.55388439395038e-05,0.0001241375301908,0.0001199553196345,0.0001410235640649,0.0001602549359007,0.0001627300621175,0.0001789432589554,0.0001861653223198,0.0001877757785668,0.00016897336781,0.0002111140171796,0.0002133547763725,0.0002297257865832,0.0002075248153329,0.0002141974740263,0.0001880833561889,0.0001772232811181,0.0001804652852971,0.0001632087141618,0.0001399957248512,0.0001389251667792,0.0001345581235762,0.0001374390868332,0.0001379193605924,0.0001236081932884,0.0001270184685176,0.0001454260565863,0.0001524356845557,0.0001625739678891,0.0001596459897807,0.0001627431999792,0.0001581704861855,0.0001499084712194,0.0001618679543697,0.0001674327079369,0.000120288893754,0.0001129822863105,0.0001629341884041,0.0001755611337064,0.0001850576697475,0.0001828441715469,0.0002004562754086,0.0001878333670388,0.0002157331688731,0.0002269557295112,0.0002158543189239,0.0002413897950835,0.0002501996196945,0.0002608269290569,0.0002607708873515,0.0002655466702053,0.0002800195777307,0.0003008389372222,0.0003471133047879,0.0003883930692984,0.0004043985592113,0.000359264949261,0.0002901703333502,0.0003912275500093,0.0004551161184797,0.0005076221577138,0.0005374078657366,0.0005448366105987,0.0005691512944998,0.0005831718561969,0.0006507583209924,0.0006245036452184,0.0006235783562471,0.0006331349624683,0.0007066122224704,0.0007290232729294,0.0007657342186605,0.0007413699140008,0.0007634035738039,0.0007302660884021,0.0007423288834923,0.0007570365943655,0.0007523800932874,0.0008014602392167,0.0007708895515742,0.0007875262448834,0.0007676966176697,0.0007788239183034,0.0007941179807365,0.0007861751512361,0.0007345504086827,0.0007883977661321,0.000795671290195,0.0007719803835738,0.0008165326131668,0.0007361370606162,0.0008632845461158,0.00086660281607,0.0008280359701277,0.0008362889757164,0.0009014503019268,0.0008249879388219,0.0009104435594041,0.0009135801232253,0.0008521598404221,0.0008654609210696,0.0009280422299016,0.0008888958346654,0.0008912409850632,0.0009113558699556,0.0008596856341595,0.0009203432950961,0.0009297806462634,0.0009763346786993,0.0010017048561465,0.0010376082493466,0.0009770412369978,0.0010560093966174,0.0010918064430052,0.0010583610817031,0.0010519457327532,0.0010475416429694,0.0010749877443367,0.0011064447490566,0.0011142330465775,0.0011628282175217,0.001219038329549,0.0013947744527012,0.0013106573355598,0.0012849949650158,0.001362889813748,0.0014496094725666,0.0014859742720353,0.0014795797023323,0.0016499170226014,0.0015544455943349,0.0015363642438774,0.0016244475617895,0.0016203598358491,0.0016357864665871,0.0016775265937868,0.001645128040313,0.0017557525880362,0.0017048172291714,0.0016744627471732,0.0017432513526497,0.0017743441842372,0.0017409065091338,0.0017934752374716,0.001748250899918,0.0017782723661062,0.0017966681016024,0.0018080574206979,0.0017680127182838,0.0018167373644708,0.0017380755167604,0.0018383894696199,0.0017807077979039,0.0017960352951351,0.0018115286565506,0.0017158049677442,0.0018509470512805,0.0016563696430425,0.0017398374727634,0.0016927366642259,0.0017423077665686,0.0017249934251529,0.0016203361130623,0.0016671551230404,0.0016544618980784,0.0015916729563076,0.0015351876311783,0.0013866056910869,0.0012667918174793,0.0012072252216869,0.0012714545242328,0.0011229351634839,0.0014347648023791,0.0015178044588873,0.0015469575564747,0.0017056859134992,0.0019157519259009,0.0020832800216881,0.0021584872429058,0.0020266521017605,0.0021590278386324,0.0023277828252205,0.0024898404181853,0.0027026738246219,0.0026293103123829,0.0030758755462441,0.0029005396002303,0.0026779382904112,0.0023888223693419,0.0023937090724093,0.002645058440781,0.0028188535797862,0.0032862738831508,0.003218385459731
spectrum 92,1.28074833157041e-05,1.33853169250377e-05,1.69719263511585e-05,1.67169638734823e-05,1.83247734240459e-05,1.99612502425652e-05,2.13203246909135e-05,2.27599470624567e-05,2.46425300096346e-05,2.60510300267148e-05,2.80592898719117e-05,3.26387467776802e-05,3.4572934953101e-05,3.77516627788267e-05,3.95647721418679e-05,4.19861267507814e-05,4.38837689726554e-05,4.71945695356553e-05,4.98682831786572e-05,5.25632633019669e-05,5.63721230158266e-05,5.94742199796061e-05,6.32746948592115e-05,6.92495126113794e-05,7.17408946580951e-05,7.55694299958346e-05,8.04727053485239e-05,8.6131233667642e-05,9.10982316048406e-05,9.82629218067744e-05,0.0001068281177519,0.0001150941887007,0.0001198225232611,0.0001272598247577,0.0001358997924926,0.0001415558910087,0.0001506138686324,0.0001577107929108,0.0001671582709174,0.0001763149255619,0.0001788914642701,0.0001889565815845,0.0001947448592923,0.0001883957458017,0.0001986471540086,0.000199371239495,0.0001973855881857,0.0002023703276808,0.0002026692584916,0.0001965533472145,0.000216595246939,0.0002021281318822,0.0002333563203946,0.000239889553533,0.0002740176255824,0.0002839473164071,0.0003093783239062,0.0001839666935916,0.0001264598064636,0.0002371797580374,0.0002800794432274,0.0003464449382418,0.0003700423934629,0.0003403681114847,0.0003282944895448,0.0003762365064608,0.000398041027372,0.0004023043713455,0.0003418254668702,0.0003684238438417,0.0004318271238269,0.0004888410328417,0.0004862678107281,0.0004998675742415,0.0005072254798333,0.0005100195335632,0.0005321943688884,0.0005482953246181,0.0005708440972119,0.0005931159413551,0.0006177486107381,0.0006144513048373,0.0006127252949469,0.0006414669773866,0.0006433865702248,0.0006643800449029,0.0006517021638846,0.0006645006535494,0.0006805374297251,0.0006732724367824,0.0006826438888143,0.0006873102526955,0.0007002413869618,0.0007066938844886,0.0007067244075203,0.0007071573559421,0.0007258009381622,0.0007232758334891,0.0007185311237626,0.0007249492381975,0.0007299145172975,0.0007300034940425,0.0007512175890899,0.0007394199450334,0.0007484970741902,0.0007426986917013,0.0007474733627375,0.0007508639971295,0.0007550595838987,0.0007527245126561,0.000763440331093,0.0007557247499241,0.0007631568802569,0.0007606551668922,0.0007730396432418,0.0007749850585623,0.0007714175552764,0.0007674913793458,0.0007658386194115,0.0007686612987956,0.0007696377990157,0.0007782984032748,0.0007708878268847,0.0008346922560707,0.0008126495721066,0.0008137270030792,0.0008314565861166,0.0008431517098393,0.0008574715423607,0.0008363801278355,0.000904679269808,0.0008742886555331,0.0008638446861916,0.0008816466135114,0.0008863488102641,0.0008793497231009,0.00088173829669,0.0008860974828318,0.0009205884936212,0.000887302086438,0.0008690533568417,0.0008761291936242,0.0009106275627198,0.0008839437225093,0.0008982662218966,0.0008739190569924,0.0008907060578425,0.0008872773487616,0.0008832314512347,0.0008729742874171,0.0008711863811682,0.0008570033367416,0.0008830198780985,0.0008810192997368,0.0008777095702603,0.0008730683084128,0.0008487698186347,0.0009017601241569,0.0008576823035798,0.0008708994780795,0.0008821268566674,0.0008842222411654,0.0008853715791318,0.0008713382335862,0.0008843788672825,0.0008880572931789,0.0008887946163442,0.0008605911978389,0.0008848459731288,0.0009086337778223,0.0008845031375068,0.0009074032763423,0.0009399857268102,0.0009996531167632,0.0010489591255504,0.0010985909110332,0.0011397058705934,0.0011823070998261,0.001243701089073,0.0013122325857385,0.0013644589268886,0.0014725474152738,0.0015111614531686,0.0015598595551585,0.0016162443831062,0.0016691772888752,0.0017758873185556,0.0018116915454793,0.0018667712219814,0.0019557951544827,0.0020128738577144,0.0020728207165436,0.0021334350392231,0.0021814966640348,0.0022758750022578
spectrum 93,9.28954429594215e-05,0.0001027935601939,0.0001414118343342,0.000138174329162,0.0001648705007044,0.0001863384705827,0.0001849689219182,0.0001979558660988,0.0001865849287381,0.0001883733070288,0.0001927372176175,0.0002193123595896,0.0002376416668522,0.0002646363855379,0.0002939413354192,0.0003229286407011,0.0003569016821359,0.0004019199804569,0.0004534155800919,0.0005098225473539,0.0005637588401339,0.0006213833280282,0.0006665370220544,0.0007078312006256,0.0007033811422649,0.0006650982218682,0.0006741609626651,0.0006741472399824,0.0006581523674761,0.0006452025566869,0.0006315715968121,0.000606045757651,0.0005605836198727,0.0005232703803711,0.0005061910875032,0.0004733018361137,0.0004234138644857,0.0003928083115315,0.0003589123754194,0.0003189928585363,0.0002779788593316,0.0002558242308249,0.0002483687139969,0.0002158898561326,0.000211740080508,0.0001958823658255,0.0001796877304987,0.0001755696621947,0.0001740120796604,0.0001710866763513,0.000177243321406,0.000173326004144,0.0001893325861187,0.000192053916502,0.0002113047244833,0.000228722013778,0.000239852186797,0.0001827158469637,0.0001404091868219,0.0001678943332922,0.0001927167046865,0.0002247458283705,0.000242003720967,0.0002391910194895,0.0002351423069655,0.0002443782456766,0.0002526254267266,0.000259776666791,0.000246223459261,0.0002530296564252,0.0002697063494696,0.0002917463298161,0.0002938942459135,0.0003074325619467,0.0003152338991129,0.0003188619971863,0.0003282175475283,0.00033890461243,0.0003620719007965,0.0003854557688523,0.0004112165620741,0.0004200299494871,0.0004318417210352,0.000475347919334,0.0004893713983558,0.0005174014906064,0.0005216978636114,0.0005428415662691,0.0005662475047713,0.0005557062936331,0.0005922514558997,0.0006184007497223,0.000647199549003,0.0006539532246867,0.000669175326564,0.0006767654200076,0.0007093656076594,0.0007353991913049,0.0007358571272628,0.0007546163702365,0.0007701847626337,0.0007946915872555,0.0008380268905568,0.0008529626561736,0.0008813259323148,0.0008991877190457,0.0009415932569189,0.0009564534676143,0.0009725808983991,0.0010191827706383,0.0010810841545591,0.0010975014125909,0.0011215449415294,0.0011320426909669,0.0011745550787338,0.0012244683898432,0.0012244867080484,0.0012878113244971,0.0012332391500174,0.0013679645517462,0.0013141090371094,0.0013088109424425,0.0014157387302218,0.0015595945823566,0.0015629280255535,0.0015867395114215,0.0015679849395079,0.0017814308295596,0.001742728574304,0.0017119473240207,0.001994031980523,0.0018556442471209,0.0018539441205177,0.0020430794728826,0.0019886129314275,0.0020007198023405,0.0020909894138084,0.0020827671808127,0.0021495199171934,0.0021894107313123,0.0021110790731314,0.0021159634908197,0.0022024242673388,0.0021900850492505,0.0021724652255959,0.0021915346945622,0.0022673721685694,0.0021644174494197,0.0022660744401476,0.0021204702271537,0.002184647861158,0.0020374155880392,0.0021927971689151,0.0021573128961805,0.0020757900814561,0.0021524625358656,0.0020190425911433,0.002158901476597,0.0019772987432919,0.0020956272858539,0.0020400585550359,0.002049150968324,0.002061653155581,0.0019391193307299,0.0020645978335659,0.0019959950637261,0.0019921818273315,0.0019325769846331,0.0018290284651107,0.0018125163182918,0.0018518314748877,0.001761260619816,0.001826374744742,0.0017899098354971,0.0021063740873922,0.0020983371560981,0.0018014892309992,0.0018341383162756,0.0017752067080894,0.0020932734548203,0.0021889436460248,0.0024930694567767,0.0027570365595224,0.0030670835774084,0.0033785863466515,0.0037150033456804,0.0042158725127482,0.0044325146266281,0.0045972155517441,0.0045061362896853,0.0046633679452886,0.0050311272196093,0.0053121221288782,0.0058205080396533,0.0059477079887366
spectrum 94,7.04389205403498e-05,4.215899686183e-05,4.44669138836892e-05,4.10354816037317e-05,3.32930417614042e-05,2.73423152229842e-05,2.86937448605631e-05,2.79697428720497e-05,3.1844865122052e-05,3.21621157103853e-05,3.21725788102973e-05,4.3028180171259e-05,5.49302939035236e-05,4.06450957810234e-05,3.61684295603549e-05,3.62075962526308e-05,3.91590675621599e-05,4.23240818904549e-05,4.57245815759083e-05,4.39042114177078e-05,4.50059449627173e-05,4.83942618886025e-05,4.36080786128594e-05,4.83578788308504e-05,5.13066381814992e-05,5.47453587688511e-05,5.74029935054103e-05,6.31316894945866e-05,6.70136906308153e-05,6.34495590495689e-05,6.80316487830107e-05,6.86735663715413e-05,8.40995128665198e-05,8.04244397292282e-05,8.42217875910901e-05,8.75695293089125e-05,9.34435029156964e-05,9.93255074407166e-05,0.0001112642002309,0.0001131380008219,0.0001190961475153,0.0001118504439705,0.0001373023529874,0.0001706894408498,0.0001601120964848,0.0001484106278032,0.0001407144669629,0.000193552383274,0.0001638723964289,0.0001590221914115,0.000175402774266,0.0001941617220767,0.0002128607765096,0.0002465133323894,0.0002238480600358,0.0002341913920004,0.0001758916851054,0.0002492697979458,0.0002054133838577,0.0002305084435944,0.0002444743553085,0.0002820838885889,0.0003094106750936,0.0002749791468569,0.0002828966354235,0.0003890950793589,0.000348505600183,0.0003815465936493,0.0003744592278194,0.0003717046165155,0.0004879530655834,0.0005246194226812,0.0004943810917655,0.0005412332173768,0.0005253302225579,0.0005418335887433,0.0005619704459624,0.0005616756867627,0.0006288077932389,0.0007095991833141,0.0006922558504949,0.0007041516742544,0.0007170660417677,0.0007748796564119,0.0008697927405325,0.0007577359232424,0.0009244875996777,0.0007840862259231,0.0010142668904009,0.000942929165136,0.0008738220917956,0.0009015985587334,0.0009356806751358,0.0009912664911178,0.0009883866517514,0.0011144354184273,0.0011195662424435,0.0010112472464538,0.0011468570727168,0.0010310237037547,0.0012169568970835,0.0009473145981787,0.0011364276459234,0.0009970168740937,0.0010859882672863,0.0009929487499055,0.0009820100764755,0.0009145603132108,0.000812284893755,0.0010630844118562,0.0008886085336861,0.0008800249754828,0.0007646670893039,0.0008112608288278,0.0007472680682613,0.0006525007895475,0.0008294033205165,0.0006478225156672,0.0007045315266867,0.0005577284142839,0.0006742558259654,0.0006251828812542,0.000686422927679,0.0006105917102567,0.0006748413804848,0.0006492588066958,0.0007003884053087,0.0007005210371927,0.000749439492316,0.0006565056231321,0.0008072533040143,0.000738676063457,0.0006764069363502,0.0007534490216191,0.0007523451743086,0.000791088313912,0.0007648630479739,0.0008350164335341,0.0007716554836451,0.0009159522958499,0.0009421785925905,0.0006950261442384,0.0010124019933285,0.0008651258435157,0.0008130180611025,0.0008375076569184,0.0007060520060817,0.000777664403454,0.000636294509582,0.0009042571795541,0.0006592427046084,0.0008686596137307,0.0008394712320376,0.0009082372376533,0.0008311186580263,0.000611108932298,0.0009484947239175,0.000699875785769,0.0007987329259691,0.0006191170473261,0.0008325093037391,0.0007613647357264,0.0008028947067658,0.0007441805195074,0.0008910194156124,0.0007711353834988,0.0007683265966415,0.000692938930221,0.0009056512365694,0.0008542993278197,0.0007770579150146,0.0009730903206626,0.0011387882046713,0.0010211693853584,0.001106356646729,0.0012084027603119,0.0012860006305208,0.0015099156440816,0.0014843571774309,0.0018937504996517,0.0017180239287952,0.0020001698629213,0.0023782970975938,0.0023452285569266,0.0026473444905408,0.0027689606312923,0.0031575480453803,0.0031263712602259,0.0030984949838339,0.0030857734361813,0.002983814132566,0.0027931871619135,0.0031123766635749,0.0038935241388382,0.0028295513592902
spectrum 95,0.0001073900868497,0.0001079562281897,0.0001349315475268,0.0001287374463863,0.0001390178408449,0.0001426531235567,0.0001487286470243,0.0001537299110221,0.0001651051277069,0.0001678917547807,0.0001740986699121,0.0002042539391689,0.0002107536613168,0.000216996281766,0.0002098465549205,0.0002150039998366,0.0002119630550989,0.0002167440232379,0.0002272343862968,0.0002199917485829,0.0002086114685552,0.0002083183648363,0.0001900089955686,0.0002021846205719,0.0002119268868046,0.0001974058549289,0.000206376632739,0.0002321841769092,0.0002466917843841,0.0002563799353402,0.000258534264772,0.0002655170668394,0.0002686126316687,0.0002547136793122,0.0002809760674698,0.000288502142632,0.0002033193025599,0.0001963625950922,0.0002884178699583,0.0003045405729709,0.0003208989258053,0.0003173938809296,0.0003504827530521,0.0003359673900644,0.0003830393517721,0.0004024601324616,0.0003863676063783,0.0004360108409299,0.0004656257707673,0.0004849961915276,0.0004717771743968,0.0005037175759421,0.0005109560974297,0.0005532045817524,0.0006017893358633,0.0006600500711085,0.0006662812214104,0.0007076553241826,0.0007172993084437,0.0007873817464354,0.0008053077964918,0.0008160191301284,0.0008279358735402,0.0008738073920675,0.0009158993574706,0.0009222755510567,0.000976284969659,0.0009639659513025,0.0010061681780481,0.0010225788005175,0.0010691614343,0.0010807057737707,0.0010854791995943,0.0010734467569684,0.001094380817244,0.0010751518506284,0.0010856054489438,0.0010948658854623,0.0010947457913314,0.0011216988064655,0.0011120313451392,0.0011195213343376,0.0011025550666822,0.0011150666719579,0.0011268310183828,0.0011196477298569,0.0010628797131171,0.0010980959296274,0.0011289986021684,0.0011199258882735,0.0011603837906781,0.0010741746657812,0.0011939903973865,0.0012090073143934,0.0011867908955896,0.0011775965462992,0.001245705784477,0.001194089325731,0.0012285804294286,0.0012584004364863,0.001206686113559,0.0012150115412674,0.0012805111277127,0.0012418212532245,0.0012384255409182,0.0012587977134951,0.0012119741867068,0.0012662660864173,0.0012767235059742,0.001298873937209,0.001333149709485,0.0013471247265795,0.0013028779125256,0.0013659444421143,0.0013953891425439,0.001374162862541,0.0013560505775074,0.0013462670770214,0.0013854642708562,0.001385277171045,0.0013886513442416,0.0014317780603223,0.0014408514969579,0.0015859785672026,0.001529658228688,0.0015081138271108,0.0015816663517102,0.0016285478433812,0.0016642279812588,0.0016287566391334,0.0017774637774715,0.00170847482172,0.0016840955217072,0.0017405684022761,0.0017482377070636,0.0017351434638269,0.0017563686515922,0.0017588230092482,0.0018407738329611,0.0017844235243517,0.0017510639332029,0.0017584597529202,0.001842778906991,0.001795106797727,0.0018264506476735,0.001781084637087,0.0018018376369294,0.0018069994447268,0.0017765521780391,0.001793068710023,0.0017832981773485,0.001756031618226,0.0018273634534675,0.0018099430883434,0.0018106907711506,0.0017583818513717,0.0017533053562964,0.0018342050697221,0.0017490804792162,0.0017274699239865,0.0018039933631394,0.0018083977388124,0.0018065575965399,0.0017380228596126,0.00179899152741,0.0017875457196336,0.0017801273587972,0.0017048501201238,0.0016418374257881,0.0015662332166634,0.0014854967285824,0.0016034526076692,0.0014220505020978,0.0017534520221518,0.0018090235466265,0.001865102728201,0.0020472756804748,0.0022552786301316,0.0023947683862001,0.0024545879993902,0.0023366546038804,0.0024724648130139,0.0026487481117615,0.0027642815738843,0.0029461618859841,0.0029182509663561,0.0032845999968533,0.0032179293533267,0.003066997552005,0.0027293139185648,0.0027218250151589,0.003011157004866,0.0032046856824631,0.0036715572543483,0.0035950025842358
spectrum 96,4.63292035032364e-05,4.73126741314286e-05,5.8590228068271e-05,5.63390026682786e-05,6.02382273018018e-05,6.4136617293355e-05,6.67609393507985e-05,6.97229666255797e-05,7.35601459805561e-05,7.62063599536655e-05,8.0096868860617e-05,9.11329705147982e-05,9.45571348494919e-05,0.0001014641339905,0.0001047577525926,0.0001092934690261,0.0001122231630568,0.0001193036897968,0.000124535608053,0.0001302987074074,0.0001386894802186,0.0001450325995876,0.0001542294905545,0.0001663136283207,0.0001694124333789,0.0001755582916321,0.0001840825511738,0.0001939718028612,0.0002019805734379,0.000214869580125,0.0002300967804866,0.0002443857534233,0.0002508400000284,0.0002631707403239,0.0002778441257868,0.0002861144016671,0.0003012037047307,0.0003119872961965,0.0003274587926538,0.0003425099953819,0.0003449498152164,0.0003640386756909,0.0003792781107542,0.0003761086712611,0.0004013662501668,0.0004072048115304,0.0004097415553283,0.0004228117248105,0.000442699464312,0.0004361594393298,0.000455186494766,0.0004568896061419,0.0004865458870791,0.0004922572221828,0.0005213370714198,0.0005472794249454,0.0005564817835438,0.0005065784280346,0.0004851164545325,0.0005789965502351,0.0005978499870124,0.0006374229532921,0.0006568685147599,0.000661501830078,0.0006709429326663,0.0006998763111855,0.0007251947543557,0.0007394982449201,0.00072006267604,0.0007416869267975,0.0007836612307046,0.0008271276399547,0.0008192662021706,0.00082871822946,0.0008454815625681,0.0008523625447653,0.0008681921219029,0.0008798454631343,0.0008957570640246,0.0009117289195947,0.0009361147701516,0.0009282882634415,0.0009382127685812,0.000957758117894,0.0009571080126379,0.0009884511305348,0.0009723973198284,0.0009871562581056,0.0010044424725803,0.0009936553510349,0.0010029474109446,0.0010088748735813,0.0010265708836207,0.001034685773451,0.0010313532051603,0.0010327058179223,0.0010577099430582,0.0010529717471537,0.0010475862133286,0.0010552050091408,0.0010622488124659,0.0010608295996986,0.0010901482177314,0.0010722954893569,0.00108534234661,0.0010770538519586,0.0010833762781544,0.001088975511782,0.0010954659309946,0.0010899179784025,0.0011048992517324,0.0010936723287856,0.001104660722872,0.0011023608411325,0.0011184308799481,0.0011220058492185,0.001116174824076,0.0011101061741322,0.0011106484326976,0.0011120199693005,0.0011147897680909,0.0011283377175232,0.0011157817373187,0.0012084344950529,0.001176743696659,0.0011785364716506,0.0012053789957163,0.0012215687486093,0.0012432507552831,0.0012132634036525,0.0013117688113716,0.0012682573406969,0.0012538825310202,0.0012797288099989,0.0012871742242828,0.0012778482043512,0.0012812261755521,0.0012881206327602,0.0013391039502369,0.0012908620291607,0.0012649258010331,0.0012762445016758,0.0013266250178181,0.0012885143682041,0.0013100984897726,0.0012751801972126,0.0013005498245561,0.0012963793444245,0.0012917684112748,0.0012768044426796,0.0012751657035165,0.0012550857704471,0.0012937755770067,0.0012916663841809,0.0012875982218138,0.0012827999469357,0.0012466041921608,0.0013257294190255,0.0012613228139586,0.0012838408227284,0.0012986344177265,0.001302664703934,0.0013051376392251,0.0012863165076123,0.0013050633796372,0.0013114661728126,0.0013135581833275,0.0012731184502853,0.001326263506523,0.0013829648499421,0.0013614709642454,0.0014059787667929,0.0014612691628425,0.0015639565063295,0.0016320795086106,0.0017013252890424,0.0017793389942612,0.0018514958367075,0.0019502247117516,0.0020081696305434,0.0020831585628464,0.0022191114218884,0.0022632348938157,0.0023236461697921,0.0023948619851172,0.0024583184155944,0.0025979880775885,0.0026320696356098,0.0026934406028247,0.002803710588304,0.0028688656537677,0.0029392230821427,0.0030113413525148,0.0030662939574246,0.003186450502044
spectrum 97,8.74799814707744e-05,9.70678255506812e-05,0.0001338610764231,0.000130964250279,0.0001566699356086,0.0001773646233763,0.0001757324508572,0.000188043146532,0.0001767972031623,0.0001782857241763,0.0001828110511257,0.0002081384630549,0.0002262152164491,0.0002523172026842,0.0002815332600154,0.0003097071144026,0.0003442496664958,0.0003893626000184,0.0004410239041466,0.0004999897616602,0.0005630357052888,0.0006297009153135,0.0006884693769061,0.0007377009446985,0.0007296426169958,0.0007058904388357,0.0007170456491159,0.0007015106447829,0.0006742023212023,0.0006555167617112,0.000641651939159,0.000613798932152,0.0005642112698223,0.0005273212456072,0.0005028228098712,0.0004677440184888,0.0004324092595665,0.000393687025095,0.0003491611269865,0.0003085874083356,0.0002674700662087,0.0002456146191724,0.0002377039241667,0.0002060578278185,0.0002021587049187,0.0001868364886142,0.0001714184507632,0.0001675677044951,0.000165970886806,0.0001631415111328,0.0001691387695189,0.0001652947985828,0.0001806660513092,0.0001832482862762,0.0002018440022906,0.0002184520651353,0.0002292209654173,0.0001734896367454,0.0001334851722227,0.0001605094012832,0.00018447401579,0.0002151394538343,0.0002315141086779,0.0002286772004428,0.000224769001827,0.000233814018842,0.0002417045707134,0.0002485356587475,0.0002353297584838,0.000242044970442,0.0002584136024865,0.0002796971916507,0.000281773695508,0.0002948728069876,0.0003023206664363,0.0003057592068702,0.0003148618378985,0.0003249502596147,0.0003474211904304,0.0003700787438921,0.0003950910896102,0.0004036440786035,0.0004148867306886,0.000457328565017,0.0004708280664352,0.0004977877615717,0.0005018783198789,0.0005226105039022,0.0005452486698653,0.000534939857182,0.0005707843502065,0.0005968410219414,0.000624432841738,0.0006303701966578,0.0006453946666116,0.0006526566138698,0.0006845468588909,0.000710080312583,0.0007104874392102,0.0007288475176751,0.0007441453457876,0.0007683999008646,0.0008104162594345,0.0008260329615763,0.0008540103315035,0.0008709718884239,0.0009138548400867,0.0009265700600677,0.0009418724718569,0.0009884150647319,0.0010499430339045,0.0010658545903067,0.001088901166565,0.0010965798640962,0.0011392560181177,0.001188292709535,0.0011880206250228,0.0012532092911596,0.0011896880527114,0.0013310615851756,0.0012733655259017,0.0012620418182297,0.0013765175822611,0.0015151448654101,0.0015189788929734,0.0015441956588825,0.0015119929591906,0.0017387794220085,0.0016871563417177,0.0016516833026166,0.0019453008804333,0.0018037106994572,0.0017970012475118,0.0019934691149363,0.0019338852959107,0.0019378992358614,0.0020409119582389,0.0020317716214438,0.0020860847243343,0.002133534961548,0.0020620549747964,0.002059184549808,0.0021573188115143,0.0021418121356059,0.0021160190842639,0.0021448535524217,0.0022227197000753,0.0021073167965868,0.0022153995867485,0.0020694497244236,0.0021406110299763,0.0019848640899566,0.0021487363963233,0.0021102769729913,0.0020288821206251,0.0021096475449034,0.0019704876018896,0.0021162950049863,0.0019285038039127,0.0020505156219165,0.001995129342291,0.002000828307208,0.0020163579775062,0.0018892880348649,0.0020193608248088,0.0019479232096679,0.0019434214290567,0.0018884788610718,0.0017865454015043,0.0017763490621798,0.0018210350927177,0.0017222612719684,0.0018003887520777,0.0017476645101655,0.0020683099161741,0.0020595282667978,0.0017606504146928,0.0017928524401781,0.0017361851682341,0.0020503694640603,0.0021504935622934,0.0024499867646489,0.0027089888664187,0.0030194845696504,0.0033307715754368,0.0036639870595915,0.0041520214911429,0.0043980989085063,0.0046901018065742,0.0049272548546749,0.0051036779001623,0.0054382163167991,0.0057217178522536,0.0059500520560722,0.0062243403999825
